solid OpenSCAD_Model
  facet normal -0 0 1
    outer loop
      vertex 101.039 89.0693 3
      vertex 104.38 88.8909 3
      vertex 104.191 90.8913 3
    endloop
  endfacet
  facet normal 0 0 1
    outer loop
      vertex 101.184 88.1537 3
      vertex 104.38 88.8909 3
      vertex 101.184 88.623 3
    endloop
  endfacet
  facet normal 0 0 1
    outer loop
      vertex 100.763 89.449 3
      vertex 104.191 90.8913 3
      vertex 103.753 92.8522 3
    endloop
  endfacet
  facet normal 0 0 1
    outer loop
      vertex 104.38 88.8909 3
      vertex 101.184 88.1537 3
      vertex 104.317 86.8826 3
    endloop
  endfacet
  facet normal 0 0 1
    outer loop
      vertex 99.9367 89.8699 3
      vertex 103.753 92.8522 3
      vertex 103.072 94.7427 3
    endloop
  endfacet
  facet normal -0 0 1
    outer loop
      vertex 101.039 87.7074 3
      vertex 104.317 86.8826 3
      vertex 101.184 88.1537 3
    endloop
  endfacet
  facet normal 0 0 1
    outer loop
      vertex 99.4674 89.8699 3
      vertex 103.072 94.7427 3
      vertex 102.16 96.533 3
    endloop
  endfacet
  facet normal -0 0 1
    outer loop
      vertex 100.763 87.3277 3
      vertex 104.317 86.8826 3
      vertex 101.039 87.7074 3
    endloop
  endfacet
  facet normal 0 0 1
    outer loop
      vertex 104.317 86.8826 3
      vertex 100.763 87.3277 3
      vertex 104.003 84.8981 3
    endloop
  endfacet
  facet normal 0 0 1
    outer loop
      vertex 104.38 88.8909 3
      vertex 101.039 89.0693 3
      vertex 101.184 88.623 3
    endloop
  endfacet
  facet normal 0 0 1
    outer loop
      vertex 99.0211 89.7249 3
      vertex 102.16 96.533 3
      vertex 101.031 98.1949 3
    endloop
  endfacet
  facet normal 0 0 1
    outer loop
      vertex 104.191 90.8913 3
      vertex 100.763 89.449 3
      vertex 101.039 89.0693 3
    endloop
  endfacet
  facet normal 0 0 1
    outer loop
      vertex 103.753 92.8522 3
      vertex 100.383 89.7249 3
      vertex 100.763 89.449 3
    endloop
  endfacet
  facet normal 0 0 1
    outer loop
      vertex 103.753 92.8522 3
      vertex 99.9367 89.8699 3
      vertex 100.383 89.7249 3
    endloop
  endfacet
  facet normal 0 0 1
    outer loop
      vertex 93.0849 91.4383 3
      vertex 101.031 98.1949 3
      vertex 99.7021 99.7021 3
    endloop
  endfacet
  facet normal 0 0 1
    outer loop
      vertex 103.072 94.7427 3
      vertex 99.4674 89.8699 3
      vertex 99.9367 89.8699 3
    endloop
  endfacet
  facet normal 0 0 1
    outer loop
      vertex 102.16 96.533 3
      vertex 99.0211 89.7249 3
      vertex 99.4674 89.8699 3
    endloop
  endfacet
  facet normal 0 0 1
    outer loop
      vertex 101.031 98.1949 3
      vertex 93.0849 91.4383 3
      vertex 99.0211 89.7249 3
    endloop
  endfacet
  facet normal 0 0 1
    outer loop
      vertex 99.0211 89.7249 3
      vertex 93.0849 91.4383 3
      vertex 98.6414 89.449 3
    endloop
  endfacet
  facet normal -0 -0 1
    outer loop
      vertex 93.6164 90.3952 3
      vertex 98.6414 89.449 3
      vertex 93.0849 91.4383 3
    endloop
  endfacet
  facet normal 0 0 1
    outer loop
      vertex 98.6414 89.449 3
      vertex 93.6164 90.3952 3
      vertex 98.3655 89.0693 3
    endloop
  endfacet
  facet normal 0 0 1
    outer loop
      vertex 93.0849 91.4383 3
      vertex 99.7021 99.7021 3
      vertex 98.1949 101.031 3
    endloop
  endfacet
  facet normal -0 0 1
    outer loop
      vertex 100.383 87.0518 3
      vertex 104.003 84.8981 3
      vertex 100.763 87.3277 3
    endloop
  endfacet
  facet normal 0 0 1
    outer loop
      vertex 104.003 84.8981 3
      vertex 100.383 87.0518 3
      vertex 103.442 82.9685 3
    endloop
  endfacet
  facet normal -0 0 1
    outer loop
      vertex 99.9367 86.9068 3
      vertex 103.442 82.9685 3
      vertex 100.383 87.0518 3
    endloop
  endfacet
  facet normal 0 0 1
    outer loop
      vertex 103.442 82.9685 3
      vertex 99.9367 86.9068 3
      vertex 102.644 81.1245 3
    endloop
  endfacet
  facet normal -0 0 1
    outer loop
      vertex 99.4674 86.9068 3
      vertex 102.644 81.1245 3
      vertex 99.9367 86.9068 3
    endloop
  endfacet
  facet normal 0 0 1
    outer loop
      vertex 102.644 81.1245 3
      vertex 99.4674 86.9068 3
      vertex 101.622 79.395 3
    endloop
  endfacet
  facet normal 0 0 1
    outer loop
      vertex 99.0211 87.0518 3
      vertex 101.622 79.395 3
      vertex 99.4674 86.9068 3
    endloop
  endfacet
  facet normal -0 0 1
    outer loop
      vertex 92.7404 84.8642 3
      vertex 101.622 79.395 3
      vertex 99.0211 87.0518 3
    endloop
  endfacet
  facet normal 0 0 1
    outer loop
      vertex 101.622 79.395 3
      vertex 92.7404 84.8642 3
      vertex 100.39 77.8074 3
    endloop
  endfacet
  facet normal 0 0 1
    outer loop
      vertex 93.378 85.846 3
      vertex 99.0211 87.0518 3
      vertex 98.6414 87.3277 3
    endloop
  endfacet
  facet normal 0 0 1
    outer loop
      vertex 93.7975 86.939 3
      vertex 98.6414 87.3277 3
      vertex 98.3655 87.7074 3
    endloop
  endfacet
  facet normal -0 0 1
    outer loop
      vertex 93.9807 88.0953 3
      vertex 98.3655 87.7074 3
      vertex 98.2205 88.1537 3
    endloop
  endfacet
  facet normal 0 0 1
    outer loop
      vertex 89.7249 99.0211 3
      vertex 98.1949 101.031 3
      vertex 96.533 102.16 3
    endloop
  endfacet
  facet normal 0 0 1
    outer loop
      vertex 89.8699 99.4674 3
      vertex 96.533 102.16 3
      vertex 94.7427 103.072 3
    endloop
  endfacet
  facet normal -0 -0 1
    outer loop
      vertex 93.9194 89.2644 3
      vertex 98.3655 89.0693 3
      vertex 93.6164 90.3952 3
    endloop
  endfacet
  facet normal 0 0 1
    outer loop
      vertex 98.2205 88.623 3
      vertex 93.9807 88.0953 3
      vertex 98.2205 88.1537 3
    endloop
  endfacet
  facet normal 0 0 1
    outer loop
      vertex 98.6414 87.3277 3
      vertex 93.7975 86.939 3
      vertex 93.378 85.846 3
    endloop
  endfacet
  facet normal 0 0 1
    outer loop
      vertex 99.0211 87.0518 3
      vertex 93.378 85.846 3
      vertex 92.7404 84.8642 3
    endloop
  endfacet
  facet normal 0 0 1
    outer loop
      vertex 100.39 77.8074 3
      vertex 92.7404 84.8642 3
      vertex 99.6797 77.097 3
    endloop
  endfacet
  facet normal -0 0 1
    outer loop
      vertex 91.9125 84.0363 3
      vertex 99.6797 77.097 3
      vertex 92.7404 84.8642 3
    endloop
  endfacet
  facet normal -0 0 1
    outer loop
      vertex 89.7249 77.7556 3
      vertex 99.6797 77.097 3
      vertex 91.9125 84.0363 3
    endloop
  endfacet
  facet normal 0 0 1
    outer loop
      vertex 89.7249 77.7556 3
      vertex 91.9125 84.0363 3
      vertex 90.9307 83.3987 3
    endloop
  endfacet
  facet normal 0 0 1
    outer loop
      vertex 89.8699 76.84 3
      vertex 99.6797 77.097 3
      vertex 89.8699 77.3093 3
    endloop
  endfacet
  facet normal 0 0 1
    outer loop
      vertex 89.7249 76.3937 3
      vertex 99.6797 77.097 3
      vertex 89.8699 76.84 3
    endloop
  endfacet
  facet normal 0 0 1
    outer loop
      vertex 89.449 76.014 3
      vertex 99.6797 77.097 3
      vertex 89.7249 76.3937 3
    endloop
  endfacet
  facet normal 0 0 1
    outer loop
      vertex 99.6797 77.097 3
      vertex 89.449 76.014 3
      vertex 101.116 75.6604 3
    endloop
  endfacet
  facet normal -0 0 1
    outer loop
      vertex 89.0693 75.7381 3
      vertex 101.116 75.6604 3
      vertex 89.449 76.014 3
    endloop
  endfacet
  facet normal 0 0 1
    outer loop
      vertex 88.623 75.5931 3
      vertex 101.116 75.6604 3
      vertex 89.0693 75.7381 3
    endloop
  endfacet
  facet normal 0 0 1
    outer loop
      vertex 84.4286 84.4286 3
      vertex 86.9068 77.3093 3
      vertex 85.3384 83.6918 3
    endloop
  endfacet
  facet normal 0 0 1
    outer loop
      vertex 77.3093 86.9068 3
      vertex 86.9068 77.3093 3
      vertex 84.4286 84.4286 3
    endloop
  endfacet
  facet normal 0 0 1
    outer loop
      vertex 86.9068 77.3093 3
      vertex 77.3093 86.9068 3
      vertex 86.9068 76.84 3
    endloop
  endfacet
  facet normal 0 0 1
    outer loop
      vertex 77.3093 86.9068 3
      vertex 84.4286 84.4286 3
      vertex 83.6918 85.3384 3
    endloop
  endfacet
  facet normal 0 0 1
    outer loop
      vertex 77.7556 87.0518 3
      vertex 83.6918 85.3384 3
      vertex 83.1603 86.3815 3
    endloop
  endfacet
  facet normal 0 -0 1
    outer loop
      vertex 77.7556 89.7249 3
      vertex 84.0363 91.9125 3
      vertex 77.097 99.6797 3
    endloop
  endfacet
  facet normal 0 0 1
    outer loop
      vertex 84.0363 91.9125 3
      vertex 77.7556 89.7249 3
      vertex 83.3987 90.9307 3
    endloop
  endfacet
  facet normal 0 0 1
    outer loop
      vertex 82.9792 89.8377 3
      vertex 78.4111 89.0693 3
      vertex 82.796 88.6814 3
    endloop
  endfacet
  facet normal 0 0 1
    outer loop
      vertex 82.796 88.6814 3
      vertex 78.5562 88.1537 3
      vertex 82.8573 87.5123 3
    endloop
  endfacet
  facet normal -0 0 1
    outer loop
      vertex 78.4111 87.7074 3
      vertex 82.8573 87.5123 3
      vertex 78.5562 88.1537 3
    endloop
  endfacet
  facet normal 0 0 1
    outer loop
      vertex 82.8573 87.5123 3
      vertex 78.4111 87.7074 3
      vertex 83.1603 86.3815 3
    endloop
  endfacet
  facet normal -0 0 1
    outer loop
      vertex 78.1353 87.3277 3
      vertex 83.1603 86.3815 3
      vertex 78.4111 87.7074 3
    endloop
  endfacet
  facet normal -0 0 1
    outer loop
      vertex 77.7556 87.0518 3
      vertex 83.1603 86.3815 3
      vertex 78.1353 87.3277 3
    endloop
  endfacet
  facet normal 0 0 1
    outer loop
      vertex 83.6918 85.3384 3
      vertex 77.7556 87.0518 3
      vertex 77.3093 86.9068 3
    endloop
  endfacet
  facet normal -0 0 1
    outer loop
      vertex 76.84 86.9068 3
      vertex 86.9068 76.84 3
      vertex 77.3093 86.9068 3
    endloop
  endfacet
  facet normal 0 0 1
    outer loop
      vertex 86.9068 76.84 3
      vertex 76.84 86.9068 3
      vertex 87.0518 76.3937 3
    endloop
  endfacet
  facet normal 0 0 1
    outer loop
      vertex 76.3937 87.0518 3
      vertex 87.0518 76.3937 3
      vertex 76.84 86.9068 3
    endloop
  endfacet
  facet normal 0 0 1
    outer loop
      vertex 16.4635 16.1317 3
      vertex 87.0518 76.3937 3
      vertex 76.3937 87.0518 3
    endloop
  endfacet
  facet normal 0 0 1
    outer loop
      vertex 16.1317 16.4635 3
      vertex 76.3937 87.0518 3
      vertex 76.014 87.3277 3
    endloop
  endfacet
  facet normal -0 0 1
    outer loop
      vertex 88.623 75.5931 3
      vertex 25.4558 0 3
      vertex 101.116 75.6604 3
    endloop
  endfacet
  facet normal -0 0 1
    outer loop
      vertex 88.1537 75.5931 3
      vertex 25.4558 0 3
      vertex 88.623 75.5931 3
    endloop
  endfacet
  facet normal 0 0 1
    outer loop
      vertex 87.7074 75.7381 3
      vertex 25.4558 0 3
      vertex 88.1537 75.5931 3
    endloop
  endfacet
  facet normal 0 0 1
    outer loop
      vertex 16.6766 15.7135 3
      vertex 87.7074 75.7381 3
      vertex 87.3277 76.014 3
    endloop
  endfacet
  facet normal 0 0 1
    outer loop
      vertex 87.0518 76.3937 3
      vertex 16.4635 16.1317 3
      vertex 87.3277 76.014 3
    endloop
  endfacet
  facet normal 0 0 1
    outer loop
      vertex 15.7135 16.6766 3
      vertex 76.014 87.3277 3
      vertex 75.7381 87.7074 3
    endloop
  endfacet
  facet normal 0 0 1
    outer loop
      vertex 0 25.4558 3
      vertex 75.7381 87.7074 3
      vertex 75.5931 88.1537 3
    endloop
  endfacet
  facet normal 0 0 1
    outer loop
      vertex -102.644 81.1245 3
      vertex -99.4674 86.9068 3
      vertex -99.9367 86.9068 3
    endloop
  endfacet
  facet normal 0 0 1
    outer loop
      vertex -103.442 82.9685 3
      vertex -99.9367 86.9068 3
      vertex -100.383 87.0518 3
    endloop
  endfacet
  facet normal 0 0 1
    outer loop
      vertex -99.4674 86.9068 3
      vertex -100.39 77.8074 3
      vertex -99.6797 77.097 3
    endloop
  endfacet
  facet normal 0 0 1
    outer loop
      vertex -104.003 84.8981 3
      vertex -100.383 87.0518 3
      vertex -100.763 87.3277 3
    endloop
  endfacet
  facet normal 0 0 1
    outer loop
      vertex -104.317 86.8826 3
      vertex -100.763 87.3277 3
      vertex -101.039 87.7074 3
    endloop
  endfacet
  facet normal 0 0 1
    outer loop
      vertex -104.317 86.8826 3
      vertex -101.039 87.7074 3
      vertex -101.184 88.1537 3
    endloop
  endfacet
  facet normal 0 0 1
    outer loop
      vertex -99.4674 86.9068 3
      vertex -101.622 79.395 3
      vertex -100.39 77.8074 3
    endloop
  endfacet
  facet normal 0 0 1
    outer loop
      vertex -93.9194 89.2644 3
      vertex -98.3655 89.0693 3
      vertex -98.2205 88.623 3
    endloop
  endfacet
  facet normal 0 0 1
    outer loop
      vertex -93.0849 91.4383 3
      vertex -98.6414 89.449 3
      vertex -98.3655 89.0693 3
    endloop
  endfacet
  facet normal 0 0 1
    outer loop
      vertex -92.3481 92.3481 3
      vertex -101.031 98.1949 3
      vertex -93.0849 91.4383 3
    endloop
  endfacet
  facet normal 0 0 1
    outer loop
      vertex -93.0849 91.4383 3
      vertex -99.0211 89.7249 3
      vertex -98.6414 89.449 3
    endloop
  endfacet
  facet normal 0 0 1
    outer loop
      vertex -93.0849 91.4383 3
      vertex -101.031 98.1949 3
      vertex -99.0211 89.7249 3
    endloop
  endfacet
  facet normal -0 0 1
    outer loop
      vertex -102.16 96.533 3
      vertex -99.0211 89.7249 3
      vertex -101.031 98.1949 3
    endloop
  endfacet
  facet normal 0 0 1
    outer loop
      vertex -99.0211 89.7249 3
      vertex -102.16 96.533 3
      vertex -99.4674 89.8699 3
    endloop
  endfacet
  facet normal -0 0 1
    outer loop
      vertex -103.072 94.7427 3
      vertex -99.4674 89.8699 3
      vertex -102.16 96.533 3
    endloop
  endfacet
  facet normal 0 0 1
    outer loop
      vertex -99.4674 89.8699 3
      vertex -103.072 94.7427 3
      vertex -99.9367 89.8699 3
    endloop
  endfacet
  facet normal -0 0 1
    outer loop
      vertex -103.753 92.8522 3
      vertex -99.9367 89.8699 3
      vertex -103.072 94.7427 3
    endloop
  endfacet
  facet normal 0 0 1
    outer loop
      vertex -99.9367 89.8699 3
      vertex -103.753 92.8522 3
      vertex -100.383 89.7249 3
    endloop
  endfacet
  facet normal 0 0 1
    outer loop
      vertex -104.38 88.8909 3
      vertex -101.184 88.1537 3
      vertex -101.184 88.623 3
    endloop
  endfacet
  facet normal 0 0 1
    outer loop
      vertex -100.383 89.7249 3
      vertex -103.753 92.8522 3
      vertex -100.763 89.449 3
    endloop
  endfacet
  facet normal -0 0 1
    outer loop
      vertex -104.191 90.8913 3
      vertex -100.763 89.449 3
      vertex -103.753 92.8522 3
    endloop
  endfacet
  facet normal 0 0 1
    outer loop
      vertex -99.4674 86.9068 3
      vertex -102.644 81.1245 3
      vertex -101.622 79.395 3
    endloop
  endfacet
  facet normal 0 0 1
    outer loop
      vertex -100.763 89.449 3
      vertex -104.191 90.8913 3
      vertex -101.039 89.0693 3
    endloop
  endfacet
  facet normal 0 0 1
    outer loop
      vertex -99.9367 86.9068 3
      vertex -103.442 82.9685 3
      vertex -102.644 81.1245 3
    endloop
  endfacet
  facet normal 0 0 1
    outer loop
      vertex -104.38 88.8909 3
      vertex -101.039 89.0693 3
      vertex -104.191 90.8913 3
    endloop
  endfacet
  facet normal 0 0 1
    outer loop
      vertex -100.383 87.0518 3
      vertex -104.003 84.8981 3
      vertex -103.442 82.9685 3
    endloop
  endfacet
  facet normal 0 0 1
    outer loop
      vertex -101.039 89.0693 3
      vertex -104.38 88.8909 3
      vertex -101.184 88.623 3
    endloop
  endfacet
  facet normal 0 0 1
    outer loop
      vertex -100.763 87.3277 3
      vertex -104.317 86.8826 3
      vertex -104.003 84.8981 3
    endloop
  endfacet
  facet normal 0 0 1
    outer loop
      vertex -101.184 88.1537 3
      vertex -104.38 88.8909 3
      vertex -104.317 86.8826 3
    endloop
  endfacet
  facet normal -0 0 1
    outer loop
      vertex -98.6414 -89.449 3
      vertex -93.6164 -90.3952 3
      vertex -98.3655 -89.0693 3
    endloop
  endfacet
  facet normal 0 0 1
    outer loop
      vertex -93.6164 -90.3952 3
      vertex -98.6414 -89.449 3
      vertex -93.0849 -91.4383 3
    endloop
  endfacet
  facet normal -0 0 1
    outer loop
      vertex -99.0211 -89.7249 3
      vertex -93.0849 -91.4383 3
      vertex -98.6414 -89.449 3
    endloop
  endfacet
  facet normal 0 0 1
    outer loop
      vertex -101.031 -98.1949 3
      vertex -93.0849 -91.4383 3
      vertex -99.0211 -89.7249 3
    endloop
  endfacet
  facet normal 0 0 1
    outer loop
      vertex -102.16 -96.533 3
      vertex -99.0211 -89.7249 3
      vertex -99.4674 -89.8699 3
    endloop
  endfacet
  facet normal 0 0 1
    outer loop
      vertex -93.0849 -91.4383 3
      vertex -99.7021 -99.7021 3
      vertex -98.1949 -101.031 3
    endloop
  endfacet
  facet normal 0 0 1
    outer loop
      vertex -103.072 -94.7427 3
      vertex -99.4674 -89.8699 3
      vertex -99.9367 -89.8699 3
    endloop
  endfacet
  facet normal 0 0 1
    outer loop
      vertex -103.753 -92.8522 3
      vertex -99.9367 -89.8699 3
      vertex -100.383 -89.7249 3
    endloop
  endfacet
  facet normal 0 0 1
    outer loop
      vertex -103.753 -92.8522 3
      vertex -100.383 -89.7249 3
      vertex -100.763 -89.449 3
    endloop
  endfacet
  facet normal 0 0 1
    outer loop
      vertex -93.0849 -91.4383 3
      vertex -101.031 -98.1949 3
      vertex -99.7021 -99.7021 3
    endloop
  endfacet
  facet normal 0 0 1
    outer loop
      vertex -104.191 -90.8913 3
      vertex -100.763 -89.449 3
      vertex -101.039 -89.0693 3
    endloop
  endfacet
  facet normal -0 0 1
    outer loop
      vertex -104.38 -88.8909 3
      vertex -101.039 -89.0693 3
      vertex -101.184 -88.623 3
    endloop
  endfacet
  facet normal -0 0 1
    outer loop
      vertex -104.317 -86.8826 3
      vertex -100.763 -87.3277 3
      vertex -104.003 -84.8981 3
    endloop
  endfacet
  facet normal 0 0 1
    outer loop
      vertex -99.0211 -89.7249 3
      vertex -102.16 -96.533 3
      vertex -101.031 -98.1949 3
    endloop
  endfacet
  facet normal 0 0 1
    outer loop
      vertex -100.763 -87.3277 3
      vertex -104.317 -86.8826 3
      vertex -101.039 -87.7074 3
    endloop
  endfacet
  facet normal 0 0 1
    outer loop
      vertex -99.4674 -89.8699 3
      vertex -103.072 -94.7427 3
      vertex -102.16 -96.533 3
    endloop
  endfacet
  facet normal 0 0 1
    outer loop
      vertex -101.039 -87.7074 3
      vertex -104.317 -86.8826 3
      vertex -101.184 -88.1537 3
    endloop
  endfacet
  facet normal 0 0 1
    outer loop
      vertex -99.9367 -89.8699 3
      vertex -103.753 -92.8522 3
      vertex -103.072 -94.7427 3
    endloop
  endfacet
  facet normal 0 0 1
    outer loop
      vertex -104.38 -88.8909 3
      vertex -101.184 -88.1537 3
      vertex -104.317 -86.8826 3
    endloop
  endfacet
  facet normal 0 0 1
    outer loop
      vertex -100.763 -89.449 3
      vertex -104.191 -90.8913 3
      vertex -103.753 -92.8522 3
    endloop
  endfacet
  facet normal 0 0 1
    outer loop
      vertex -101.184 -88.1537 3
      vertex -104.38 -88.8909 3
      vertex -101.184 -88.623 3
    endloop
  endfacet
  facet normal 0 0 1
    outer loop
      vertex -101.039 -89.0693 3
      vertex -104.38 -88.8909 3
      vertex -104.191 -90.8913 3
    endloop
  endfacet
  facet normal 0 0 1
    outer loop
      vertex -92.7404 -84.8642 3
      vertex -101.622 -79.395 3
      vertex -99.0211 -87.0518 3
    endloop
  endfacet
  facet normal 0 0 1
    outer loop
      vertex -99.0211 -87.0518 3
      vertex -101.622 -79.395 3
      vertex -99.4674 -86.9068 3
    endloop
  endfacet
  facet normal -0 0 1
    outer loop
      vertex -102.644 -81.1245 3
      vertex -99.4674 -86.9068 3
      vertex -101.622 -79.395 3
    endloop
  endfacet
  facet normal 0 0 1
    outer loop
      vertex -99.4674 -86.9068 3
      vertex -102.644 -81.1245 3
      vertex -99.9367 -86.9068 3
    endloop
  endfacet
  facet normal -0 0 1
    outer loop
      vertex -103.442 -82.9685 3
      vertex -99.9367 -86.9068 3
      vertex -102.644 -81.1245 3
    endloop
  endfacet
  facet normal 0 0 1
    outer loop
      vertex -99.9367 -86.9068 3
      vertex -103.442 -82.9685 3
      vertex -100.383 -87.0518 3
    endloop
  endfacet
  facet normal 0 0 1
    outer loop
      vertex -100.383 -87.0518 3
      vertex -104.003 -84.8981 3
      vertex -100.763 -87.3277 3
    endloop
  endfacet
  facet normal -0 0 1
    outer loop
      vertex -104.003 -84.8981 3
      vertex -100.383 -87.0518 3
      vertex -103.442 -82.9685 3
    endloop
  endfacet
  facet normal 0 0 1
    outer loop
      vertex -85.3384 83.6918 3
      vertex -87.0518 77.7556 3
      vertex -86.9068 77.3093 3
    endloop
  endfacet
  facet normal 0 0 1
    outer loop
      vertex -86.3815 83.1603 3
      vertex -87.3277 78.1353 3
      vertex -87.0518 77.7556 3
    endloop
  endfacet
  facet normal 0 0 1
    outer loop
      vertex -87.7074 78.4111 3
      vertex -86.3815 83.1603 3
      vertex -87.5123 82.8573 3
    endloop
  endfacet
  facet normal 0 0 1
    outer loop
      vertex -86.3815 83.1603 3
      vertex -87.7074 78.4111 3
      vertex -87.3277 78.1353 3
    endloop
  endfacet
  facet normal 0 0 1
    outer loop
      vertex -87.5123 82.8573 3
      vertex -88.1537 78.5562 3
      vertex -87.7074 78.4111 3
    endloop
  endfacet
  facet normal -0 0 1
    outer loop
      vertex -88.6814 82.796 3
      vertex -88.1537 78.5562 3
      vertex -87.5123 82.8573 3
    endloop
  endfacet
  facet normal 0 0 1
    outer loop
      vertex -88.1537 78.5562 3
      vertex -88.6814 82.796 3
      vertex -88.623 78.5562 3
    endloop
  endfacet
  facet normal 0 0 1
    outer loop
      vertex -88.6814 82.796 3
      vertex -89.0693 78.4111 3
      vertex -88.623 78.5562 3
    endloop
  endfacet
  facet normal 0 0 1
    outer loop
      vertex -89.8377 82.9792 3
      vertex -89.0693 78.4111 3
      vertex -88.6814 82.796 3
    endloop
  endfacet
  facet normal 0 0 1
    outer loop
      vertex -89.0693 78.4111 3
      vertex -89.8377 82.9792 3
      vertex -89.449 78.1353 3
    endloop
  endfacet
  facet normal 0 0 1
    outer loop
      vertex -90.9307 83.3987 3
      vertex -89.449 78.1353 3
      vertex -89.8377 82.9792 3
    endloop
  endfacet
  facet normal 0 0 1
    outer loop
      vertex -89.449 78.1353 3
      vertex -90.9307 83.3987 3
      vertex -89.7249 77.7556 3
    endloop
  endfacet
  facet normal 0 0 1
    outer loop
      vertex -99.6797 77.097 3
      vertex -89.7249 77.7556 3
      vertex -91.9125 84.0363 3
    endloop
  endfacet
  facet normal 0 0 1
    outer loop
      vertex -91.9125 84.0363 3
      vertex -89.7249 77.7556 3
      vertex -90.9307 83.3987 3
    endloop
  endfacet
  facet normal 0 0 1
    outer loop
      vertex -82.9685 103.442 3
      vertex -87.0518 100.383 3
      vertex -86.9068 99.9367 3
    endloop
  endfacet
  facet normal 0 0 1
    outer loop
      vertex -84.8981 104.003 3
      vertex -87.3277 100.763 3
      vertex -87.0518 100.383 3
    endloop
  endfacet
  facet normal 0 0 1
    outer loop
      vertex -86.8826 104.317 3
      vertex -87.7074 101.039 3
      vertex -87.3277 100.763 3
    endloop
  endfacet
  facet normal 0 0 1
    outer loop
      vertex -86.8826 104.317 3
      vertex -88.1537 101.184 3
      vertex -87.7074 101.039 3
    endloop
  endfacet
  facet normal 0 0 1
    outer loop
      vertex -88.8909 104.38 3
      vertex -88.1537 101.184 3
      vertex -86.8826 104.317 3
    endloop
  endfacet
  facet normal 0 0 1
    outer loop
      vertex -88.1537 101.184 3
      vertex -88.8909 104.38 3
      vertex -88.623 101.184 3
    endloop
  endfacet
  facet normal 0 0 1
    outer loop
      vertex -88.8909 104.38 3
      vertex -89.0693 101.039 3
      vertex -88.623 101.184 3
    endloop
  endfacet
  facet normal -0 0 1
    outer loop
      vertex -90.8913 104.191 3
      vertex -89.0693 101.039 3
      vertex -88.8909 104.38 3
    endloop
  endfacet
  facet normal 0 0 1
    outer loop
      vertex -89.0693 101.039 3
      vertex -90.8913 104.191 3
      vertex -89.449 100.763 3
    endloop
  endfacet
  facet normal -0 0 1
    outer loop
      vertex -92.8522 103.753 3
      vertex -89.449 100.763 3
      vertex -90.8913 104.191 3
    endloop
  endfacet
  facet normal 0 0 1
    outer loop
      vertex -94.7427 103.072 3
      vertex -89.8699 99.4674 3
      vertex -89.8699 99.9367 3
    endloop
  endfacet
  facet normal 0 0 1
    outer loop
      vertex -89.449 100.763 3
      vertex -92.8522 103.753 3
      vertex -89.7249 100.383 3
    endloop
  endfacet
  facet normal 0 0 1
    outer loop
      vertex -89.7249 100.383 3
      vertex -92.8522 103.753 3
      vertex -89.8699 99.9367 3
    endloop
  endfacet
  facet normal -0 0 1
    outer loop
      vertex -94.7427 103.072 3
      vertex -89.8699 99.9367 3
      vertex -92.8522 103.753 3
    endloop
  endfacet
  facet normal 0 0 1
    outer loop
      vertex -89.8699 99.4674 3
      vertex -94.7427 103.072 3
      vertex -96.533 102.16 3
    endloop
  endfacet
  facet normal 0 0 1
    outer loop
      vertex -89.8699 99.4674 3
      vertex -91.4383 93.0849 3
      vertex -90.3952 93.6164 3
    endloop
  endfacet
  facet normal -0 0 1
    outer loop
      vertex -98.1949 101.031 3
      vertex -89.8699 99.4674 3
      vertex -96.533 102.16 3
    endloop
  endfacet
  facet normal 0 0 1
    outer loop
      vertex -89.8699 99.4674 3
      vertex -98.1949 101.031 3
      vertex -91.4383 93.0849 3
    endloop
  endfacet
  facet normal 0 0 1
    outer loop
      vertex -91.4383 93.0849 3
      vertex -98.1949 101.031 3
      vertex -92.3481 92.3481 3
    endloop
  endfacet
  facet normal -0 0 1
    outer loop
      vertex -101.031 98.1949 3
      vertex -92.3481 92.3481 3
      vertex -99.7021 99.7021 3
    endloop
  endfacet
  facet normal -0 0 1
    outer loop
      vertex -99.7021 99.7021 3
      vertex -92.3481 92.3481 3
      vertex -98.1949 101.031 3
    endloop
  endfacet
  facet normal 0 0 1
    outer loop
      vertex -86.9068 99.9367 3
      vertex -81.1245 102.644 3
      vertex -82.9685 103.442 3
    endloop
  endfacet
  facet normal 0 0 1
    outer loop
      vertex -81.1245 102.644 3
      vertex -82.9792 89.8377 3
      vertex -82.796 88.6814 3
    endloop
  endfacet
  facet normal 0 0 1
    outer loop
      vertex -81.1245 102.644 3
      vertex -83.3987 90.9307 3
      vertex -82.9792 89.8377 3
    endloop
  endfacet
  facet normal 0 0 1
    outer loop
      vertex -81.1245 102.644 3
      vertex -84.0363 91.9125 3
      vertex -83.3987 90.9307 3
    endloop
  endfacet
  facet normal 0 0 1
    outer loop
      vertex -81.1245 102.644 3
      vertex -84.8642 92.7404 3
      vertex -84.0363 91.9125 3
    endloop
  endfacet
  facet normal 0 0 1
    outer loop
      vertex -87.0518 100.383 3
      vertex -82.9685 103.442 3
      vertex -84.8981 104.003 3
    endloop
  endfacet
  facet normal 0 0 1
    outer loop
      vertex -87.0518 99.0211 3
      vertex -81.1245 102.644 3
      vertex -86.9068 99.4674 3
    endloop
  endfacet
  facet normal 0 0 1
    outer loop
      vertex -87.3277 100.763 3
      vertex -84.8981 104.003 3
      vertex -86.8826 104.317 3
    endloop
  endfacet
  facet normal 0 0 1
    outer loop
      vertex -81.1245 102.644 3
      vertex -86.9068 99.9367 3
      vertex -86.9068 99.4674 3
    endloop
  endfacet
  facet normal 0 0 1
    outer loop
      vertex -81.1245 102.644 3
      vertex -87.0518 99.0211 3
      vertex -84.8642 92.7404 3
    endloop
  endfacet
  facet normal 0 0 1
    outer loop
      vertex -84.8642 92.7404 3
      vertex -87.0518 99.0211 3
      vertex -85.846 93.378 3
    endloop
  endfacet
  facet normal -0 0 1
    outer loop
      vertex -87.3277 98.6414 3
      vertex -85.846 93.378 3
      vertex -87.0518 99.0211 3
    endloop
  endfacet
  facet normal 0 0 1
    outer loop
      vertex -85.846 93.378 3
      vertex -87.3277 98.6414 3
      vertex -86.939 93.7975 3
    endloop
  endfacet
  facet normal -0 0 1
    outer loop
      vertex -87.7074 98.3655 3
      vertex -86.939 93.7975 3
      vertex -87.3277 98.6414 3
    endloop
  endfacet
  facet normal 0 0 1
    outer loop
      vertex -87.7074 98.3655 3
      vertex -88.0953 93.9807 3
      vertex -86.939 93.7975 3
    endloop
  endfacet
  facet normal -0 0 1
    outer loop
      vertex -88.1537 98.2205 3
      vertex -88.0953 93.9807 3
      vertex -87.7074 98.3655 3
    endloop
  endfacet
  facet normal -0 0 1
    outer loop
      vertex -88.623 98.2205 3
      vertex -88.0953 93.9807 3
      vertex -88.1537 98.2205 3
    endloop
  endfacet
  facet normal 0 0 1
    outer loop
      vertex -89.2644 93.9194 3
      vertex -88.623 98.2205 3
      vertex -89.0693 98.3655 3
    endloop
  endfacet
  facet normal 0 0 1
    outer loop
      vertex -88.623 98.2205 3
      vertex -89.2644 93.9194 3
      vertex -88.0953 93.9807 3
    endloop
  endfacet
  facet normal 0 0 1
    outer loop
      vertex -90.3952 93.6164 3
      vertex -89.0693 98.3655 3
      vertex -89.449 98.6414 3
    endloop
  endfacet
  facet normal 0 0 1
    outer loop
      vertex -90.3952 93.6164 3
      vertex -89.449 98.6414 3
      vertex -89.7249 99.0211 3
    endloop
  endfacet
  facet normal 0 0 1
    outer loop
      vertex -90.3952 93.6164 3
      vertex -89.7249 99.0211 3
      vertex -89.8699 99.4674 3
    endloop
  endfacet
  facet normal 0 0 1
    outer loop
      vertex -89.0693 98.3655 3
      vertex -90.3952 93.6164 3
      vertex -89.2644 93.9194 3
    endloop
  endfacet
  facet normal -0 0 1
    outer loop
      vertex -84.8642 -92.7404 3
      vertex -77.097 -99.6797 3
      vertex -84.0363 -91.9125 3
    endloop
  endfacet
  facet normal 0 0 1
    outer loop
      vertex -77.097 -99.6797 3
      vertex -84.8642 -92.7404 3
      vertex -77.8074 -100.39 3
    endloop
  endfacet
  facet normal 0 0 1
    outer loop
      vertex -77.8074 -100.39 3
      vertex -84.8642 -92.7404 3
      vertex -79.395 -101.622 3
    endloop
  endfacet
  facet normal -0 0 1
    outer loop
      vertex -87.0518 -99.0211 3
      vertex -79.395 -101.622 3
      vertex -84.8642 -92.7404 3
    endloop
  endfacet
  facet normal -0 -0 1
    outer loop
      vertex -86.9068 -99.4674 3
      vertex -79.395 -101.622 3
      vertex -87.0518 -99.0211 3
    endloop
  endfacet
  facet normal -0 0 1
    outer loop
      vertex -86.9068 -99.9367 3
      vertex -81.1245 -102.644 3
      vertex -86.9068 -99.4674 3
    endloop
  endfacet
  facet normal 0 0 1
    outer loop
      vertex -87.0518 -99.0211 3
      vertex -84.8642 -92.7404 3
      vertex -85.846 -93.378 3
    endloop
  endfacet
  facet normal 0 0 1
    outer loop
      vertex -81.1245 -102.644 3
      vertex -86.9068 -99.9367 3
      vertex -82.9685 -103.442 3
    endloop
  endfacet
  facet normal -0 0 1
    outer loop
      vertex -87.0518 -100.383 3
      vertex -82.9685 -103.442 3
      vertex -86.9068 -99.9367 3
    endloop
  endfacet
  facet normal 0 0 1
    outer loop
      vertex -87.3277 -98.6414 3
      vertex -85.846 -93.378 3
      vertex -86.939 -93.7975 3
    endloop
  endfacet
  facet normal 0 0 1
    outer loop
      vertex -79.395 -101.622 3
      vertex -86.9068 -99.4674 3
      vertex -81.1245 -102.644 3
    endloop
  endfacet
  facet normal 0 0 1
    outer loop
      vertex -85.846 -93.378 3
      vertex -87.3277 -98.6414 3
      vertex -87.0518 -99.0211 3
    endloop
  endfacet
  facet normal 0 0 1
    outer loop
      vertex -86.939 -93.7975 3
      vertex -87.7074 -98.3655 3
      vertex -87.3277 -98.6414 3
    endloop
  endfacet
  facet normal -0 0 1
    outer loop
      vertex -88.0953 -93.9807 3
      vertex -87.7074 -98.3655 3
      vertex -86.939 -93.7975 3
    endloop
  endfacet
  facet normal 0 0 1
    outer loop
      vertex -88.0953 -93.9807 3
      vertex -88.1537 -98.2205 3
      vertex -87.7074 -98.3655 3
    endloop
  endfacet
  facet normal 0 0 1
    outer loop
      vertex -88.0953 -93.9807 3
      vertex -88.623 -98.2205 3
      vertex -88.1537 -98.2205 3
    endloop
  endfacet
  facet normal 0 0 1
    outer loop
      vertex -89.2644 -93.9194 3
      vertex -88.623 -98.2205 3
      vertex -88.0953 -93.9807 3
    endloop
  endfacet
  facet normal 0 0 1
    outer loop
      vertex -88.623 -98.2205 3
      vertex -89.2644 -93.9194 3
      vertex -89.0693 -98.3655 3
    endloop
  endfacet
  facet normal 0 0 1
    outer loop
      vertex -90.3952 -93.6164 3
      vertex -89.0693 -98.3655 3
      vertex -89.2644 -93.9194 3
    endloop
  endfacet
  facet normal 0 0 1
    outer loop
      vertex -89.0693 -98.3655 3
      vertex -90.3952 -93.6164 3
      vertex -89.449 -98.6414 3
    endloop
  endfacet
  facet normal 0 0 1
    outer loop
      vertex -89.449 -98.6414 3
      vertex -90.3952 -93.6164 3
      vertex -89.7249 -99.0211 3
    endloop
  endfacet
  facet normal 0 0 1
    outer loop
      vertex -98.1949 -101.031 3
      vertex -89.7249 -99.0211 3
      vertex -91.4383 -93.0849 3
    endloop
  endfacet
  facet normal 0 0 1
    outer loop
      vertex -91.4383 -93.0849 3
      vertex -89.7249 -99.0211 3
      vertex -90.3952 -93.6164 3
    endloop
  endfacet
  facet normal -0 0 1
    outer loop
      vertex -87.0518 -77.7556 3
      vertex -85.3384 -83.6918 3
      vertex -86.9068 -77.3093 3
    endloop
  endfacet
  facet normal 0 0 1
    outer loop
      vertex -85.3384 -83.6918 3
      vertex -87.0518 -77.7556 3
      vertex -86.3815 -83.1603 3
    endloop
  endfacet
  facet normal -0 0 1
    outer loop
      vertex -87.3277 -78.1353 3
      vertex -86.3815 -83.1603 3
      vertex -87.0518 -77.7556 3
    endloop
  endfacet
  facet normal -0 0 1
    outer loop
      vertex -87.7074 -78.4111 3
      vertex -86.3815 -83.1603 3
      vertex -87.3277 -78.1353 3
    endloop
  endfacet
  facet normal 0 0 1
    outer loop
      vertex -86.3815 -83.1603 3
      vertex -87.7074 -78.4111 3
      vertex -87.5123 -82.8573 3
    endloop
  endfacet
  facet normal -0 0 1
    outer loop
      vertex -88.1537 -78.5562 3
      vertex -87.5123 -82.8573 3
      vertex -87.7074 -78.4111 3
    endloop
  endfacet
  facet normal 0 0 1
    outer loop
      vertex -88.6814 -82.796 3
      vertex -88.1537 -78.5562 3
      vertex -88.623 -78.5562 3
    endloop
  endfacet
  facet normal 0 0 1
    outer loop
      vertex -88.1537 -78.5562 3
      vertex -88.6814 -82.796 3
      vertex -87.5123 -82.8573 3
    endloop
  endfacet
  facet normal 0 0 1
    outer loop
      vertex -89.0693 -78.4111 3
      vertex -88.6814 -82.796 3
      vertex -88.623 -78.5562 3
    endloop
  endfacet
  facet normal 0 0 1
    outer loop
      vertex -89.8377 -82.9792 3
      vertex -89.0693 -78.4111 3
      vertex -89.449 -78.1353 3
    endloop
  endfacet
  facet normal 0 0 1
    outer loop
      vertex -90.9307 -83.3987 3
      vertex -89.449 -78.1353 3
      vertex -89.7249 -77.7556 3
    endloop
  endfacet
  facet normal 0 0 1
    outer loop
      vertex -89.0693 -78.4111 3
      vertex -89.8377 -82.9792 3
      vertex -88.6814 -82.796 3
    endloop
  endfacet
  facet normal 0 0 1
    outer loop
      vertex -99.6797 -77.097 3
      vertex -89.7249 -77.7556 3
      vertex -89.8699 -77.3093 3
    endloop
  endfacet
  facet normal 0 0 1
    outer loop
      vertex -89.449 -78.1353 3
      vertex -90.9307 -83.3987 3
      vertex -89.8377 -82.9792 3
    endloop
  endfacet
  facet normal 0 0 1
    outer loop
      vertex -82.9685 -103.442 3
      vertex -87.0518 -100.383 3
      vertex -84.8981 -104.003 3
    endloop
  endfacet
  facet normal -0 0 1
    outer loop
      vertex -87.3277 -100.763 3
      vertex -84.8981 -104.003 3
      vertex -87.0518 -100.383 3
    endloop
  endfacet
  facet normal 0 0 1
    outer loop
      vertex -84.8981 -104.003 3
      vertex -87.3277 -100.763 3
      vertex -86.8826 -104.317 3
    endloop
  endfacet
  facet normal -0 0 1
    outer loop
      vertex -87.7074 -101.039 3
      vertex -86.8826 -104.317 3
      vertex -87.3277 -100.763 3
    endloop
  endfacet
  facet normal -0 0 1
    outer loop
      vertex -88.1537 -101.184 3
      vertex -86.8826 -104.317 3
      vertex -87.7074 -101.039 3
    endloop
  endfacet
  facet normal 0 0 1
    outer loop
      vertex -88.8909 -104.38 3
      vertex -88.1537 -101.184 3
      vertex -88.623 -101.184 3
    endloop
  endfacet
  facet normal 0 0 1
    outer loop
      vertex -88.1537 -101.184 3
      vertex -88.8909 -104.38 3
      vertex -86.8826 -104.317 3
    endloop
  endfacet
  facet normal 0 0 1
    outer loop
      vertex -89.0693 -101.039 3
      vertex -88.8909 -104.38 3
      vertex -88.623 -101.184 3
    endloop
  endfacet
  facet normal 0 0 1
    outer loop
      vertex -90.8913 -104.191 3
      vertex -89.0693 -101.039 3
      vertex -89.449 -100.763 3
    endloop
  endfacet
  facet normal 0 0 1
    outer loop
      vertex -92.8522 -103.753 3
      vertex -89.449 -100.763 3
      vertex -89.7249 -100.383 3
    endloop
  endfacet
  facet normal 0 0 1
    outer loop
      vertex -92.8522 -103.753 3
      vertex -89.7249 -100.383 3
      vertex -89.8699 -99.9367 3
    endloop
  endfacet
  facet normal 0 0 1
    outer loop
      vertex -89.0693 -101.039 3
      vertex -90.8913 -104.191 3
      vertex -88.8909 -104.38 3
    endloop
  endfacet
  facet normal 0 -0 1
    outer loop
      vertex -96.533 -102.16 3
      vertex -89.7249 -99.0211 3
      vertex -98.1949 -101.031 3
    endloop
  endfacet
  facet normal 0 -0 1
    outer loop
      vertex -94.7427 -103.072 3
      vertex -89.8699 -99.4674 3
      vertex -96.533 -102.16 3
    endloop
  endfacet
  facet normal 0 0 1
    outer loop
      vertex -98.1949 -101.031 3
      vertex -91.4383 -93.0849 3
      vertex -92.3481 -92.3481 3
    endloop
  endfacet
  facet normal 0 0 1
    outer loop
      vertex -89.449 -100.763 3
      vertex -92.8522 -103.753 3
      vertex -90.8913 -104.191 3
    endloop
  endfacet
  facet normal 0 0 1
    outer loop
      vertex -98.1949 -101.031 3
      vertex -92.3481 -92.3481 3
      vertex -93.0849 -91.4383 3
    endloop
  endfacet
  facet normal -0 0 1
    outer loop
      vertex -98.3655 -89.0693 3
      vertex -93.9194 -89.2644 3
      vertex -98.2205 -88.623 3
    endloop
  endfacet
  facet normal 0 0 1
    outer loop
      vertex -93.9807 -88.0953 3
      vertex -98.2205 -88.623 3
      vertex -93.9194 -89.2644 3
    endloop
  endfacet
  facet normal 0 0 1
    outer loop
      vertex -89.8699 -99.9367 3
      vertex -94.7427 -103.072 3
      vertex -92.8522 -103.753 3
    endloop
  endfacet
  facet normal 0 0 1
    outer loop
      vertex -98.2205 -88.623 3
      vertex -93.9807 -88.0953 3
      vertex -98.2205 -88.1537 3
    endloop
  endfacet
  facet normal 0 0 1
    outer loop
      vertex 0 -25.4558 3
      vertex -75.7381 -87.7074 3
      vertex -75.5931 -88.1537 3
    endloop
  endfacet
  facet normal 0 0 1
    outer loop
      vertex -16.6766 -15.7135 3
      vertex -76.014 -87.3277 3
      vertex -75.7381 -87.7074 3
    endloop
  endfacet
  facet normal 0 0 1
    outer loop
      vertex -16.6766 -15.7135 3
      vertex -76.3937 -87.0518 3
      vertex -76.014 -87.3277 3
    endloop
  endfacet
  facet normal 0 0 1
    outer loop
      vertex -16.6766 -15.7135 3
      vertex -87.0518 -76.3937 3
      vertex -76.3937 -87.0518 3
    endloop
  endfacet
  facet normal 0 0 1
    outer loop
      vertex -76.3937 -87.0518 3
      vertex -87.0518 -76.3937 3
      vertex -76.84 -86.9068 3
    endloop
  endfacet
  facet normal -0 -0 1
    outer loop
      vertex -86.9068 -76.84 3
      vertex -76.84 -86.9068 3
      vertex -87.0518 -76.3937 3
    endloop
  endfacet
  facet normal 0 0 1
    outer loop
      vertex -76.84 -86.9068 3
      vertex -86.9068 -76.84 3
      vertex -77.3093 -86.9068 3
    endloop
  endfacet
  facet normal -0 0 1
    outer loop
      vertex -86.9068 -77.3093 3
      vertex -77.3093 -86.9068 3
      vertex -86.9068 -76.84 3
    endloop
  endfacet
  facet normal 0 0 1
    outer loop
      vertex -82.796 -88.6814 3
      vertex -78.5562 -88.623 3
      vertex -78.5562 -88.1537 3
    endloop
  endfacet
  facet normal 0 0 1
    outer loop
      vertex -82.9792 -89.8377 3
      vertex -78.5562 -88.623 3
      vertex -82.796 -88.6814 3
    endloop
  endfacet
  facet normal 0 0 1
    outer loop
      vertex -77.7556 -89.7249 3
      vertex -84.0363 -91.9125 3
      vertex -77.097 -99.6797 3
    endloop
  endfacet
  facet normal 0 0 1
    outer loop
      vertex -82.8573 -87.5123 3
      vertex -78.5562 -88.1537 3
      vertex -78.4111 -87.7074 3
    endloop
  endfacet
  facet normal -0 -0 1
    outer loop
      vertex -83.6918 -85.3384 3
      vertex -77.3093 -86.9068 3
      vertex -84.4286 -84.4286 3
    endloop
  endfacet
  facet normal 0 0 1
    outer loop
      vertex -78.5562 -88.1537 3
      vertex -82.8573 -87.5123 3
      vertex -82.796 -88.6814 3
    endloop
  endfacet
  facet normal 0 0 1
    outer loop
      vertex -78.4111 -87.7074 3
      vertex -83.1603 -86.3815 3
      vertex -82.8573 -87.5123 3
    endloop
  endfacet
  facet normal 0 0 1
    outer loop
      vertex -77.7556 -87.0518 3
      vertex -83.6918 -85.3384 3
      vertex -78.1353 -87.3277 3
    endloop
  endfacet
  facet normal 0 0 1
    outer loop
      vertex -78.1353 -87.3277 3
      vertex -83.1603 -86.3815 3
      vertex -78.4111 -87.7074 3
    endloop
  endfacet
  facet normal -0 -0 1
    outer loop
      vertex -83.1603 -86.3815 3
      vertex -78.1353 -87.3277 3
      vertex -83.6918 -85.3384 3
    endloop
  endfacet
  facet normal 0 0 1
    outer loop
      vertex -77.3093 -86.9068 3
      vertex -86.9068 -77.3093 3
      vertex -84.4286 -84.4286 3
    endloop
  endfacet
  facet normal 0 0 1
    outer loop
      vertex -84.4286 -84.4286 3
      vertex -86.9068 -77.3093 3
      vertex -85.3384 -83.6918 3
    endloop
  endfacet
  facet normal 0 0 1
    outer loop
      vertex -77.3093 -86.9068 3
      vertex -83.6918 -85.3384 3
      vertex -77.7556 -87.0518 3
    endloop
  endfacet
  facet normal 0 0 1
    outer loop
      vertex -16.6766 -15.7135 3
      vertex -87.3277 -76.014 3
      vertex -87.0518 -76.3937 3
    endloop
  endfacet
  facet normal 0 0 1
    outer loop
      vertex -16.6766 -15.7135 3
      vertex -87.7074 -75.7381 3
      vertex -87.3277 -76.014 3
    endloop
  endfacet
  facet normal 0 0 1
    outer loop
      vertex -25.4558 0 3
      vertex -88.1537 -75.5931 3
      vertex -87.7074 -75.7381 3
    endloop
  endfacet
  facet normal 0 0 1
    outer loop
      vertex -25.4558 0 3
      vertex -88.623 -75.5931 3
      vertex -88.1537 -75.5931 3
    endloop
  endfacet
  facet normal 0 0 1
    outer loop
      vertex -101.116 -75.6604 3
      vertex -88.623 -75.5931 3
      vertex -25.4558 0 3
    endloop
  endfacet
  facet normal 0 0 1
    outer loop
      vertex -88.623 -75.5931 3
      vertex -101.116 -75.6604 3
      vertex -89.0693 -75.7381 3
    endloop
  endfacet
  facet normal -0 0 1
    outer loop
      vertex -99.6797 -77.097 3
      vertex -89.8699 -77.3093 3
      vertex -89.8699 -76.84 3
    endloop
  endfacet
  facet normal 0 0 1
    outer loop
      vertex -89.7249 -77.7556 3
      vertex -91.9125 -84.0363 3
      vertex -90.9307 -83.3987 3
    endloop
  endfacet
  facet normal 0 0 1
    outer loop
      vertex -89.7249 -77.7556 3
      vertex -99.6797 -77.097 3
      vertex -91.9125 -84.0363 3
    endloop
  endfacet
  facet normal 0 0 1
    outer loop
      vertex -99.6797 -77.097 3
      vertex -89.8699 -76.84 3
      vertex -89.7249 -76.3937 3
    endloop
  endfacet
  facet normal 0 0 1
    outer loop
      vertex -91.9125 -84.0363 3
      vertex -99.6797 -77.097 3
      vertex -92.7404 -84.8642 3
    endloop
  endfacet
  facet normal 0 0 1
    outer loop
      vertex -89.8699 -99.4674 3
      vertex -94.7427 -103.072 3
      vertex -89.8699 -99.9367 3
    endloop
  endfacet
  facet normal -0 0 1
    outer loop
      vertex -98.3655 -87.7074 3
      vertex -93.9807 -88.0953 3
      vertex -93.7975 -86.939 3
    endloop
  endfacet
  facet normal 0 0 1
    outer loop
      vertex -89.7249 -99.0211 3
      vertex -96.533 -102.16 3
      vertex -89.8699 -99.4674 3
    endloop
  endfacet
  facet normal 0 0 1
    outer loop
      vertex -93.9194 -89.2644 3
      vertex -98.3655 -89.0693 3
      vertex -93.6164 -90.3952 3
    endloop
  endfacet
  facet normal 0 0 1
    outer loop
      vertex -98.6414 -87.3277 3
      vertex -93.7975 -86.939 3
      vertex -93.378 -85.846 3
    endloop
  endfacet
  facet normal -0 0 1
    outer loop
      vertex -100.39 -77.8074 3
      vertex -92.7404 -84.8642 3
      vertex -99.6797 -77.097 3
    endloop
  endfacet
  facet normal 0 0 1
    outer loop
      vertex -93.9807 -88.0953 3
      vertex -98.3655 -87.7074 3
      vertex -98.2205 -88.1537 3
    endloop
  endfacet
  facet normal 0 0 1
    outer loop
      vertex -99.6797 -77.097 3
      vertex -89.7249 -76.3937 3
      vertex -89.449 -76.014 3
    endloop
  endfacet
  facet normal 0 0 1
    outer loop
      vertex -93.7975 -86.939 3
      vertex -98.6414 -87.3277 3
      vertex -98.3655 -87.7074 3
    endloop
  endfacet
  facet normal 0 0 1
    outer loop
      vertex -92.7404 -84.8642 3
      vertex -99.0211 -87.0518 3
      vertex -93.378 -85.846 3
    endloop
  endfacet
  facet normal 0 0 1
    outer loop
      vertex -89.0693 -75.7381 3
      vertex -101.116 -75.6604 3
      vertex -89.449 -76.014 3
    endloop
  endfacet
  facet normal 0 0 1
    outer loop
      vertex -93.378 -85.846 3
      vertex -99.0211 -87.0518 3
      vertex -98.6414 -87.3277 3
    endloop
  endfacet
  facet normal -0 0 1
    outer loop
      vertex -101.622 -79.395 3
      vertex -92.7404 -84.8642 3
      vertex -100.39 -77.8074 3
    endloop
  endfacet
  facet normal 0 0 1
    outer loop
      vertex -89.449 -76.014 3
      vertex -101.116 -75.6604 3
      vertex -99.6797 -77.097 3
    endloop
  endfacet
  facet normal -0 0 1
    outer loop
      vertex -14.3683 14.0365 3
      vertex -13.5 10 3
      vertex -14.0365 14.3683 3
    endloop
  endfacet
  facet normal 0 0 1
    outer loop
      vertex -13.5 -10 3
      vertex -13.8234 -14.7865 3
      vertex -13.75 -15.25 3
    endloop
  endfacet
  facet normal -0 0 1
    outer loop
      vertex -14.7865 13.8234 3
      vertex -13.5 10 3
      vertex -14.3683 14.0365 3
    endloop
  endfacet
  facet normal 0 0 1
    outer loop
      vertex -13.5 -10 3
      vertex -14.0365 -14.3683 3
      vertex -13.8234 -14.7865 3
    endloop
  endfacet
  facet normal -0 0 1
    outer loop
      vertex -15.25 13.75 3
      vertex -13.5 10 3
      vertex -14.7865 13.8234 3
    endloop
  endfacet
  facet normal 0 0 1
    outer loop
      vertex -13.5 -10 3
      vertex -14.3683 -14.0365 3
      vertex -14.0365 -14.3683 3
    endloop
  endfacet
  facet normal 0 0 1
    outer loop
      vertex -15.7135 13.8234 3
      vertex -13.5 10 3
      vertex -15.25 13.75 3
    endloop
  endfacet
  facet normal 0 0 1
    outer loop
      vertex -13.5 -10 3
      vertex -14.7865 -13.8234 3
      vertex -14.3683 -14.0365 3
    endloop
  endfacet
  facet normal 0 0 1
    outer loop
      vertex -13.5 10 3
      vertex -25.4558 0 3
      vertex -13.5 -10 3
    endloop
  endfacet
  facet normal 0 -0 1
    outer loop
      vertex -16.1317 -14.0365 3
      vertex -13.5 -10 3
      vertex -25.4558 0 3
    endloop
  endfacet
  facet normal 0 0 1
    outer loop
      vertex -16.1317 14.0365 3
      vertex -13.5 10 3
      vertex -15.7135 13.8234 3
    endloop
  endfacet
  facet normal 0 0 1
    outer loop
      vertex -13.5 -10 3
      vertex -15.25 -13.75 3
      vertex -14.7865 -13.8234 3
    endloop
  endfacet
  facet normal 0 0 1
    outer loop
      vertex -13.5 10 3
      vertex -16.1317 14.0365 3
      vertex -25.4558 0 3
    endloop
  endfacet
  facet normal 0 0 1
    outer loop
      vertex -13.5 -10 3
      vertex -15.7135 -13.8234 3
      vertex -15.25 -13.75 3
    endloop
  endfacet
  facet normal 0 0 1
    outer loop
      vertex -25.4558 0 3
      vertex -16.1317 14.0365 3
      vertex -16.4635 14.3683 3
    endloop
  endfacet
  facet normal 0 0 1
    outer loop
      vertex -13.5 -10 3
      vertex -16.1317 -14.0365 3
      vertex -15.7135 -13.8234 3
    endloop
  endfacet
  facet normal 0 0 1
    outer loop
      vertex -25.4558 0 3
      vertex -16.4635 14.3683 3
      vertex -16.6766 14.7865 3
    endloop
  endfacet
  facet normal 0 0 1
    outer loop
      vertex -16.1317 -14.0365 3
      vertex -25.4558 0 3
      vertex -16.4635 -14.3683 3
    endloop
  endfacet
  facet normal 0 0 1
    outer loop
      vertex -25.4558 0 3
      vertex -16.6766 14.7865 3
      vertex -16.75 15.25 3
    endloop
  endfacet
  facet normal 0 0 1
    outer loop
      vertex -16.4635 -14.3683 3
      vertex -25.4558 0 3
      vertex -16.6766 -14.7865 3
    endloop
  endfacet
  facet normal 0 0 1
    outer loop
      vertex 10.5 -10 3
      vertex -10.5 -10 3
      vertex 0 -25.4558 3
    endloop
  endfacet
  facet normal 0 0 1
    outer loop
      vertex -13.75 -15.25 3
      vertex -10.5 -10 3
      vertex -13.5 -10 3
    endloop
  endfacet
  facet normal 0 0 1
    outer loop
      vertex -10.5 10 3
      vertex -14.0365 14.3683 3
      vertex -13.5 10 3
    endloop
  endfacet
  facet normal 0 0 1
    outer loop
      vertex -13.8234 -15.7135 3
      vertex -10.5 -10 3
      vertex -13.75 -15.25 3
    endloop
  endfacet
  facet normal 0 0 1
    outer loop
      vertex -10.5 -10 3
      vertex -13.8234 -15.7135 3
      vertex 0 -25.4558 3
    endloop
  endfacet
  facet normal -0 0 1
    outer loop
      vertex -14.0365 -16.1317 3
      vertex 0 -25.4558 3
      vertex -13.8234 -15.7135 3
    endloop
  endfacet
  facet normal -0 0 1
    outer loop
      vertex -14.3683 -16.4635 3
      vertex 0 -25.4558 3
      vertex -14.0365 -16.1317 3
    endloop
  endfacet
  facet normal -0 0 1
    outer loop
      vertex -14.7865 -16.6766 3
      vertex 0 -25.4558 3
      vertex -14.3683 -16.4635 3
    endloop
  endfacet
  facet normal -0 0 1
    outer loop
      vertex -15.25 -16.75 3
      vertex 0 -25.4558 3
      vertex -14.7865 -16.6766 3
    endloop
  endfacet
  facet normal 0 0 1
    outer loop
      vertex -15.7135 -16.6766 3
      vertex 0 -25.4558 3
      vertex -15.25 -16.75 3
    endloop
  endfacet
  facet normal 0 0 1
    outer loop
      vertex -75.7381 -87.7074 3
      vertex -15.7135 -16.6766 3
      vertex -16.1317 -16.4635 3
    endloop
  endfacet
  facet normal 0 0 1
    outer loop
      vertex -25.4558 0 3
      vertex -16.6766 -15.7135 3
      vertex -16.75 -15.25 3
    endloop
  endfacet
  facet normal 0 0 1
    outer loop
      vertex -87.7074 -75.7381 3
      vertex -16.6766 -15.7135 3
      vertex -25.4558 0 3
    endloop
  endfacet
  facet normal 0 0 1
    outer loop
      vertex -75.7381 -87.7074 3
      vertex -16.4635 -16.1317 3
      vertex -16.6766 -15.7135 3
    endloop
  endfacet
  facet normal 0 0 1
    outer loop
      vertex -75.7381 -87.7074 3
      vertex -16.1317 -16.4635 3
      vertex -16.4635 -16.1317 3
    endloop
  endfacet
  facet normal 0 0 1
    outer loop
      vertex -75.7381 -87.7074 3
      vertex 0 -25.4558 3
      vertex -15.7135 -16.6766 3
    endloop
  endfacet
  facet normal 0 0 1
    outer loop
      vertex -75.5931 -88.623 3
      vertex 0 -25.4558 3
      vertex -75.5931 -88.1537 3
    endloop
  endfacet
  facet normal -0 0 1
    outer loop
      vertex -75.5931 -88.623 3
      vertex -75.6604 -101.116 3
      vertex 0 -25.4558 3
    endloop
  endfacet
  facet normal -0 0 1
    outer loop
      vertex -75.7381 -89.0693 3
      vertex -75.6604 -101.116 3
      vertex -75.5931 -88.623 3
    endloop
  endfacet
  facet normal -0 0 1
    outer loop
      vertex -76.014 -89.449 3
      vertex -75.6604 -101.116 3
      vertex -75.7381 -89.0693 3
    endloop
  endfacet
  facet normal 0 0 1
    outer loop
      vertex -77.097 -99.6797 3
      vertex -76.014 -89.449 3
      vertex -76.3937 -89.7249 3
    endloop
  endfacet
  facet normal 0 0 1
    outer loop
      vertex -77.097 -99.6797 3
      vertex -76.3937 -89.7249 3
      vertex -76.84 -89.8699 3
    endloop
  endfacet
  facet normal 0 0 1
    outer loop
      vertex -76.014 -89.449 3
      vertex -77.097 -99.6797 3
      vertex -75.6604 -101.116 3
    endloop
  endfacet
  facet normal -0 0 1
    outer loop
      vertex -77.3093 -89.8699 3
      vertex -77.097 -99.6797 3
      vertex -76.84 -89.8699 3
    endloop
  endfacet
  facet normal 0 0 1
    outer loop
      vertex -77.7556 -89.7249 3
      vertex -77.097 -99.6797 3
      vertex -77.3093 -89.8699 3
    endloop
  endfacet
  facet normal 0 0 1
    outer loop
      vertex -83.3987 -90.9307 3
      vertex -78.1353 -89.449 3
      vertex -82.9792 -89.8377 3
    endloop
  endfacet
  facet normal 0 0 1
    outer loop
      vertex -78.1353 -89.449 3
      vertex -83.3987 -90.9307 3
      vertex -77.7556 -89.7249 3
    endloop
  endfacet
  facet normal 0 0 1
    outer loop
      vertex -82.9792 -89.8377 3
      vertex -78.1353 -89.449 3
      vertex -78.4111 -89.0693 3
    endloop
  endfacet
  facet normal 0 0 1
    outer loop
      vertex -82.9792 -89.8377 3
      vertex -78.4111 -89.0693 3
      vertex -78.5562 -88.623 3
    endloop
  endfacet
  facet normal 0 0 1
    outer loop
      vertex -84.0363 -91.9125 3
      vertex -77.7556 -89.7249 3
      vertex -83.3987 -90.9307 3
    endloop
  endfacet
  facet normal -0 0 1
    outer loop
      vertex -76.3937 87.0518 3
      vertex -16.1317 16.4635 3
      vertex -76.014 87.3277 3
    endloop
  endfacet
  facet normal 0 0 1
    outer loop
      vertex -16.1317 16.4635 3
      vertex -76.3937 87.0518 3
      vertex -16.4635 16.1317 3
    endloop
  endfacet
  facet normal -0 0 1
    outer loop
      vertex -87.0518 76.3937 3
      vertex -16.4635 16.1317 3
      vertex -76.3937 87.0518 3
    endloop
  endfacet
  facet normal -0 0 1
    outer loop
      vertex -87.3277 76.014 3
      vertex -16.4635 16.1317 3
      vertex -87.0518 76.3937 3
    endloop
  endfacet
  facet normal 0 0 1
    outer loop
      vertex -87.0518 76.3937 3
      vertex -76.3937 87.0518 3
      vertex -76.84 86.9068 3
    endloop
  endfacet
  facet normal 0 0 1
    outer loop
      vertex -86.9068 76.84 3
      vertex -76.84 86.9068 3
      vertex -77.3093 86.9068 3
    endloop
  endfacet
  facet normal 0 0 1
    outer loop
      vertex -83.6918 85.3384 3
      vertex -77.3093 86.9068 3
      vertex -77.7556 87.0518 3
    endloop
  endfacet
  facet normal 0 0 1
    outer loop
      vertex -83.6918 85.3384 3
      vertex -77.7556 87.0518 3
      vertex -78.1353 87.3277 3
    endloop
  endfacet
  facet normal 0 0 1
    outer loop
      vertex -83.1603 86.3815 3
      vertex -78.1353 87.3277 3
      vertex -78.4111 87.7074 3
    endloop
  endfacet
  facet normal 0 0 1
    outer loop
      vertex -78.4111 89.0693 3
      vertex -82.796 88.6814 3
      vertex -78.5562 88.623 3
    endloop
  endfacet
  facet normal 0 0 1
    outer loop
      vertex -78.5562 88.623 3
      vertex -82.796 88.6814 3
      vertex -78.5562 88.1537 3
    endloop
  endfacet
  facet normal 0 0 1
    outer loop
      vertex -82.8573 87.5123 3
      vertex -78.5562 88.1537 3
      vertex -82.796 88.6814 3
    endloop
  endfacet
  facet normal 0 0 1
    outer loop
      vertex -78.5562 88.1537 3
      vertex -82.8573 87.5123 3
      vertex -78.4111 87.7074 3
    endloop
  endfacet
  facet normal 0 0 1
    outer loop
      vertex -83.1603 86.3815 3
      vertex -78.4111 87.7074 3
      vertex -82.8573 87.5123 3
    endloop
  endfacet
  facet normal 0 0 1
    outer loop
      vertex -78.1353 87.3277 3
      vertex -83.1603 86.3815 3
      vertex -83.6918 85.3384 3
    endloop
  endfacet
  facet normal 0 0 1
    outer loop
      vertex -77.3093 86.9068 3
      vertex -83.6918 85.3384 3
      vertex -84.4286 84.4286 3
    endloop
  endfacet
  facet normal 0 0 1
    outer loop
      vertex -77.3093 86.9068 3
      vertex -84.4286 84.4286 3
      vertex -86.9068 77.3093 3
    endloop
  endfacet
  facet normal 0 0 1
    outer loop
      vertex -86.9068 77.3093 3
      vertex -84.4286 84.4286 3
      vertex -85.3384 83.6918 3
    endloop
  endfacet
  facet normal 0 0 1
    outer loop
      vertex -87.0518 77.7556 3
      vertex -85.3384 83.6918 3
      vertex -86.3815 83.1603 3
    endloop
  endfacet
  facet normal 0 0 1
    outer loop
      vertex -77.3093 86.9068 3
      vertex -86.9068 77.3093 3
      vertex -86.9068 76.84 3
    endloop
  endfacet
  facet normal 0 0 1
    outer loop
      vertex -76.84 86.9068 3
      vertex -86.9068 76.84 3
      vertex -87.0518 76.3937 3
    endloop
  endfacet
  facet normal 0 0 1
    outer loop
      vertex -16.4635 16.1317 3
      vertex -87.3277 76.014 3
      vertex -16.6766 15.7135 3
    endloop
  endfacet
  facet normal -0 0 1
    outer loop
      vertex -87.7074 75.7381 3
      vertex -16.6766 15.7135 3
      vertex -87.3277 76.014 3
    endloop
  endfacet
  facet normal 0 0 1
    outer loop
      vertex -16.6766 15.7135 3
      vertex -87.7074 75.7381 3
      vertex -25.4558 0 3
    endloop
  endfacet
  facet normal -0 0 1
    outer loop
      vertex -88.1537 75.5931 3
      vertex -25.4558 0 3
      vertex -87.7074 75.7381 3
    endloop
  endfacet
  facet normal -0 0 1
    outer loop
      vertex -88.623 75.5931 3
      vertex -25.4558 0 3
      vertex -88.1537 75.5931 3
    endloop
  endfacet
  facet normal -0 0 1
    outer loop
      vertex -101.116 75.6604 3
      vertex -88.623 75.5931 3
      vertex -89.0693 75.7381 3
    endloop
  endfacet
  facet normal 0 0 1
    outer loop
      vertex -101.116 75.6604 3
      vertex -89.0693 75.7381 3
      vertex -89.449 76.014 3
    endloop
  endfacet
  facet normal 0 0 1
    outer loop
      vertex -89.7249 77.7556 3
      vertex -99.6797 77.097 3
      vertex -89.8699 77.3093 3
    endloop
  endfacet
  facet normal 0 0 1
    outer loop
      vertex -99.6797 77.097 3
      vertex -91.9125 84.0363 3
      vertex -92.7404 84.8642 3
    endloop
  endfacet
  facet normal 0 0 1
    outer loop
      vertex -89.8699 77.3093 3
      vertex -99.6797 77.097 3
      vertex -89.8699 76.84 3
    endloop
  endfacet
  facet normal 0 0 1
    outer loop
      vertex -99.0211 87.0518 3
      vertex -92.7404 84.8642 3
      vertex -93.378 85.846 3
    endloop
  endfacet
  facet normal 0 0 1
    outer loop
      vertex -98.3655 89.0693 3
      vertex -93.6164 90.3952 3
      vertex -93.0849 91.4383 3
    endloop
  endfacet
  facet normal 0 0 1
    outer loop
      vertex -98.3655 89.0693 3
      vertex -93.9194 89.2644 3
      vertex -93.6164 90.3952 3
    endloop
  endfacet
  facet normal 0 0 1
    outer loop
      vertex -93.9194 89.2644 3
      vertex -98.2205 88.623 3
      vertex -93.9807 88.0953 3
    endloop
  endfacet
  facet normal -0 0 1
    outer loop
      vertex -98.2205 88.1537 3
      vertex -93.9807 88.0953 3
      vertex -98.2205 88.623 3
    endloop
  endfacet
  facet normal 0 0 1
    outer loop
      vertex -98.3655 87.7074 3
      vertex -93.9807 88.0953 3
      vertex -98.2205 88.1537 3
    endloop
  endfacet
  facet normal 0 0 1
    outer loop
      vertex -93.9807 88.0953 3
      vertex -98.3655 87.7074 3
      vertex -93.7975 86.939 3
    endloop
  endfacet
  facet normal -0 0 1
    outer loop
      vertex -98.6414 87.3277 3
      vertex -93.7975 86.939 3
      vertex -98.3655 87.7074 3
    endloop
  endfacet
  facet normal 0 0 1
    outer loop
      vertex -93.7975 86.939 3
      vertex -98.6414 87.3277 3
      vertex -93.378 85.846 3
    endloop
  endfacet
  facet normal -0 0 1
    outer loop
      vertex -99.0211 87.0518 3
      vertex -93.378 85.846 3
      vertex -98.6414 87.3277 3
    endloop
  endfacet
  facet normal 0 0 1
    outer loop
      vertex -89.8699 76.84 3
      vertex -99.6797 77.097 3
      vertex -89.7249 76.3937 3
    endloop
  endfacet
  facet normal 0 0 1
    outer loop
      vertex -92.7404 84.8642 3
      vertex -99.0211 87.0518 3
      vertex -99.6797 77.097 3
    endloop
  endfacet
  facet normal 0 0 1
    outer loop
      vertex -89.7249 76.3937 3
      vertex -99.6797 77.097 3
      vertex -89.449 76.014 3
    endloop
  endfacet
  facet normal 0 0 1
    outer loop
      vertex -99.6797 77.097 3
      vertex -99.0211 87.0518 3
      vertex -99.4674 86.9068 3
    endloop
  endfacet
  facet normal 0 0 1
    outer loop
      vertex -101.116 75.6604 3
      vertex -89.449 76.014 3
      vertex -99.6797 77.097 3
    endloop
  endfacet
  facet normal 0 0 1
    outer loop
      vertex -88.623 75.5931 3
      vertex -101.116 75.6604 3
      vertex -25.4558 0 3
    endloop
  endfacet
  facet normal -0 0 1
    outer loop
      vertex 16.4635 14.3683 3
      vertex 25.4558 0 3
      vertex 16.6766 14.7865 3
    endloop
  endfacet
  facet normal 0 0 1
    outer loop
      vertex 25.4558 0 3
      vertex 16.6766 -14.7865 3
      vertex 16.75 -15.25 3
    endloop
  endfacet
  facet normal -0 0 1
    outer loop
      vertex 16.1317 14.0365 3
      vertex 25.4558 0 3
      vertex 16.4635 14.3683 3
    endloop
  endfacet
  facet normal 0 0 1
    outer loop
      vertex 25.4558 0 3
      vertex 16.4635 -14.3683 3
      vertex 16.6766 -14.7865 3
    endloop
  endfacet
  facet normal 0 0 1
    outer loop
      vertex 25.4558 0 3
      vertex 16.1317 14.0365 3
      vertex 13.5 10 3
    endloop
  endfacet
  facet normal 0 0 1
    outer loop
      vertex 13.5 -10 3
      vertex 25.4558 0 3
      vertex 13.5 10 3
    endloop
  endfacet
  facet normal 0 0 1
    outer loop
      vertex 13.5 10 3
      vertex 16.1317 14.0365 3
      vertex 15.7135 13.8234 3
    endloop
  endfacet
  facet normal 0 -0 1
    outer loop
      vertex 16.1317 -14.0365 3
      vertex 25.4558 0 3
      vertex 13.5 -10 3
    endloop
  endfacet
  facet normal 0 0 1
    outer loop
      vertex 13.5 10 3
      vertex 15.7135 13.8234 3
      vertex 15.25 13.75 3
    endloop
  endfacet
  facet normal 0 0 1
    outer loop
      vertex 25.4558 0 3
      vertex 16.1317 -14.0365 3
      vertex 16.4635 -14.3683 3
    endloop
  endfacet
  facet normal 0 0 1
    outer loop
      vertex 13.5 10 3
      vertex 15.25 13.75 3
      vertex 14.7865 13.8234 3
    endloop
  endfacet
  facet normal 0 0 1
    outer loop
      vertex 16.1317 -14.0365 3
      vertex 13.5 -10 3
      vertex 15.7135 -13.8234 3
    endloop
  endfacet
  facet normal 0 0 1
    outer loop
      vertex 13.5 10 3
      vertex 14.7865 13.8234 3
      vertex 14.3683 14.0365 3
    endloop
  endfacet
  facet normal 0 0 1
    outer loop
      vertex 15.7135 -13.8234 3
      vertex 13.5 -10 3
      vertex 15.25 -13.75 3
    endloop
  endfacet
  facet normal 0 0 1
    outer loop
      vertex 13.5 10 3
      vertex 14.3683 14.0365 3
      vertex 14.0365 14.3683 3
    endloop
  endfacet
  facet normal 0 0 1
    outer loop
      vertex 15.25 -13.75 3
      vertex 13.5 -10 3
      vertex 14.7865 -13.8234 3
    endloop
  endfacet
  facet normal 0 0 1
    outer loop
      vertex 10.5 10 3
      vertex 14.0365 14.3683 3
      vertex 13.8234 14.7865 3
    endloop
  endfacet
  facet normal 0 0 1
    outer loop
      vertex 14.7865 -13.8234 3
      vertex 13.5 -10 3
      vertex 14.3683 -14.0365 3
    endloop
  endfacet
  facet normal 0 0 1
    outer loop
      vertex 10.5 10 3
      vertex 13.8234 14.7865 3
      vertex 13.75 15.25 3
    endloop
  endfacet
  facet normal 0 0 1
    outer loop
      vertex 14.3683 -14.0365 3
      vertex 13.5 -10 3
      vertex 14.0365 -14.3683 3
    endloop
  endfacet
  facet normal 0 0 1
    outer loop
      vertex 78.5562 88.1537 3
      vertex 82.796 88.6814 3
      vertex 78.5562 88.623 3
    endloop
  endfacet
  facet normal 0 -0 1
    outer loop
      vertex 78.5562 88.623 3
      vertex 82.796 88.6814 3
      vertex 78.4111 89.0693 3
    endloop
  endfacet
  facet normal 0 -0 1
    outer loop
      vertex 78.1353 89.449 3
      vertex 83.3987 90.9307 3
      vertex 77.7556 89.7249 3
    endloop
  endfacet
  facet normal 0 0 1
    outer loop
      vertex 83.3987 90.9307 3
      vertex 78.1353 89.449 3
      vertex 82.9792 89.8377 3
    endloop
  endfacet
  facet normal 0 -0 1
    outer loop
      vertex 78.4111 89.0693 3
      vertex 82.9792 89.8377 3
      vertex 78.1353 89.449 3
    endloop
  endfacet
  facet normal 0 0 1
    outer loop
      vertex 77.7556 89.7249 3
      vertex 77.097 99.6797 3
      vertex 77.3093 89.8699 3
    endloop
  endfacet
  facet normal 0 0 1
    outer loop
      vertex 77.097 99.6797 3
      vertex 76.84 89.8699 3
      vertex 77.3093 89.8699 3
    endloop
  endfacet
  facet normal 0 0 1
    outer loop
      vertex 77.097 99.6797 3
      vertex 76.3937 89.7249 3
      vertex 76.84 89.8699 3
    endloop
  endfacet
  facet normal 0 0 1
    outer loop
      vertex 77.097 99.6797 3
      vertex 76.014 89.449 3
      vertex 76.3937 89.7249 3
    endloop
  endfacet
  facet normal 0 0 1
    outer loop
      vertex 75.6604 101.116 3
      vertex 76.014 89.449 3
      vertex 77.097 99.6797 3
    endloop
  endfacet
  facet normal 0 0 1
    outer loop
      vertex 76.014 89.449 3
      vertex 75.6604 101.116 3
      vertex 75.7381 89.0693 3
    endloop
  endfacet
  facet normal 0 0 1
    outer loop
      vertex 75.6604 101.116 3
      vertex 75.5931 88.623 3
      vertex 75.7381 89.0693 3
    endloop
  endfacet
  facet normal 0 0 1
    outer loop
      vertex 0 25.4558 3
      vertex 75.5931 88.1537 3
      vertex 75.5931 88.623 3
    endloop
  endfacet
  facet normal 0 0 1
    outer loop
      vertex 0 25.4558 3
      vertex 75.5931 88.623 3
      vertex 75.6604 101.116 3
    endloop
  endfacet
  facet normal 0 0 1
    outer loop
      vertex 87.7074 75.7381 3
      vertex 16.6766 15.7135 3
      vertex 25.4558 0 3
    endloop
  endfacet
  facet normal 0 0 1
    outer loop
      vertex 25.4558 0 3
      vertex 16.6766 15.7135 3
      vertex 16.75 15.25 3
    endloop
  endfacet
  facet normal 0 0 1
    outer loop
      vertex 87.3277 76.014 3
      vertex 16.4635 16.1317 3
      vertex 16.6766 15.7135 3
    endloop
  endfacet
  facet normal 0 0 1
    outer loop
      vertex 76.3937 87.0518 3
      vertex 16.1317 16.4635 3
      vertex 16.4635 16.1317 3
    endloop
  endfacet
  facet normal 0 0 1
    outer loop
      vertex 76.014 87.3277 3
      vertex 15.7135 16.6766 3
      vertex 16.1317 16.4635 3
    endloop
  endfacet
  facet normal 0 0 1
    outer loop
      vertex 75.7381 87.7074 3
      vertex 0 25.4558 3
      vertex 15.7135 16.6766 3
    endloop
  endfacet
  facet normal 0 0 1
    outer loop
      vertex 15.7135 16.6766 3
      vertex 0 25.4558 3
      vertex 15.25 16.75 3
    endloop
  endfacet
  facet normal 0 0 1
    outer loop
      vertex 15.25 16.75 3
      vertex 0 25.4558 3
      vertex 14.7865 16.6766 3
    endloop
  endfacet
  facet normal 0 0 1
    outer loop
      vertex 14.7865 16.6766 3
      vertex 0 25.4558 3
      vertex 14.3683 16.4635 3
    endloop
  endfacet
  facet normal -0 0 1
    outer loop
      vertex 10.5 -10 3
      vertex 14.0365 -14.3683 3
      vertex 13.5 -10 3
    endloop
  endfacet
  facet normal 0 0 1
    outer loop
      vertex 14.0365 14.3683 3
      vertex 10.5 10 3
      vertex 13.5 10 3
    endloop
  endfacet
  facet normal 0 0 1
    outer loop
      vertex 13.8234 15.7135 3
      vertex 10.5 10 3
      vertex 13.75 15.25 3
    endloop
  endfacet
  facet normal 0 0 1
    outer loop
      vertex 0 25.4558 3
      vertex 13.8234 15.7135 3
      vertex 14.0365 16.1317 3
    endloop
  endfacet
  facet normal 0 0 1
    outer loop
      vertex -10.5 10 3
      vertex 10.5 10 3
      vertex 0 25.4558 3
    endloop
  endfacet
  facet normal 0 0 1
    outer loop
      vertex 13.8234 15.7135 3
      vertex 0 25.4558 3
      vertex 10.5 10 3
    endloop
  endfacet
  facet normal 0 0 1
    outer loop
      vertex 14.3683 16.4635 3
      vertex 0 25.4558 3
      vertex 14.0365 16.1317 3
    endloop
  endfacet
  facet normal 0 0 1
    outer loop
      vertex 96.533 -102.16 3
      vertex 89.7249 -99.0211 3
      vertex 89.8699 -99.4674 3
    endloop
  endfacet
  facet normal 0 0 1
    outer loop
      vertex 90.3952 -93.6164 3
      vertex 89.449 -98.6414 3
      vertex 89.7249 -99.0211 3
    endloop
  endfacet
  facet normal 0 0 1
    outer loop
      vertex 89.0693 -98.3655 3
      vertex 90.3952 -93.6164 3
      vertex 89.2644 -93.9194 3
    endloop
  endfacet
  facet normal 0 0 1
    outer loop
      vertex 90.3952 -93.6164 3
      vertex 89.0693 -98.3655 3
      vertex 89.449 -98.6414 3
    endloop
  endfacet
  facet normal 0 0 1
    outer loop
      vertex 89.2644 -93.9194 3
      vertex 88.623 -98.2205 3
      vertex 89.0693 -98.3655 3
    endloop
  endfacet
  facet normal -0 0 1
    outer loop
      vertex 88.0953 -93.9807 3
      vertex 88.623 -98.2205 3
      vertex 89.2644 -93.9194 3
    endloop
  endfacet
  facet normal 0 0 1
    outer loop
      vertex 88.623 -98.2205 3
      vertex 88.0953 -93.9807 3
      vertex 88.1537 -98.2205 3
    endloop
  endfacet
  facet normal 0 0 1
    outer loop
      vertex 88.0953 -93.9807 3
      vertex 87.7074 -98.3655 3
      vertex 88.1537 -98.2205 3
    endloop
  endfacet
  facet normal 0 0 1
    outer loop
      vertex 86.939 -93.7975 3
      vertex 87.7074 -98.3655 3
      vertex 88.0953 -93.9807 3
    endloop
  endfacet
  facet normal 0 0 1
    outer loop
      vertex 87.7074 -98.3655 3
      vertex 86.939 -93.7975 3
      vertex 87.3277 -98.6414 3
    endloop
  endfacet
  facet normal 0 0 1
    outer loop
      vertex 85.846 -93.378 3
      vertex 87.3277 -98.6414 3
      vertex 86.939 -93.7975 3
    endloop
  endfacet
  facet normal 0 0 1
    outer loop
      vertex 87.3277 -98.6414 3
      vertex 85.846 -93.378 3
      vertex 87.0518 -99.0211 3
    endloop
  endfacet
  facet normal 0 0 1
    outer loop
      vertex 81.1245 -102.644 3
      vertex 86.9068 -99.9367 3
      vertex 86.9068 -99.4674 3
    endloop
  endfacet
  facet normal 0 0 1
    outer loop
      vertex 84.8642 -92.7404 3
      vertex 87.0518 -99.0211 3
      vertex 85.846 -93.378 3
    endloop
  endfacet
  facet normal 0 0 1
    outer loop
      vertex 79.395 -101.622 3
      vertex 87.0518 -99.0211 3
      vertex 84.8642 -92.7404 3
    endloop
  endfacet
  facet normal 0 0 1
    outer loop
      vertex 86.9068 -99.9367 3
      vertex 84.8981 -104.003 3
      vertex 86.8826 -104.317 3
    endloop
  endfacet
  facet normal 0 0 1
    outer loop
      vertex 87.0518 -99.0211 3
      vertex 79.395 -101.622 3
      vertex 86.9068 -99.4674 3
    endloop
  endfacet
  facet normal 0 0 1
    outer loop
      vertex 77.097 -99.6797 3
      vertex 84.8642 -92.7404 3
      vertex 84.0363 -91.9125 3
    endloop
  endfacet
  facet normal 0 0 1
    outer loop
      vertex 77.7556 -89.7249 3
      vertex 84.0363 -91.9125 3
      vertex 83.3987 -90.9307 3
    endloop
  endfacet
  facet normal 0 0 1
    outer loop
      vertex 78.1353 -89.449 3
      vertex 83.3987 -90.9307 3
      vertex 82.9792 -89.8377 3
    endloop
  endfacet
  facet normal 0 0 1
    outer loop
      vertex 86.9068 -99.9367 3
      vertex 82.9685 -103.442 3
      vertex 84.8981 -104.003 3
    endloop
  endfacet
  facet normal -0 0 1
    outer loop
      vertex 78.4111 -89.0693 3
      vertex 82.9792 -89.8377 3
      vertex 82.796 -88.6814 3
    endloop
  endfacet
  facet normal 0 0 1
    outer loop
      vertex 86.9068 -99.9367 3
      vertex 81.1245 -102.644 3
      vertex 82.9685 -103.442 3
    endloop
  endfacet
  facet normal 0 0 1
    outer loop
      vertex 101.622 -79.395 3
      vertex 99.0211 -87.0518 3
      vertex 99.4674 -86.9068 3
    endloop
  endfacet
  facet normal 0 0 1
    outer loop
      vertex 100.39 -77.8074 3
      vertex 92.7404 -84.8642 3
      vertex 99.0211 -87.0518 3
    endloop
  endfacet
  facet normal -0 -0 1
    outer loop
      vertex 93.378 -85.846 3
      vertex 99.0211 -87.0518 3
      vertex 92.7404 -84.8642 3
    endloop
  endfacet
  facet normal 0 0 1
    outer loop
      vertex 99.0211 -87.0518 3
      vertex 93.378 -85.846 3
      vertex 98.6414 -87.3277 3
    endloop
  endfacet
  facet normal 0 0 1
    outer loop
      vertex 93.9807 -88.0953 3
      vertex 98.2205 -88.623 3
      vertex 98.2205 -88.1537 3
    endloop
  endfacet
  facet normal 0 0 1
    outer loop
      vertex 98.2205 -88.623 3
      vertex 93.0849 -91.4383 3
      vertex 98.1949 -101.031 3
    endloop
  endfacet
  facet normal -0 0 1
    outer loop
      vertex 92.3481 -92.3481 3
      vertex 98.1949 -101.031 3
      vertex 93.0849 -91.4383 3
    endloop
  endfacet
  facet normal 0 0 1
    outer loop
      vertex 98.6414 -87.3277 3
      vertex 93.7975 -86.939 3
      vertex 98.3655 -87.7074 3
    endloop
  endfacet
  facet normal 0 0 1
    outer loop
      vertex 98.2205 -88.623 3
      vertex 93.9807 -88.0953 3
      vertex 93.9194 -89.2644 3
    endloop
  endfacet
  facet normal 0 0 1
    outer loop
      vertex 98.3655 -87.7074 3
      vertex 93.9807 -88.0953 3
      vertex 98.2205 -88.1537 3
    endloop
  endfacet
  facet normal 0 -0 1
    outer loop
      vertex 93.9807 -88.0953 3
      vertex 98.3655 -87.7074 3
      vertex 93.7975 -86.939 3
    endloop
  endfacet
  facet normal -0 -0 1
    outer loop
      vertex 93.7975 -86.939 3
      vertex 98.6414 -87.3277 3
      vertex 93.378 -85.846 3
    endloop
  endfacet
  facet normal 0 0 1
    outer loop
      vertex 99.6797 -77.097 3
      vertex 91.9125 -84.0363 3
      vertex 92.7404 -84.8642 3
    endloop
  endfacet
  facet normal -0 0 1
    outer loop
      vertex 89.449 -76.014 3
      vertex 99.6797 -77.097 3
      vertex 101.116 -75.6604 3
    endloop
  endfacet
  facet normal 0 0 1
    outer loop
      vertex 89.7249 -77.7556 3
      vertex 99.6797 -77.097 3
      vertex 89.8699 -77.3093 3
    endloop
  endfacet
  facet normal 0 0 1
    outer loop
      vertex 99.6797 -77.097 3
      vertex 89.8699 -76.84 3
      vertex 89.8699 -77.3093 3
    endloop
  endfacet
  facet normal 0 0 1
    outer loop
      vertex 99.6797 -77.097 3
      vertex 89.7249 -76.3937 3
      vertex 89.8699 -76.84 3
    endloop
  endfacet
  facet normal 0 0 1
    outer loop
      vertex 99.6797 -77.097 3
      vertex 89.449 -76.014 3
      vertex 89.7249 -76.3937 3
    endloop
  endfacet
  facet normal 0 0 1
    outer loop
      vertex 101.116 -75.6604 3
      vertex 89.0693 -75.7381 3
      vertex 89.449 -76.014 3
    endloop
  endfacet
  facet normal 0 0 1
    outer loop
      vertex 101.116 -75.6604 3
      vertex 88.623 -75.5931 3
      vertex 89.0693 -75.7381 3
    endloop
  endfacet
  facet normal 0 0 1
    outer loop
      vertex 77.3093 -86.9068 3
      vertex 86.9068 -77.3093 3
      vertex 86.9068 -76.84 3
    endloop
  endfacet
  facet normal 0 0 1
    outer loop
      vertex 86.9068 -77.3093 3
      vertex 85.3384 -83.6918 3
      vertex 86.3815 -83.1603 3
    endloop
  endfacet
  facet normal 0 0 1
    outer loop
      vertex 86.9068 -77.3093 3
      vertex 84.4286 -84.4286 3
      vertex 85.3384 -83.6918 3
    endloop
  endfacet
  facet normal 0 0 1
    outer loop
      vertex 76.84 -86.9068 3
      vertex 86.9068 -76.84 3
      vertex 87.0518 -76.3937 3
    endloop
  endfacet
  facet normal 0 0 1
    outer loop
      vertex 86.9068 -77.3093 3
      vertex 77.3093 -86.9068 3
      vertex 84.4286 -84.4286 3
    endloop
  endfacet
  facet normal 0 0 1
    outer loop
      vertex 84.4286 -84.4286 3
      vertex 77.3093 -86.9068 3
      vertex 83.6918 -85.3384 3
    endloop
  endfacet
  facet normal -0 0 1
    outer loop
      vertex 78.5562 -88.1537 3
      vertex 82.796 -88.6814 3
      vertex 82.8573 -87.5123 3
    endloop
  endfacet
  facet normal 0 0 1
    outer loop
      vertex 86.9068 -99.4674 3
      vertex 79.395 -101.622 3
      vertex 81.1245 -102.644 3
    endloop
  endfacet
  facet normal 0 0 1
    outer loop
      vertex 82.796 -88.6814 3
      vertex 78.5562 -88.1537 3
      vertex 78.5562 -88.623 3
    endloop
  endfacet
  facet normal 0 0 1
    outer loop
      vertex 78.4111 -87.7074 3
      vertex 82.8573 -87.5123 3
      vertex 83.1603 -86.3815 3
    endloop
  endfacet
  facet normal 0 -0 1
    outer loop
      vertex 77.7556 -87.0518 3
      vertex 83.6918 -85.3384 3
      vertex 77.3093 -86.9068 3
    endloop
  endfacet
  facet normal 0 0 1
    outer loop
      vertex 82.8573 -87.5123 3
      vertex 78.4111 -87.7074 3
      vertex 78.5562 -88.1537 3
    endloop
  endfacet
  facet normal 0 0 1
    outer loop
      vertex 16.4635 -16.1317 3
      vertex 87.0518 -76.3937 3
      vertex 87.3277 -76.014 3
    endloop
  endfacet
  facet normal 0 0 1
    outer loop
      vertex 83.1603 -86.3815 3
      vertex 78.1353 -87.3277 3
      vertex 78.4111 -87.7074 3
    endloop
  endfacet
  facet normal 0 0 1
    outer loop
      vertex 83.1603 -86.3815 3
      vertex 77.7556 -87.0518 3
      vertex 78.1353 -87.3277 3
    endloop
  endfacet
  facet normal 0 0 1
    outer loop
      vertex 83.6918 -85.3384 3
      vertex 77.7556 -87.0518 3
      vertex 83.1603 -86.3815 3
    endloop
  endfacet
  facet normal 0 0 1
    outer loop
      vertex 86.9068 -76.84 3
      vertex 76.84 -86.9068 3
      vertex 77.3093 -86.9068 3
    endloop
  endfacet
  facet normal 0 0 1
    outer loop
      vertex 87.0518 -76.3937 3
      vertex 76.3937 -87.0518 3
      vertex 76.84 -86.9068 3
    endloop
  endfacet
  facet normal 0 0 1
    outer loop
      vertex 87.0518 -76.3937 3
      vertex 16.4635 -16.1317 3
      vertex 76.3937 -87.0518 3
    endloop
  endfacet
  facet normal 0 0 1
    outer loop
      vertex 76.3937 -87.0518 3
      vertex 16.1317 -16.4635 3
      vertex 76.014 -87.3277 3
    endloop
  endfacet
  facet normal -0 0 1
    outer loop
      vertex 16.1317 -16.4635 3
      vertex 76.3937 -87.0518 3
      vertex 16.4635 -16.1317 3
    endloop
  endfacet
  facet normal -0 0 1
    outer loop
      vertex 16.4635 -16.1317 3
      vertex 87.3277 -76.014 3
      vertex 16.6766 -15.7135 3
    endloop
  endfacet
  facet normal 0 0 1
    outer loop
      vertex 87.7074 -75.7381 3
      vertex 16.6766 -15.7135 3
      vertex 87.3277 -76.014 3
    endloop
  endfacet
  facet normal -0 0 1
    outer loop
      vertex 16.6766 -15.7135 3
      vertex 87.7074 -75.7381 3
      vertex 25.4558 0 3
    endloop
  endfacet
  facet normal 0 0 1
    outer loop
      vertex 88.1537 -75.5931 3
      vertex 25.4558 0 3
      vertex 87.7074 -75.7381 3
    endloop
  endfacet
  facet normal 0 0 1
    outer loop
      vertex 88.623 -75.5931 3
      vertex 25.4558 0 3
      vertex 88.1537 -75.5931 3
    endloop
  endfacet
  facet normal 0 0 1
    outer loop
      vertex 25.4558 0 3
      vertex 88.623 -75.5931 3
      vertex 101.116 -75.6604 3
    endloop
  endfacet
  facet normal 0 0 1
    outer loop
      vertex 104.317 -86.8826 3
      vertex 101.039 -87.7074 3
      vertex 101.184 -88.1537 3
    endloop
  endfacet
  facet normal 0 0 1
    outer loop
      vertex 102.644 -81.1245 3
      vertex 100.763 -87.3277 3
      vertex 101.039 -87.7074 3
    endloop
  endfacet
  facet normal 0 0 1
    outer loop
      vertex 99.0211 -87.0518 3
      vertex 101.622 -79.395 3
      vertex 100.39 -77.8074 3
    endloop
  endfacet
  facet normal 0 0 1
    outer loop
      vertex 102.644 -81.1245 3
      vertex 100.383 -87.0518 3
      vertex 100.763 -87.3277 3
    endloop
  endfacet
  facet normal 0 0 1
    outer loop
      vertex 102.644 -81.1245 3
      vertex 99.9367 -86.9068 3
      vertex 100.383 -87.0518 3
    endloop
  endfacet
  facet normal 0 0 1
    outer loop
      vertex 92.7404 -84.8642 3
      vertex 100.39 -77.8074 3
      vertex 99.6797 -77.097 3
    endloop
  endfacet
  facet normal 0 0 1
    outer loop
      vertex 102.644 -81.1245 3
      vertex 99.4674 -86.9068 3
      vertex 99.9367 -86.9068 3
    endloop
  endfacet
  facet normal -0 0 1
    outer loop
      vertex 101.184 -88.1537 3
      vertex 104.38 -88.8909 3
      vertex 104.317 -86.8826 3
    endloop
  endfacet
  facet normal 0 0 1
    outer loop
      vertex 101.039 -87.7074 3
      vertex 104.317 -86.8826 3
      vertex 104.003 -84.8981 3
    endloop
  endfacet
  facet normal 0 0 1
    outer loop
      vertex 104.38 -88.8909 3
      vertex 101.184 -88.1537 3
      vertex 101.184 -88.623 3
    endloop
  endfacet
  facet normal 0 0 1
    outer loop
      vertex 101.039 -87.7074 3
      vertex 104.003 -84.8981 3
      vertex 103.442 -82.9685 3
    endloop
  endfacet
  facet normal 0 0 1
    outer loop
      vertex 101.039 -89.0693 3
      vertex 104.38 -88.8909 3
      vertex 101.184 -88.623 3
    endloop
  endfacet
  facet normal 0 0 1
    outer loop
      vertex 101.039 -87.7074 3
      vertex 103.442 -82.9685 3
      vertex 102.644 -81.1245 3
    endloop
  endfacet
  facet normal 0 0 1
    outer loop
      vertex 104.38 -88.8909 3
      vertex 101.039 -89.0693 3
      vertex 104.191 -90.8913 3
    endloop
  endfacet
  facet normal 0 0 1
    outer loop
      vertex 99.4674 -86.9068 3
      vertex 102.644 -81.1245 3
      vertex 101.622 -79.395 3
    endloop
  endfacet
  facet normal -0 0 1
    outer loop
      vertex 100.763 -89.449 3
      vertex 104.191 -90.8913 3
      vertex 101.039 -89.0693 3
    endloop
  endfacet
  facet normal 0 0 1
    outer loop
      vertex 104.191 -90.8913 3
      vertex 100.763 -89.449 3
      vertex 103.753 -92.8522 3
    endloop
  endfacet
  facet normal -0 0 1
    outer loop
      vertex 100.383 -89.7249 3
      vertex 103.753 -92.8522 3
      vertex 100.763 -89.449 3
    endloop
  endfacet
  facet normal -0 0 1
    outer loop
      vertex 99.9367 -89.8699 3
      vertex 103.753 -92.8522 3
      vertex 100.383 -89.7249 3
    endloop
  endfacet
  facet normal 0 0 1
    outer loop
      vertex 103.753 -92.8522 3
      vertex 99.9367 -89.8699 3
      vertex 103.072 -94.7427 3
    endloop
  endfacet
  facet normal -0 0 1
    outer loop
      vertex 99.4674 -89.8699 3
      vertex 103.072 -94.7427 3
      vertex 99.9367 -89.8699 3
    endloop
  endfacet
  facet normal 0 0 1
    outer loop
      vertex 103.072 -94.7427 3
      vertex 99.4674 -89.8699 3
      vertex 102.16 -96.533 3
    endloop
  endfacet
  facet normal 0 0 1
    outer loop
      vertex 99.0211 -89.7249 3
      vertex 102.16 -96.533 3
      vertex 99.4674 -89.8699 3
    endloop
  endfacet
  facet normal 0 0 1
    outer loop
      vertex 102.16 -96.533 3
      vertex 99.0211 -89.7249 3
      vertex 101.031 -98.1949 3
    endloop
  endfacet
  facet normal 0 0 1
    outer loop
      vertex 101.031 -98.1949 3
      vertex 99.0211 -89.7249 3
      vertex 99.7021 -99.7021 3
    endloop
  endfacet
  facet normal 0 0 1
    outer loop
      vertex 98.6414 -89.449 3
      vertex 99.7021 -99.7021 3
      vertex 99.0211 -89.7249 3
    endloop
  endfacet
  facet normal 0 0 1
    outer loop
      vertex 98.1949 -101.031 3
      vertex 98.6414 -89.449 3
      vertex 98.3655 -89.0693 3
    endloop
  endfacet
  facet normal 0 0 1
    outer loop
      vertex 98.1949 -101.031 3
      vertex 98.3655 -89.0693 3
      vertex 98.2205 -88.623 3
    endloop
  endfacet
  facet normal 0 0 1
    outer loop
      vertex 98.6414 -89.449 3
      vertex 98.1949 -101.031 3
      vertex 99.7021 -99.7021 3
    endloop
  endfacet
  facet normal 0 0 1
    outer loop
      vertex 98.2205 -88.623 3
      vertex 93.9194 -89.2644 3
      vertex 93.6164 -90.3952 3
    endloop
  endfacet
  facet normal 0 0 1
    outer loop
      vertex 98.2205 -88.623 3
      vertex 93.6164 -90.3952 3
      vertex 93.0849 -91.4383 3
    endloop
  endfacet
  facet normal -0 0 1
    outer loop
      vertex 91.4383 -93.0849 3
      vertex 98.1949 -101.031 3
      vertex 92.3481 -92.3481 3
    endloop
  endfacet
  facet normal -0 0 1
    outer loop
      vertex 89.7249 -99.0211 3
      vertex 98.1949 -101.031 3
      vertex 91.4383 -93.0849 3
    endloop
  endfacet
  facet normal 0 0 1
    outer loop
      vertex 89.7249 -99.0211 3
      vertex 96.533 -102.16 3
      vertex 98.1949 -101.031 3
    endloop
  endfacet
  facet normal 0 0 1
    outer loop
      vertex 96.533 -102.16 3
      vertex 89.8699 -99.4674 3
      vertex 94.7427 -103.072 3
    endloop
  endfacet
  facet normal -0 0 1
    outer loop
      vertex 89.8699 -99.9367 3
      vertex 94.7427 -103.072 3
      vertex 89.8699 -99.4674 3
    endloop
  endfacet
  facet normal 0 0 1
    outer loop
      vertex 89.7249 -99.0211 3
      vertex 91.4383 -93.0849 3
      vertex 90.3952 -93.6164 3
    endloop
  endfacet
  facet normal 0 0 1
    outer loop
      vertex 94.7427 -103.072 3
      vertex 89.8699 -99.9367 3
      vertex 92.8522 -103.753 3
    endloop
  endfacet
  facet normal -0 0 1
    outer loop
      vertex 89.7249 -100.383 3
      vertex 92.8522 -103.753 3
      vertex 89.8699 -99.9367 3
    endloop
  endfacet
  facet normal -0 0 1
    outer loop
      vertex 89.449 -100.763 3
      vertex 92.8522 -103.753 3
      vertex 89.7249 -100.383 3
    endloop
  endfacet
  facet normal 0 0 1
    outer loop
      vertex 92.8522 -103.753 3
      vertex 89.449 -100.763 3
      vertex 90.8913 -104.191 3
    endloop
  endfacet
  facet normal -0 0 1
    outer loop
      vertex 89.0693 -101.039 3
      vertex 90.8913 -104.191 3
      vertex 89.449 -100.763 3
    endloop
  endfacet
  facet normal 0 0 1
    outer loop
      vertex 89.0693 -101.039 3
      vertex 88.8909 -104.38 3
      vertex 90.8913 -104.191 3
    endloop
  endfacet
  facet normal -0 0 1
    outer loop
      vertex 88.623 -101.184 3
      vertex 88.8909 -104.38 3
      vertex 89.0693 -101.039 3
    endloop
  endfacet
  facet normal -0 0 1
    outer loop
      vertex 88.1537 -101.184 3
      vertex 88.8909 -104.38 3
      vertex 88.623 -101.184 3
    endloop
  endfacet
  facet normal 0 0 1
    outer loop
      vertex 86.8826 -104.317 3
      vertex 88.1537 -101.184 3
      vertex 87.7074 -101.039 3
    endloop
  endfacet
  facet normal 0 0 1
    outer loop
      vertex 86.8826 -104.317 3
      vertex 87.7074 -101.039 3
      vertex 87.3277 -100.763 3
    endloop
  endfacet
  facet normal 0 0 1
    outer loop
      vertex 86.8826 -104.317 3
      vertex 87.3277 -100.763 3
      vertex 87.0518 -100.383 3
    endloop
  endfacet
  facet normal 0 0 1
    outer loop
      vertex 88.1537 -101.184 3
      vertex 86.8826 -104.317 3
      vertex 88.8909 -104.38 3
    endloop
  endfacet
  facet normal 0 0 1
    outer loop
      vertex 86.8826 -104.317 3
      vertex 87.0518 -100.383 3
      vertex 86.9068 -99.9367 3
    endloop
  endfacet
  facet normal 0 0 1
    outer loop
      vertex 99.6797 -77.097 3
      vertex 89.7249 -77.7556 3
      vertex 91.9125 -84.0363 3
    endloop
  endfacet
  facet normal 0 0 1
    outer loop
      vertex 91.9125 -84.0363 3
      vertex 89.7249 -77.7556 3
      vertex 90.9307 -83.3987 3
    endloop
  endfacet
  facet normal -0 0 1
    outer loop
      vertex 89.449 -78.1353 3
      vertex 90.9307 -83.3987 3
      vertex 89.7249 -77.7556 3
    endloop
  endfacet
  facet normal 0 0 1
    outer loop
      vertex 90.9307 -83.3987 3
      vertex 89.449 -78.1353 3
      vertex 89.8377 -82.9792 3
    endloop
  endfacet
  facet normal -0 0 1
    outer loop
      vertex 89.0693 -78.4111 3
      vertex 89.8377 -82.9792 3
      vertex 89.449 -78.1353 3
    endloop
  endfacet
  facet normal 0 0 1
    outer loop
      vertex 89.0693 -78.4111 3
      vertex 88.6814 -82.796 3
      vertex 89.8377 -82.9792 3
    endloop
  endfacet
  facet normal -0 0 1
    outer loop
      vertex 88.623 -78.5562 3
      vertex 88.6814 -82.796 3
      vertex 89.0693 -78.4111 3
    endloop
  endfacet
  facet normal -0 0 1
    outer loop
      vertex 88.1537 -78.5562 3
      vertex 88.6814 -82.796 3
      vertex 88.623 -78.5562 3
    endloop
  endfacet
  facet normal 0 0 1
    outer loop
      vertex 87.5123 -82.8573 3
      vertex 88.1537 -78.5562 3
      vertex 87.7074 -78.4111 3
    endloop
  endfacet
  facet normal 0 0 1
    outer loop
      vertex 88.1537 -78.5562 3
      vertex 87.5123 -82.8573 3
      vertex 88.6814 -82.796 3
    endloop
  endfacet
  facet normal 0 0 1
    outer loop
      vertex 86.3815 -83.1603 3
      vertex 87.7074 -78.4111 3
      vertex 87.3277 -78.1353 3
    endloop
  endfacet
  facet normal 0 0 1
    outer loop
      vertex 86.3815 -83.1603 3
      vertex 87.3277 -78.1353 3
      vertex 87.0518 -77.7556 3
    endloop
  endfacet
  facet normal 0 0 1
    outer loop
      vertex 86.3815 -83.1603 3
      vertex 87.0518 -77.7556 3
      vertex 86.9068 -77.3093 3
    endloop
  endfacet
  facet normal 0 0 1
    outer loop
      vertex 87.7074 -78.4111 3
      vertex 86.3815 -83.1603 3
      vertex 87.5123 -82.8573 3
    endloop
  endfacet
  facet normal 0 0 1
    outer loop
      vertex 82.796 -88.6814 3
      vertex 78.5562 -88.623 3
      vertex 78.4111 -89.0693 3
    endloop
  endfacet
  facet normal 0 0 1
    outer loop
      vertex 82.9792 -89.8377 3
      vertex 78.4111 -89.0693 3
      vertex 78.1353 -89.449 3
    endloop
  endfacet
  facet normal 0 0 1
    outer loop
      vertex 83.3987 -90.9307 3
      vertex 78.1353 -89.449 3
      vertex 77.7556 -89.7249 3
    endloop
  endfacet
  facet normal 0 0 1
    outer loop
      vertex 84.8642 -92.7404 3
      vertex 77.8074 -100.39 3
      vertex 79.395 -101.622 3
    endloop
  endfacet
  facet normal 0 0 1
    outer loop
      vertex 84.0363 -91.9125 3
      vertex 77.7556 -89.7249 3
      vertex 77.097 -99.6797 3
    endloop
  endfacet
  facet normal 0 0 1
    outer loop
      vertex 77.097 -99.6797 3
      vertex 77.7556 -89.7249 3
      vertex 77.3093 -89.8699 3
    endloop
  endfacet
  facet normal 0 0 1
    outer loop
      vertex 84.8642 -92.7404 3
      vertex 77.097 -99.6797 3
      vertex 77.8074 -100.39 3
    endloop
  endfacet
  facet normal -0 0 1
    outer loop
      vertex 76.84 -89.8699 3
      vertex 77.097 -99.6797 3
      vertex 77.3093 -89.8699 3
    endloop
  endfacet
  facet normal 0 0 1
    outer loop
      vertex 76.3937 -89.7249 3
      vertex 77.097 -99.6797 3
      vertex 76.84 -89.8699 3
    endloop
  endfacet
  facet normal 0 0 1
    outer loop
      vertex 76.014 -89.449 3
      vertex 77.097 -99.6797 3
      vertex 76.3937 -89.7249 3
    endloop
  endfacet
  facet normal 0 0 1
    outer loop
      vertex 75.6604 -101.116 3
      vertex 76.014 -89.449 3
      vertex 75.7381 -89.0693 3
    endloop
  endfacet
  facet normal 0 0 1
    outer loop
      vertex 76.014 -89.449 3
      vertex 75.6604 -101.116 3
      vertex 77.097 -99.6797 3
    endloop
  endfacet
  facet normal 0 0 1
    outer loop
      vertex 75.5931 -88.623 3
      vertex 75.6604 -101.116 3
      vertex 75.7381 -89.0693 3
    endloop
  endfacet
  facet normal -0 0 1
    outer loop
      vertex 15.7135 -16.6766 3
      vertex 76.014 -87.3277 3
      vertex 16.1317 -16.4635 3
    endloop
  endfacet
  facet normal -0 0 1
    outer loop
      vertex 16.6766 14.7865 3
      vertex 25.4558 0 3
      vertex 16.75 15.25 3
    endloop
  endfacet
  facet normal 0 0 1
    outer loop
      vertex 16.6766 -15.7135 3
      vertex 25.4558 0 3
      vertex 16.75 -15.25 3
    endloop
  endfacet
  facet normal 0 0 1
    outer loop
      vertex 76.014 -87.3277 3
      vertex 15.7135 -16.6766 3
      vertex 75.7381 -87.7074 3
    endloop
  endfacet
  facet normal -0 0 1
    outer loop
      vertex 0 -25.4558 3
      vertex 75.7381 -87.7074 3
      vertex 15.7135 -16.6766 3
    endloop
  endfacet
  facet normal 0 0 1
    outer loop
      vertex 75.7381 -87.7074 3
      vertex 0 -25.4558 3
      vertex 75.5931 -88.1537 3
    endloop
  endfacet
  facet normal 0 0 1
    outer loop
      vertex 75.5931 -88.1537 3
      vertex 0 -25.4558 3
      vertex 75.5931 -88.623 3
    endloop
  endfacet
  facet normal 0 0 1
    outer loop
      vertex 0 -25.4558 3
      vertex 15.7135 -16.6766 3
      vertex 15.25 -16.75 3
    endloop
  endfacet
  facet normal 0 0 1
    outer loop
      vertex 0 -25.4558 3
      vertex 15.25 -16.75 3
      vertex 14.7865 -16.6766 3
    endloop
  endfacet
  facet normal 0 0 1
    outer loop
      vertex 0 -25.4558 3
      vertex 14.7865 -16.6766 3
      vertex 14.3683 -16.4635 3
    endloop
  endfacet
  facet normal 0 0 1
    outer loop
      vertex 0 -25.4558 3
      vertex 14.3683 -16.4635 3
      vertex 14.0365 -16.1317 3
    endloop
  endfacet
  facet normal 0 0 1
    outer loop
      vertex 14.0365 -14.3683 3
      vertex 10.5 -10 3
      vertex 13.8234 -14.7865 3
    endloop
  endfacet
  facet normal 0 0 1
    outer loop
      vertex 13.8234 -14.7865 3
      vertex 10.5 -10 3
      vertex 13.75 -15.25 3
    endloop
  endfacet
  facet normal 0 0 1
    outer loop
      vertex 10.5 -10 3
      vertex 13.8234 -15.7135 3
      vertex 13.75 -15.25 3
    endloop
  endfacet
  facet normal 0 0 1
    outer loop
      vertex 0 -25.4558 3
      vertex 13.8234 -15.7135 3
      vertex 10.5 -10 3
    endloop
  endfacet
  facet normal 0 0 1
    outer loop
      vertex 75.5931 -88.623 3
      vertex 0 -25.4558 3
      vertex 75.6604 -101.116 3
    endloop
  endfacet
  facet normal 0 0 1
    outer loop
      vertex 13.8234 -15.7135 3
      vertex 0 -25.4558 3
      vertex 14.0365 -16.1317 3
    endloop
  endfacet
  facet normal 0 0 1
    outer loop
      vertex 10.5 10 3
      vertex -10.5 10 3
      vertex 10.5 -10 3
    endloop
  endfacet
  facet normal 0 0 1
    outer loop
      vertex -10.5 -10 3
      vertex 10.5 -10 3
      vertex -10.5 10 3
    endloop
  endfacet
  facet normal -0 0 1
    outer loop
      vertex -13.8234 15.7135 3
      vertex -10.5 10 3
      vertex 0 25.4558 3
    endloop
  endfacet
  facet normal -0 0 1
    outer loop
      vertex -14.0365 14.3683 3
      vertex -10.5 10 3
      vertex -13.8234 14.7865 3
    endloop
  endfacet
  facet normal -0 0 1
    outer loop
      vertex -13.8234 14.7865 3
      vertex -10.5 10 3
      vertex -13.75 15.25 3
    endloop
  endfacet
  facet normal 0 0 1
    outer loop
      vertex -10.5 10 3
      vertex -13.8234 15.7135 3
      vertex -13.75 15.25 3
    endloop
  endfacet
  facet normal 0 0 1
    outer loop
      vertex 0 25.4558 3
      vertex -14.0365 16.1317 3
      vertex -13.8234 15.7135 3
    endloop
  endfacet
  facet normal 0 0 1
    outer loop
      vertex 0 25.4558 3
      vertex -14.3683 16.4635 3
      vertex -14.0365 16.1317 3
    endloop
  endfacet
  facet normal 0 0 1
    outer loop
      vertex 0 25.4558 3
      vertex -14.7865 16.6766 3
      vertex -14.3683 16.4635 3
    endloop
  endfacet
  facet normal 0 0 1
    outer loop
      vertex 0 25.4558 3
      vertex -15.25 16.75 3
      vertex -14.7865 16.6766 3
    endloop
  endfacet
  facet normal 0 0 1
    outer loop
      vertex 0 25.4558 3
      vertex -15.7135 16.6766 3
      vertex -15.25 16.75 3
    endloop
  endfacet
  facet normal -0 0 1
    outer loop
      vertex -75.5931 88.1537 3
      vertex 0 25.4558 3
      vertex -75.5931 88.623 3
    endloop
  endfacet
  facet normal 0 0 1
    outer loop
      vertex -16.6766 -14.7865 3
      vertex -25.4558 0 3
      vertex -16.75 -15.25 3
    endloop
  endfacet
  facet normal 0 0 1
    outer loop
      vertex -16.6766 15.7135 3
      vertex -25.4558 0 3
      vertex -16.75 15.25 3
    endloop
  endfacet
  facet normal -0 0 1
    outer loop
      vertex -76.014 87.3277 3
      vertex -15.7135 16.6766 3
      vertex -75.7381 87.7074 3
    endloop
  endfacet
  facet normal 0 0 1
    outer loop
      vertex -15.7135 16.6766 3
      vertex -76.014 87.3277 3
      vertex -16.1317 16.4635 3
    endloop
  endfacet
  facet normal 0 0 1
    outer loop
      vertex 0 25.4558 3
      vertex -75.7381 87.7074 3
      vertex -15.7135 16.6766 3
    endloop
  endfacet
  facet normal -0 0 1
    outer loop
      vertex -75.7381 87.7074 3
      vertex 0 25.4558 3
      vertex -75.5931 88.1537 3
    endloop
  endfacet
  facet normal 0 0 1
    outer loop
      vertex -75.6604 101.116 3
      vertex -75.5931 88.623 3
      vertex 0 25.4558 3
    endloop
  endfacet
  facet normal 0 0 1
    outer loop
      vertex -75.6604 101.116 3
      vertex -75.7381 89.0693 3
      vertex -75.5931 88.623 3
    endloop
  endfacet
  facet normal 0 0 1
    outer loop
      vertex -75.6604 101.116 3
      vertex -76.014 89.449 3
      vertex -75.7381 89.0693 3
    endloop
  endfacet
  facet normal -0 0 1
    outer loop
      vertex -77.097 99.6797 3
      vertex -76.014 89.449 3
      vertex -75.6604 101.116 3
    endloop
  endfacet
  facet normal 0 0 1
    outer loop
      vertex -76.014 89.449 3
      vertex -77.097 99.6797 3
      vertex -76.3937 89.7249 3
    endloop
  endfacet
  facet normal 0 0 1
    outer loop
      vertex -76.3937 89.7249 3
      vertex -77.097 99.6797 3
      vertex -76.84 89.8699 3
    endloop
  endfacet
  facet normal 0 0 1
    outer loop
      vertex -77.097 99.6797 3
      vertex -77.3093 89.8699 3
      vertex -76.84 89.8699 3
    endloop
  endfacet
  facet normal 0 0 1
    outer loop
      vertex -77.097 99.6797 3
      vertex -77.7556 89.7249 3
      vertex -77.3093 89.8699 3
    endloop
  endfacet
  facet normal 0 0 1
    outer loop
      vertex -82.796 88.6814 3
      vertex -77.097 99.6797 3
      vertex -77.8074 100.39 3
    endloop
  endfacet
  facet normal 0 0 1
    outer loop
      vertex -82.796 88.6814 3
      vertex -77.7556 89.7249 3
      vertex -77.097 99.6797 3
    endloop
  endfacet
  facet normal 0 0 1
    outer loop
      vertex -82.796 88.6814 3
      vertex -77.8074 100.39 3
      vertex -79.395 101.622 3
    endloop
  endfacet
  facet normal 0 0 1
    outer loop
      vertex -82.796 88.6814 3
      vertex -79.395 101.622 3
      vertex -81.1245 102.644 3
    endloop
  endfacet
  facet normal 0 0 1
    outer loop
      vertex -78.1353 89.449 3
      vertex -82.796 88.6814 3
      vertex -78.4111 89.0693 3
    endloop
  endfacet
  facet normal 0 0 1
    outer loop
      vertex -77.7556 89.7249 3
      vertex -82.796 88.6814 3
      vertex -78.1353 89.449 3
    endloop
  endfacet
  facet normal 0 0 1
    outer loop
      vertex 89.449 78.1353 3
      vertex 90.9307 83.3987 3
      vertex 89.8377 82.9792 3
    endloop
  endfacet
  facet normal 0 0 1
    outer loop
      vertex 99.6797 77.097 3
      vertex 89.7249 77.7556 3
      vertex 89.8699 77.3093 3
    endloop
  endfacet
  facet normal 0 0 1
    outer loop
      vertex 90.9307 83.3987 3
      vertex 89.449 78.1353 3
      vertex 89.7249 77.7556 3
    endloop
  endfacet
  facet normal 0 0 1
    outer loop
      vertex 89.8377 82.9792 3
      vertex 89.0693 78.4111 3
      vertex 89.449 78.1353 3
    endloop
  endfacet
  facet normal -0 0 1
    outer loop
      vertex 88.6814 82.796 3
      vertex 89.0693 78.4111 3
      vertex 89.8377 82.9792 3
    endloop
  endfacet
  facet normal 0 0 1
    outer loop
      vertex 88.6814 82.796 3
      vertex 88.623 78.5562 3
      vertex 89.0693 78.4111 3
    endloop
  endfacet
  facet normal 0 0 1
    outer loop
      vertex 88.6814 82.796 3
      vertex 88.1537 78.5562 3
      vertex 88.623 78.5562 3
    endloop
  endfacet
  facet normal 0 0 1
    outer loop
      vertex 87.5123 82.8573 3
      vertex 88.1537 78.5562 3
      vertex 88.6814 82.796 3
    endloop
  endfacet
  facet normal 0 0 1
    outer loop
      vertex 88.1537 78.5562 3
      vertex 87.5123 82.8573 3
      vertex 87.7074 78.4111 3
    endloop
  endfacet
  facet normal 0 0 1
    outer loop
      vertex 86.3815 83.1603 3
      vertex 87.7074 78.4111 3
      vertex 87.5123 82.8573 3
    endloop
  endfacet
  facet normal 0 0 1
    outer loop
      vertex 87.7074 78.4111 3
      vertex 86.3815 83.1603 3
      vertex 87.3277 78.1353 3
    endloop
  endfacet
  facet normal 0 0 1
    outer loop
      vertex 87.3277 78.1353 3
      vertex 86.3815 83.1603 3
      vertex 87.0518 77.7556 3
    endloop
  endfacet
  facet normal 0 0 1
    outer loop
      vertex 87.0518 77.7556 3
      vertex 85.3384 83.6918 3
      vertex 86.9068 77.3093 3
    endloop
  endfacet
  facet normal 0 0 1
    outer loop
      vertex 85.3384 83.6918 3
      vertex 87.0518 77.7556 3
      vertex 86.3815 83.1603 3
    endloop
  endfacet
  facet normal 0 0 1
    outer loop
      vertex 98.3655 87.7074 3
      vertex 93.9807 88.0953 3
      vertex 93.7975 86.939 3
    endloop
  endfacet
  facet normal 0 -0 1
    outer loop
      vertex 93.9807 88.0953 3
      vertex 98.2205 88.623 3
      vertex 93.9194 89.2644 3
    endloop
  endfacet
  facet normal 0 0 1
    outer loop
      vertex 98.3655 89.0693 3
      vertex 93.9194 89.2644 3
      vertex 98.2205 88.623 3
    endloop
  endfacet
  facet normal 0 0 1
    outer loop
      vertex 89.8699 99.9367 3
      vertex 94.7427 103.072 3
      vertex 92.8522 103.753 3
    endloop
  endfacet
  facet normal 0 0 1
    outer loop
      vertex 98.1949 101.031 3
      vertex 92.3481 92.3481 3
      vertex 93.0849 91.4383 3
    endloop
  endfacet
  facet normal 0 0 1
    outer loop
      vertex 96.533 102.16 3
      vertex 89.8699 99.4674 3
      vertex 89.7249 99.0211 3
    endloop
  endfacet
  facet normal 0 0 1
    outer loop
      vertex 89.449 100.763 3
      vertex 92.8522 103.753 3
      vertex 90.8913 104.191 3
    endloop
  endfacet
  facet normal 0 0 1
    outer loop
      vertex 98.1949 101.031 3
      vertex 91.4383 93.0849 3
      vertex 92.3481 92.3481 3
    endloop
  endfacet
  facet normal 0 0 1
    outer loop
      vertex 94.7427 103.072 3
      vertex 89.8699 99.9367 3
      vertex 89.8699 99.4674 3
    endloop
  endfacet
  facet normal 0 0 1
    outer loop
      vertex 92.8522 103.753 3
      vertex 89.7249 100.383 3
      vertex 89.8699 99.9367 3
    endloop
  endfacet
  facet normal 0 0 1
    outer loop
      vertex 92.8522 103.753 3
      vertex 89.449 100.763 3
      vertex 89.7249 100.383 3
    endloop
  endfacet
  facet normal 0 0 1
    outer loop
      vertex 90.8913 104.191 3
      vertex 89.0693 101.039 3
      vertex 89.449 100.763 3
    endloop
  endfacet
  facet normal 0 0 1
    outer loop
      vertex 88.8909 104.38 3
      vertex 89.0693 101.039 3
      vertex 90.8913 104.191 3
    endloop
  endfacet
  facet normal 0 0 1
    outer loop
      vertex 88.8909 104.38 3
      vertex 88.623 101.184 3
      vertex 89.0693 101.039 3
    endloop
  endfacet
  facet normal 0 0 1
    outer loop
      vertex 88.8909 104.38 3
      vertex 88.1537 101.184 3
      vertex 88.623 101.184 3
    endloop
  endfacet
  facet normal -0 0 1
    outer loop
      vertex 86.8826 104.317 3
      vertex 88.1537 101.184 3
      vertex 88.8909 104.38 3
    endloop
  endfacet
  facet normal 0 0 1
    outer loop
      vertex 88.1537 101.184 3
      vertex 86.8826 104.317 3
      vertex 87.7074 101.039 3
    endloop
  endfacet
  facet normal 0 0 1
    outer loop
      vertex 87.7074 101.039 3
      vertex 86.8826 104.317 3
      vertex 87.3277 100.763 3
    endloop
  endfacet
  facet normal -0 0 1
    outer loop
      vertex 82.9685 103.442 3
      vertex 87.0518 100.383 3
      vertex 84.8981 104.003 3
    endloop
  endfacet
  facet normal 0 0 1
    outer loop
      vertex 87.3277 100.763 3
      vertex 84.8981 104.003 3
      vertex 87.0518 100.383 3
    endloop
  endfacet
  facet normal -0 0 1
    outer loop
      vertex 84.8981 104.003 3
      vertex 87.3277 100.763 3
      vertex 86.8826 104.317 3
    endloop
  endfacet
  facet normal 0 0 1
    outer loop
      vertex 98.1949 101.031 3
      vertex 89.7249 99.0211 3
      vertex 91.4383 93.0849 3
    endloop
  endfacet
  facet normal 0 0 1
    outer loop
      vertex 91.4383 93.0849 3
      vertex 89.7249 99.0211 3
      vertex 90.3952 93.6164 3
    endloop
  endfacet
  facet normal -0 0 1
    outer loop
      vertex 89.449 98.6414 3
      vertex 90.3952 93.6164 3
      vertex 89.7249 99.0211 3
    endloop
  endfacet
  facet normal -0 0 1
    outer loop
      vertex 89.0693 98.3655 3
      vertex 90.3952 93.6164 3
      vertex 89.449 98.6414 3
    endloop
  endfacet
  facet normal 0 0 1
    outer loop
      vertex 90.3952 93.6164 3
      vertex 89.0693 98.3655 3
      vertex 89.2644 93.9194 3
    endloop
  endfacet
  facet normal -0 0 1
    outer loop
      vertex 88.623 98.2205 3
      vertex 89.2644 93.9194 3
      vertex 89.0693 98.3655 3
    endloop
  endfacet
  facet normal 0 0 1
    outer loop
      vertex 88.0953 93.9807 3
      vertex 88.623 98.2205 3
      vertex 88.1537 98.2205 3
    endloop
  endfacet
  facet normal 0 0 1
    outer loop
      vertex 88.623 98.2205 3
      vertex 88.0953 93.9807 3
      vertex 89.2644 93.9194 3
    endloop
  endfacet
  facet normal 0 0 1
    outer loop
      vertex 87.7074 98.3655 3
      vertex 88.0953 93.9807 3
      vertex 88.1537 98.2205 3
    endloop
  endfacet
  facet normal 0 0 1
    outer loop
      vertex 86.939 93.7975 3
      vertex 87.7074 98.3655 3
      vertex 87.3277 98.6414 3
    endloop
  endfacet
  facet normal 0 0 1
    outer loop
      vertex 85.846 93.378 3
      vertex 87.3277 98.6414 3
      vertex 87.0518 99.0211 3
    endloop
  endfacet
  facet normal 0 0 1
    outer loop
      vertex 87.7074 98.3655 3
      vertex 86.939 93.7975 3
      vertex 88.0953 93.9807 3
    endloop
  endfacet
  facet normal -0 0 1
    outer loop
      vertex 79.395 101.622 3
      vertex 86.9068 99.4674 3
      vertex 81.1245 102.644 3
    endloop
  endfacet
  facet normal 0 0 1
    outer loop
      vertex 87.3277 98.6414 3
      vertex 85.846 93.378 3
      vertex 86.939 93.7975 3
    endloop
  endfacet
  facet normal 0 0 1
    outer loop
      vertex 87.0518 100.383 3
      vertex 82.9685 103.442 3
      vertex 86.9068 99.9367 3
    endloop
  endfacet
  facet normal -0 0 1
    outer loop
      vertex 81.1245 102.644 3
      vertex 86.9068 99.9367 3
      vertex 82.9685 103.442 3
    endloop
  endfacet
  facet normal 0 0 1
    outer loop
      vertex 86.9068 99.9367 3
      vertex 81.1245 102.644 3
      vertex 86.9068 99.4674 3
    endloop
  endfacet
  facet normal 0 0 1
    outer loop
      vertex 86.9068 99.4674 3
      vertex 79.395 101.622 3
      vertex 87.0518 99.0211 3
    endloop
  endfacet
  facet normal 0 0 1
    outer loop
      vertex 87.0518 99.0211 3
      vertex 84.8642 92.7404 3
      vertex 85.846 93.378 3
    endloop
  endfacet
  facet normal 0 0 1
    outer loop
      vertex 87.0518 99.0211 3
      vertex 79.395 101.622 3
      vertex 84.8642 92.7404 3
    endloop
  endfacet
  facet normal -0 0 1
    outer loop
      vertex 77.8074 100.39 3
      vertex 84.8642 92.7404 3
      vertex 79.395 101.622 3
    endloop
  endfacet
  facet normal -0 0 1
    outer loop
      vertex 77.097 99.6797 3
      vertex 84.8642 92.7404 3
      vertex 77.8074 100.39 3
    endloop
  endfacet
  facet normal 0 0 1
    outer loop
      vertex 84.8642 92.7404 3
      vertex 77.097 99.6797 3
      vertex 84.0363 91.9125 3
    endloop
  endfacet
  facet normal 0 0 -1
    outer loop
      vertex 101.039 -89.0693 -3
      vertex 104.38 -88.8909 -3
      vertex 104.191 -90.8913 -3
    endloop
  endfacet
  facet normal 0 0 -1
    outer loop
      vertex 101.184 -88.1537 -3
      vertex 104.38 -88.8909 -3
      vertex 101.184 -88.623 -3
    endloop
  endfacet
  facet normal 0 0 -1
    outer loop
      vertex 100.763 -89.449 -3
      vertex 104.191 -90.8913 -3
      vertex 103.753 -92.8522 -3
    endloop
  endfacet
  facet normal 0 0 -1
    outer loop
      vertex 104.38 -88.8909 -3
      vertex 101.184 -88.1537 -3
      vertex 104.317 -86.8826 -3
    endloop
  endfacet
  facet normal 0 0 -1
    outer loop
      vertex 99.9367 -89.8699 -3
      vertex 103.753 -92.8522 -3
      vertex 103.072 -94.7427 -3
    endloop
  endfacet
  facet normal 0 0 -1
    outer loop
      vertex 101.039 -87.7074 -3
      vertex 104.317 -86.8826 -3
      vertex 101.184 -88.1537 -3
    endloop
  endfacet
  facet normal 0 0 -1
    outer loop
      vertex 99.4674 -89.8699 -3
      vertex 103.072 -94.7427 -3
      vertex 102.16 -96.533 -3
    endloop
  endfacet
  facet normal 0 0 -1
    outer loop
      vertex 100.763 -87.3277 -3
      vertex 104.317 -86.8826 -3
      vertex 101.039 -87.7074 -3
    endloop
  endfacet
  facet normal -0 0 -1
    outer loop
      vertex 104.317 -86.8826 -3
      vertex 100.763 -87.3277 -3
      vertex 104.003 -84.8981 -3
    endloop
  endfacet
  facet normal -0 0 -1
    outer loop
      vertex 104.38 -88.8909 -3
      vertex 101.039 -89.0693 -3
      vertex 101.184 -88.623 -3
    endloop
  endfacet
  facet normal 0 0 -1
    outer loop
      vertex 99.0211 -89.7249 -3
      vertex 102.16 -96.533 -3
      vertex 101.031 -98.1949 -3
    endloop
  endfacet
  facet normal 0 0 -1
    outer loop
      vertex 104.191 -90.8913 -3
      vertex 100.763 -89.449 -3
      vertex 101.039 -89.0693 -3
    endloop
  endfacet
  facet normal 0 0 -1
    outer loop
      vertex 103.753 -92.8522 -3
      vertex 100.383 -89.7249 -3
      vertex 100.763 -89.449 -3
    endloop
  endfacet
  facet normal 0 0 -1
    outer loop
      vertex 103.753 -92.8522 -3
      vertex 99.9367 -89.8699 -3
      vertex 100.383 -89.7249 -3
    endloop
  endfacet
  facet normal 0 0 -1
    outer loop
      vertex 93.0849 -91.4383 -3
      vertex 101.031 -98.1949 -3
      vertex 99.7021 -99.7021 -3
    endloop
  endfacet
  facet normal 0 0 -1
    outer loop
      vertex 103.072 -94.7427 -3
      vertex 99.4674 -89.8699 -3
      vertex 99.9367 -89.8699 -3
    endloop
  endfacet
  facet normal 0 0 -1
    outer loop
      vertex 102.16 -96.533 -3
      vertex 99.0211 -89.7249 -3
      vertex 99.4674 -89.8699 -3
    endloop
  endfacet
  facet normal 0 0 -1
    outer loop
      vertex 101.031 -98.1949 -3
      vertex 93.0849 -91.4383 -3
      vertex 99.0211 -89.7249 -3
    endloop
  endfacet
  facet normal -0 0 -1
    outer loop
      vertex 99.0211 -89.7249 -3
      vertex 93.0849 -91.4383 -3
      vertex 98.6414 -89.449 -3
    endloop
  endfacet
  facet normal 0 -0 -1
    outer loop
      vertex 93.6164 -90.3952 -3
      vertex 98.6414 -89.449 -3
      vertex 93.0849 -91.4383 -3
    endloop
  endfacet
  facet normal -0 0 -1
    outer loop
      vertex 98.6414 -89.449 -3
      vertex 93.6164 -90.3952 -3
      vertex 98.3655 -89.0693 -3
    endloop
  endfacet
  facet normal 0 0 -1
    outer loop
      vertex 93.0849 -91.4383 -3
      vertex 99.7021 -99.7021 -3
      vertex 98.1949 -101.031 -3
    endloop
  endfacet
  facet normal 0 0 -1
    outer loop
      vertex 100.383 -87.0518 -3
      vertex 104.003 -84.8981 -3
      vertex 100.763 -87.3277 -3
    endloop
  endfacet
  facet normal -0 0 -1
    outer loop
      vertex 104.003 -84.8981 -3
      vertex 100.383 -87.0518 -3
      vertex 103.442 -82.9685 -3
    endloop
  endfacet
  facet normal 0 0 -1
    outer loop
      vertex 99.9367 -86.9068 -3
      vertex 103.442 -82.9685 -3
      vertex 100.383 -87.0518 -3
    endloop
  endfacet
  facet normal -0 0 -1
    outer loop
      vertex 103.442 -82.9685 -3
      vertex 99.9367 -86.9068 -3
      vertex 102.644 -81.1245 -3
    endloop
  endfacet
  facet normal 0 0 -1
    outer loop
      vertex 99.4674 -86.9068 -3
      vertex 102.644 -81.1245 -3
      vertex 99.9367 -86.9068 -3
    endloop
  endfacet
  facet normal -0 0 -1
    outer loop
      vertex 102.644 -81.1245 -3
      vertex 99.4674 -86.9068 -3
      vertex 101.622 -79.395 -3
    endloop
  endfacet
  facet normal 0 0 -1
    outer loop
      vertex 99.0211 -87.0518 -3
      vertex 101.622 -79.395 -3
      vertex 99.4674 -86.9068 -3
    endloop
  endfacet
  facet normal 0 0 -1
    outer loop
      vertex 92.7404 -84.8642 -3
      vertex 101.622 -79.395 -3
      vertex 99.0211 -87.0518 -3
    endloop
  endfacet
  facet normal -0 0 -1
    outer loop
      vertex 101.622 -79.395 -3
      vertex 92.7404 -84.8642 -3
      vertex 100.39 -77.8074 -3
    endloop
  endfacet
  facet normal 0 0 -1
    outer loop
      vertex 93.378 -85.846 -3
      vertex 99.0211 -87.0518 -3
      vertex 98.6414 -87.3277 -3
    endloop
  endfacet
  facet normal 0 0 -1
    outer loop
      vertex 93.7975 -86.939 -3
      vertex 98.6414 -87.3277 -3
      vertex 98.3655 -87.7074 -3
    endloop
  endfacet
  facet normal 0 0 -1
    outer loop
      vertex 93.9807 -88.0953 -3
      vertex 98.3655 -87.7074 -3
      vertex 98.2205 -88.1537 -3
    endloop
  endfacet
  facet normal 0 0 -1
    outer loop
      vertex 89.7249 -99.0211 -3
      vertex 98.1949 -101.031 -3
      vertex 96.533 -102.16 -3
    endloop
  endfacet
  facet normal 0 0 -1
    outer loop
      vertex 89.8699 -99.4674 -3
      vertex 96.533 -102.16 -3
      vertex 94.7427 -103.072 -3
    endloop
  endfacet
  facet normal 0 -0 -1
    outer loop
      vertex 93.9194 -89.2644 -3
      vertex 98.3655 -89.0693 -3
      vertex 93.6164 -90.3952 -3
    endloop
  endfacet
  facet normal 0 0 -1
    outer loop
      vertex 98.2205 -88.623 -3
      vertex 93.9807 -88.0953 -3
      vertex 98.2205 -88.1537 -3
    endloop
  endfacet
  facet normal 0 0 -1
    outer loop
      vertex 98.6414 -87.3277 -3
      vertex 93.7975 -86.939 -3
      vertex 93.378 -85.846 -3
    endloop
  endfacet
  facet normal 0 0 -1
    outer loop
      vertex 99.0211 -87.0518 -3
      vertex 93.378 -85.846 -3
      vertex 92.7404 -84.8642 -3
    endloop
  endfacet
  facet normal -0 0 -1
    outer loop
      vertex 100.39 -77.8074 -3
      vertex 92.7404 -84.8642 -3
      vertex 99.6797 -77.097 -3
    endloop
  endfacet
  facet normal 0 0 -1
    outer loop
      vertex 91.9125 -84.0363 -3
      vertex 99.6797 -77.097 -3
      vertex 92.7404 -84.8642 -3
    endloop
  endfacet
  facet normal 0 0 -1
    outer loop
      vertex 89.7249 -77.7556 -3
      vertex 99.6797 -77.097 -3
      vertex 91.9125 -84.0363 -3
    endloop
  endfacet
  facet normal 0 0 -1
    outer loop
      vertex 89.7249 -77.7556 -3
      vertex 91.9125 -84.0363 -3
      vertex 90.9307 -83.3987 -3
    endloop
  endfacet
  facet normal 0 0 -1
    outer loop
      vertex 89.8699 -76.84 -3
      vertex 99.6797 -77.097 -3
      vertex 89.8699 -77.3093 -3
    endloop
  endfacet
  facet normal 0 0 -1
    outer loop
      vertex 89.7249 -76.3937 -3
      vertex 99.6797 -77.097 -3
      vertex 89.8699 -76.84 -3
    endloop
  endfacet
  facet normal 0 0 -1
    outer loop
      vertex 89.449 -76.014 -3
      vertex 99.6797 -77.097 -3
      vertex 89.7249 -76.3937 -3
    endloop
  endfacet
  facet normal 0 0 -1
    outer loop
      vertex 99.6797 -77.097 -3
      vertex 89.449 -76.014 -3
      vertex 101.116 -75.6604 -3
    endloop
  endfacet
  facet normal 0 0 -1
    outer loop
      vertex 89.0693 -75.7381 -3
      vertex 101.116 -75.6604 -3
      vertex 89.449 -76.014 -3
    endloop
  endfacet
  facet normal 0 0 -1
    outer loop
      vertex 88.623 -75.5931 -3
      vertex 101.116 -75.6604 -3
      vertex 89.0693 -75.7381 -3
    endloop
  endfacet
  facet normal 0 0 -1
    outer loop
      vertex 84.4286 -84.4286 -3
      vertex 86.9068 -77.3093 -3
      vertex 85.3384 -83.6918 -3
    endloop
  endfacet
  facet normal 0 0 -1
    outer loop
      vertex 77.3093 -86.9068 -3
      vertex 86.9068 -77.3093 -3
      vertex 84.4286 -84.4286 -3
    endloop
  endfacet
  facet normal -0 0 -1
    outer loop
      vertex 86.9068 -77.3093 -3
      vertex 77.3093 -86.9068 -3
      vertex 86.9068 -76.84 -3
    endloop
  endfacet
  facet normal 0 0 -1
    outer loop
      vertex 77.3093 -86.9068 -3
      vertex 84.4286 -84.4286 -3
      vertex 83.6918 -85.3384 -3
    endloop
  endfacet
  facet normal 0 0 -1
    outer loop
      vertex 77.7556 -87.0518 -3
      vertex 83.6918 -85.3384 -3
      vertex 83.1603 -86.3815 -3
    endloop
  endfacet
  facet normal 0 -0 -1
    outer loop
      vertex 77.7556 -89.7249 -3
      vertex 84.0363 -91.9125 -3
      vertex 77.097 -99.6797 -3
    endloop
  endfacet
  facet normal 0 0 -1
    outer loop
      vertex 84.0363 -91.9125 -3
      vertex 77.7556 -89.7249 -3
      vertex 83.3987 -90.9307 -3
    endloop
  endfacet
  facet normal 0 0 -1
    outer loop
      vertex 82.9792 -89.8377 -3
      vertex 78.4111 -89.0693 -3
      vertex 82.796 -88.6814 -3
    endloop
  endfacet
  facet normal 0 0 -1
    outer loop
      vertex 82.796 -88.6814 -3
      vertex 78.5562 -88.1537 -3
      vertex 82.8573 -87.5123 -3
    endloop
  endfacet
  facet normal 0 0 -1
    outer loop
      vertex 78.4111 -87.7074 -3
      vertex 82.8573 -87.5123 -3
      vertex 78.5562 -88.1537 -3
    endloop
  endfacet
  facet normal -0 0 -1
    outer loop
      vertex 82.8573 -87.5123 -3
      vertex 78.4111 -87.7074 -3
      vertex 83.1603 -86.3815 -3
    endloop
  endfacet
  facet normal 0 0 -1
    outer loop
      vertex 78.1353 -87.3277 -3
      vertex 83.1603 -86.3815 -3
      vertex 78.4111 -87.7074 -3
    endloop
  endfacet
  facet normal 0 0 -1
    outer loop
      vertex 77.7556 -87.0518 -3
      vertex 83.1603 -86.3815 -3
      vertex 78.1353 -87.3277 -3
    endloop
  endfacet
  facet normal 0 0 -1
    outer loop
      vertex 83.6918 -85.3384 -3
      vertex 77.7556 -87.0518 -3
      vertex 77.3093 -86.9068 -3
    endloop
  endfacet
  facet normal 0 0 -1
    outer loop
      vertex 76.84 -86.9068 -3
      vertex 86.9068 -76.84 -3
      vertex 77.3093 -86.9068 -3
    endloop
  endfacet
  facet normal -0 0 -1
    outer loop
      vertex 86.9068 -76.84 -3
      vertex 76.84 -86.9068 -3
      vertex 87.0518 -76.3937 -3
    endloop
  endfacet
  facet normal 0 0 -1
    outer loop
      vertex 76.3937 -87.0518 -3
      vertex 87.0518 -76.3937 -3
      vertex 76.84 -86.9068 -3
    endloop
  endfacet
  facet normal 0 0 -1
    outer loop
      vertex 16.4635 -16.1317 -3
      vertex 87.0518 -76.3937 -3
      vertex 76.3937 -87.0518 -3
    endloop
  endfacet
  facet normal 0 0 -1
    outer loop
      vertex 16.1317 -16.4635 -3
      vertex 76.3937 -87.0518 -3
      vertex 76.014 -87.3277 -3
    endloop
  endfacet
  facet normal 0 0 -1
    outer loop
      vertex 88.623 -75.5931 -3
      vertex 25.4558 0 -3
      vertex 101.116 -75.6604 -3
    endloop
  endfacet
  facet normal 0 0 -1
    outer loop
      vertex 88.1537 -75.5931 -3
      vertex 25.4558 0 -3
      vertex 88.623 -75.5931 -3
    endloop
  endfacet
  facet normal 0 0 -1
    outer loop
      vertex 87.7074 -75.7381 -3
      vertex 25.4558 0 -3
      vertex 88.1537 -75.5931 -3
    endloop
  endfacet
  facet normal 0 0 -1
    outer loop
      vertex 16.6766 -15.7135 -3
      vertex 87.7074 -75.7381 -3
      vertex 87.3277 -76.014 -3
    endloop
  endfacet
  facet normal 0 0 -1
    outer loop
      vertex 87.0518 -76.3937 -3
      vertex 16.4635 -16.1317 -3
      vertex 87.3277 -76.014 -3
    endloop
  endfacet
  facet normal 0 0 -1
    outer loop
      vertex 15.7135 -16.6766 -3
      vertex 76.014 -87.3277 -3
      vertex 75.7381 -87.7074 -3
    endloop
  endfacet
  facet normal 0 0 -1
    outer loop
      vertex 0 -25.4558 -3
      vertex 75.7381 -87.7074 -3
      vertex 75.5931 -88.1537 -3
    endloop
  endfacet
  facet normal 0 0 -1
    outer loop
      vertex -102.644 -81.1245 -3
      vertex -99.4674 -86.9068 -3
      vertex -99.9367 -86.9068 -3
    endloop
  endfacet
  facet normal 0 0 -1
    outer loop
      vertex -103.442 -82.9685 -3
      vertex -99.9367 -86.9068 -3
      vertex -100.383 -87.0518 -3
    endloop
  endfacet
  facet normal 0 0 -1
    outer loop
      vertex -99.4674 -86.9068 -3
      vertex -100.39 -77.8074 -3
      vertex -99.6797 -77.097 -3
    endloop
  endfacet
  facet normal 0 0 -1
    outer loop
      vertex -104.003 -84.8981 -3
      vertex -100.383 -87.0518 -3
      vertex -100.763 -87.3277 -3
    endloop
  endfacet
  facet normal 0 0 -1
    outer loop
      vertex -104.317 -86.8826 -3
      vertex -100.763 -87.3277 -3
      vertex -101.039 -87.7074 -3
    endloop
  endfacet
  facet normal 0 0 -1
    outer loop
      vertex -104.317 -86.8826 -3
      vertex -101.039 -87.7074 -3
      vertex -101.184 -88.1537 -3
    endloop
  endfacet
  facet normal 0 0 -1
    outer loop
      vertex -99.4674 -86.9068 -3
      vertex -101.622 -79.395 -3
      vertex -100.39 -77.8074 -3
    endloop
  endfacet
  facet normal 0 0 -1
    outer loop
      vertex -93.9194 -89.2644 -3
      vertex -98.3655 -89.0693 -3
      vertex -98.2205 -88.623 -3
    endloop
  endfacet
  facet normal 0 0 -1
    outer loop
      vertex -93.0849 -91.4383 -3
      vertex -98.6414 -89.449 -3
      vertex -98.3655 -89.0693 -3
    endloop
  endfacet
  facet normal -0 0 -1
    outer loop
      vertex -92.3481 -92.3481 -3
      vertex -101.031 -98.1949 -3
      vertex -93.0849 -91.4383 -3
    endloop
  endfacet
  facet normal 0 0 -1
    outer loop
      vertex -93.0849 -91.4383 -3
      vertex -99.0211 -89.7249 -3
      vertex -98.6414 -89.449 -3
    endloop
  endfacet
  facet normal -0 0 -1
    outer loop
      vertex -93.0849 -91.4383 -3
      vertex -101.031 -98.1949 -3
      vertex -99.0211 -89.7249 -3
    endloop
  endfacet
  facet normal 0 0 -1
    outer loop
      vertex -102.16 -96.533 -3
      vertex -99.0211 -89.7249 -3
      vertex -101.031 -98.1949 -3
    endloop
  endfacet
  facet normal 0 0 -1
    outer loop
      vertex -99.0211 -89.7249 -3
      vertex -102.16 -96.533 -3
      vertex -99.4674 -89.8699 -3
    endloop
  endfacet
  facet normal 0 0 -1
    outer loop
      vertex -103.072 -94.7427 -3
      vertex -99.4674 -89.8699 -3
      vertex -102.16 -96.533 -3
    endloop
  endfacet
  facet normal -0 0 -1
    outer loop
      vertex -99.4674 -89.8699 -3
      vertex -103.072 -94.7427 -3
      vertex -99.9367 -89.8699 -3
    endloop
  endfacet
  facet normal 0 0 -1
    outer loop
      vertex -103.753 -92.8522 -3
      vertex -99.9367 -89.8699 -3
      vertex -103.072 -94.7427 -3
    endloop
  endfacet
  facet normal -0 0 -1
    outer loop
      vertex -99.9367 -89.8699 -3
      vertex -103.753 -92.8522 -3
      vertex -100.383 -89.7249 -3
    endloop
  endfacet
  facet normal 0 0 -1
    outer loop
      vertex -104.38 -88.8909 -3
      vertex -101.184 -88.1537 -3
      vertex -101.184 -88.623 -3
    endloop
  endfacet
  facet normal -0 0 -1
    outer loop
      vertex -100.383 -89.7249 -3
      vertex -103.753 -92.8522 -3
      vertex -100.763 -89.449 -3
    endloop
  endfacet
  facet normal 0 0 -1
    outer loop
      vertex -104.191 -90.8913 -3
      vertex -100.763 -89.449 -3
      vertex -103.753 -92.8522 -3
    endloop
  endfacet
  facet normal 0 0 -1
    outer loop
      vertex -99.4674 -86.9068 -3
      vertex -102.644 -81.1245 -3
      vertex -101.622 -79.395 -3
    endloop
  endfacet
  facet normal -0 0 -1
    outer loop
      vertex -100.763 -89.449 -3
      vertex -104.191 -90.8913 -3
      vertex -101.039 -89.0693 -3
    endloop
  endfacet
  facet normal 0 0 -1
    outer loop
      vertex -99.9367 -86.9068 -3
      vertex -103.442 -82.9685 -3
      vertex -102.644 -81.1245 -3
    endloop
  endfacet
  facet normal 0 0 -1
    outer loop
      vertex -104.38 -88.8909 -3
      vertex -101.039 -89.0693 -3
      vertex -104.191 -90.8913 -3
    endloop
  endfacet
  facet normal 0 0 -1
    outer loop
      vertex -100.383 -87.0518 -3
      vertex -104.003 -84.8981 -3
      vertex -103.442 -82.9685 -3
    endloop
  endfacet
  facet normal 0 0 -1
    outer loop
      vertex -101.039 -89.0693 -3
      vertex -104.38 -88.8909 -3
      vertex -101.184 -88.623 -3
    endloop
  endfacet
  facet normal 0 0 -1
    outer loop
      vertex -100.763 -87.3277 -3
      vertex -104.317 -86.8826 -3
      vertex -104.003 -84.8981 -3
    endloop
  endfacet
  facet normal -0 0 -1
    outer loop
      vertex -101.184 -88.1537 -3
      vertex -104.38 -88.8909 -3
      vertex -104.317 -86.8826 -3
    endloop
  endfacet
  facet normal 0 0 -1
    outer loop
      vertex -98.6414 89.449 -3
      vertex -93.6164 90.3952 -3
      vertex -98.3655 89.0693 -3
    endloop
  endfacet
  facet normal -0 0 -1
    outer loop
      vertex -93.6164 90.3952 -3
      vertex -98.6414 89.449 -3
      vertex -93.0849 91.4383 -3
    endloop
  endfacet
  facet normal 0 0 -1
    outer loop
      vertex -99.0211 89.7249 -3
      vertex -93.0849 91.4383 -3
      vertex -98.6414 89.449 -3
    endloop
  endfacet
  facet normal 0 0 -1
    outer loop
      vertex -101.031 98.1949 -3
      vertex -93.0849 91.4383 -3
      vertex -99.0211 89.7249 -3
    endloop
  endfacet
  facet normal 0 0 -1
    outer loop
      vertex -102.16 96.533 -3
      vertex -99.0211 89.7249 -3
      vertex -99.4674 89.8699 -3
    endloop
  endfacet
  facet normal 0 0 -1
    outer loop
      vertex -93.0849 91.4383 -3
      vertex -99.7021 99.7021 -3
      vertex -98.1949 101.031 -3
    endloop
  endfacet
  facet normal 0 0 -1
    outer loop
      vertex -103.072 94.7427 -3
      vertex -99.4674 89.8699 -3
      vertex -99.9367 89.8699 -3
    endloop
  endfacet
  facet normal 0 0 -1
    outer loop
      vertex -103.753 92.8522 -3
      vertex -99.9367 89.8699 -3
      vertex -100.383 89.7249 -3
    endloop
  endfacet
  facet normal 0 0 -1
    outer loop
      vertex -103.753 92.8522 -3
      vertex -100.383 89.7249 -3
      vertex -100.763 89.449 -3
    endloop
  endfacet
  facet normal 0 0 -1
    outer loop
      vertex -93.0849 91.4383 -3
      vertex -101.031 98.1949 -3
      vertex -99.7021 99.7021 -3
    endloop
  endfacet
  facet normal 0 0 -1
    outer loop
      vertex -104.191 90.8913 -3
      vertex -100.763 89.449 -3
      vertex -101.039 89.0693 -3
    endloop
  endfacet
  facet normal 0 0 -1
    outer loop
      vertex -104.38 88.8909 -3
      vertex -101.039 89.0693 -3
      vertex -101.184 88.623 -3
    endloop
  endfacet
  facet normal 0 0 -1
    outer loop
      vertex -104.317 86.8826 -3
      vertex -100.763 87.3277 -3
      vertex -104.003 84.8981 -3
    endloop
  endfacet
  facet normal 0 0 -1
    outer loop
      vertex -99.0211 89.7249 -3
      vertex -102.16 96.533 -3
      vertex -101.031 98.1949 -3
    endloop
  endfacet
  facet normal -0 0 -1
    outer loop
      vertex -100.763 87.3277 -3
      vertex -104.317 86.8826 -3
      vertex -101.039 87.7074 -3
    endloop
  endfacet
  facet normal 0 0 -1
    outer loop
      vertex -99.4674 89.8699 -3
      vertex -103.072 94.7427 -3
      vertex -102.16 96.533 -3
    endloop
  endfacet
  facet normal -0 0 -1
    outer loop
      vertex -101.039 87.7074 -3
      vertex -104.317 86.8826 -3
      vertex -101.184 88.1537 -3
    endloop
  endfacet
  facet normal 0 0 -1
    outer loop
      vertex -99.9367 89.8699 -3
      vertex -103.753 92.8522 -3
      vertex -103.072 94.7427 -3
    endloop
  endfacet
  facet normal 0 0 -1
    outer loop
      vertex -104.38 88.8909 -3
      vertex -101.184 88.1537 -3
      vertex -104.317 86.8826 -3
    endloop
  endfacet
  facet normal 0 0 -1
    outer loop
      vertex -100.763 89.449 -3
      vertex -104.191 90.8913 -3
      vertex -103.753 92.8522 -3
    endloop
  endfacet
  facet normal 0 0 -1
    outer loop
      vertex -101.184 88.1537 -3
      vertex -104.38 88.8909 -3
      vertex -101.184 88.623 -3
    endloop
  endfacet
  facet normal -0 0 -1
    outer loop
      vertex -101.039 89.0693 -3
      vertex -104.38 88.8909 -3
      vertex -104.191 90.8913 -3
    endloop
  endfacet
  facet normal -0 0 -1
    outer loop
      vertex -92.7404 84.8642 -3
      vertex -101.622 79.395 -3
      vertex -99.0211 87.0518 -3
    endloop
  endfacet
  facet normal 0 0 -1
    outer loop
      vertex -99.0211 87.0518 -3
      vertex -101.622 79.395 -3
      vertex -99.4674 86.9068 -3
    endloop
  endfacet
  facet normal 0 0 -1
    outer loop
      vertex -102.644 81.1245 -3
      vertex -99.4674 86.9068 -3
      vertex -101.622 79.395 -3
    endloop
  endfacet
  facet normal -0 0 -1
    outer loop
      vertex -99.4674 86.9068 -3
      vertex -102.644 81.1245 -3
      vertex -99.9367 86.9068 -3
    endloop
  endfacet
  facet normal 0 0 -1
    outer loop
      vertex -103.442 82.9685 -3
      vertex -99.9367 86.9068 -3
      vertex -102.644 81.1245 -3
    endloop
  endfacet
  facet normal -0 0 -1
    outer loop
      vertex -99.9367 86.9068 -3
      vertex -103.442 82.9685 -3
      vertex -100.383 87.0518 -3
    endloop
  endfacet
  facet normal -0 0 -1
    outer loop
      vertex -100.383 87.0518 -3
      vertex -104.003 84.8981 -3
      vertex -100.763 87.3277 -3
    endloop
  endfacet
  facet normal 0 0 -1
    outer loop
      vertex -104.003 84.8981 -3
      vertex -100.383 87.0518 -3
      vertex -103.442 82.9685 -3
    endloop
  endfacet
  facet normal 0 0 -1
    outer loop
      vertex -85.3384 -83.6918 -3
      vertex -87.0518 -77.7556 -3
      vertex -86.9068 -77.3093 -3
    endloop
  endfacet
  facet normal 0 0 -1
    outer loop
      vertex -86.3815 -83.1603 -3
      vertex -87.3277 -78.1353 -3
      vertex -87.0518 -77.7556 -3
    endloop
  endfacet
  facet normal 0 0 -1
    outer loop
      vertex -87.7074 -78.4111 -3
      vertex -86.3815 -83.1603 -3
      vertex -87.5123 -82.8573 -3
    endloop
  endfacet
  facet normal 0 0 -1
    outer loop
      vertex -86.3815 -83.1603 -3
      vertex -87.7074 -78.4111 -3
      vertex -87.3277 -78.1353 -3
    endloop
  endfacet
  facet normal 0 0 -1
    outer loop
      vertex -87.5123 -82.8573 -3
      vertex -88.1537 -78.5562 -3
      vertex -87.7074 -78.4111 -3
    endloop
  endfacet
  facet normal 0 0 -1
    outer loop
      vertex -88.6814 -82.796 -3
      vertex -88.1537 -78.5562 -3
      vertex -87.5123 -82.8573 -3
    endloop
  endfacet
  facet normal -0 0 -1
    outer loop
      vertex -88.1537 -78.5562 -3
      vertex -88.6814 -82.796 -3
      vertex -88.623 -78.5562 -3
    endloop
  endfacet
  facet normal 0 0 -1
    outer loop
      vertex -88.6814 -82.796 -3
      vertex -89.0693 -78.4111 -3
      vertex -88.623 -78.5562 -3
    endloop
  endfacet
  facet normal 0 0 -1
    outer loop
      vertex -89.8377 -82.9792 -3
      vertex -89.0693 -78.4111 -3
      vertex -88.6814 -82.796 -3
    endloop
  endfacet
  facet normal -0 0 -1
    outer loop
      vertex -89.0693 -78.4111 -3
      vertex -89.8377 -82.9792 -3
      vertex -89.449 -78.1353 -3
    endloop
  endfacet
  facet normal 0 0 -1
    outer loop
      vertex -90.9307 -83.3987 -3
      vertex -89.449 -78.1353 -3
      vertex -89.8377 -82.9792 -3
    endloop
  endfacet
  facet normal -0 0 -1
    outer loop
      vertex -89.449 -78.1353 -3
      vertex -90.9307 -83.3987 -3
      vertex -89.7249 -77.7556 -3
    endloop
  endfacet
  facet normal 0 0 -1
    outer loop
      vertex -99.6797 -77.097 -3
      vertex -89.7249 -77.7556 -3
      vertex -91.9125 -84.0363 -3
    endloop
  endfacet
  facet normal 0 0 -1
    outer loop
      vertex -91.9125 -84.0363 -3
      vertex -89.7249 -77.7556 -3
      vertex -90.9307 -83.3987 -3
    endloop
  endfacet
  facet normal 0 0 -1
    outer loop
      vertex -82.9685 -103.442 -3
      vertex -87.0518 -100.383 -3
      vertex -86.9068 -99.9367 -3
    endloop
  endfacet
  facet normal 0 0 -1
    outer loop
      vertex -84.8981 -104.003 -3
      vertex -87.3277 -100.763 -3
      vertex -87.0518 -100.383 -3
    endloop
  endfacet
  facet normal 0 0 -1
    outer loop
      vertex -86.8826 -104.317 -3
      vertex -87.7074 -101.039 -3
      vertex -87.3277 -100.763 -3
    endloop
  endfacet
  facet normal 0 0 -1
    outer loop
      vertex -86.8826 -104.317 -3
      vertex -88.1537 -101.184 -3
      vertex -87.7074 -101.039 -3
    endloop
  endfacet
  facet normal 0 0 -1
    outer loop
      vertex -88.8909 -104.38 -3
      vertex -88.1537 -101.184 -3
      vertex -86.8826 -104.317 -3
    endloop
  endfacet
  facet normal -0 0 -1
    outer loop
      vertex -88.1537 -101.184 -3
      vertex -88.8909 -104.38 -3
      vertex -88.623 -101.184 -3
    endloop
  endfacet
  facet normal 0 0 -1
    outer loop
      vertex -88.8909 -104.38 -3
      vertex -89.0693 -101.039 -3
      vertex -88.623 -101.184 -3
    endloop
  endfacet
  facet normal 0 0 -1
    outer loop
      vertex -90.8913 -104.191 -3
      vertex -89.0693 -101.039 -3
      vertex -88.8909 -104.38 -3
    endloop
  endfacet
  facet normal -0 0 -1
    outer loop
      vertex -89.0693 -101.039 -3
      vertex -90.8913 -104.191 -3
      vertex -89.449 -100.763 -3
    endloop
  endfacet
  facet normal 0 0 -1
    outer loop
      vertex -92.8522 -103.753 -3
      vertex -89.449 -100.763 -3
      vertex -90.8913 -104.191 -3
    endloop
  endfacet
  facet normal 0 0 -1
    outer loop
      vertex -94.7427 -103.072 -3
      vertex -89.8699 -99.4674 -3
      vertex -89.8699 -99.9367 -3
    endloop
  endfacet
  facet normal -0 0 -1
    outer loop
      vertex -89.449 -100.763 -3
      vertex -92.8522 -103.753 -3
      vertex -89.7249 -100.383 -3
    endloop
  endfacet
  facet normal -0 0 -1
    outer loop
      vertex -89.7249 -100.383 -3
      vertex -92.8522 -103.753 -3
      vertex -89.8699 -99.9367 -3
    endloop
  endfacet
  facet normal 0 0 -1
    outer loop
      vertex -94.7427 -103.072 -3
      vertex -89.8699 -99.9367 -3
      vertex -92.8522 -103.753 -3
    endloop
  endfacet
  facet normal 0 0 -1
    outer loop
      vertex -89.8699 -99.4674 -3
      vertex -94.7427 -103.072 -3
      vertex -96.533 -102.16 -3
    endloop
  endfacet
  facet normal 0 0 -1
    outer loop
      vertex -89.8699 -99.4674 -3
      vertex -91.4383 -93.0849 -3
      vertex -90.3952 -93.6164 -3
    endloop
  endfacet
  facet normal 0 0 -1
    outer loop
      vertex -98.1949 -101.031 -3
      vertex -89.8699 -99.4674 -3
      vertex -96.533 -102.16 -3
    endloop
  endfacet
  facet normal -0 0 -1
    outer loop
      vertex -89.8699 -99.4674 -3
      vertex -98.1949 -101.031 -3
      vertex -91.4383 -93.0849 -3
    endloop
  endfacet
  facet normal -0 0 -1
    outer loop
      vertex -91.4383 -93.0849 -3
      vertex -98.1949 -101.031 -3
      vertex -92.3481 -92.3481 -3
    endloop
  endfacet
  facet normal 0 0 -1
    outer loop
      vertex -101.031 -98.1949 -3
      vertex -92.3481 -92.3481 -3
      vertex -99.7021 -99.7021 -3
    endloop
  endfacet
  facet normal 0 0 -1
    outer loop
      vertex -99.7021 -99.7021 -3
      vertex -92.3481 -92.3481 -3
      vertex -98.1949 -101.031 -3
    endloop
  endfacet
  facet normal 0 0 -1
    outer loop
      vertex -86.9068 -99.9367 -3
      vertex -81.1245 -102.644 -3
      vertex -82.9685 -103.442 -3
    endloop
  endfacet
  facet normal 0 0 -1
    outer loop
      vertex -81.1245 -102.644 -3
      vertex -82.9792 -89.8377 -3
      vertex -82.796 -88.6814 -3
    endloop
  endfacet
  facet normal 0 0 -1
    outer loop
      vertex -81.1245 -102.644 -3
      vertex -83.3987 -90.9307 -3
      vertex -82.9792 -89.8377 -3
    endloop
  endfacet
  facet normal 0 0 -1
    outer loop
      vertex -81.1245 -102.644 -3
      vertex -84.0363 -91.9125 -3
      vertex -83.3987 -90.9307 -3
    endloop
  endfacet
  facet normal 0 0 -1
    outer loop
      vertex -81.1245 -102.644 -3
      vertex -84.8642 -92.7404 -3
      vertex -84.0363 -91.9125 -3
    endloop
  endfacet
  facet normal 0 0 -1
    outer loop
      vertex -87.0518 -100.383 -3
      vertex -82.9685 -103.442 -3
      vertex -84.8981 -104.003 -3
    endloop
  endfacet
  facet normal 0 0 -1
    outer loop
      vertex -87.0518 -99.0211 -3
      vertex -81.1245 -102.644 -3
      vertex -86.9068 -99.4674 -3
    endloop
  endfacet
  facet normal 0 0 -1
    outer loop
      vertex -87.3277 -100.763 -3
      vertex -84.8981 -104.003 -3
      vertex -86.8826 -104.317 -3
    endloop
  endfacet
  facet normal 0 0 -1
    outer loop
      vertex -81.1245 -102.644 -3
      vertex -86.9068 -99.9367 -3
      vertex -86.9068 -99.4674 -3
    endloop
  endfacet
  facet normal 0 0 -1
    outer loop
      vertex -81.1245 -102.644 -3
      vertex -87.0518 -99.0211 -3
      vertex -84.8642 -92.7404 -3
    endloop
  endfacet
  facet normal 0 0 -1
    outer loop
      vertex -84.8642 -92.7404 -3
      vertex -87.0518 -99.0211 -3
      vertex -85.846 -93.378 -3
    endloop
  endfacet
  facet normal 0 0 -1
    outer loop
      vertex -87.3277 -98.6414 -3
      vertex -85.846 -93.378 -3
      vertex -87.0518 -99.0211 -3
    endloop
  endfacet
  facet normal 0 0 -1
    outer loop
      vertex -85.846 -93.378 -3
      vertex -87.3277 -98.6414 -3
      vertex -86.939 -93.7975 -3
    endloop
  endfacet
  facet normal 0 0 -1
    outer loop
      vertex -87.7074 -98.3655 -3
      vertex -86.939 -93.7975 -3
      vertex -87.3277 -98.6414 -3
    endloop
  endfacet
  facet normal 0 0 -1
    outer loop
      vertex -87.7074 -98.3655 -3
      vertex -88.0953 -93.9807 -3
      vertex -86.939 -93.7975 -3
    endloop
  endfacet
  facet normal 0 0 -1
    outer loop
      vertex -88.1537 -98.2205 -3
      vertex -88.0953 -93.9807 -3
      vertex -87.7074 -98.3655 -3
    endloop
  endfacet
  facet normal 0 0 -1
    outer loop
      vertex -88.623 -98.2205 -3
      vertex -88.0953 -93.9807 -3
      vertex -88.1537 -98.2205 -3
    endloop
  endfacet
  facet normal 0 0 -1
    outer loop
      vertex -89.2644 -93.9194 -3
      vertex -88.623 -98.2205 -3
      vertex -89.0693 -98.3655 -3
    endloop
  endfacet
  facet normal 0 0 -1
    outer loop
      vertex -88.623 -98.2205 -3
      vertex -89.2644 -93.9194 -3
      vertex -88.0953 -93.9807 -3
    endloop
  endfacet
  facet normal 0 0 -1
    outer loop
      vertex -90.3952 -93.6164 -3
      vertex -89.0693 -98.3655 -3
      vertex -89.449 -98.6414 -3
    endloop
  endfacet
  facet normal 0 0 -1
    outer loop
      vertex -90.3952 -93.6164 -3
      vertex -89.449 -98.6414 -3
      vertex -89.7249 -99.0211 -3
    endloop
  endfacet
  facet normal 0 0 -1
    outer loop
      vertex -90.3952 -93.6164 -3
      vertex -89.7249 -99.0211 -3
      vertex -89.8699 -99.4674 -3
    endloop
  endfacet
  facet normal 0 0 -1
    outer loop
      vertex -89.0693 -98.3655 -3
      vertex -90.3952 -93.6164 -3
      vertex -89.2644 -93.9194 -3
    endloop
  endfacet
  facet normal 0 0 -1
    outer loop
      vertex -84.8642 92.7404 -3
      vertex -77.097 99.6797 -3
      vertex -84.0363 91.9125 -3
    endloop
  endfacet
  facet normal -0 0 -1
    outer loop
      vertex -77.097 99.6797 -3
      vertex -84.8642 92.7404 -3
      vertex -77.8074 100.39 -3
    endloop
  endfacet
  facet normal -0 0 -1
    outer loop
      vertex -77.8074 100.39 -3
      vertex -84.8642 92.7404 -3
      vertex -79.395 101.622 -3
    endloop
  endfacet
  facet normal 0 0 -1
    outer loop
      vertex -87.0518 99.0211 -3
      vertex -79.395 101.622 -3
      vertex -84.8642 92.7404 -3
    endloop
  endfacet
  facet normal 0 -0 -1
    outer loop
      vertex -86.9068 99.4674 -3
      vertex -79.395 101.622 -3
      vertex -87.0518 99.0211 -3
    endloop
  endfacet
  facet normal 0 0 -1
    outer loop
      vertex -86.9068 99.9367 -3
      vertex -81.1245 102.644 -3
      vertex -86.9068 99.4674 -3
    endloop
  endfacet
  facet normal 0 0 -1
    outer loop
      vertex -87.0518 99.0211 -3
      vertex -84.8642 92.7404 -3
      vertex -85.846 93.378 -3
    endloop
  endfacet
  facet normal -0 0 -1
    outer loop
      vertex -81.1245 102.644 -3
      vertex -86.9068 99.9367 -3
      vertex -82.9685 103.442 -3
    endloop
  endfacet
  facet normal 0 0 -1
    outer loop
      vertex -87.0518 100.383 -3
      vertex -82.9685 103.442 -3
      vertex -86.9068 99.9367 -3
    endloop
  endfacet
  facet normal 0 0 -1
    outer loop
      vertex -87.3277 98.6414 -3
      vertex -85.846 93.378 -3
      vertex -86.939 93.7975 -3
    endloop
  endfacet
  facet normal -0 0 -1
    outer loop
      vertex -79.395 101.622 -3
      vertex -86.9068 99.4674 -3
      vertex -81.1245 102.644 -3
    endloop
  endfacet
  facet normal 0 0 -1
    outer loop
      vertex -85.846 93.378 -3
      vertex -87.3277 98.6414 -3
      vertex -87.0518 99.0211 -3
    endloop
  endfacet
  facet normal 0 0 -1
    outer loop
      vertex -86.939 93.7975 -3
      vertex -87.7074 98.3655 -3
      vertex -87.3277 98.6414 -3
    endloop
  endfacet
  facet normal 0 0 -1
    outer loop
      vertex -88.0953 93.9807 -3
      vertex -87.7074 98.3655 -3
      vertex -86.939 93.7975 -3
    endloop
  endfacet
  facet normal 0 0 -1
    outer loop
      vertex -88.0953 93.9807 -3
      vertex -88.1537 98.2205 -3
      vertex -87.7074 98.3655 -3
    endloop
  endfacet
  facet normal 0 0 -1
    outer loop
      vertex -88.0953 93.9807 -3
      vertex -88.623 98.2205 -3
      vertex -88.1537 98.2205 -3
    endloop
  endfacet
  facet normal 0 0 -1
    outer loop
      vertex -89.2644 93.9194 -3
      vertex -88.623 98.2205 -3
      vertex -88.0953 93.9807 -3
    endloop
  endfacet
  facet normal -0 0 -1
    outer loop
      vertex -88.623 98.2205 -3
      vertex -89.2644 93.9194 -3
      vertex -89.0693 98.3655 -3
    endloop
  endfacet
  facet normal 0 0 -1
    outer loop
      vertex -90.3952 93.6164 -3
      vertex -89.0693 98.3655 -3
      vertex -89.2644 93.9194 -3
    endloop
  endfacet
  facet normal -0 0 -1
    outer loop
      vertex -89.0693 98.3655 -3
      vertex -90.3952 93.6164 -3
      vertex -89.449 98.6414 -3
    endloop
  endfacet
  facet normal -0 0 -1
    outer loop
      vertex -89.449 98.6414 -3
      vertex -90.3952 93.6164 -3
      vertex -89.7249 99.0211 -3
    endloop
  endfacet
  facet normal 0 0 -1
    outer loop
      vertex -98.1949 101.031 -3
      vertex -89.7249 99.0211 -3
      vertex -91.4383 93.0849 -3
    endloop
  endfacet
  facet normal 0 0 -1
    outer loop
      vertex -91.4383 93.0849 -3
      vertex -89.7249 99.0211 -3
      vertex -90.3952 93.6164 -3
    endloop
  endfacet
  facet normal 0 0 -1
    outer loop
      vertex -87.0518 77.7556 -3
      vertex -85.3384 83.6918 -3
      vertex -86.9068 77.3093 -3
    endloop
  endfacet
  facet normal 0 0 -1
    outer loop
      vertex -85.3384 83.6918 -3
      vertex -87.0518 77.7556 -3
      vertex -86.3815 83.1603 -3
    endloop
  endfacet
  facet normal 0 0 -1
    outer loop
      vertex -87.3277 78.1353 -3
      vertex -86.3815 83.1603 -3
      vertex -87.0518 77.7556 -3
    endloop
  endfacet
  facet normal 0 0 -1
    outer loop
      vertex -87.7074 78.4111 -3
      vertex -86.3815 83.1603 -3
      vertex -87.3277 78.1353 -3
    endloop
  endfacet
  facet normal 0 0 -1
    outer loop
      vertex -86.3815 83.1603 -3
      vertex -87.7074 78.4111 -3
      vertex -87.5123 82.8573 -3
    endloop
  endfacet
  facet normal 0 0 -1
    outer loop
      vertex -88.1537 78.5562 -3
      vertex -87.5123 82.8573 -3
      vertex -87.7074 78.4111 -3
    endloop
  endfacet
  facet normal 0 0 -1
    outer loop
      vertex -88.6814 82.796 -3
      vertex -88.1537 78.5562 -3
      vertex -88.623 78.5562 -3
    endloop
  endfacet
  facet normal 0 0 -1
    outer loop
      vertex -88.1537 78.5562 -3
      vertex -88.6814 82.796 -3
      vertex -87.5123 82.8573 -3
    endloop
  endfacet
  facet normal 0 0 -1
    outer loop
      vertex -89.0693 78.4111 -3
      vertex -88.6814 82.796 -3
      vertex -88.623 78.5562 -3
    endloop
  endfacet
  facet normal 0 0 -1
    outer loop
      vertex -89.8377 82.9792 -3
      vertex -89.0693 78.4111 -3
      vertex -89.449 78.1353 -3
    endloop
  endfacet
  facet normal 0 0 -1
    outer loop
      vertex -90.9307 83.3987 -3
      vertex -89.449 78.1353 -3
      vertex -89.7249 77.7556 -3
    endloop
  endfacet
  facet normal 0 0 -1
    outer loop
      vertex -89.0693 78.4111 -3
      vertex -89.8377 82.9792 -3
      vertex -88.6814 82.796 -3
    endloop
  endfacet
  facet normal 0 0 -1
    outer loop
      vertex -99.6797 77.097 -3
      vertex -89.7249 77.7556 -3
      vertex -89.8699 77.3093 -3
    endloop
  endfacet
  facet normal 0 0 -1
    outer loop
      vertex -89.449 78.1353 -3
      vertex -90.9307 83.3987 -3
      vertex -89.8377 82.9792 -3
    endloop
  endfacet
  facet normal -0 0 -1
    outer loop
      vertex -82.9685 103.442 -3
      vertex -87.0518 100.383 -3
      vertex -84.8981 104.003 -3
    endloop
  endfacet
  facet normal 0 0 -1
    outer loop
      vertex -87.3277 100.763 -3
      vertex -84.8981 104.003 -3
      vertex -87.0518 100.383 -3
    endloop
  endfacet
  facet normal -0 0 -1
    outer loop
      vertex -84.8981 104.003 -3
      vertex -87.3277 100.763 -3
      vertex -86.8826 104.317 -3
    endloop
  endfacet
  facet normal 0 0 -1
    outer loop
      vertex -87.7074 101.039 -3
      vertex -86.8826 104.317 -3
      vertex -87.3277 100.763 -3
    endloop
  endfacet
  facet normal 0 0 -1
    outer loop
      vertex -88.1537 101.184 -3
      vertex -86.8826 104.317 -3
      vertex -87.7074 101.039 -3
    endloop
  endfacet
  facet normal 0 0 -1
    outer loop
      vertex -88.8909 104.38 -3
      vertex -88.1537 101.184 -3
      vertex -88.623 101.184 -3
    endloop
  endfacet
  facet normal 0 0 -1
    outer loop
      vertex -88.1537 101.184 -3
      vertex -88.8909 104.38 -3
      vertex -86.8826 104.317 -3
    endloop
  endfacet
  facet normal 0 0 -1
    outer loop
      vertex -89.0693 101.039 -3
      vertex -88.8909 104.38 -3
      vertex -88.623 101.184 -3
    endloop
  endfacet
  facet normal 0 0 -1
    outer loop
      vertex -90.8913 104.191 -3
      vertex -89.0693 101.039 -3
      vertex -89.449 100.763 -3
    endloop
  endfacet
  facet normal 0 0 -1
    outer loop
      vertex -92.8522 103.753 -3
      vertex -89.449 100.763 -3
      vertex -89.7249 100.383 -3
    endloop
  endfacet
  facet normal 0 0 -1
    outer loop
      vertex -92.8522 103.753 -3
      vertex -89.7249 100.383 -3
      vertex -89.8699 99.9367 -3
    endloop
  endfacet
  facet normal 0 0 -1
    outer loop
      vertex -89.0693 101.039 -3
      vertex -90.8913 104.191 -3
      vertex -88.8909 104.38 -3
    endloop
  endfacet
  facet normal 0 -0 -1
    outer loop
      vertex -96.533 102.16 -3
      vertex -89.7249 99.0211 -3
      vertex -98.1949 101.031 -3
    endloop
  endfacet
  facet normal 0 -0 -1
    outer loop
      vertex -94.7427 103.072 -3
      vertex -89.8699 99.4674 -3
      vertex -96.533 102.16 -3
    endloop
  endfacet
  facet normal 0 0 -1
    outer loop
      vertex -98.1949 101.031 -3
      vertex -91.4383 93.0849 -3
      vertex -92.3481 92.3481 -3
    endloop
  endfacet
  facet normal 0 0 -1
    outer loop
      vertex -89.449 100.763 -3
      vertex -92.8522 103.753 -3
      vertex -90.8913 104.191 -3
    endloop
  endfacet
  facet normal 0 0 -1
    outer loop
      vertex -98.1949 101.031 -3
      vertex -92.3481 92.3481 -3
      vertex -93.0849 91.4383 -3
    endloop
  endfacet
  facet normal 0 0 -1
    outer loop
      vertex -98.3655 89.0693 -3
      vertex -93.9194 89.2644 -3
      vertex -98.2205 88.623 -3
    endloop
  endfacet
  facet normal 0 0 -1
    outer loop
      vertex -93.9807 88.0953 -3
      vertex -98.2205 88.623 -3
      vertex -93.9194 89.2644 -3
    endloop
  endfacet
  facet normal 0 0 -1
    outer loop
      vertex -89.8699 99.9367 -3
      vertex -94.7427 103.072 -3
      vertex -92.8522 103.753 -3
    endloop
  endfacet
  facet normal 0 0 -1
    outer loop
      vertex -98.2205 88.623 -3
      vertex -93.9807 88.0953 -3
      vertex -98.2205 88.1537 -3
    endloop
  endfacet
  facet normal 0 0 -1
    outer loop
      vertex 0 25.4558 -3
      vertex -75.7381 87.7074 -3
      vertex -75.5931 88.1537 -3
    endloop
  endfacet
  facet normal 0 0 -1
    outer loop
      vertex -16.6766 15.7135 -3
      vertex -76.014 87.3277 -3
      vertex -75.7381 87.7074 -3
    endloop
  endfacet
  facet normal 0 0 -1
    outer loop
      vertex -16.6766 15.7135 -3
      vertex -76.3937 87.0518 -3
      vertex -76.014 87.3277 -3
    endloop
  endfacet
  facet normal 0 0 -1
    outer loop
      vertex -16.6766 15.7135 -3
      vertex -87.0518 76.3937 -3
      vertex -76.3937 87.0518 -3
    endloop
  endfacet
  facet normal 0 0 -1
    outer loop
      vertex -76.3937 87.0518 -3
      vertex -87.0518 76.3937 -3
      vertex -76.84 86.9068 -3
    endloop
  endfacet
  facet normal 0 -0 -1
    outer loop
      vertex -86.9068 76.84 -3
      vertex -76.84 86.9068 -3
      vertex -87.0518 76.3937 -3
    endloop
  endfacet
  facet normal -0 0 -1
    outer loop
      vertex -76.84 86.9068 -3
      vertex -86.9068 76.84 -3
      vertex -77.3093 86.9068 -3
    endloop
  endfacet
  facet normal 0 0 -1
    outer loop
      vertex -86.9068 77.3093 -3
      vertex -77.3093 86.9068 -3
      vertex -86.9068 76.84 -3
    endloop
  endfacet
  facet normal 0 0 -1
    outer loop
      vertex -82.796 88.6814 -3
      vertex -78.5562 88.623 -3
      vertex -78.5562 88.1537 -3
    endloop
  endfacet
  facet normal 0 0 -1
    outer loop
      vertex -82.9792 89.8377 -3
      vertex -78.5562 88.623 -3
      vertex -82.796 88.6814 -3
    endloop
  endfacet
  facet normal 0 0 -1
    outer loop
      vertex -77.7556 89.7249 -3
      vertex -84.0363 91.9125 -3
      vertex -77.097 99.6797 -3
    endloop
  endfacet
  facet normal 0 0 -1
    outer loop
      vertex -82.8573 87.5123 -3
      vertex -78.5562 88.1537 -3
      vertex -78.4111 87.7074 -3
    endloop
  endfacet
  facet normal 0 -0 -1
    outer loop
      vertex -83.6918 85.3384 -3
      vertex -77.3093 86.9068 -3
      vertex -84.4286 84.4286 -3
    endloop
  endfacet
  facet normal -0 0 -1
    outer loop
      vertex -78.5562 88.1537 -3
      vertex -82.8573 87.5123 -3
      vertex -82.796 88.6814 -3
    endloop
  endfacet
  facet normal 0 0 -1
    outer loop
      vertex -78.4111 87.7074 -3
      vertex -83.1603 86.3815 -3
      vertex -82.8573 87.5123 -3
    endloop
  endfacet
  facet normal -0 0 -1
    outer loop
      vertex -77.7556 87.0518 -3
      vertex -83.6918 85.3384 -3
      vertex -78.1353 87.3277 -3
    endloop
  endfacet
  facet normal -0 0 -1
    outer loop
      vertex -78.1353 87.3277 -3
      vertex -83.1603 86.3815 -3
      vertex -78.4111 87.7074 -3
    endloop
  endfacet
  facet normal 0 -0 -1
    outer loop
      vertex -83.1603 86.3815 -3
      vertex -78.1353 87.3277 -3
      vertex -83.6918 85.3384 -3
    endloop
  endfacet
  facet normal 0 0 -1
    outer loop
      vertex -77.3093 86.9068 -3
      vertex -86.9068 77.3093 -3
      vertex -84.4286 84.4286 -3
    endloop
  endfacet
  facet normal 0 0 -1
    outer loop
      vertex -84.4286 84.4286 -3
      vertex -86.9068 77.3093 -3
      vertex -85.3384 83.6918 -3
    endloop
  endfacet
  facet normal -0 0 -1
    outer loop
      vertex -77.3093 86.9068 -3
      vertex -83.6918 85.3384 -3
      vertex -77.7556 87.0518 -3
    endloop
  endfacet
  facet normal 0 0 -1
    outer loop
      vertex -16.6766 15.7135 -3
      vertex -87.3277 76.014 -3
      vertex -87.0518 76.3937 -3
    endloop
  endfacet
  facet normal 0 0 -1
    outer loop
      vertex -16.6766 15.7135 -3
      vertex -87.7074 75.7381 -3
      vertex -87.3277 76.014 -3
    endloop
  endfacet
  facet normal 0 0 -1
    outer loop
      vertex -25.4558 0 -3
      vertex -88.1537 75.5931 -3
      vertex -87.7074 75.7381 -3
    endloop
  endfacet
  facet normal 0 0 -1
    outer loop
      vertex -25.4558 0 -3
      vertex -88.623 75.5931 -3
      vertex -88.1537 75.5931 -3
    endloop
  endfacet
  facet normal 0 0 -1
    outer loop
      vertex -101.116 75.6604 -3
      vertex -88.623 75.5931 -3
      vertex -25.4558 0 -3
    endloop
  endfacet
  facet normal 0 0 -1
    outer loop
      vertex -88.623 75.5931 -3
      vertex -101.116 75.6604 -3
      vertex -89.0693 75.7381 -3
    endloop
  endfacet
  facet normal 0 0 -1
    outer loop
      vertex -99.6797 77.097 -3
      vertex -89.8699 77.3093 -3
      vertex -89.8699 76.84 -3
    endloop
  endfacet
  facet normal 0 0 -1
    outer loop
      vertex -89.7249 77.7556 -3
      vertex -91.9125 84.0363 -3
      vertex -90.9307 83.3987 -3
    endloop
  endfacet
  facet normal -0 0 -1
    outer loop
      vertex -89.7249 77.7556 -3
      vertex -99.6797 77.097 -3
      vertex -91.9125 84.0363 -3
    endloop
  endfacet
  facet normal 0 0 -1
    outer loop
      vertex -99.6797 77.097 -3
      vertex -89.8699 76.84 -3
      vertex -89.7249 76.3937 -3
    endloop
  endfacet
  facet normal -0 0 -1
    outer loop
      vertex -91.9125 84.0363 -3
      vertex -99.6797 77.097 -3
      vertex -92.7404 84.8642 -3
    endloop
  endfacet
  facet normal 0 0 -1
    outer loop
      vertex -89.8699 99.4674 -3
      vertex -94.7427 103.072 -3
      vertex -89.8699 99.9367 -3
    endloop
  endfacet
  facet normal 0 0 -1
    outer loop
      vertex -98.3655 87.7074 -3
      vertex -93.9807 88.0953 -3
      vertex -93.7975 86.939 -3
    endloop
  endfacet
  facet normal 0 0 -1
    outer loop
      vertex -89.7249 99.0211 -3
      vertex -96.533 102.16 -3
      vertex -89.8699 99.4674 -3
    endloop
  endfacet
  facet normal -0 0 -1
    outer loop
      vertex -93.9194 89.2644 -3
      vertex -98.3655 89.0693 -3
      vertex -93.6164 90.3952 -3
    endloop
  endfacet
  facet normal 0 0 -1
    outer loop
      vertex -98.6414 87.3277 -3
      vertex -93.7975 86.939 -3
      vertex -93.378 85.846 -3
    endloop
  endfacet
  facet normal 0 0 -1
    outer loop
      vertex -100.39 77.8074 -3
      vertex -92.7404 84.8642 -3
      vertex -99.6797 77.097 -3
    endloop
  endfacet
  facet normal -0 0 -1
    outer loop
      vertex -93.9807 88.0953 -3
      vertex -98.3655 87.7074 -3
      vertex -98.2205 88.1537 -3
    endloop
  endfacet
  facet normal 0 0 -1
    outer loop
      vertex -99.6797 77.097 -3
      vertex -89.7249 76.3937 -3
      vertex -89.449 76.014 -3
    endloop
  endfacet
  facet normal 0 0 -1
    outer loop
      vertex -93.7975 86.939 -3
      vertex -98.6414 87.3277 -3
      vertex -98.3655 87.7074 -3
    endloop
  endfacet
  facet normal 0 0 -1
    outer loop
      vertex -92.7404 84.8642 -3
      vertex -99.0211 87.0518 -3
      vertex -93.378 85.846 -3
    endloop
  endfacet
  facet normal -0 0 -1
    outer loop
      vertex -89.0693 75.7381 -3
      vertex -101.116 75.6604 -3
      vertex -89.449 76.014 -3
    endloop
  endfacet
  facet normal 0 0 -1
    outer loop
      vertex -93.378 85.846 -3
      vertex -99.0211 87.0518 -3
      vertex -98.6414 87.3277 -3
    endloop
  endfacet
  facet normal 0 0 -1
    outer loop
      vertex -101.622 79.395 -3
      vertex -92.7404 84.8642 -3
      vertex -100.39 77.8074 -3
    endloop
  endfacet
  facet normal -0 0 -1
    outer loop
      vertex -89.449 76.014 -3
      vertex -101.116 75.6604 -3
      vertex -99.6797 77.097 -3
    endloop
  endfacet
  facet normal 0 0 -1
    outer loop
      vertex -14.3683 -14.0365 -3
      vertex -13.5 -10 -3
      vertex -14.0365 -14.3683 -3
    endloop
  endfacet
  facet normal 0 0 -1
    outer loop
      vertex -13.5 10 -3
      vertex -13.8234 14.7865 -3
      vertex -13.75 15.25 -3
    endloop
  endfacet
  facet normal 0 0 -1
    outer loop
      vertex -14.7865 -13.8234 -3
      vertex -13.5 -10 -3
      vertex -14.3683 -14.0365 -3
    endloop
  endfacet
  facet normal 0 0 -1
    outer loop
      vertex -13.5 10 -3
      vertex -14.0365 14.3683 -3
      vertex -13.8234 14.7865 -3
    endloop
  endfacet
  facet normal 0 0 -1
    outer loop
      vertex -15.25 -13.75 -3
      vertex -13.5 -10 -3
      vertex -14.7865 -13.8234 -3
    endloop
  endfacet
  facet normal 0 0 -1
    outer loop
      vertex -13.5 10 -3
      vertex -14.3683 14.0365 -3
      vertex -14.0365 14.3683 -3
    endloop
  endfacet
  facet normal 0 0 -1
    outer loop
      vertex -15.7135 -13.8234 -3
      vertex -13.5 -10 -3
      vertex -15.25 -13.75 -3
    endloop
  endfacet
  facet normal 0 0 -1
    outer loop
      vertex -13.5 10 -3
      vertex -14.7865 13.8234 -3
      vertex -14.3683 14.0365 -3
    endloop
  endfacet
  facet normal 0 0 -1
    outer loop
      vertex -13.5 -10 -3
      vertex -25.4558 0 -3
      vertex -13.5 10 -3
    endloop
  endfacet
  facet normal 0 -0 -1
    outer loop
      vertex -16.1317 14.0365 -3
      vertex -13.5 10 -3
      vertex -25.4558 0 -3
    endloop
  endfacet
  facet normal 0 0 -1
    outer loop
      vertex -16.1317 -14.0365 -3
      vertex -13.5 -10 -3
      vertex -15.7135 -13.8234 -3
    endloop
  endfacet
  facet normal 0 0 -1
    outer loop
      vertex -13.5 10 -3
      vertex -15.25 13.75 -3
      vertex -14.7865 13.8234 -3
    endloop
  endfacet
  facet normal -0 0 -1
    outer loop
      vertex -13.5 -10 -3
      vertex -16.1317 -14.0365 -3
      vertex -25.4558 0 -3
    endloop
  endfacet
  facet normal 0 0 -1
    outer loop
      vertex -13.5 10 -3
      vertex -15.7135 13.8234 -3
      vertex -15.25 13.75 -3
    endloop
  endfacet
  facet normal 0 0 -1
    outer loop
      vertex -25.4558 0 -3
      vertex -16.1317 -14.0365 -3
      vertex -16.4635 -14.3683 -3
    endloop
  endfacet
  facet normal 0 0 -1
    outer loop
      vertex -13.5 10 -3
      vertex -16.1317 14.0365 -3
      vertex -15.7135 13.8234 -3
    endloop
  endfacet
  facet normal 0 0 -1
    outer loop
      vertex -25.4558 0 -3
      vertex -16.4635 -14.3683 -3
      vertex -16.6766 -14.7865 -3
    endloop
  endfacet
  facet normal -0 0 -1
    outer loop
      vertex -16.1317 14.0365 -3
      vertex -25.4558 0 -3
      vertex -16.4635 14.3683 -3
    endloop
  endfacet
  facet normal 0 0 -1
    outer loop
      vertex -25.4558 0 -3
      vertex -16.6766 -14.7865 -3
      vertex -16.75 -15.25 -3
    endloop
  endfacet
  facet normal -0 0 -1
    outer loop
      vertex -16.4635 14.3683 -3
      vertex -25.4558 0 -3
      vertex -16.6766 14.7865 -3
    endloop
  endfacet
  facet normal 0 0 -1
    outer loop
      vertex 10.5 10 -3
      vertex -10.5 10 -3
      vertex 0 25.4558 -3
    endloop
  endfacet
  facet normal 0 0 -1
    outer loop
      vertex -13.75 15.25 -3
      vertex -10.5 10 -3
      vertex -13.5 10 -3
    endloop
  endfacet
  facet normal -0 0 -1
    outer loop
      vertex -10.5 -10 -3
      vertex -14.0365 -14.3683 -3
      vertex -13.5 -10 -3
    endloop
  endfacet
  facet normal 0 0 -1
    outer loop
      vertex -13.8234 15.7135 -3
      vertex -10.5 10 -3
      vertex -13.75 15.25 -3
    endloop
  endfacet
  facet normal 0 0 -1
    outer loop
      vertex -10.5 10 -3
      vertex -13.8234 15.7135 -3
      vertex 0 25.4558 -3
    endloop
  endfacet
  facet normal 0 0 -1
    outer loop
      vertex -14.0365 16.1317 -3
      vertex 0 25.4558 -3
      vertex -13.8234 15.7135 -3
    endloop
  endfacet
  facet normal 0 0 -1
    outer loop
      vertex -14.3683 16.4635 -3
      vertex 0 25.4558 -3
      vertex -14.0365 16.1317 -3
    endloop
  endfacet
  facet normal 0 0 -1
    outer loop
      vertex -14.7865 16.6766 -3
      vertex 0 25.4558 -3
      vertex -14.3683 16.4635 -3
    endloop
  endfacet
  facet normal 0 0 -1
    outer loop
      vertex -15.25 16.75 -3
      vertex 0 25.4558 -3
      vertex -14.7865 16.6766 -3
    endloop
  endfacet
  facet normal 0 0 -1
    outer loop
      vertex -15.7135 16.6766 -3
      vertex 0 25.4558 -3
      vertex -15.25 16.75 -3
    endloop
  endfacet
  facet normal 0 0 -1
    outer loop
      vertex -75.7381 87.7074 -3
      vertex -15.7135 16.6766 -3
      vertex -16.1317 16.4635 -3
    endloop
  endfacet
  facet normal 0 0 -1
    outer loop
      vertex -25.4558 0 -3
      vertex -16.6766 15.7135 -3
      vertex -16.75 15.25 -3
    endloop
  endfacet
  facet normal 0 0 -1
    outer loop
      vertex -87.7074 75.7381 -3
      vertex -16.6766 15.7135 -3
      vertex -25.4558 0 -3
    endloop
  endfacet
  facet normal 0 0 -1
    outer loop
      vertex -75.7381 87.7074 -3
      vertex -16.4635 16.1317 -3
      vertex -16.6766 15.7135 -3
    endloop
  endfacet
  facet normal 0 0 -1
    outer loop
      vertex -75.7381 87.7074 -3
      vertex -16.1317 16.4635 -3
      vertex -16.4635 16.1317 -3
    endloop
  endfacet
  facet normal 0 0 -1
    outer loop
      vertex -75.7381 87.7074 -3
      vertex 0 25.4558 -3
      vertex -15.7135 16.6766 -3
    endloop
  endfacet
  facet normal 0 0 -1
    outer loop
      vertex -75.5931 88.623 -3
      vertex 0 25.4558 -3
      vertex -75.5931 88.1537 -3
    endloop
  endfacet
  facet normal 0 0 -1
    outer loop
      vertex -75.5931 88.623 -3
      vertex -75.6604 101.116 -3
      vertex 0 25.4558 -3
    endloop
  endfacet
  facet normal 0 0 -1
    outer loop
      vertex -75.7381 89.0693 -3
      vertex -75.6604 101.116 -3
      vertex -75.5931 88.623 -3
    endloop
  endfacet
  facet normal 0 0 -1
    outer loop
      vertex -76.014 89.449 -3
      vertex -75.6604 101.116 -3
      vertex -75.7381 89.0693 -3
    endloop
  endfacet
  facet normal 0 0 -1
    outer loop
      vertex -77.097 99.6797 -3
      vertex -76.014 89.449 -3
      vertex -76.3937 89.7249 -3
    endloop
  endfacet
  facet normal 0 0 -1
    outer loop
      vertex -77.097 99.6797 -3
      vertex -76.3937 89.7249 -3
      vertex -76.84 89.8699 -3
    endloop
  endfacet
  facet normal 0 0 -1
    outer loop
      vertex -76.014 89.449 -3
      vertex -77.097 99.6797 -3
      vertex -75.6604 101.116 -3
    endloop
  endfacet
  facet normal 0 0 -1
    outer loop
      vertex -77.3093 89.8699 -3
      vertex -77.097 99.6797 -3
      vertex -76.84 89.8699 -3
    endloop
  endfacet
  facet normal 0 0 -1
    outer loop
      vertex -77.7556 89.7249 -3
      vertex -77.097 99.6797 -3
      vertex -77.3093 89.8699 -3
    endloop
  endfacet
  facet normal 0 0 -1
    outer loop
      vertex -83.3987 90.9307 -3
      vertex -78.1353 89.449 -3
      vertex -82.9792 89.8377 -3
    endloop
  endfacet
  facet normal 0 0 -1
    outer loop
      vertex -78.1353 89.449 -3
      vertex -83.3987 90.9307 -3
      vertex -77.7556 89.7249 -3
    endloop
  endfacet
  facet normal 0 0 -1
    outer loop
      vertex -82.9792 89.8377 -3
      vertex -78.1353 89.449 -3
      vertex -78.4111 89.0693 -3
    endloop
  endfacet
  facet normal 0 0 -1
    outer loop
      vertex -82.9792 89.8377 -3
      vertex -78.4111 89.0693 -3
      vertex -78.5562 88.623 -3
    endloop
  endfacet
  facet normal 0 0 -1
    outer loop
      vertex -84.0363 91.9125 -3
      vertex -77.7556 89.7249 -3
      vertex -83.3987 90.9307 -3
    endloop
  endfacet
  facet normal 0 0 -1
    outer loop
      vertex -76.3937 -87.0518 -3
      vertex -16.1317 -16.4635 -3
      vertex -76.014 -87.3277 -3
    endloop
  endfacet
  facet normal -0 0 -1
    outer loop
      vertex -16.1317 -16.4635 -3
      vertex -76.3937 -87.0518 -3
      vertex -16.4635 -16.1317 -3
    endloop
  endfacet
  facet normal 0 0 -1
    outer loop
      vertex -87.0518 -76.3937 -3
      vertex -16.4635 -16.1317 -3
      vertex -76.3937 -87.0518 -3
    endloop
  endfacet
  facet normal 0 0 -1
    outer loop
      vertex -87.3277 -76.014 -3
      vertex -16.4635 -16.1317 -3
      vertex -87.0518 -76.3937 -3
    endloop
  endfacet
  facet normal 0 0 -1
    outer loop
      vertex -87.0518 -76.3937 -3
      vertex -76.3937 -87.0518 -3
      vertex -76.84 -86.9068 -3
    endloop
  endfacet
  facet normal 0 0 -1
    outer loop
      vertex -86.9068 -76.84 -3
      vertex -76.84 -86.9068 -3
      vertex -77.3093 -86.9068 -3
    endloop
  endfacet
  facet normal 0 0 -1
    outer loop
      vertex -83.6918 -85.3384 -3
      vertex -77.3093 -86.9068 -3
      vertex -77.7556 -87.0518 -3
    endloop
  endfacet
  facet normal 0 0 -1
    outer loop
      vertex -83.6918 -85.3384 -3
      vertex -77.7556 -87.0518 -3
      vertex -78.1353 -87.3277 -3
    endloop
  endfacet
  facet normal 0 0 -1
    outer loop
      vertex -83.1603 -86.3815 -3
      vertex -78.1353 -87.3277 -3
      vertex -78.4111 -87.7074 -3
    endloop
  endfacet
  facet normal 0 0 -1
    outer loop
      vertex -78.4111 -89.0693 -3
      vertex -82.796 -88.6814 -3
      vertex -78.5562 -88.623 -3
    endloop
  endfacet
  facet normal -0 0 -1
    outer loop
      vertex -78.5562 -88.623 -3
      vertex -82.796 -88.6814 -3
      vertex -78.5562 -88.1537 -3
    endloop
  endfacet
  facet normal 0 0 -1
    outer loop
      vertex -82.8573 -87.5123 -3
      vertex -78.5562 -88.1537 -3
      vertex -82.796 -88.6814 -3
    endloop
  endfacet
  facet normal 0 0 -1
    outer loop
      vertex -78.5562 -88.1537 -3
      vertex -82.8573 -87.5123 -3
      vertex -78.4111 -87.7074 -3
    endloop
  endfacet
  facet normal 0 0 -1
    outer loop
      vertex -83.1603 -86.3815 -3
      vertex -78.4111 -87.7074 -3
      vertex -82.8573 -87.5123 -3
    endloop
  endfacet
  facet normal 0 0 -1
    outer loop
      vertex -78.1353 -87.3277 -3
      vertex -83.1603 -86.3815 -3
      vertex -83.6918 -85.3384 -3
    endloop
  endfacet
  facet normal 0 0 -1
    outer loop
      vertex -77.3093 -86.9068 -3
      vertex -83.6918 -85.3384 -3
      vertex -84.4286 -84.4286 -3
    endloop
  endfacet
  facet normal 0 0 -1
    outer loop
      vertex -77.3093 -86.9068 -3
      vertex -84.4286 -84.4286 -3
      vertex -86.9068 -77.3093 -3
    endloop
  endfacet
  facet normal 0 0 -1
    outer loop
      vertex -86.9068 -77.3093 -3
      vertex -84.4286 -84.4286 -3
      vertex -85.3384 -83.6918 -3
    endloop
  endfacet
  facet normal 0 0 -1
    outer loop
      vertex -87.0518 -77.7556 -3
      vertex -85.3384 -83.6918 -3
      vertex -86.3815 -83.1603 -3
    endloop
  endfacet
  facet normal 0 0 -1
    outer loop
      vertex -77.3093 -86.9068 -3
      vertex -86.9068 -77.3093 -3
      vertex -86.9068 -76.84 -3
    endloop
  endfacet
  facet normal 0 0 -1
    outer loop
      vertex -76.84 -86.9068 -3
      vertex -86.9068 -76.84 -3
      vertex -87.0518 -76.3937 -3
    endloop
  endfacet
  facet normal -0 0 -1
    outer loop
      vertex -16.4635 -16.1317 -3
      vertex -87.3277 -76.014 -3
      vertex -16.6766 -15.7135 -3
    endloop
  endfacet
  facet normal 0 0 -1
    outer loop
      vertex -87.7074 -75.7381 -3
      vertex -16.6766 -15.7135 -3
      vertex -87.3277 -76.014 -3
    endloop
  endfacet
  facet normal -0 0 -1
    outer loop
      vertex -16.6766 -15.7135 -3
      vertex -87.7074 -75.7381 -3
      vertex -25.4558 0 -3
    endloop
  endfacet
  facet normal 0 0 -1
    outer loop
      vertex -88.1537 -75.5931 -3
      vertex -25.4558 0 -3
      vertex -87.7074 -75.7381 -3
    endloop
  endfacet
  facet normal 0 0 -1
    outer loop
      vertex -88.623 -75.5931 -3
      vertex -25.4558 0 -3
      vertex -88.1537 -75.5931 -3
    endloop
  endfacet
  facet normal 0 0 -1
    outer loop
      vertex -101.116 -75.6604 -3
      vertex -88.623 -75.5931 -3
      vertex -89.0693 -75.7381 -3
    endloop
  endfacet
  facet normal 0 0 -1
    outer loop
      vertex -101.116 -75.6604 -3
      vertex -89.0693 -75.7381 -3
      vertex -89.449 -76.014 -3
    endloop
  endfacet
  facet normal 0 0 -1
    outer loop
      vertex -89.7249 -77.7556 -3
      vertex -99.6797 -77.097 -3
      vertex -89.8699 -77.3093 -3
    endloop
  endfacet
  facet normal 0 0 -1
    outer loop
      vertex -99.6797 -77.097 -3
      vertex -91.9125 -84.0363 -3
      vertex -92.7404 -84.8642 -3
    endloop
  endfacet
  facet normal 0 0 -1
    outer loop
      vertex -89.8699 -77.3093 -3
      vertex -99.6797 -77.097 -3
      vertex -89.8699 -76.84 -3
    endloop
  endfacet
  facet normal 0 0 -1
    outer loop
      vertex -99.0211 -87.0518 -3
      vertex -92.7404 -84.8642 -3
      vertex -93.378 -85.846 -3
    endloop
  endfacet
  facet normal 0 0 -1
    outer loop
      vertex -98.3655 -89.0693 -3
      vertex -93.6164 -90.3952 -3
      vertex -93.0849 -91.4383 -3
    endloop
  endfacet
  facet normal 0 0 -1
    outer loop
      vertex -98.3655 -89.0693 -3
      vertex -93.9194 -89.2644 -3
      vertex -93.6164 -90.3952 -3
    endloop
  endfacet
  facet normal 0 0 -1
    outer loop
      vertex -93.9194 -89.2644 -3
      vertex -98.2205 -88.623 -3
      vertex -93.9807 -88.0953 -3
    endloop
  endfacet
  facet normal 0 0 -1
    outer loop
      vertex -98.2205 -88.1537 -3
      vertex -93.9807 -88.0953 -3
      vertex -98.2205 -88.623 -3
    endloop
  endfacet
  facet normal 0 0 -1
    outer loop
      vertex -98.3655 -87.7074 -3
      vertex -93.9807 -88.0953 -3
      vertex -98.2205 -88.1537 -3
    endloop
  endfacet
  facet normal 0 0 -1
    outer loop
      vertex -93.9807 -88.0953 -3
      vertex -98.3655 -87.7074 -3
      vertex -93.7975 -86.939 -3
    endloop
  endfacet
  facet normal 0 0 -1
    outer loop
      vertex -98.6414 -87.3277 -3
      vertex -93.7975 -86.939 -3
      vertex -98.3655 -87.7074 -3
    endloop
  endfacet
  facet normal -0 0 -1
    outer loop
      vertex -93.7975 -86.939 -3
      vertex -98.6414 -87.3277 -3
      vertex -93.378 -85.846 -3
    endloop
  endfacet
  facet normal 0 0 -1
    outer loop
      vertex -99.0211 -87.0518 -3
      vertex -93.378 -85.846 -3
      vertex -98.6414 -87.3277 -3
    endloop
  endfacet
  facet normal -0 0 -1
    outer loop
      vertex -89.8699 -76.84 -3
      vertex -99.6797 -77.097 -3
      vertex -89.7249 -76.3937 -3
    endloop
  endfacet
  facet normal -0 0 -1
    outer loop
      vertex -92.7404 -84.8642 -3
      vertex -99.0211 -87.0518 -3
      vertex -99.6797 -77.097 -3
    endloop
  endfacet
  facet normal -0 0 -1
    outer loop
      vertex -89.7249 -76.3937 -3
      vertex -99.6797 -77.097 -3
      vertex -89.449 -76.014 -3
    endloop
  endfacet
  facet normal 0 0 -1
    outer loop
      vertex -99.6797 -77.097 -3
      vertex -99.0211 -87.0518 -3
      vertex -99.4674 -86.9068 -3
    endloop
  endfacet
  facet normal 0 0 -1
    outer loop
      vertex -101.116 -75.6604 -3
      vertex -89.449 -76.014 -3
      vertex -99.6797 -77.097 -3
    endloop
  endfacet
  facet normal -0 0 -1
    outer loop
      vertex -88.623 -75.5931 -3
      vertex -101.116 -75.6604 -3
      vertex -25.4558 0 -3
    endloop
  endfacet
  facet normal 0 0 -1
    outer loop
      vertex 16.4635 -14.3683 -3
      vertex 25.4558 0 -3
      vertex 16.6766 -14.7865 -3
    endloop
  endfacet
  facet normal 0 0 -1
    outer loop
      vertex 25.4558 0 -3
      vertex 16.6766 14.7865 -3
      vertex 16.75 15.25 -3
    endloop
  endfacet
  facet normal 0 0 -1
    outer loop
      vertex 16.1317 -14.0365 -3
      vertex 25.4558 0 -3
      vertex 16.4635 -14.3683 -3
    endloop
  endfacet
  facet normal 0 0 -1
    outer loop
      vertex 25.4558 0 -3
      vertex 16.4635 14.3683 -3
      vertex 16.6766 14.7865 -3
    endloop
  endfacet
  facet normal 0 0 -1
    outer loop
      vertex 25.4558 0 -3
      vertex 16.1317 -14.0365 -3
      vertex 13.5 -10 -3
    endloop
  endfacet
  facet normal 0 0 -1
    outer loop
      vertex 13.5 10 -3
      vertex 25.4558 0 -3
      vertex 13.5 -10 -3
    endloop
  endfacet
  facet normal 0 0 -1
    outer loop
      vertex 13.5 -10 -3
      vertex 16.1317 -14.0365 -3
      vertex 15.7135 -13.8234 -3
    endloop
  endfacet
  facet normal 0 -0 -1
    outer loop
      vertex 16.1317 14.0365 -3
      vertex 25.4558 0 -3
      vertex 13.5 10 -3
    endloop
  endfacet
  facet normal 0 0 -1
    outer loop
      vertex 13.5 -10 -3
      vertex 15.7135 -13.8234 -3
      vertex 15.25 -13.75 -3
    endloop
  endfacet
  facet normal 0 0 -1
    outer loop
      vertex 25.4558 0 -3
      vertex 16.1317 14.0365 -3
      vertex 16.4635 14.3683 -3
    endloop
  endfacet
  facet normal 0 0 -1
    outer loop
      vertex 13.5 -10 -3
      vertex 15.25 -13.75 -3
      vertex 14.7865 -13.8234 -3
    endloop
  endfacet
  facet normal 0 0 -1
    outer loop
      vertex 16.1317 14.0365 -3
      vertex 13.5 10 -3
      vertex 15.7135 13.8234 -3
    endloop
  endfacet
  facet normal 0 0 -1
    outer loop
      vertex 13.5 -10 -3
      vertex 14.7865 -13.8234 -3
      vertex 14.3683 -14.0365 -3
    endloop
  endfacet
  facet normal 0 0 -1
    outer loop
      vertex 15.7135 13.8234 -3
      vertex 13.5 10 -3
      vertex 15.25 13.75 -3
    endloop
  endfacet
  facet normal 0 0 -1
    outer loop
      vertex 13.5 -10 -3
      vertex 14.3683 -14.0365 -3
      vertex 14.0365 -14.3683 -3
    endloop
  endfacet
  facet normal -0 0 -1
    outer loop
      vertex 15.25 13.75 -3
      vertex 13.5 10 -3
      vertex 14.7865 13.8234 -3
    endloop
  endfacet
  facet normal 0 0 -1
    outer loop
      vertex 10.5 -10 -3
      vertex 14.0365 -14.3683 -3
      vertex 13.8234 -14.7865 -3
    endloop
  endfacet
  facet normal -0 0 -1
    outer loop
      vertex 14.7865 13.8234 -3
      vertex 13.5 10 -3
      vertex 14.3683 14.0365 -3
    endloop
  endfacet
  facet normal 0 0 -1
    outer loop
      vertex 10.5 -10 -3
      vertex 13.8234 -14.7865 -3
      vertex 13.75 -15.25 -3
    endloop
  endfacet
  facet normal -0 0 -1
    outer loop
      vertex 14.3683 14.0365 -3
      vertex 13.5 10 -3
      vertex 14.0365 14.3683 -3
    endloop
  endfacet
  facet normal 0 0 -1
    outer loop
      vertex 78.5562 -88.1537 -3
      vertex 82.796 -88.6814 -3
      vertex 78.5562 -88.623 -3
    endloop
  endfacet
  facet normal 0 -0 -1
    outer loop
      vertex 78.5562 -88.623 -3
      vertex 82.796 -88.6814 -3
      vertex 78.4111 -89.0693 -3
    endloop
  endfacet
  facet normal 0 -0 -1
    outer loop
      vertex 78.1353 -89.449 -3
      vertex 83.3987 -90.9307 -3
      vertex 77.7556 -89.7249 -3
    endloop
  endfacet
  facet normal 0 0 -1
    outer loop
      vertex 83.3987 -90.9307 -3
      vertex 78.1353 -89.449 -3
      vertex 82.9792 -89.8377 -3
    endloop
  endfacet
  facet normal 0 -0 -1
    outer loop
      vertex 78.4111 -89.0693 -3
      vertex 82.9792 -89.8377 -3
      vertex 78.1353 -89.449 -3
    endloop
  endfacet
  facet normal 0 0 -1
    outer loop
      vertex 77.7556 -89.7249 -3
      vertex 77.097 -99.6797 -3
      vertex 77.3093 -89.8699 -3
    endloop
  endfacet
  facet normal 0 0 -1
    outer loop
      vertex 77.097 -99.6797 -3
      vertex 76.84 -89.8699 -3
      vertex 77.3093 -89.8699 -3
    endloop
  endfacet
  facet normal 0 0 -1
    outer loop
      vertex 77.097 -99.6797 -3
      vertex 76.3937 -89.7249 -3
      vertex 76.84 -89.8699 -3
    endloop
  endfacet
  facet normal 0 0 -1
    outer loop
      vertex 77.097 -99.6797 -3
      vertex 76.014 -89.449 -3
      vertex 76.3937 -89.7249 -3
    endloop
  endfacet
  facet normal 0 0 -1
    outer loop
      vertex 75.6604 -101.116 -3
      vertex 76.014 -89.449 -3
      vertex 77.097 -99.6797 -3
    endloop
  endfacet
  facet normal -0 0 -1
    outer loop
      vertex 76.014 -89.449 -3
      vertex 75.6604 -101.116 -3
      vertex 75.7381 -89.0693 -3
    endloop
  endfacet
  facet normal 0 0 -1
    outer loop
      vertex 75.6604 -101.116 -3
      vertex 75.5931 -88.623 -3
      vertex 75.7381 -89.0693 -3
    endloop
  endfacet
  facet normal 0 0 -1
    outer loop
      vertex 0 -25.4558 -3
      vertex 75.5931 -88.1537 -3
      vertex 75.5931 -88.623 -3
    endloop
  endfacet
  facet normal 0 0 -1
    outer loop
      vertex 0 -25.4558 -3
      vertex 75.5931 -88.623 -3
      vertex 75.6604 -101.116 -3
    endloop
  endfacet
  facet normal 0 0 -1
    outer loop
      vertex 87.7074 -75.7381 -3
      vertex 16.6766 -15.7135 -3
      vertex 25.4558 0 -3
    endloop
  endfacet
  facet normal 0 0 -1
    outer loop
      vertex 25.4558 0 -3
      vertex 16.6766 -15.7135 -3
      vertex 16.75 -15.25 -3
    endloop
  endfacet
  facet normal 0 0 -1
    outer loop
      vertex 87.3277 -76.014 -3
      vertex 16.4635 -16.1317 -3
      vertex 16.6766 -15.7135 -3
    endloop
  endfacet
  facet normal 0 0 -1
    outer loop
      vertex 76.3937 -87.0518 -3
      vertex 16.1317 -16.4635 -3
      vertex 16.4635 -16.1317 -3
    endloop
  endfacet
  facet normal 0 0 -1
    outer loop
      vertex 76.014 -87.3277 -3
      vertex 15.7135 -16.6766 -3
      vertex 16.1317 -16.4635 -3
    endloop
  endfacet
  facet normal 0 0 -1
    outer loop
      vertex 75.7381 -87.7074 -3
      vertex 0 -25.4558 -3
      vertex 15.7135 -16.6766 -3
    endloop
  endfacet
  facet normal 0 0 -1
    outer loop
      vertex 15.7135 -16.6766 -3
      vertex 0 -25.4558 -3
      vertex 15.25 -16.75 -3
    endloop
  endfacet
  facet normal -0 0 -1
    outer loop
      vertex 15.25 -16.75 -3
      vertex 0 -25.4558 -3
      vertex 14.7865 -16.6766 -3
    endloop
  endfacet
  facet normal -0 0 -1
    outer loop
      vertex 14.7865 -16.6766 -3
      vertex 0 -25.4558 -3
      vertex 14.3683 -16.4635 -3
    endloop
  endfacet
  facet normal 0 0 -1
    outer loop
      vertex 10.5 10 -3
      vertex 14.0365 14.3683 -3
      vertex 13.5 10 -3
    endloop
  endfacet
  facet normal 0 0 -1
    outer loop
      vertex 14.0365 -14.3683 -3
      vertex 10.5 -10 -3
      vertex 13.5 -10 -3
    endloop
  endfacet
  facet normal 0 0 -1
    outer loop
      vertex 13.8234 -15.7135 -3
      vertex 10.5 -10 -3
      vertex 13.75 -15.25 -3
    endloop
  endfacet
  facet normal 0 0 -1
    outer loop
      vertex 0 -25.4558 -3
      vertex 13.8234 -15.7135 -3
      vertex 14.0365 -16.1317 -3
    endloop
  endfacet
  facet normal 0 0 -1
    outer loop
      vertex -10.5 -10 -3
      vertex 10.5 -10 -3
      vertex 0 -25.4558 -3
    endloop
  endfacet
  facet normal -0 0 -1
    outer loop
      vertex 13.8234 -15.7135 -3
      vertex 0 -25.4558 -3
      vertex 10.5 -10 -3
    endloop
  endfacet
  facet normal -0 0 -1
    outer loop
      vertex 14.3683 -16.4635 -3
      vertex 0 -25.4558 -3
      vertex 14.0365 -16.1317 -3
    endloop
  endfacet
  facet normal 0 0 -1
    outer loop
      vertex 96.533 102.16 -3
      vertex 89.7249 99.0211 -3
      vertex 89.8699 99.4674 -3
    endloop
  endfacet
  facet normal 0 0 -1
    outer loop
      vertex 90.3952 93.6164 -3
      vertex 89.449 98.6414 -3
      vertex 89.7249 99.0211 -3
    endloop
  endfacet
  facet normal 0 0 -1
    outer loop
      vertex 89.0693 98.3655 -3
      vertex 90.3952 93.6164 -3
      vertex 89.2644 93.9194 -3
    endloop
  endfacet
  facet normal 0 0 -1
    outer loop
      vertex 90.3952 93.6164 -3
      vertex 89.0693 98.3655 -3
      vertex 89.449 98.6414 -3
    endloop
  endfacet
  facet normal 0 0 -1
    outer loop
      vertex 89.2644 93.9194 -3
      vertex 88.623 98.2205 -3
      vertex 89.0693 98.3655 -3
    endloop
  endfacet
  facet normal 0 0 -1
    outer loop
      vertex 88.0953 93.9807 -3
      vertex 88.623 98.2205 -3
      vertex 89.2644 93.9194 -3
    endloop
  endfacet
  facet normal -0 0 -1
    outer loop
      vertex 88.623 98.2205 -3
      vertex 88.0953 93.9807 -3
      vertex 88.1537 98.2205 -3
    endloop
  endfacet
  facet normal 0 0 -1
    outer loop
      vertex 88.0953 93.9807 -3
      vertex 87.7074 98.3655 -3
      vertex 88.1537 98.2205 -3
    endloop
  endfacet
  facet normal 0 0 -1
    outer loop
      vertex 86.939 93.7975 -3
      vertex 87.7074 98.3655 -3
      vertex 88.0953 93.9807 -3
    endloop
  endfacet
  facet normal -0 0 -1
    outer loop
      vertex 87.7074 98.3655 -3
      vertex 86.939 93.7975 -3
      vertex 87.3277 98.6414 -3
    endloop
  endfacet
  facet normal 0 0 -1
    outer loop
      vertex 85.846 93.378 -3
      vertex 87.3277 98.6414 -3
      vertex 86.939 93.7975 -3
    endloop
  endfacet
  facet normal -0 0 -1
    outer loop
      vertex 87.3277 98.6414 -3
      vertex 85.846 93.378 -3
      vertex 87.0518 99.0211 -3
    endloop
  endfacet
  facet normal 0 0 -1
    outer loop
      vertex 81.1245 102.644 -3
      vertex 86.9068 99.9367 -3
      vertex 86.9068 99.4674 -3
    endloop
  endfacet
  facet normal 0 0 -1
    outer loop
      vertex 84.8642 92.7404 -3
      vertex 87.0518 99.0211 -3
      vertex 85.846 93.378 -3
    endloop
  endfacet
  facet normal 0 0 -1
    outer loop
      vertex 79.395 101.622 -3
      vertex 87.0518 99.0211 -3
      vertex 84.8642 92.7404 -3
    endloop
  endfacet
  facet normal 0 0 -1
    outer loop
      vertex 86.9068 99.9367 -3
      vertex 84.8981 104.003 -3
      vertex 86.8826 104.317 -3
    endloop
  endfacet
  facet normal 0 0 -1
    outer loop
      vertex 87.0518 99.0211 -3
      vertex 79.395 101.622 -3
      vertex 86.9068 99.4674 -3
    endloop
  endfacet
  facet normal 0 0 -1
    outer loop
      vertex 77.097 99.6797 -3
      vertex 84.8642 92.7404 -3
      vertex 84.0363 91.9125 -3
    endloop
  endfacet
  facet normal 0 0 -1
    outer loop
      vertex 77.7556 89.7249 -3
      vertex 84.0363 91.9125 -3
      vertex 83.3987 90.9307 -3
    endloop
  endfacet
  facet normal 0 0 -1
    outer loop
      vertex 78.1353 89.449 -3
      vertex 83.3987 90.9307 -3
      vertex 82.9792 89.8377 -3
    endloop
  endfacet
  facet normal 0 0 -1
    outer loop
      vertex 86.9068 99.9367 -3
      vertex 82.9685 103.442 -3
      vertex 84.8981 104.003 -3
    endloop
  endfacet
  facet normal 0 0 -1
    outer loop
      vertex 78.4111 89.0693 -3
      vertex 82.9792 89.8377 -3
      vertex 82.796 88.6814 -3
    endloop
  endfacet
  facet normal 0 0 -1
    outer loop
      vertex 86.9068 99.9367 -3
      vertex 81.1245 102.644 -3
      vertex 82.9685 103.442 -3
    endloop
  endfacet
  facet normal 0 0 -1
    outer loop
      vertex 101.622 79.395 -3
      vertex 99.0211 87.0518 -3
      vertex 99.4674 86.9068 -3
    endloop
  endfacet
  facet normal 0 0 -1
    outer loop
      vertex 100.39 77.8074 -3
      vertex 92.7404 84.8642 -3
      vertex 99.0211 87.0518 -3
    endloop
  endfacet
  facet normal 0 -0 -1
    outer loop
      vertex 93.378 85.846 -3
      vertex 99.0211 87.0518 -3
      vertex 92.7404 84.8642 -3
    endloop
  endfacet
  facet normal -0 0 -1
    outer loop
      vertex 99.0211 87.0518 -3
      vertex 93.378 85.846 -3
      vertex 98.6414 87.3277 -3
    endloop
  endfacet
  facet normal 0 0 -1
    outer loop
      vertex 93.9807 88.0953 -3
      vertex 98.2205 88.623 -3
      vertex 98.2205 88.1537 -3
    endloop
  endfacet
  facet normal 0 0 -1
    outer loop
      vertex 98.2205 88.623 -3
      vertex 93.0849 91.4383 -3
      vertex 98.1949 101.031 -3
    endloop
  endfacet
  facet normal 0 0 -1
    outer loop
      vertex 92.3481 92.3481 -3
      vertex 98.1949 101.031 -3
      vertex 93.0849 91.4383 -3
    endloop
  endfacet
  facet normal -0 0 -1
    outer loop
      vertex 98.6414 87.3277 -3
      vertex 93.7975 86.939 -3
      vertex 98.3655 87.7074 -3
    endloop
  endfacet
  facet normal -0 0 -1
    outer loop
      vertex 98.2205 88.623 -3
      vertex 93.9807 88.0953 -3
      vertex 93.9194 89.2644 -3
    endloop
  endfacet
  facet normal 0 0 -1
    outer loop
      vertex 98.3655 87.7074 -3
      vertex 93.9807 88.0953 -3
      vertex 98.2205 88.1537 -3
    endloop
  endfacet
  facet normal 0 -0 -1
    outer loop
      vertex 93.9807 88.0953 -3
      vertex 98.3655 87.7074 -3
      vertex 93.7975 86.939 -3
    endloop
  endfacet
  facet normal 0 -0 -1
    outer loop
      vertex 93.7975 86.939 -3
      vertex 98.6414 87.3277 -3
      vertex 93.378 85.846 -3
    endloop
  endfacet
  facet normal 0 0 -1
    outer loop
      vertex 99.6797 77.097 -3
      vertex 91.9125 84.0363 -3
      vertex 92.7404 84.8642 -3
    endloop
  endfacet
  facet normal 0 0 -1
    outer loop
      vertex 89.449 76.014 -3
      vertex 99.6797 77.097 -3
      vertex 101.116 75.6604 -3
    endloop
  endfacet
  facet normal 0 0 -1
    outer loop
      vertex 89.7249 77.7556 -3
      vertex 99.6797 77.097 -3
      vertex 89.8699 77.3093 -3
    endloop
  endfacet
  facet normal -0 0 -1
    outer loop
      vertex 99.6797 77.097 -3
      vertex 89.8699 76.84 -3
      vertex 89.8699 77.3093 -3
    endloop
  endfacet
  facet normal 0 0 -1
    outer loop
      vertex 99.6797 77.097 -3
      vertex 89.7249 76.3937 -3
      vertex 89.8699 76.84 -3
    endloop
  endfacet
  facet normal 0 0 -1
    outer loop
      vertex 99.6797 77.097 -3
      vertex 89.449 76.014 -3
      vertex 89.7249 76.3937 -3
    endloop
  endfacet
  facet normal 0 0 -1
    outer loop
      vertex 101.116 75.6604 -3
      vertex 89.0693 75.7381 -3
      vertex 89.449 76.014 -3
    endloop
  endfacet
  facet normal -0 0 -1
    outer loop
      vertex 101.116 75.6604 -3
      vertex 88.623 75.5931 -3
      vertex 89.0693 75.7381 -3
    endloop
  endfacet
  facet normal 0 0 -1
    outer loop
      vertex 77.3093 86.9068 -3
      vertex 86.9068 77.3093 -3
      vertex 86.9068 76.84 -3
    endloop
  endfacet
  facet normal 0 0 -1
    outer loop
      vertex 86.9068 77.3093 -3
      vertex 85.3384 83.6918 -3
      vertex 86.3815 83.1603 -3
    endloop
  endfacet
  facet normal 0 0 -1
    outer loop
      vertex 86.9068 77.3093 -3
      vertex 84.4286 84.4286 -3
      vertex 85.3384 83.6918 -3
    endloop
  endfacet
  facet normal 0 0 -1
    outer loop
      vertex 76.84 86.9068 -3
      vertex 86.9068 76.84 -3
      vertex 87.0518 76.3937 -3
    endloop
  endfacet
  facet normal 0 0 -1
    outer loop
      vertex 86.9068 77.3093 -3
      vertex 77.3093 86.9068 -3
      vertex 84.4286 84.4286 -3
    endloop
  endfacet
  facet normal 0 0 -1
    outer loop
      vertex 84.4286 84.4286 -3
      vertex 77.3093 86.9068 -3
      vertex 83.6918 85.3384 -3
    endloop
  endfacet
  facet normal 0 0 -1
    outer loop
      vertex 78.5562 88.1537 -3
      vertex 82.796 88.6814 -3
      vertex 82.8573 87.5123 -3
    endloop
  endfacet
  facet normal 0 0 -1
    outer loop
      vertex 86.9068 99.4674 -3
      vertex 79.395 101.622 -3
      vertex 81.1245 102.644 -3
    endloop
  endfacet
  facet normal 0 0 -1
    outer loop
      vertex 82.796 88.6814 -3
      vertex 78.5562 88.1537 -3
      vertex 78.5562 88.623 -3
    endloop
  endfacet
  facet normal 0 0 -1
    outer loop
      vertex 78.4111 87.7074 -3
      vertex 82.8573 87.5123 -3
      vertex 83.1603 86.3815 -3
    endloop
  endfacet
  facet normal 0 -0 -1
    outer loop
      vertex 77.7556 87.0518 -3
      vertex 83.6918 85.3384 -3
      vertex 77.3093 86.9068 -3
    endloop
  endfacet
  facet normal 0 0 -1
    outer loop
      vertex 82.8573 87.5123 -3
      vertex 78.4111 87.7074 -3
      vertex 78.5562 88.1537 -3
    endloop
  endfacet
  facet normal 0 0 -1
    outer loop
      vertex 16.4635 16.1317 -3
      vertex 87.0518 76.3937 -3
      vertex 87.3277 76.014 -3
    endloop
  endfacet
  facet normal 0 0 -1
    outer loop
      vertex 83.1603 86.3815 -3
      vertex 78.1353 87.3277 -3
      vertex 78.4111 87.7074 -3
    endloop
  endfacet
  facet normal 0 0 -1
    outer loop
      vertex 83.1603 86.3815 -3
      vertex 77.7556 87.0518 -3
      vertex 78.1353 87.3277 -3
    endloop
  endfacet
  facet normal 0 0 -1
    outer loop
      vertex 83.6918 85.3384 -3
      vertex 77.7556 87.0518 -3
      vertex 83.1603 86.3815 -3
    endloop
  endfacet
  facet normal 0 0 -1
    outer loop
      vertex 86.9068 76.84 -3
      vertex 76.84 86.9068 -3
      vertex 77.3093 86.9068 -3
    endloop
  endfacet
  facet normal 0 0 -1
    outer loop
      vertex 87.0518 76.3937 -3
      vertex 76.3937 87.0518 -3
      vertex 76.84 86.9068 -3
    endloop
  endfacet
  facet normal -0 0 -1
    outer loop
      vertex 87.0518 76.3937 -3
      vertex 16.4635 16.1317 -3
      vertex 76.3937 87.0518 -3
    endloop
  endfacet
  facet normal -0 0 -1
    outer loop
      vertex 76.3937 87.0518 -3
      vertex 16.1317 16.4635 -3
      vertex 76.014 87.3277 -3
    endloop
  endfacet
  facet normal 0 0 -1
    outer loop
      vertex 16.1317 16.4635 -3
      vertex 76.3937 87.0518 -3
      vertex 16.4635 16.1317 -3
    endloop
  endfacet
  facet normal 0 0 -1
    outer loop
      vertex 16.4635 16.1317 -3
      vertex 87.3277 76.014 -3
      vertex 16.6766 15.7135 -3
    endloop
  endfacet
  facet normal -0 0 -1
    outer loop
      vertex 87.7074 75.7381 -3
      vertex 16.6766 15.7135 -3
      vertex 87.3277 76.014 -3
    endloop
  endfacet
  facet normal 0 0 -1
    outer loop
      vertex 16.6766 15.7135 -3
      vertex 87.7074 75.7381 -3
      vertex 25.4558 0 -3
    endloop
  endfacet
  facet normal -0 0 -1
    outer loop
      vertex 88.1537 75.5931 -3
      vertex 25.4558 0 -3
      vertex 87.7074 75.7381 -3
    endloop
  endfacet
  facet normal -0 0 -1
    outer loop
      vertex 88.623 75.5931 -3
      vertex 25.4558 0 -3
      vertex 88.1537 75.5931 -3
    endloop
  endfacet
  facet normal 0 0 -1
    outer loop
      vertex 25.4558 0 -3
      vertex 88.623 75.5931 -3
      vertex 101.116 75.6604 -3
    endloop
  endfacet
  facet normal 0 0 -1
    outer loop
      vertex 104.317 86.8826 -3
      vertex 101.039 87.7074 -3
      vertex 101.184 88.1537 -3
    endloop
  endfacet
  facet normal 0 0 -1
    outer loop
      vertex 102.644 81.1245 -3
      vertex 100.763 87.3277 -3
      vertex 101.039 87.7074 -3
    endloop
  endfacet
  facet normal 0 0 -1
    outer loop
      vertex 99.0211 87.0518 -3
      vertex 101.622 79.395 -3
      vertex 100.39 77.8074 -3
    endloop
  endfacet
  facet normal 0 0 -1
    outer loop
      vertex 102.644 81.1245 -3
      vertex 100.383 87.0518 -3
      vertex 100.763 87.3277 -3
    endloop
  endfacet
  facet normal 0 0 -1
    outer loop
      vertex 102.644 81.1245 -3
      vertex 99.9367 86.9068 -3
      vertex 100.383 87.0518 -3
    endloop
  endfacet
  facet normal 0 0 -1
    outer loop
      vertex 92.7404 84.8642 -3
      vertex 100.39 77.8074 -3
      vertex 99.6797 77.097 -3
    endloop
  endfacet
  facet normal 0 0 -1
    outer loop
      vertex 102.644 81.1245 -3
      vertex 99.4674 86.9068 -3
      vertex 99.9367 86.9068 -3
    endloop
  endfacet
  facet normal 0 0 -1
    outer loop
      vertex 101.184 88.1537 -3
      vertex 104.38 88.8909 -3
      vertex 104.317 86.8826 -3
    endloop
  endfacet
  facet normal 0 0 -1
    outer loop
      vertex 101.039 87.7074 -3
      vertex 104.317 86.8826 -3
      vertex 104.003 84.8981 -3
    endloop
  endfacet
  facet normal 0 0 -1
    outer loop
      vertex 104.38 88.8909 -3
      vertex 101.184 88.1537 -3
      vertex 101.184 88.623 -3
    endloop
  endfacet
  facet normal 0 0 -1
    outer loop
      vertex 101.039 87.7074 -3
      vertex 104.003 84.8981 -3
      vertex 103.442 82.9685 -3
    endloop
  endfacet
  facet normal 0 0 -1
    outer loop
      vertex 101.039 89.0693 -3
      vertex 104.38 88.8909 -3
      vertex 101.184 88.623 -3
    endloop
  endfacet
  facet normal 0 0 -1
    outer loop
      vertex 101.039 87.7074 -3
      vertex 103.442 82.9685 -3
      vertex 102.644 81.1245 -3
    endloop
  endfacet
  facet normal 0 0 -1
    outer loop
      vertex 104.38 88.8909 -3
      vertex 101.039 89.0693 -3
      vertex 104.191 90.8913 -3
    endloop
  endfacet
  facet normal 0 0 -1
    outer loop
      vertex 99.4674 86.9068 -3
      vertex 102.644 81.1245 -3
      vertex 101.622 79.395 -3
    endloop
  endfacet
  facet normal 0 0 -1
    outer loop
      vertex 100.763 89.449 -3
      vertex 104.191 90.8913 -3
      vertex 101.039 89.0693 -3
    endloop
  endfacet
  facet normal -0 0 -1
    outer loop
      vertex 104.191 90.8913 -3
      vertex 100.763 89.449 -3
      vertex 103.753 92.8522 -3
    endloop
  endfacet
  facet normal 0 0 -1
    outer loop
      vertex 100.383 89.7249 -3
      vertex 103.753 92.8522 -3
      vertex 100.763 89.449 -3
    endloop
  endfacet
  facet normal 0 0 -1
    outer loop
      vertex 99.9367 89.8699 -3
      vertex 103.753 92.8522 -3
      vertex 100.383 89.7249 -3
    endloop
  endfacet
  facet normal -0 0 -1
    outer loop
      vertex 103.753 92.8522 -3
      vertex 99.9367 89.8699 -3
      vertex 103.072 94.7427 -3
    endloop
  endfacet
  facet normal 0 0 -1
    outer loop
      vertex 99.4674 89.8699 -3
      vertex 103.072 94.7427 -3
      vertex 99.9367 89.8699 -3
    endloop
  endfacet
  facet normal -0 0 -1
    outer loop
      vertex 103.072 94.7427 -3
      vertex 99.4674 89.8699 -3
      vertex 102.16 96.533 -3
    endloop
  endfacet
  facet normal 0 0 -1
    outer loop
      vertex 99.0211 89.7249 -3
      vertex 102.16 96.533 -3
      vertex 99.4674 89.8699 -3
    endloop
  endfacet
  facet normal -0 0 -1
    outer loop
      vertex 102.16 96.533 -3
      vertex 99.0211 89.7249 -3
      vertex 101.031 98.1949 -3
    endloop
  endfacet
  facet normal -0 0 -1
    outer loop
      vertex 101.031 98.1949 -3
      vertex 99.0211 89.7249 -3
      vertex 99.7021 99.7021 -3
    endloop
  endfacet
  facet normal 0 0 -1
    outer loop
      vertex 98.6414 89.449 -3
      vertex 99.7021 99.7021 -3
      vertex 99.0211 89.7249 -3
    endloop
  endfacet
  facet normal 0 0 -1
    outer loop
      vertex 98.1949 101.031 -3
      vertex 98.6414 89.449 -3
      vertex 98.3655 89.0693 -3
    endloop
  endfacet
  facet normal 0 0 -1
    outer loop
      vertex 98.1949 101.031 -3
      vertex 98.3655 89.0693 -3
      vertex 98.2205 88.623 -3
    endloop
  endfacet
  facet normal 0 0 -1
    outer loop
      vertex 98.6414 89.449 -3
      vertex 98.1949 101.031 -3
      vertex 99.7021 99.7021 -3
    endloop
  endfacet
  facet normal 0 0 -1
    outer loop
      vertex 98.2205 88.623 -3
      vertex 93.9194 89.2644 -3
      vertex 93.6164 90.3952 -3
    endloop
  endfacet
  facet normal 0 0 -1
    outer loop
      vertex 98.2205 88.623 -3
      vertex 93.6164 90.3952 -3
      vertex 93.0849 91.4383 -3
    endloop
  endfacet
  facet normal 0 0 -1
    outer loop
      vertex 91.4383 93.0849 -3
      vertex 98.1949 101.031 -3
      vertex 92.3481 92.3481 -3
    endloop
  endfacet
  facet normal 0 0 -1
    outer loop
      vertex 89.7249 99.0211 -3
      vertex 98.1949 101.031 -3
      vertex 91.4383 93.0849 -3
    endloop
  endfacet
  facet normal 0 0 -1
    outer loop
      vertex 89.7249 99.0211 -3
      vertex 96.533 102.16 -3
      vertex 98.1949 101.031 -3
    endloop
  endfacet
  facet normal -0 0 -1
    outer loop
      vertex 96.533 102.16 -3
      vertex 89.8699 99.4674 -3
      vertex 94.7427 103.072 -3
    endloop
  endfacet
  facet normal 0 0 -1
    outer loop
      vertex 89.8699 99.9367 -3
      vertex 94.7427 103.072 -3
      vertex 89.8699 99.4674 -3
    endloop
  endfacet
  facet normal 0 0 -1
    outer loop
      vertex 89.7249 99.0211 -3
      vertex 91.4383 93.0849 -3
      vertex 90.3952 93.6164 -3
    endloop
  endfacet
  facet normal -0 0 -1
    outer loop
      vertex 94.7427 103.072 -3
      vertex 89.8699 99.9367 -3
      vertex 92.8522 103.753 -3
    endloop
  endfacet
  facet normal 0 0 -1
    outer loop
      vertex 89.7249 100.383 -3
      vertex 92.8522 103.753 -3
      vertex 89.8699 99.9367 -3
    endloop
  endfacet
  facet normal 0 0 -1
    outer loop
      vertex 89.449 100.763 -3
      vertex 92.8522 103.753 -3
      vertex 89.7249 100.383 -3
    endloop
  endfacet
  facet normal -0 0 -1
    outer loop
      vertex 92.8522 103.753 -3
      vertex 89.449 100.763 -3
      vertex 90.8913 104.191 -3
    endloop
  endfacet
  facet normal 0 0 -1
    outer loop
      vertex 89.0693 101.039 -3
      vertex 90.8913 104.191 -3
      vertex 89.449 100.763 -3
    endloop
  endfacet
  facet normal 0 0 -1
    outer loop
      vertex 89.0693 101.039 -3
      vertex 88.8909 104.38 -3
      vertex 90.8913 104.191 -3
    endloop
  endfacet
  facet normal 0 0 -1
    outer loop
      vertex 88.623 101.184 -3
      vertex 88.8909 104.38 -3
      vertex 89.0693 101.039 -3
    endloop
  endfacet
  facet normal 0 0 -1
    outer loop
      vertex 88.1537 101.184 -3
      vertex 88.8909 104.38 -3
      vertex 88.623 101.184 -3
    endloop
  endfacet
  facet normal 0 0 -1
    outer loop
      vertex 86.8826 104.317 -3
      vertex 88.1537 101.184 -3
      vertex 87.7074 101.039 -3
    endloop
  endfacet
  facet normal 0 0 -1
    outer loop
      vertex 86.8826 104.317 -3
      vertex 87.7074 101.039 -3
      vertex 87.3277 100.763 -3
    endloop
  endfacet
  facet normal 0 0 -1
    outer loop
      vertex 86.8826 104.317 -3
      vertex 87.3277 100.763 -3
      vertex 87.0518 100.383 -3
    endloop
  endfacet
  facet normal 0 0 -1
    outer loop
      vertex 88.1537 101.184 -3
      vertex 86.8826 104.317 -3
      vertex 88.8909 104.38 -3
    endloop
  endfacet
  facet normal 0 0 -1
    outer loop
      vertex 86.8826 104.317 -3
      vertex 87.0518 100.383 -3
      vertex 86.9068 99.9367 -3
    endloop
  endfacet
  facet normal 0 0 -1
    outer loop
      vertex 99.6797 77.097 -3
      vertex 89.7249 77.7556 -3
      vertex 91.9125 84.0363 -3
    endloop
  endfacet
  facet normal 0 0 -1
    outer loop
      vertex 91.9125 84.0363 -3
      vertex 89.7249 77.7556 -3
      vertex 90.9307 83.3987 -3
    endloop
  endfacet
  facet normal 0 0 -1
    outer loop
      vertex 89.449 78.1353 -3
      vertex 90.9307 83.3987 -3
      vertex 89.7249 77.7556 -3
    endloop
  endfacet
  facet normal 0 0 -1
    outer loop
      vertex 90.9307 83.3987 -3
      vertex 89.449 78.1353 -3
      vertex 89.8377 82.9792 -3
    endloop
  endfacet
  facet normal 0 0 -1
    outer loop
      vertex 89.0693 78.4111 -3
      vertex 89.8377 82.9792 -3
      vertex 89.449 78.1353 -3
    endloop
  endfacet
  facet normal 0 0 -1
    outer loop
      vertex 89.0693 78.4111 -3
      vertex 88.6814 82.796 -3
      vertex 89.8377 82.9792 -3
    endloop
  endfacet
  facet normal 0 0 -1
    outer loop
      vertex 88.623 78.5562 -3
      vertex 88.6814 82.796 -3
      vertex 89.0693 78.4111 -3
    endloop
  endfacet
  facet normal 0 0 -1
    outer loop
      vertex 88.1537 78.5562 -3
      vertex 88.6814 82.796 -3
      vertex 88.623 78.5562 -3
    endloop
  endfacet
  facet normal 0 0 -1
    outer loop
      vertex 87.5123 82.8573 -3
      vertex 88.1537 78.5562 -3
      vertex 87.7074 78.4111 -3
    endloop
  endfacet
  facet normal 0 0 -1
    outer loop
      vertex 88.1537 78.5562 -3
      vertex 87.5123 82.8573 -3
      vertex 88.6814 82.796 -3
    endloop
  endfacet
  facet normal 0 0 -1
    outer loop
      vertex 86.3815 83.1603 -3
      vertex 87.7074 78.4111 -3
      vertex 87.3277 78.1353 -3
    endloop
  endfacet
  facet normal 0 0 -1
    outer loop
      vertex 86.3815 83.1603 -3
      vertex 87.3277 78.1353 -3
      vertex 87.0518 77.7556 -3
    endloop
  endfacet
  facet normal 0 0 -1
    outer loop
      vertex 86.3815 83.1603 -3
      vertex 87.0518 77.7556 -3
      vertex 86.9068 77.3093 -3
    endloop
  endfacet
  facet normal 0 0 -1
    outer loop
      vertex 87.7074 78.4111 -3
      vertex 86.3815 83.1603 -3
      vertex 87.5123 82.8573 -3
    endloop
  endfacet
  facet normal -0 0 -1
    outer loop
      vertex 82.796 88.6814 -3
      vertex 78.5562 88.623 -3
      vertex 78.4111 89.0693 -3
    endloop
  endfacet
  facet normal 0 0 -1
    outer loop
      vertex 82.9792 89.8377 -3
      vertex 78.4111 89.0693 -3
      vertex 78.1353 89.449 -3
    endloop
  endfacet
  facet normal 0 0 -1
    outer loop
      vertex 83.3987 90.9307 -3
      vertex 78.1353 89.449 -3
      vertex 77.7556 89.7249 -3
    endloop
  endfacet
  facet normal 0 0 -1
    outer loop
      vertex 84.8642 92.7404 -3
      vertex 77.8074 100.39 -3
      vertex 79.395 101.622 -3
    endloop
  endfacet
  facet normal -0 0 -1
    outer loop
      vertex 84.0363 91.9125 -3
      vertex 77.7556 89.7249 -3
      vertex 77.097 99.6797 -3
    endloop
  endfacet
  facet normal 0 0 -1
    outer loop
      vertex 77.097 99.6797 -3
      vertex 77.7556 89.7249 -3
      vertex 77.3093 89.8699 -3
    endloop
  endfacet
  facet normal 0 0 -1
    outer loop
      vertex 84.8642 92.7404 -3
      vertex 77.097 99.6797 -3
      vertex 77.8074 100.39 -3
    endloop
  endfacet
  facet normal 0 0 -1
    outer loop
      vertex 76.84 89.8699 -3
      vertex 77.097 99.6797 -3
      vertex 77.3093 89.8699 -3
    endloop
  endfacet
  facet normal 0 0 -1
    outer loop
      vertex 76.3937 89.7249 -3
      vertex 77.097 99.6797 -3
      vertex 76.84 89.8699 -3
    endloop
  endfacet
  facet normal 0 0 -1
    outer loop
      vertex 76.014 89.449 -3
      vertex 77.097 99.6797 -3
      vertex 76.3937 89.7249 -3
    endloop
  endfacet
  facet normal 0 0 -1
    outer loop
      vertex 75.6604 101.116 -3
      vertex 76.014 89.449 -3
      vertex 75.7381 89.0693 -3
    endloop
  endfacet
  facet normal 0 0 -1
    outer loop
      vertex 76.014 89.449 -3
      vertex 75.6604 101.116 -3
      vertex 77.097 99.6797 -3
    endloop
  endfacet
  facet normal 0 0 -1
    outer loop
      vertex 75.5931 88.623 -3
      vertex 75.6604 101.116 -3
      vertex 75.7381 89.0693 -3
    endloop
  endfacet
  facet normal 0 0 -1
    outer loop
      vertex 15.7135 16.6766 -3
      vertex 76.014 87.3277 -3
      vertex 16.1317 16.4635 -3
    endloop
  endfacet
  facet normal 0 0 -1
    outer loop
      vertex 16.6766 -14.7865 -3
      vertex 25.4558 0 -3
      vertex 16.75 -15.25 -3
    endloop
  endfacet
  facet normal 0 0 -1
    outer loop
      vertex 16.6766 15.7135 -3
      vertex 25.4558 0 -3
      vertex 16.75 15.25 -3
    endloop
  endfacet
  facet normal -0 0 -1
    outer loop
      vertex 76.014 87.3277 -3
      vertex 15.7135 16.6766 -3
      vertex 75.7381 87.7074 -3
    endloop
  endfacet
  facet normal 0 0 -1
    outer loop
      vertex 0 25.4558 -3
      vertex 75.7381 87.7074 -3
      vertex 15.7135 16.6766 -3
    endloop
  endfacet
  facet normal -0 0 -1
    outer loop
      vertex 75.7381 87.7074 -3
      vertex 0 25.4558 -3
      vertex 75.5931 88.1537 -3
    endloop
  endfacet
  facet normal -0 0 -1
    outer loop
      vertex 75.5931 88.1537 -3
      vertex 0 25.4558 -3
      vertex 75.5931 88.623 -3
    endloop
  endfacet
  facet normal 0 0 -1
    outer loop
      vertex 0 25.4558 -3
      vertex 15.7135 16.6766 -3
      vertex 15.25 16.75 -3
    endloop
  endfacet
  facet normal 0 0 -1
    outer loop
      vertex 0 25.4558 -3
      vertex 15.25 16.75 -3
      vertex 14.7865 16.6766 -3
    endloop
  endfacet
  facet normal 0 0 -1
    outer loop
      vertex 0 25.4558 -3
      vertex 14.7865 16.6766 -3
      vertex 14.3683 16.4635 -3
    endloop
  endfacet
  facet normal 0 0 -1
    outer loop
      vertex 0 25.4558 -3
      vertex 14.3683 16.4635 -3
      vertex 14.0365 16.1317 -3
    endloop
  endfacet
  facet normal -0 0 -1
    outer loop
      vertex 14.0365 14.3683 -3
      vertex 10.5 10 -3
      vertex 13.8234 14.7865 -3
    endloop
  endfacet
  facet normal -0 0 -1
    outer loop
      vertex 13.8234 14.7865 -3
      vertex 10.5 10 -3
      vertex 13.75 15.25 -3
    endloop
  endfacet
  facet normal 0 0 -1
    outer loop
      vertex 10.5 10 -3
      vertex 13.8234 15.7135 -3
      vertex 13.75 15.25 -3
    endloop
  endfacet
  facet normal 0 0 -1
    outer loop
      vertex 0 25.4558 -3
      vertex 13.8234 15.7135 -3
      vertex 10.5 10 -3
    endloop
  endfacet
  facet normal -0 0 -1
    outer loop
      vertex 75.5931 88.623 -3
      vertex 0 25.4558 -3
      vertex 75.6604 101.116 -3
    endloop
  endfacet
  facet normal 0 0 -1
    outer loop
      vertex 13.8234 15.7135 -3
      vertex 0 25.4558 -3
      vertex 14.0365 16.1317 -3
    endloop
  endfacet
  facet normal 0 0 -1
    outer loop
      vertex 10.5 -10 -3
      vertex -10.5 -10 -3
      vertex 10.5 10 -3
    endloop
  endfacet
  facet normal 0 0 -1
    outer loop
      vertex -10.5 10 -3
      vertex 10.5 10 -3
      vertex -10.5 -10 -3
    endloop
  endfacet
  facet normal 0 0 -1
    outer loop
      vertex -13.8234 -15.7135 -3
      vertex -10.5 -10 -3
      vertex 0 -25.4558 -3
    endloop
  endfacet
  facet normal 0 0 -1
    outer loop
      vertex -14.0365 -14.3683 -3
      vertex -10.5 -10 -3
      vertex -13.8234 -14.7865 -3
    endloop
  endfacet
  facet normal 0 0 -1
    outer loop
      vertex -13.8234 -14.7865 -3
      vertex -10.5 -10 -3
      vertex -13.75 -15.25 -3
    endloop
  endfacet
  facet normal 0 0 -1
    outer loop
      vertex -10.5 -10 -3
      vertex -13.8234 -15.7135 -3
      vertex -13.75 -15.25 -3
    endloop
  endfacet
  facet normal 0 0 -1
    outer loop
      vertex 0 -25.4558 -3
      vertex -14.0365 -16.1317 -3
      vertex -13.8234 -15.7135 -3
    endloop
  endfacet
  facet normal 0 0 -1
    outer loop
      vertex 0 -25.4558 -3
      vertex -14.3683 -16.4635 -3
      vertex -14.0365 -16.1317 -3
    endloop
  endfacet
  facet normal 0 0 -1
    outer loop
      vertex 0 -25.4558 -3
      vertex -14.7865 -16.6766 -3
      vertex -14.3683 -16.4635 -3
    endloop
  endfacet
  facet normal 0 0 -1
    outer loop
      vertex 0 -25.4558 -3
      vertex -15.25 -16.75 -3
      vertex -14.7865 -16.6766 -3
    endloop
  endfacet
  facet normal 0 0 -1
    outer loop
      vertex 0 -25.4558 -3
      vertex -15.7135 -16.6766 -3
      vertex -15.25 -16.75 -3
    endloop
  endfacet
  facet normal 0 0 -1
    outer loop
      vertex -75.5931 -88.1537 -3
      vertex 0 -25.4558 -3
      vertex -75.5931 -88.623 -3
    endloop
  endfacet
  facet normal -0 0 -1
    outer loop
      vertex -16.6766 14.7865 -3
      vertex -25.4558 0 -3
      vertex -16.75 15.25 -3
    endloop
  endfacet
  facet normal 0 0 -1
    outer loop
      vertex -16.6766 -15.7135 -3
      vertex -25.4558 0 -3
      vertex -16.75 -15.25 -3
    endloop
  endfacet
  facet normal 0 0 -1
    outer loop
      vertex -76.014 -87.3277 -3
      vertex -15.7135 -16.6766 -3
      vertex -75.7381 -87.7074 -3
    endloop
  endfacet
  facet normal -0 0 -1
    outer loop
      vertex -15.7135 -16.6766 -3
      vertex -76.014 -87.3277 -3
      vertex -16.1317 -16.4635 -3
    endloop
  endfacet
  facet normal -0 0 -1
    outer loop
      vertex 0 -25.4558 -3
      vertex -75.7381 -87.7074 -3
      vertex -15.7135 -16.6766 -3
    endloop
  endfacet
  facet normal 0 0 -1
    outer loop
      vertex -75.7381 -87.7074 -3
      vertex 0 -25.4558 -3
      vertex -75.5931 -88.1537 -3
    endloop
  endfacet
  facet normal 0 0 -1
    outer loop
      vertex -75.6604 -101.116 -3
      vertex -75.5931 -88.623 -3
      vertex 0 -25.4558 -3
    endloop
  endfacet
  facet normal 0 0 -1
    outer loop
      vertex -75.6604 -101.116 -3
      vertex -75.7381 -89.0693 -3
      vertex -75.5931 -88.623 -3
    endloop
  endfacet
  facet normal 0 0 -1
    outer loop
      vertex -75.6604 -101.116 -3
      vertex -76.014 -89.449 -3
      vertex -75.7381 -89.0693 -3
    endloop
  endfacet
  facet normal 0 0 -1
    outer loop
      vertex -77.097 -99.6797 -3
      vertex -76.014 -89.449 -3
      vertex -75.6604 -101.116 -3
    endloop
  endfacet
  facet normal 0 0 -1
    outer loop
      vertex -76.014 -89.449 -3
      vertex -77.097 -99.6797 -3
      vertex -76.3937 -89.7249 -3
    endloop
  endfacet
  facet normal 0 0 -1
    outer loop
      vertex -76.3937 -89.7249 -3
      vertex -77.097 -99.6797 -3
      vertex -76.84 -89.8699 -3
    endloop
  endfacet
  facet normal 0 0 -1
    outer loop
      vertex -77.097 -99.6797 -3
      vertex -77.3093 -89.8699 -3
      vertex -76.84 -89.8699 -3
    endloop
  endfacet
  facet normal 0 0 -1
    outer loop
      vertex -77.097 -99.6797 -3
      vertex -77.7556 -89.7249 -3
      vertex -77.3093 -89.8699 -3
    endloop
  endfacet
  facet normal 0 0 -1
    outer loop
      vertex -82.796 -88.6814 -3
      vertex -77.097 -99.6797 -3
      vertex -77.8074 -100.39 -3
    endloop
  endfacet
  facet normal 0 0 -1
    outer loop
      vertex -82.796 -88.6814 -3
      vertex -77.7556 -89.7249 -3
      vertex -77.097 -99.6797 -3
    endloop
  endfacet
  facet normal 0 0 -1
    outer loop
      vertex -82.796 -88.6814 -3
      vertex -77.8074 -100.39 -3
      vertex -79.395 -101.622 -3
    endloop
  endfacet
  facet normal 0 0 -1
    outer loop
      vertex -82.796 -88.6814 -3
      vertex -79.395 -101.622 -3
      vertex -81.1245 -102.644 -3
    endloop
  endfacet
  facet normal 0 0 -1
    outer loop
      vertex -78.1353 -89.449 -3
      vertex -82.796 -88.6814 -3
      vertex -78.4111 -89.0693 -3
    endloop
  endfacet
  facet normal 0 0 -1
    outer loop
      vertex -77.7556 -89.7249 -3
      vertex -82.796 -88.6814 -3
      vertex -78.1353 -89.449 -3
    endloop
  endfacet
  facet normal 0 0 -1
    outer loop
      vertex 89.449 -78.1353 -3
      vertex 90.9307 -83.3987 -3
      vertex 89.8377 -82.9792 -3
    endloop
  endfacet
  facet normal 0 0 -1
    outer loop
      vertex 99.6797 -77.097 -3
      vertex 89.7249 -77.7556 -3
      vertex 89.8699 -77.3093 -3
    endloop
  endfacet
  facet normal 0 0 -1
    outer loop
      vertex 90.9307 -83.3987 -3
      vertex 89.449 -78.1353 -3
      vertex 89.7249 -77.7556 -3
    endloop
  endfacet
  facet normal 0 0 -1
    outer loop
      vertex 89.8377 -82.9792 -3
      vertex 89.0693 -78.4111 -3
      vertex 89.449 -78.1353 -3
    endloop
  endfacet
  facet normal 0 0 -1
    outer loop
      vertex 88.6814 -82.796 -3
      vertex 89.0693 -78.4111 -3
      vertex 89.8377 -82.9792 -3
    endloop
  endfacet
  facet normal 0 0 -1
    outer loop
      vertex 88.6814 -82.796 -3
      vertex 88.623 -78.5562 -3
      vertex 89.0693 -78.4111 -3
    endloop
  endfacet
  facet normal 0 0 -1
    outer loop
      vertex 88.6814 -82.796 -3
      vertex 88.1537 -78.5562 -3
      vertex 88.623 -78.5562 -3
    endloop
  endfacet
  facet normal 0 0 -1
    outer loop
      vertex 87.5123 -82.8573 -3
      vertex 88.1537 -78.5562 -3
      vertex 88.6814 -82.796 -3
    endloop
  endfacet
  facet normal -0 0 -1
    outer loop
      vertex 88.1537 -78.5562 -3
      vertex 87.5123 -82.8573 -3
      vertex 87.7074 -78.4111 -3
    endloop
  endfacet
  facet normal 0 0 -1
    outer loop
      vertex 86.3815 -83.1603 -3
      vertex 87.7074 -78.4111 -3
      vertex 87.5123 -82.8573 -3
    endloop
  endfacet
  facet normal -0 0 -1
    outer loop
      vertex 87.7074 -78.4111 -3
      vertex 86.3815 -83.1603 -3
      vertex 87.3277 -78.1353 -3
    endloop
  endfacet
  facet normal -0 0 -1
    outer loop
      vertex 87.3277 -78.1353 -3
      vertex 86.3815 -83.1603 -3
      vertex 87.0518 -77.7556 -3
    endloop
  endfacet
  facet normal -0 0 -1
    outer loop
      vertex 87.0518 -77.7556 -3
      vertex 85.3384 -83.6918 -3
      vertex 86.9068 -77.3093 -3
    endloop
  endfacet
  facet normal 0 0 -1
    outer loop
      vertex 85.3384 -83.6918 -3
      vertex 87.0518 -77.7556 -3
      vertex 86.3815 -83.1603 -3
    endloop
  endfacet
  facet normal -0 0 -1
    outer loop
      vertex 98.3655 -87.7074 -3
      vertex 93.9807 -88.0953 -3
      vertex 93.7975 -86.939 -3
    endloop
  endfacet
  facet normal 0 -0 -1
    outer loop
      vertex 93.9807 -88.0953 -3
      vertex 98.2205 -88.623 -3
      vertex 93.9194 -89.2644 -3
    endloop
  endfacet
  facet normal -0 0 -1
    outer loop
      vertex 98.3655 -89.0693 -3
      vertex 93.9194 -89.2644 -3
      vertex 98.2205 -88.623 -3
    endloop
  endfacet
  facet normal 0 0 -1
    outer loop
      vertex 89.8699 -99.9367 -3
      vertex 94.7427 -103.072 -3
      vertex 92.8522 -103.753 -3
    endloop
  endfacet
  facet normal 0 0 -1
    outer loop
      vertex 98.1949 -101.031 -3
      vertex 92.3481 -92.3481 -3
      vertex 93.0849 -91.4383 -3
    endloop
  endfacet
  facet normal 0 0 -1
    outer loop
      vertex 96.533 -102.16 -3
      vertex 89.8699 -99.4674 -3
      vertex 89.7249 -99.0211 -3
    endloop
  endfacet
  facet normal 0 0 -1
    outer loop
      vertex 89.449 -100.763 -3
      vertex 92.8522 -103.753 -3
      vertex 90.8913 -104.191 -3
    endloop
  endfacet
  facet normal 0 0 -1
    outer loop
      vertex 98.1949 -101.031 -3
      vertex 91.4383 -93.0849 -3
      vertex 92.3481 -92.3481 -3
    endloop
  endfacet
  facet normal 0 0 -1
    outer loop
      vertex 94.7427 -103.072 -3
      vertex 89.8699 -99.9367 -3
      vertex 89.8699 -99.4674 -3
    endloop
  endfacet
  facet normal 0 0 -1
    outer loop
      vertex 92.8522 -103.753 -3
      vertex 89.7249 -100.383 -3
      vertex 89.8699 -99.9367 -3
    endloop
  endfacet
  facet normal 0 0 -1
    outer loop
      vertex 92.8522 -103.753 -3
      vertex 89.449 -100.763 -3
      vertex 89.7249 -100.383 -3
    endloop
  endfacet
  facet normal 0 0 -1
    outer loop
      vertex 90.8913 -104.191 -3
      vertex 89.0693 -101.039 -3
      vertex 89.449 -100.763 -3
    endloop
  endfacet
  facet normal 0 0 -1
    outer loop
      vertex 88.8909 -104.38 -3
      vertex 89.0693 -101.039 -3
      vertex 90.8913 -104.191 -3
    endloop
  endfacet
  facet normal 0 0 -1
    outer loop
      vertex 88.8909 -104.38 -3
      vertex 88.623 -101.184 -3
      vertex 89.0693 -101.039 -3
    endloop
  endfacet
  facet normal 0 0 -1
    outer loop
      vertex 88.8909 -104.38 -3
      vertex 88.1537 -101.184 -3
      vertex 88.623 -101.184 -3
    endloop
  endfacet
  facet normal 0 0 -1
    outer loop
      vertex 86.8826 -104.317 -3
      vertex 88.1537 -101.184 -3
      vertex 88.8909 -104.38 -3
    endloop
  endfacet
  facet normal -0 0 -1
    outer loop
      vertex 88.1537 -101.184 -3
      vertex 86.8826 -104.317 -3
      vertex 87.7074 -101.039 -3
    endloop
  endfacet
  facet normal -0 0 -1
    outer loop
      vertex 87.7074 -101.039 -3
      vertex 86.8826 -104.317 -3
      vertex 87.3277 -100.763 -3
    endloop
  endfacet
  facet normal 0 0 -1
    outer loop
      vertex 82.9685 -103.442 -3
      vertex 87.0518 -100.383 -3
      vertex 84.8981 -104.003 -3
    endloop
  endfacet
  facet normal -0 0 -1
    outer loop
      vertex 87.3277 -100.763 -3
      vertex 84.8981 -104.003 -3
      vertex 87.0518 -100.383 -3
    endloop
  endfacet
  facet normal 0 0 -1
    outer loop
      vertex 84.8981 -104.003 -3
      vertex 87.3277 -100.763 -3
      vertex 86.8826 -104.317 -3
    endloop
  endfacet
  facet normal 0 0 -1
    outer loop
      vertex 98.1949 -101.031 -3
      vertex 89.7249 -99.0211 -3
      vertex 91.4383 -93.0849 -3
    endloop
  endfacet
  facet normal 0 0 -1
    outer loop
      vertex 91.4383 -93.0849 -3
      vertex 89.7249 -99.0211 -3
      vertex 90.3952 -93.6164 -3
    endloop
  endfacet
  facet normal 0 0 -1
    outer loop
      vertex 89.449 -98.6414 -3
      vertex 90.3952 -93.6164 -3
      vertex 89.7249 -99.0211 -3
    endloop
  endfacet
  facet normal 0 0 -1
    outer loop
      vertex 89.0693 -98.3655 -3
      vertex 90.3952 -93.6164 -3
      vertex 89.449 -98.6414 -3
    endloop
  endfacet
  facet normal 0 0 -1
    outer loop
      vertex 90.3952 -93.6164 -3
      vertex 89.0693 -98.3655 -3
      vertex 89.2644 -93.9194 -3
    endloop
  endfacet
  facet normal 0 0 -1
    outer loop
      vertex 88.623 -98.2205 -3
      vertex 89.2644 -93.9194 -3
      vertex 89.0693 -98.3655 -3
    endloop
  endfacet
  facet normal 0 0 -1
    outer loop
      vertex 88.0953 -93.9807 -3
      vertex 88.623 -98.2205 -3
      vertex 88.1537 -98.2205 -3
    endloop
  endfacet
  facet normal 0 0 -1
    outer loop
      vertex 88.623 -98.2205 -3
      vertex 88.0953 -93.9807 -3
      vertex 89.2644 -93.9194 -3
    endloop
  endfacet
  facet normal 0 0 -1
    outer loop
      vertex 87.7074 -98.3655 -3
      vertex 88.0953 -93.9807 -3
      vertex 88.1537 -98.2205 -3
    endloop
  endfacet
  facet normal 0 0 -1
    outer loop
      vertex 86.939 -93.7975 -3
      vertex 87.7074 -98.3655 -3
      vertex 87.3277 -98.6414 -3
    endloop
  endfacet
  facet normal 0 0 -1
    outer loop
      vertex 85.846 -93.378 -3
      vertex 87.3277 -98.6414 -3
      vertex 87.0518 -99.0211 -3
    endloop
  endfacet
  facet normal 0 0 -1
    outer loop
      vertex 87.7074 -98.3655 -3
      vertex 86.939 -93.7975 -3
      vertex 88.0953 -93.9807 -3
    endloop
  endfacet
  facet normal 0 0 -1
    outer loop
      vertex 79.395 -101.622 -3
      vertex 86.9068 -99.4674 -3
      vertex 81.1245 -102.644 -3
    endloop
  endfacet
  facet normal 0 0 -1
    outer loop
      vertex 87.3277 -98.6414 -3
      vertex 85.846 -93.378 -3
      vertex 86.939 -93.7975 -3
    endloop
  endfacet
  facet normal -0 0 -1
    outer loop
      vertex 87.0518 -100.383 -3
      vertex 82.9685 -103.442 -3
      vertex 86.9068 -99.9367 -3
    endloop
  endfacet
  facet normal 0 0 -1
    outer loop
      vertex 81.1245 -102.644 -3
      vertex 86.9068 -99.9367 -3
      vertex 82.9685 -103.442 -3
    endloop
  endfacet
  facet normal -0 0 -1
    outer loop
      vertex 86.9068 -99.9367 -3
      vertex 81.1245 -102.644 -3
      vertex 86.9068 -99.4674 -3
    endloop
  endfacet
  facet normal -0 0 -1
    outer loop
      vertex 86.9068 -99.4674 -3
      vertex 79.395 -101.622 -3
      vertex 87.0518 -99.0211 -3
    endloop
  endfacet
  facet normal 0 0 -1
    outer loop
      vertex 87.0518 -99.0211 -3
      vertex 84.8642 -92.7404 -3
      vertex 85.846 -93.378 -3
    endloop
  endfacet
  facet normal -0 0 -1
    outer loop
      vertex 87.0518 -99.0211 -3
      vertex 79.395 -101.622 -3
      vertex 84.8642 -92.7404 -3
    endloop
  endfacet
  facet normal 0 0 -1
    outer loop
      vertex 77.8074 -100.39 -3
      vertex 84.8642 -92.7404 -3
      vertex 79.395 -101.622 -3
    endloop
  endfacet
  facet normal 0 0 -1
    outer loop
      vertex 77.097 -99.6797 -3
      vertex 84.8642 -92.7404 -3
      vertex 77.8074 -100.39 -3
    endloop
  endfacet
  facet normal -0 0 -1
    outer loop
      vertex 84.8642 -92.7404 -3
      vertex 77.097 -99.6797 -3
      vertex 84.0363 -91.9125 -3
    endloop
  endfacet
  facet normal 0.707181 0.707033 0
    outer loop
      vertex 101.116 75.6604 3
      vertex 99.6797 77.097 -3
      vertex 99.6797 77.097 3
    endloop
  endfacet
  facet normal 0.707181 0.707033 0
    outer loop
      vertex 99.6797 77.097 -3
      vertex 101.116 75.6604 3
      vertex 101.116 75.6604 -3
    endloop
  endfacet
  facet normal 0.707033 0.707181 0
    outer loop
      vertex 77.097 99.6797 3
      vertex 75.6604 101.116 -3
      vertex 75.6604 101.116 3
    endloop
  endfacet
  facet normal 0.707033 0.707181 0
    outer loop
      vertex 75.6604 101.116 -3
      vertex 77.097 99.6797 3
      vertex 77.097 99.6797 -3
    endloop
  endfacet
  facet normal -0.707106 0.707108 0
    outer loop
      vertex 0 25.4558 -3
      vertex 75.6604 101.116 3
      vertex 75.6604 101.116 -3
    endloop
  endfacet
  facet normal -0.707106 0.707108 0
    outer loop
      vertex 75.6604 101.116 3
      vertex 0 25.4558 -3
      vertex 0 25.4558 3
    endloop
  endfacet
  facet normal 0.707108 -0.707106 0
    outer loop
      vertex 25.4558 0 -3
      vertex 101.116 75.6604 3
      vertex 25.4558 0 3
    endloop
  endfacet
  facet normal 0.707108 -0.707106 0
    outer loop
      vertex 101.116 75.6604 3
      vertex 25.4558 0 -3
      vertex 101.116 75.6604 -3
    endloop
  endfacet
  facet normal 0.338904 0.940821 -0
    outer loop
      vertex 94.7427 103.072 -3
      vertex 92.8522 103.753 3
      vertex 94.7427 103.072 3
    endloop
  endfacet
  facet normal 0.338904 0.940821 0
    outer loop
      vertex 92.8522 103.753 3
      vertex 94.7427 103.072 -3
      vertex 92.8522 103.753 -3
    endloop
  endfacet
  facet normal 0.217995 0.97595 -0
    outer loop
      vertex 92.8522 103.753 -3
      vertex 90.8913 104.191 3
      vertex 92.8522 103.753 3
    endloop
  endfacet
  facet normal 0.217995 0.97595 0
    outer loop
      vertex 90.8913 104.191 3
      vertex 92.8522 103.753 -3
      vertex 90.8913 104.191 -3
    endloop
  endfacet
  facet normal -0.39716 0.917749 0
    outer loop
      vertex 82.9685 103.442 -3
      vertex 81.1245 102.644 3
      vertex 82.9685 103.442 3
    endloop
  endfacet
  facet normal -0.39716 0.917749 0
    outer loop
      vertex 81.1245 102.644 3
      vertex 82.9685 103.442 -3
      vertex 81.1245 102.644 -3
    endloop
  endfacet
  facet normal 0.891047 0.45391 0
    outer loop
      vertex 103.072 94.7427 3
      vertex 102.16 96.533 -3
      vertex 102.16 96.533 3
    endloop
  endfacet
  facet normal 0.891047 0.45391 0
    outer loop
      vertex 102.16 96.533 -3
      vertex 103.072 94.7427 3
      vertex 103.072 94.7427 -3
    endloop
  endfacet
  facet normal 0.917749 -0.39716 0
    outer loop
      vertex 102.644 81.1245 3
      vertex 103.442 82.9685 -3
      vertex 103.442 82.9685 3
    endloop
  endfacet
  facet normal 0.917749 -0.39716 0
    outer loop
      vertex 103.442 82.9685 -3
      vertex 102.644 81.1245 3
      vertex 102.644 81.1245 -3
    endloop
  endfacet
  facet normal -0.0313544 0.999508 0
    outer loop
      vertex 88.8909 104.38 -3
      vertex 86.8826 104.317 3
      vertex 88.8909 104.38 3
    endloop
  endfacet
  facet normal -0.0313544 0.999508 0
    outer loop
      vertex 86.8826 104.317 3
      vertex 88.8909 104.38 -3
      vertex 86.8826 104.317 -3
    endloop
  endfacet
  facet normal -0.613072 0.790027 0
    outer loop
      vertex 79.395 101.622 -3
      vertex 77.8074 100.39 3
      vertex 79.395 101.622 3
    endloop
  endfacet
  facet normal -0.613072 0.790027 0
    outer loop
      vertex 77.8074 100.39 3
      vertex 79.395 101.622 -3
      vertex 77.8074 100.39 -3
    endloop
  endfacet
  facet normal -0.156282 0.987712 0
    outer loop
      vertex 86.8826 104.317 -3
      vertex 84.8981 104.003 3
      vertex 86.8826 104.317 3
    endloop
  endfacet
  facet normal -0.156282 0.987712 0
    outer loop
      vertex 84.8981 104.003 3
      vertex 86.8826 104.317 -3
      vertex 84.8981 104.003 -3
    endloop
  endfacet
  facet normal 0.940821 0.338904 0
    outer loop
      vertex 103.753 92.8522 3
      vertex 103.072 94.7427 -3
      vertex 103.072 94.7427 3
    endloop
  endfacet
  facet normal 0.940821 0.338904 0
    outer loop
      vertex 103.072 94.7427 -3
      vertex 103.753 92.8522 3
      vertex 103.753 92.8522 -3
    endloop
  endfacet
  facet normal 0.860922 -0.508738 0
    outer loop
      vertex 101.622 79.395 3
      vertex 102.644 81.1245 -3
      vertex 102.644 81.1245 3
    endloop
  endfacet
  facet normal 0.860922 -0.508738 0
    outer loop
      vertex 102.644 81.1245 -3
      vertex 101.622 79.395 3
      vertex 101.622 79.395 -3
    endloop
  endfacet
  facet normal 0.45391 0.891047 -0
    outer loop
      vertex 96.533 102.16 -3
      vertex 94.7427 103.072 3
      vertex 96.533 102.16 3
    endloop
  endfacet
  facet normal 0.45391 0.891047 0
    outer loop
      vertex 94.7427 103.072 3
      vertex 96.533 102.16 -3
      vertex 94.7427 103.072 -3
    endloop
  endfacet
  facet normal 0.0940622 0.995566 -0
    outer loop
      vertex 90.8913 104.191 -3
      vertex 88.8909 104.38 3
      vertex 90.8913 104.191 3
    endloop
  endfacet
  facet normal 0.0940622 0.995566 0
    outer loop
      vertex 88.8909 104.38 3
      vertex 90.8913 104.191 -3
      vertex 88.8909 104.38 -3
    endloop
  endfacet
  facet normal -0.707057 0.707157 0
    outer loop
      vertex 77.8074 100.39 -3
      vertex 77.097 99.6797 3
      vertex 77.8074 100.39 3
    endloop
  endfacet
  facet normal -0.707057 0.707157 0
    outer loop
      vertex 77.097 99.6797 3
      vertex 77.8074 100.39 -3
      vertex 77.097 99.6797 -3
    endloop
  endfacet
  facet normal -0.508738 0.860922 0
    outer loop
      vertex 81.1245 102.644 -3
      vertex 79.395 101.622 3
      vertex 81.1245 102.644 3
    endloop
  endfacet
  facet normal -0.508738 0.860922 0
    outer loop
      vertex 79.395 101.622 3
      vertex 81.1245 102.644 -3
      vertex 79.395 101.622 -3
    endloop
  endfacet
  facet normal 0.661347 0.75008 -0
    outer loop
      vertex 99.7021 99.7021 -3
      vertex 98.1949 101.031 3
      vertex 99.7021 99.7021 3
    endloop
  endfacet
  facet normal 0.661347 0.75008 0
    outer loop
      vertex 98.1949 101.031 3
      vertex 99.7021 99.7021 -3
      vertex 98.1949 101.031 -3
    endloop
  endfacet
  facet normal 0.75008 0.661347 0
    outer loop
      vertex 101.031 98.1949 3
      vertex 99.7021 99.7021 -3
      vertex 99.7021 99.7021 3
    endloop
  endfacet
  facet normal 0.75008 0.661347 0
    outer loop
      vertex 99.7021 99.7021 -3
      vertex 101.031 98.1949 3
      vertex 101.031 98.1949 -3
    endloop
  endfacet
  facet normal 0.97595 0.217995 0
    outer loop
      vertex 104.191 90.8913 3
      vertex 103.753 92.8522 -3
      vertex 103.753 92.8522 3
    endloop
  endfacet
  facet normal 0.97595 0.217995 0
    outer loop
      vertex 103.753 92.8522 -3
      vertex 104.191 90.8913 3
      vertex 104.191 90.8913 -3
    endloop
  endfacet
  facet normal 0.790027 -0.613072 0
    outer loop
      vertex 100.39 77.8074 3
      vertex 101.622 79.395 -3
      vertex 101.622 79.395 3
    endloop
  endfacet
  facet normal 0.790027 -0.613072 0
    outer loop
      vertex 101.622 79.395 -3
      vertex 100.39 77.8074 3
      vertex 100.39 77.8074 -3
    endloop
  endfacet
  facet normal 0.561938 0.827179 -0
    outer loop
      vertex 98.1949 101.031 -3
      vertex 96.533 102.16 3
      vertex 98.1949 101.031 3
    endloop
  endfacet
  facet normal 0.561938 0.827179 0
    outer loop
      vertex 96.533 102.16 3
      vertex 98.1949 101.031 -3
      vertex 96.533 102.16 -3
    endloop
  endfacet
  facet normal -0.279174 0.96024 0
    outer loop
      vertex 84.8981 104.003 -3
      vertex 82.9685 103.442 3
      vertex 84.8981 104.003 3
    endloop
  endfacet
  facet normal -0.279174 0.96024 0
    outer loop
      vertex 82.9685 103.442 3
      vertex 84.8981 104.003 -3
      vertex 82.9685 103.442 -3
    endloop
  endfacet
  facet normal 0.827179 0.561938 0
    outer loop
      vertex 102.16 96.533 3
      vertex 101.031 98.1949 -3
      vertex 101.031 98.1949 3
    endloop
  endfacet
  facet normal 0.827179 0.561938 0
    outer loop
      vertex 101.031 98.1949 -3
      vertex 102.16 96.533 3
      vertex 102.16 96.533 -3
    endloop
  endfacet
  facet normal 0.96024 -0.279174 0
    outer loop
      vertex 103.442 82.9685 3
      vertex 104.003 84.8981 -3
      vertex 104.003 84.8981 3
    endloop
  endfacet
  facet normal 0.96024 -0.279174 0
    outer loop
      vertex 104.003 84.8981 -3
      vertex 103.442 82.9685 3
      vertex 103.442 82.9685 -3
    endloop
  endfacet
  facet normal 0.999508 -0.0313544 0
    outer loop
      vertex 104.317 86.8826 3
      vertex 104.38 88.8909 -3
      vertex 104.38 88.8909 3
    endloop
  endfacet
  facet normal 0.999508 -0.0313544 0
    outer loop
      vertex 104.38 88.8909 -3
      vertex 104.317 86.8826 3
      vertex 104.317 86.8826 -3
    endloop
  endfacet
  facet normal 0.995566 0.0940622 0
    outer loop
      vertex 104.38 88.8909 3
      vertex 104.191 90.8913 -3
      vertex 104.191 90.8913 3
    endloop
  endfacet
  facet normal 0.995566 0.0940622 0
    outer loop
      vertex 104.191 90.8913 -3
      vertex 104.38 88.8909 3
      vertex 104.38 88.8909 -3
    endloop
  endfacet
  facet normal 0.707157 -0.707057 0
    outer loop
      vertex 99.6797 77.097 3
      vertex 100.39 77.8074 -3
      vertex 100.39 77.8074 3
    endloop
  endfacet
  facet normal 0.707157 -0.707057 0
    outer loop
      vertex 100.39 77.8074 -3
      vertex 99.6797 77.097 3
      vertex 99.6797 77.097 -3
    endloop
  endfacet
  facet normal 0.987712 -0.156282 0
    outer loop
      vertex 104.003 84.8981 3
      vertex 104.317 86.8826 -3
      vertex 104.317 86.8826 3
    endloop
  endfacet
  facet normal 0.987712 -0.156282 0
    outer loop
      vertex 104.317 86.8826 -3
      vertex 104.003 84.8981 3
      vertex 104.003 84.8981 -3
    endloop
  endfacet
  facet normal -0.707033 0.707181 0
    outer loop
      vertex -77.097 99.6797 -3
      vertex -75.6604 101.116 3
      vertex -75.6604 101.116 -3
    endloop
  endfacet
  facet normal -0.707033 0.707181 0
    outer loop
      vertex -75.6604 101.116 3
      vertex -77.097 99.6797 -3
      vertex -77.097 99.6797 3
    endloop
  endfacet
  facet normal -0.707181 0.707033 0
    outer loop
      vertex -101.116 75.6604 -3
      vertex -99.6797 77.097 3
      vertex -99.6797 77.097 -3
    endloop
  endfacet
  facet normal -0.707181 0.707033 0
    outer loop
      vertex -99.6797 77.097 3
      vertex -101.116 75.6604 -3
      vertex -101.116 75.6604 3
    endloop
  endfacet
  facet normal 0.707106 0.707108 0
    outer loop
      vertex 0 25.4558 3
      vertex -75.6604 101.116 -3
      vertex -75.6604 101.116 3
    endloop
  endfacet
  facet normal 0.707106 0.707108 0
    outer loop
      vertex -75.6604 101.116 -3
      vertex 0 25.4558 3
      vertex 0 25.4558 -3
    endloop
  endfacet
  facet normal -0.707108 -0.707106 0
    outer loop
      vertex -101.116 75.6604 -3
      vertex -25.4558 0 3
      vertex -101.116 75.6604 3
    endloop
  endfacet
  facet normal -0.707108 -0.707106 -0
    outer loop
      vertex -25.4558 0 3
      vertex -101.116 75.6604 -3
      vertex -25.4558 0 -3
    endloop
  endfacet
  facet normal -0.940821 0.338904 0
    outer loop
      vertex -103.753 92.8522 -3
      vertex -103.072 94.7427 3
      vertex -103.072 94.7427 -3
    endloop
  endfacet
  facet normal -0.940821 0.338904 0
    outer loop
      vertex -103.072 94.7427 3
      vertex -103.753 92.8522 -3
      vertex -103.753 92.8522 3
    endloop
  endfacet
  facet normal -0.97595 0.217995 0
    outer loop
      vertex -104.191 90.8913 -3
      vertex -103.753 92.8522 3
      vertex -103.753 92.8522 -3
    endloop
  endfacet
  facet normal -0.97595 0.217995 0
    outer loop
      vertex -103.753 92.8522 3
      vertex -104.191 90.8913 -3
      vertex -104.191 90.8913 3
    endloop
  endfacet
  facet normal -0.860922 -0.508738 0
    outer loop
      vertex -101.622 79.395 -3
      vertex -102.644 81.1245 3
      vertex -102.644 81.1245 -3
    endloop
  endfacet
  facet normal -0.860922 -0.508738 0
    outer loop
      vertex -102.644 81.1245 3
      vertex -101.622 79.395 -3
      vertex -101.622 79.395 3
    endloop
  endfacet
  facet normal -0.790027 -0.613072 0
    outer loop
      vertex -100.39 77.8074 -3
      vertex -101.622 79.395 3
      vertex -101.622 79.395 -3
    endloop
  endfacet
  facet normal -0.790027 -0.613072 0
    outer loop
      vertex -101.622 79.395 3
      vertex -100.39 77.8074 -3
      vertex -100.39 77.8074 3
    endloop
  endfacet
  facet normal -0.987712 -0.156282 0
    outer loop
      vertex -104.003 84.8981 -3
      vertex -104.317 86.8826 3
      vertex -104.317 86.8826 -3
    endloop
  endfacet
  facet normal -0.987712 -0.156282 0
    outer loop
      vertex -104.317 86.8826 3
      vertex -104.003 84.8981 -3
      vertex -104.003 84.8981 3
    endloop
  endfacet
  facet normal -0.338904 0.940821 0
    outer loop
      vertex -92.8522 103.753 -3
      vertex -94.7427 103.072 3
      vertex -92.8522 103.753 3
    endloop
  endfacet
  facet normal -0.338904 0.940821 0
    outer loop
      vertex -94.7427 103.072 3
      vertex -92.8522 103.753 -3
      vertex -94.7427 103.072 -3
    endloop
  endfacet
  facet normal 0.613072 0.790027 -0
    outer loop
      vertex -77.8074 100.39 -3
      vertex -79.395 101.622 3
      vertex -77.8074 100.39 3
    endloop
  endfacet
  facet normal 0.613072 0.790027 0
    outer loop
      vertex -79.395 101.622 3
      vertex -77.8074 100.39 -3
      vertex -79.395 101.622 -3
    endloop
  endfacet
  facet normal -0.891047 0.45391 0
    outer loop
      vertex -103.072 94.7427 -3
      vertex -102.16 96.533 3
      vertex -102.16 96.533 -3
    endloop
  endfacet
  facet normal -0.891047 0.45391 0
    outer loop
      vertex -102.16 96.533 3
      vertex -103.072 94.7427 -3
      vertex -103.072 94.7427 3
    endloop
  endfacet
  facet normal -0.995566 0.0940622 0
    outer loop
      vertex -104.38 88.8909 -3
      vertex -104.191 90.8913 3
      vertex -104.191 90.8913 -3
    endloop
  endfacet
  facet normal -0.995566 0.0940622 0
    outer loop
      vertex -104.191 90.8913 3
      vertex -104.38 88.8909 -3
      vertex -104.38 88.8909 3
    endloop
  endfacet
  facet normal -0.999508 -0.0313544 0
    outer loop
      vertex -104.317 86.8826 -3
      vertex -104.38 88.8909 3
      vertex -104.38 88.8909 -3
    endloop
  endfacet
  facet normal -0.999508 -0.0313544 0
    outer loop
      vertex -104.38 88.8909 3
      vertex -104.317 86.8826 -3
      vertex -104.317 86.8826 3
    endloop
  endfacet
  facet normal -0.707157 -0.707057 0
    outer loop
      vertex -99.6797 77.097 -3
      vertex -100.39 77.8074 3
      vertex -100.39 77.8074 -3
    endloop
  endfacet
  facet normal -0.707157 -0.707057 0
    outer loop
      vertex -100.39 77.8074 3
      vertex -99.6797 77.097 -3
      vertex -99.6797 77.097 3
    endloop
  endfacet
  facet normal -0.96024 -0.279174 0
    outer loop
      vertex -103.442 82.9685 -3
      vertex -104.003 84.8981 3
      vertex -104.003 84.8981 -3
    endloop
  endfacet
  facet normal -0.96024 -0.279174 0
    outer loop
      vertex -104.003 84.8981 3
      vertex -103.442 82.9685 -3
      vertex -103.442 82.9685 3
    endloop
  endfacet
  facet normal -0.75008 0.661347 0
    outer loop
      vertex -101.031 98.1949 -3
      vertex -99.7021 99.7021 3
      vertex -99.7021 99.7021 -3
    endloop
  endfacet
  facet normal -0.75008 0.661347 0
    outer loop
      vertex -99.7021 99.7021 3
      vertex -101.031 98.1949 -3
      vertex -101.031 98.1949 3
    endloop
  endfacet
  facet normal -0.661347 0.75008 0
    outer loop
      vertex -98.1949 101.031 -3
      vertex -99.7021 99.7021 3
      vertex -98.1949 101.031 3
    endloop
  endfacet
  facet normal -0.661347 0.75008 0
    outer loop
      vertex -99.7021 99.7021 3
      vertex -98.1949 101.031 -3
      vertex -99.7021 99.7021 -3
    endloop
  endfacet
  facet normal 0.39716 0.917749 -0
    outer loop
      vertex -81.1245 102.644 -3
      vertex -82.9685 103.442 3
      vertex -81.1245 102.644 3
    endloop
  endfacet
  facet normal 0.39716 0.917749 0
    outer loop
      vertex -82.9685 103.442 3
      vertex -81.1245 102.644 -3
      vertex -82.9685 103.442 -3
    endloop
  endfacet
  facet normal -0.827179 0.561938 0
    outer loop
      vertex -102.16 96.533 -3
      vertex -101.031 98.1949 3
      vertex -101.031 98.1949 -3
    endloop
  endfacet
  facet normal -0.827179 0.561938 0
    outer loop
      vertex -101.031 98.1949 3
      vertex -102.16 96.533 -3
      vertex -102.16 96.533 3
    endloop
  endfacet
  facet normal -0.917749 -0.39716 0
    outer loop
      vertex -102.644 81.1245 -3
      vertex -103.442 82.9685 3
      vertex -103.442 82.9685 -3
    endloop
  endfacet
  facet normal -0.917749 -0.39716 0
    outer loop
      vertex -103.442 82.9685 3
      vertex -102.644 81.1245 -3
      vertex -102.644 81.1245 3
    endloop
  endfacet
  facet normal -0.45391 0.891047 0
    outer loop
      vertex -94.7427 103.072 -3
      vertex -96.533 102.16 3
      vertex -94.7427 103.072 3
    endloop
  endfacet
  facet normal -0.45391 0.891047 0
    outer loop
      vertex -96.533 102.16 3
      vertex -94.7427 103.072 -3
      vertex -96.533 102.16 -3
    endloop
  endfacet
  facet normal -0.561938 0.827179 0
    outer loop
      vertex -96.533 102.16 -3
      vertex -98.1949 101.031 3
      vertex -96.533 102.16 3
    endloop
  endfacet
  facet normal -0.561938 0.827179 0
    outer loop
      vertex -98.1949 101.031 3
      vertex -96.533 102.16 -3
      vertex -98.1949 101.031 -3
    endloop
  endfacet
  facet normal 0.0313544 0.999508 -0
    outer loop
      vertex -86.8826 104.317 -3
      vertex -88.8909 104.38 3
      vertex -86.8826 104.317 3
    endloop
  endfacet
  facet normal 0.0313544 0.999508 0
    outer loop
      vertex -88.8909 104.38 3
      vertex -86.8826 104.317 -3
      vertex -88.8909 104.38 -3
    endloop
  endfacet
  facet normal -0.0940622 0.995566 0
    outer loop
      vertex -88.8909 104.38 -3
      vertex -90.8913 104.191 3
      vertex -88.8909 104.38 3
    endloop
  endfacet
  facet normal -0.0940622 0.995566 0
    outer loop
      vertex -90.8913 104.191 3
      vertex -88.8909 104.38 -3
      vertex -90.8913 104.191 -3
    endloop
  endfacet
  facet normal -0.217995 0.97595 0
    outer loop
      vertex -90.8913 104.191 -3
      vertex -92.8522 103.753 3
      vertex -90.8913 104.191 3
    endloop
  endfacet
  facet normal -0.217995 0.97595 0
    outer loop
      vertex -92.8522 103.753 3
      vertex -90.8913 104.191 -3
      vertex -92.8522 103.753 -3
    endloop
  endfacet
  facet normal 0.707057 0.707157 -0
    outer loop
      vertex -77.097 99.6797 -3
      vertex -77.8074 100.39 3
      vertex -77.097 99.6797 3
    endloop
  endfacet
  facet normal 0.707057 0.707157 0
    outer loop
      vertex -77.8074 100.39 3
      vertex -77.097 99.6797 -3
      vertex -77.8074 100.39 -3
    endloop
  endfacet
  facet normal 0.508738 0.860922 -0
    outer loop
      vertex -79.395 101.622 -3
      vertex -81.1245 102.644 3
      vertex -79.395 101.622 3
    endloop
  endfacet
  facet normal 0.508738 0.860922 0
    outer loop
      vertex -81.1245 102.644 3
      vertex -79.395 101.622 -3
      vertex -81.1245 102.644 -3
    endloop
  endfacet
  facet normal 0.156282 0.987712 -0
    outer loop
      vertex -84.8981 104.003 -3
      vertex -86.8826 104.317 3
      vertex -84.8981 104.003 3
    endloop
  endfacet
  facet normal 0.156282 0.987712 0
    outer loop
      vertex -86.8826 104.317 3
      vertex -84.8981 104.003 -3
      vertex -86.8826 104.317 -3
    endloop
  endfacet
  facet normal 0.279174 0.96024 -0
    outer loop
      vertex -82.9685 103.442 -3
      vertex -84.8981 104.003 3
      vertex -82.9685 103.442 3
    endloop
  endfacet
  facet normal 0.279174 0.96024 0
    outer loop
      vertex -84.8981 104.003 3
      vertex -82.9685 103.442 -3
      vertex -84.8981 104.003 -3
    endloop
  endfacet
  facet normal -0.707181 -0.707033 0
    outer loop
      vertex -99.6797 -77.097 -3
      vertex -101.116 -75.6604 3
      vertex -101.116 -75.6604 -3
    endloop
  endfacet
  facet normal -0.707181 -0.707033 0
    outer loop
      vertex -101.116 -75.6604 3
      vertex -99.6797 -77.097 -3
      vertex -99.6797 -77.097 3
    endloop
  endfacet
  facet normal -0.707033 -0.707181 0
    outer loop
      vertex -75.6604 -101.116 -3
      vertex -77.097 -99.6797 3
      vertex -77.097 -99.6797 -3
    endloop
  endfacet
  facet normal -0.707033 -0.707181 0
    outer loop
      vertex -77.097 -99.6797 3
      vertex -75.6604 -101.116 -3
      vertex -75.6604 -101.116 3
    endloop
  endfacet
  facet normal -0.707108 0.707106 0
    outer loop
      vertex -25.4558 0 -3
      vertex -101.116 -75.6604 3
      vertex -25.4558 0 3
    endloop
  endfacet
  facet normal -0.707108 0.707106 0
    outer loop
      vertex -101.116 -75.6604 3
      vertex -25.4558 0 -3
      vertex -101.116 -75.6604 -3
    endloop
  endfacet
  facet normal 0.707106 -0.707108 0
    outer loop
      vertex -75.6604 -101.116 3
      vertex 0 -25.4558 -3
      vertex 0 -25.4558 3
    endloop
  endfacet
  facet normal 0.707106 -0.707108 0
    outer loop
      vertex 0 -25.4558 -3
      vertex -75.6604 -101.116 3
      vertex -75.6604 -101.116 -3
    endloop
  endfacet
  facet normal -0.217995 -0.97595 0
    outer loop
      vertex -92.8522 -103.753 -3
      vertex -90.8913 -104.191 3
      vertex -92.8522 -103.753 3
    endloop
  endfacet
  facet normal -0.217995 -0.97595 -0
    outer loop
      vertex -90.8913 -104.191 3
      vertex -92.8522 -103.753 -3
      vertex -90.8913 -104.191 -3
    endloop
  endfacet
  facet normal 0.508738 -0.860922 0
    outer loop
      vertex -81.1245 -102.644 -3
      vertex -79.395 -101.622 3
      vertex -81.1245 -102.644 3
    endloop
  endfacet
  facet normal 0.508738 -0.860922 0
    outer loop
      vertex -79.395 -101.622 3
      vertex -81.1245 -102.644 -3
      vertex -79.395 -101.622 -3
    endloop
  endfacet
  facet normal -0.338904 -0.940821 0
    outer loop
      vertex -94.7427 -103.072 -3
      vertex -92.8522 -103.753 3
      vertex -94.7427 -103.072 3
    endloop
  endfacet
  facet normal -0.338904 -0.940821 -0
    outer loop
      vertex -92.8522 -103.753 3
      vertex -94.7427 -103.072 -3
      vertex -92.8522 -103.753 -3
    endloop
  endfacet
  facet normal 0.613072 -0.790027 0
    outer loop
      vertex -79.395 -101.622 -3
      vertex -77.8074 -100.39 3
      vertex -79.395 -101.622 3
    endloop
  endfacet
  facet normal 0.613072 -0.790027 0
    outer loop
      vertex -77.8074 -100.39 3
      vertex -79.395 -101.622 -3
      vertex -77.8074 -100.39 -3
    endloop
  endfacet
  facet normal 0.156282 -0.987712 0
    outer loop
      vertex -86.8826 -104.317 -3
      vertex -84.8981 -104.003 3
      vertex -86.8826 -104.317 3
    endloop
  endfacet
  facet normal 0.156282 -0.987712 0
    outer loop
      vertex -84.8981 -104.003 3
      vertex -86.8826 -104.317 -3
      vertex -84.8981 -104.003 -3
    endloop
  endfacet
  facet normal -0.75008 -0.661347 0
    outer loop
      vertex -99.7021 -99.7021 -3
      vertex -101.031 -98.1949 3
      vertex -101.031 -98.1949 -3
    endloop
  endfacet
  facet normal -0.75008 -0.661347 0
    outer loop
      vertex -101.031 -98.1949 3
      vertex -99.7021 -99.7021 -3
      vertex -99.7021 -99.7021 3
    endloop
  endfacet
  facet normal -0.940821 -0.338904 0
    outer loop
      vertex -103.072 -94.7427 -3
      vertex -103.753 -92.8522 3
      vertex -103.753 -92.8522 -3
    endloop
  endfacet
  facet normal -0.940821 -0.338904 0
    outer loop
      vertex -103.753 -92.8522 3
      vertex -103.072 -94.7427 -3
      vertex -103.072 -94.7427 3
    endloop
  endfacet
  facet normal -0.790027 0.613072 0
    outer loop
      vertex -101.622 -79.395 -3
      vertex -100.39 -77.8074 3
      vertex -100.39 -77.8074 -3
    endloop
  endfacet
  facet normal -0.790027 0.613072 0
    outer loop
      vertex -100.39 -77.8074 3
      vertex -101.622 -79.395 -3
      vertex -101.622 -79.395 3
    endloop
  endfacet
  facet normal -0.561938 -0.827179 0
    outer loop
      vertex -98.1949 -101.031 -3
      vertex -96.533 -102.16 3
      vertex -98.1949 -101.031 3
    endloop
  endfacet
  facet normal -0.561938 -0.827179 -0
    outer loop
      vertex -96.533 -102.16 3
      vertex -98.1949 -101.031 -3
      vertex -96.533 -102.16 -3
    endloop
  endfacet
  facet normal -0.45391 -0.891047 0
    outer loop
      vertex -96.533 -102.16 -3
      vertex -94.7427 -103.072 3
      vertex -96.533 -102.16 3
    endloop
  endfacet
  facet normal -0.45391 -0.891047 -0
    outer loop
      vertex -94.7427 -103.072 3
      vertex -96.533 -102.16 -3
      vertex -94.7427 -103.072 -3
    endloop
  endfacet
  facet normal 0.0313544 -0.999508 0
    outer loop
      vertex -88.8909 -104.38 -3
      vertex -86.8826 -104.317 3
      vertex -88.8909 -104.38 3
    endloop
  endfacet
  facet normal 0.0313544 -0.999508 0
    outer loop
      vertex -86.8826 -104.317 3
      vertex -88.8909 -104.38 -3
      vertex -86.8826 -104.317 -3
    endloop
  endfacet
  facet normal 0.707057 -0.707157 0
    outer loop
      vertex -77.8074 -100.39 -3
      vertex -77.097 -99.6797 3
      vertex -77.8074 -100.39 3
    endloop
  endfacet
  facet normal 0.707057 -0.707157 0
    outer loop
      vertex -77.097 -99.6797 3
      vertex -77.8074 -100.39 -3
      vertex -77.097 -99.6797 -3
    endloop
  endfacet
  facet normal 0.279174 -0.96024 0
    outer loop
      vertex -84.8981 -104.003 -3
      vertex -82.9685 -103.442 3
      vertex -84.8981 -104.003 3
    endloop
  endfacet
  facet normal 0.279174 -0.96024 0
    outer loop
      vertex -82.9685 -103.442 3
      vertex -84.8981 -104.003 -3
      vertex -82.9685 -103.442 -3
    endloop
  endfacet
  facet normal -0.661347 -0.75008 0
    outer loop
      vertex -99.7021 -99.7021 -3
      vertex -98.1949 -101.031 3
      vertex -99.7021 -99.7021 3
    endloop
  endfacet
  facet normal -0.661347 -0.75008 -0
    outer loop
      vertex -98.1949 -101.031 3
      vertex -99.7021 -99.7021 -3
      vertex -98.1949 -101.031 -3
    endloop
  endfacet
  facet normal -0.891047 -0.45391 0
    outer loop
      vertex -102.16 -96.533 -3
      vertex -103.072 -94.7427 3
      vertex -103.072 -94.7427 -3
    endloop
  endfacet
  facet normal -0.891047 -0.45391 0
    outer loop
      vertex -103.072 -94.7427 3
      vertex -102.16 -96.533 -3
      vertex -102.16 -96.533 3
    endloop
  endfacet
  facet normal -0.917749 0.39716 0
    outer loop
      vertex -103.442 -82.9685 -3
      vertex -102.644 -81.1245 3
      vertex -102.644 -81.1245 -3
    endloop
  endfacet
  facet normal -0.917749 0.39716 0
    outer loop
      vertex -102.644 -81.1245 3
      vertex -103.442 -82.9685 -3
      vertex -103.442 -82.9685 3
    endloop
  endfacet
  facet normal -0.0940622 -0.995566 0
    outer loop
      vertex -90.8913 -104.191 -3
      vertex -88.8909 -104.38 3
      vertex -90.8913 -104.191 3
    endloop
  endfacet
  facet normal -0.0940622 -0.995566 -0
    outer loop
      vertex -88.8909 -104.38 3
      vertex -90.8913 -104.191 -3
      vertex -88.8909 -104.38 -3
    endloop
  endfacet
  facet normal 0.39716 -0.917749 0
    outer loop
      vertex -82.9685 -103.442 -3
      vertex -81.1245 -102.644 3
      vertex -82.9685 -103.442 3
    endloop
  endfacet
  facet normal 0.39716 -0.917749 0
    outer loop
      vertex -81.1245 -102.644 3
      vertex -82.9685 -103.442 -3
      vertex -81.1245 -102.644 -3
    endloop
  endfacet
  facet normal -0.827179 -0.561938 0
    outer loop
      vertex -101.031 -98.1949 -3
      vertex -102.16 -96.533 3
      vertex -102.16 -96.533 -3
    endloop
  endfacet
  facet normal -0.827179 -0.561938 0
    outer loop
      vertex -102.16 -96.533 3
      vertex -101.031 -98.1949 -3
      vertex -101.031 -98.1949 3
    endloop
  endfacet
  facet normal -0.999508 0.0313544 0
    outer loop
      vertex -104.38 -88.8909 -3
      vertex -104.317 -86.8826 3
      vertex -104.317 -86.8826 -3
    endloop
  endfacet
  facet normal -0.999508 0.0313544 0
    outer loop
      vertex -104.317 -86.8826 3
      vertex -104.38 -88.8909 -3
      vertex -104.38 -88.8909 3
    endloop
  endfacet
  facet normal -0.995566 -0.0940622 0
    outer loop
      vertex -104.191 -90.8913 -3
      vertex -104.38 -88.8909 3
      vertex -104.38 -88.8909 -3
    endloop
  endfacet
  facet normal -0.995566 -0.0940622 0
    outer loop
      vertex -104.38 -88.8909 3
      vertex -104.191 -90.8913 -3
      vertex -104.191 -90.8913 3
    endloop
  endfacet
  facet normal -0.707157 0.707057 0
    outer loop
      vertex -100.39 -77.8074 -3
      vertex -99.6797 -77.097 3
      vertex -99.6797 -77.097 -3
    endloop
  endfacet
  facet normal -0.707157 0.707057 0
    outer loop
      vertex -99.6797 -77.097 3
      vertex -100.39 -77.8074 -3
      vertex -100.39 -77.8074 3
    endloop
  endfacet
  facet normal -0.860922 0.508738 0
    outer loop
      vertex -102.644 -81.1245 -3
      vertex -101.622 -79.395 3
      vertex -101.622 -79.395 -3
    endloop
  endfacet
  facet normal -0.860922 0.508738 0
    outer loop
      vertex -101.622 -79.395 3
      vertex -102.644 -81.1245 -3
      vertex -102.644 -81.1245 3
    endloop
  endfacet
  facet normal -0.987712 0.156282 0
    outer loop
      vertex -104.317 -86.8826 -3
      vertex -104.003 -84.8981 3
      vertex -104.003 -84.8981 -3
    endloop
  endfacet
  facet normal -0.987712 0.156282 0
    outer loop
      vertex -104.003 -84.8981 3
      vertex -104.317 -86.8826 -3
      vertex -104.317 -86.8826 3
    endloop
  endfacet
  facet normal -0.96024 0.279174 0
    outer loop
      vertex -104.003 -84.8981 -3
      vertex -103.442 -82.9685 3
      vertex -103.442 -82.9685 -3
    endloop
  endfacet
  facet normal -0.96024 0.279174 0
    outer loop
      vertex -103.442 -82.9685 3
      vertex -104.003 -84.8981 -3
      vertex -104.003 -84.8981 3
    endloop
  endfacet
  facet normal -0.97595 -0.217995 0
    outer loop
      vertex -103.753 -92.8522 -3
      vertex -104.191 -90.8913 3
      vertex -104.191 -90.8913 -3
    endloop
  endfacet
  facet normal -0.97595 -0.217995 0
    outer loop
      vertex -104.191 -90.8913 3
      vertex -103.753 -92.8522 -3
      vertex -103.753 -92.8522 3
    endloop
  endfacet
  facet normal 0.707033 -0.707181 0
    outer loop
      vertex 75.6604 -101.116 3
      vertex 77.097 -99.6797 -3
      vertex 77.097 -99.6797 3
    endloop
  endfacet
  facet normal 0.707033 -0.707181 0
    outer loop
      vertex 77.097 -99.6797 -3
      vertex 75.6604 -101.116 3
      vertex 75.6604 -101.116 -3
    endloop
  endfacet
  facet normal 0.707181 -0.707033 0
    outer loop
      vertex 99.6797 -77.097 3
      vertex 101.116 -75.6604 -3
      vertex 101.116 -75.6604 3
    endloop
  endfacet
  facet normal 0.707181 -0.707033 0
    outer loop
      vertex 101.116 -75.6604 -3
      vertex 99.6797 -77.097 3
      vertex 99.6797 -77.097 -3
    endloop
  endfacet
  facet normal 0.707108 0.707106 -0
    outer loop
      vertex 101.116 -75.6604 -3
      vertex 25.4558 0 3
      vertex 101.116 -75.6604 3
    endloop
  endfacet
  facet normal 0.707108 0.707106 0
    outer loop
      vertex 25.4558 0 3
      vertex 101.116 -75.6604 -3
      vertex 25.4558 0 -3
    endloop
  endfacet
  facet normal -0.707106 -0.707108 0
    outer loop
      vertex 75.6604 -101.116 -3
      vertex 0 -25.4558 3
      vertex 0 -25.4558 -3
    endloop
  endfacet
  facet normal -0.707106 -0.707108 0
    outer loop
      vertex 0 -25.4558 3
      vertex 75.6604 -101.116 -3
      vertex 75.6604 -101.116 3
    endloop
  endfacet
  facet normal 0.97595 -0.217995 0
    outer loop
      vertex 103.753 -92.8522 3
      vertex 104.191 -90.8913 -3
      vertex 104.191 -90.8913 3
    endloop
  endfacet
  facet normal 0.97595 -0.217995 0
    outer loop
      vertex 104.191 -90.8913 -3
      vertex 103.753 -92.8522 3
      vertex 103.753 -92.8522 -3
    endloop
  endfacet
  facet normal 0.860922 0.508738 0
    outer loop
      vertex 102.644 -81.1245 3
      vertex 101.622 -79.395 -3
      vertex 101.622 -79.395 3
    endloop
  endfacet
  facet normal 0.860922 0.508738 0
    outer loop
      vertex 101.622 -79.395 -3
      vertex 102.644 -81.1245 3
      vertex 102.644 -81.1245 -3
    endloop
  endfacet
  facet normal 0.917749 0.39716 0
    outer loop
      vertex 103.442 -82.9685 3
      vertex 102.644 -81.1245 -3
      vertex 102.644 -81.1245 3
    endloop
  endfacet
  facet normal 0.917749 0.39716 0
    outer loop
      vertex 102.644 -81.1245 -3
      vertex 103.442 -82.9685 3
      vertex 103.442 -82.9685 -3
    endloop
  endfacet
  facet normal 0.940821 -0.338904 0
    outer loop
      vertex 103.072 -94.7427 3
      vertex 103.753 -92.8522 -3
      vertex 103.753 -92.8522 3
    endloop
  endfacet
  facet normal 0.940821 -0.338904 0
    outer loop
      vertex 103.753 -92.8522 -3
      vertex 103.072 -94.7427 3
      vertex 103.072 -94.7427 -3
    endloop
  endfacet
  facet normal 0.999508 0.0313544 0
    outer loop
      vertex 104.38 -88.8909 3
      vertex 104.317 -86.8826 -3
      vertex 104.317 -86.8826 3
    endloop
  endfacet
  facet normal 0.999508 0.0313544 0
    outer loop
      vertex 104.317 -86.8826 -3
      vertex 104.38 -88.8909 3
      vertex 104.38 -88.8909 -3
    endloop
  endfacet
  facet normal 0.987712 0.156282 0
    outer loop
      vertex 104.317 -86.8826 3
      vertex 104.003 -84.8981 -3
      vertex 104.003 -84.8981 3
    endloop
  endfacet
  facet normal 0.987712 0.156282 0
    outer loop
      vertex 104.003 -84.8981 -3
      vertex 104.317 -86.8826 3
      vertex 104.317 -86.8826 -3
    endloop
  endfacet
  facet normal 0.661347 -0.75008 0
    outer loop
      vertex 98.1949 -101.031 -3
      vertex 99.7021 -99.7021 3
      vertex 98.1949 -101.031 3
    endloop
  endfacet
  facet normal 0.661347 -0.75008 0
    outer loop
      vertex 99.7021 -99.7021 3
      vertex 98.1949 -101.031 -3
      vertex 99.7021 -99.7021 -3
    endloop
  endfacet
  facet normal -0.279174 -0.96024 0
    outer loop
      vertex 82.9685 -103.442 -3
      vertex 84.8981 -104.003 3
      vertex 82.9685 -103.442 3
    endloop
  endfacet
  facet normal -0.279174 -0.96024 -0
    outer loop
      vertex 84.8981 -104.003 3
      vertex 82.9685 -103.442 -3
      vertex 84.8981 -104.003 -3
    endloop
  endfacet
  facet normal 0.338904 -0.940821 0
    outer loop
      vertex 92.8522 -103.753 -3
      vertex 94.7427 -103.072 3
      vertex 92.8522 -103.753 3
    endloop
  endfacet
  facet normal 0.338904 -0.940821 0
    outer loop
      vertex 94.7427 -103.072 3
      vertex 92.8522 -103.753 -3
      vertex 94.7427 -103.072 -3
    endloop
  endfacet
  facet normal 0.827179 -0.561938 0
    outer loop
      vertex 101.031 -98.1949 3
      vertex 102.16 -96.533 -3
      vertex 102.16 -96.533 3
    endloop
  endfacet
  facet normal 0.827179 -0.561938 0
    outer loop
      vertex 102.16 -96.533 -3
      vertex 101.031 -98.1949 3
      vertex 101.031 -98.1949 -3
    endloop
  endfacet
  facet normal 0.891047 -0.45391 0
    outer loop
      vertex 102.16 -96.533 3
      vertex 103.072 -94.7427 -3
      vertex 103.072 -94.7427 3
    endloop
  endfacet
  facet normal 0.891047 -0.45391 0
    outer loop
      vertex 103.072 -94.7427 -3
      vertex 102.16 -96.533 3
      vertex 102.16 -96.533 -3
    endloop
  endfacet
  facet normal 0.707157 0.707057 0
    outer loop
      vertex 100.39 -77.8074 3
      vertex 99.6797 -77.097 -3
      vertex 99.6797 -77.097 3
    endloop
  endfacet
  facet normal 0.707157 0.707057 0
    outer loop
      vertex 99.6797 -77.097 -3
      vertex 100.39 -77.8074 3
      vertex 100.39 -77.8074 -3
    endloop
  endfacet
  facet normal 0.96024 0.279174 0
    outer loop
      vertex 104.003 -84.8981 3
      vertex 103.442 -82.9685 -3
      vertex 103.442 -82.9685 3
    endloop
  endfacet
  facet normal 0.96024 0.279174 0
    outer loop
      vertex 103.442 -82.9685 -3
      vertex 104.003 -84.8981 3
      vertex 104.003 -84.8981 -3
    endloop
  endfacet
  facet normal 0.75008 -0.661347 0
    outer loop
      vertex 99.7021 -99.7021 3
      vertex 101.031 -98.1949 -3
      vertex 101.031 -98.1949 3
    endloop
  endfacet
  facet normal 0.75008 -0.661347 0
    outer loop
      vertex 101.031 -98.1949 -3
      vertex 99.7021 -99.7021 3
      vertex 99.7021 -99.7021 -3
    endloop
  endfacet
  facet normal 0.45391 -0.891047 0
    outer loop
      vertex 94.7427 -103.072 -3
      vertex 96.533 -102.16 3
      vertex 94.7427 -103.072 3
    endloop
  endfacet
  facet normal 0.45391 -0.891047 0
    outer loop
      vertex 96.533 -102.16 3
      vertex 94.7427 -103.072 -3
      vertex 96.533 -102.16 -3
    endloop
  endfacet
  facet normal -0.707057 -0.707157 0
    outer loop
      vertex 77.097 -99.6797 -3
      vertex 77.8074 -100.39 3
      vertex 77.097 -99.6797 3
    endloop
  endfacet
  facet normal -0.707057 -0.707157 -0
    outer loop
      vertex 77.8074 -100.39 3
      vertex 77.097 -99.6797 -3
      vertex 77.8074 -100.39 -3
    endloop
  endfacet
  facet normal -0.613072 -0.790027 0
    outer loop
      vertex 77.8074 -100.39 -3
      vertex 79.395 -101.622 3
      vertex 77.8074 -100.39 3
    endloop
  endfacet
  facet normal -0.613072 -0.790027 -0
    outer loop
      vertex 79.395 -101.622 3
      vertex 77.8074 -100.39 -3
      vertex 79.395 -101.622 -3
    endloop
  endfacet
  facet normal -0.39716 -0.917749 0
    outer loop
      vertex 81.1245 -102.644 -3
      vertex 82.9685 -103.442 3
      vertex 81.1245 -102.644 3
    endloop
  endfacet
  facet normal -0.39716 -0.917749 -0
    outer loop
      vertex 82.9685 -103.442 3
      vertex 81.1245 -102.644 -3
      vertex 82.9685 -103.442 -3
    endloop
  endfacet
  facet normal 0.995566 -0.0940622 0
    outer loop
      vertex 104.191 -90.8913 3
      vertex 104.38 -88.8909 -3
      vertex 104.38 -88.8909 3
    endloop
  endfacet
  facet normal 0.995566 -0.0940622 0
    outer loop
      vertex 104.38 -88.8909 -3
      vertex 104.191 -90.8913 3
      vertex 104.191 -90.8913 -3
    endloop
  endfacet
  facet normal 0.790027 0.613072 0
    outer loop
      vertex 101.622 -79.395 3
      vertex 100.39 -77.8074 -3
      vertex 100.39 -77.8074 3
    endloop
  endfacet
  facet normal 0.790027 0.613072 0
    outer loop
      vertex 100.39 -77.8074 -3
      vertex 101.622 -79.395 3
      vertex 101.622 -79.395 -3
    endloop
  endfacet
  facet normal 0.561938 -0.827179 0
    outer loop
      vertex 96.533 -102.16 -3
      vertex 98.1949 -101.031 3
      vertex 96.533 -102.16 3
    endloop
  endfacet
  facet normal 0.561938 -0.827179 0
    outer loop
      vertex 98.1949 -101.031 3
      vertex 96.533 -102.16 -3
      vertex 98.1949 -101.031 -3
    endloop
  endfacet
  facet normal -0.0313544 -0.999508 0
    outer loop
      vertex 86.8826 -104.317 -3
      vertex 88.8909 -104.38 3
      vertex 86.8826 -104.317 3
    endloop
  endfacet
  facet normal -0.0313544 -0.999508 -0
    outer loop
      vertex 88.8909 -104.38 3
      vertex 86.8826 -104.317 -3
      vertex 88.8909 -104.38 -3
    endloop
  endfacet
  facet normal 0.0940622 -0.995566 0
    outer loop
      vertex 88.8909 -104.38 -3
      vertex 90.8913 -104.191 3
      vertex 88.8909 -104.38 3
    endloop
  endfacet
  facet normal 0.0940622 -0.995566 0
    outer loop
      vertex 90.8913 -104.191 3
      vertex 88.8909 -104.38 -3
      vertex 90.8913 -104.191 -3
    endloop
  endfacet
  facet normal -0.508738 -0.860922 0
    outer loop
      vertex 79.395 -101.622 -3
      vertex 81.1245 -102.644 3
      vertex 79.395 -101.622 3
    endloop
  endfacet
  facet normal -0.508738 -0.860922 -0
    outer loop
      vertex 81.1245 -102.644 3
      vertex 79.395 -101.622 -3
      vertex 81.1245 -102.644 -3
    endloop
  endfacet
  facet normal -0.156282 -0.987712 0
    outer loop
      vertex 84.8981 -104.003 -3
      vertex 86.8826 -104.317 3
      vertex 84.8981 -104.003 3
    endloop
  endfacet
  facet normal -0.156282 -0.987712 -0
    outer loop
      vertex 86.8826 -104.317 3
      vertex 84.8981 -104.003 -3
      vertex 86.8826 -104.317 -3
    endloop
  endfacet
  facet normal 0.217995 -0.97595 0
    outer loop
      vertex 90.8913 -104.191 -3
      vertex 92.8522 -103.753 3
      vertex 90.8913 -104.191 3
    endloop
  endfacet
  facet normal 0.217995 -0.97595 0
    outer loop
      vertex 92.8522 -103.753 3
      vertex 90.8913 -104.191 -3
      vertex 92.8522 -103.753 -3
    endloop
  endfacet
  facet normal -0.629351 -0.777122 0
    outer loop
      vertex 91.4383 93.0849 -3
      vertex 92.3481 92.3481 3
      vertex 91.4383 93.0849 3
    endloop
  endfacet
  facet normal -0.629351 -0.777122 -0
    outer loop
      vertex 92.3481 92.3481 3
      vertex 91.4383 93.0849 -3
      vertex 92.3481 92.3481 -3
    endloop
  endfacet
  facet normal 0.777122 0.629351 0
    outer loop
      vertex 84.4286 84.4286 3
      vertex 83.6918 85.3384 -3
      vertex 83.6918 85.3384 3
    endloop
  endfacet
  facet normal 0.777122 0.629351 0
    outer loop
      vertex 83.6918 85.3384 -3
      vertex 84.4286 84.4286 3
      vertex 84.4286 84.4286 -3
    endloop
  endfacet
  facet normal 0.707107 -0.707107 0
    outer loop
      vertex 84.0363 91.9125 3
      vertex 84.8642 92.7404 -3
      vertex 84.8642 92.7404 3
    endloop
  endfacet
  facet normal 0.707107 -0.707107 0
    outer loop
      vertex 84.8642 92.7404 -3
      vertex 84.0363 91.9125 3
      vertex 84.0363 91.9125 -3
    endloop
  endfacet
  facet normal -0.707107 0.707107 0
    outer loop
      vertex 91.9125 84.0363 -3
      vertex 92.7404 84.8642 3
      vertex 92.7404 84.8642 -3
    endloop
  endfacet
  facet normal -0.707107 0.707107 0
    outer loop
      vertex 92.7404 84.8642 3
      vertex 91.9125 84.0363 -3
      vertex 91.9125 84.0363 3
    endloop
  endfacet
  facet normal -0.0523616 -0.998628 0
    outer loop
      vertex 88.0953 93.9807 -3
      vertex 89.2644 93.9194 3
      vertex 88.0953 93.9807 3
    endloop
  endfacet
  facet normal -0.0523616 -0.998628 -0
    outer loop
      vertex 89.2644 93.9194 3
      vertex 88.0953 93.9807 -3
      vertex 89.2644 93.9194 -3
    endloop
  endfacet
  facet normal 0.98768 -0.156485 0
    outer loop
      vertex 82.796 88.6814 3
      vertex 82.9792 89.8377 -3
      vertex 82.9792 89.8377 3
    endloop
  endfacet
  facet normal 0.98768 -0.156485 0
    outer loop
      vertex 82.9792 89.8377 -3
      vertex 82.796 88.6814 3
      vertex 82.796 88.6814 -3
    endloop
  endfacet
  facet normal 0.838666 -0.544646 0
    outer loop
      vertex 83.3987 90.9307 3
      vertex 84.0363 91.9125 -3
      vertex 84.0363 91.9125 3
    endloop
  endfacet
  facet normal 0.838666 -0.544646 0
    outer loop
      vertex 84.0363 91.9125 -3
      vertex 83.3987 90.9307 3
      vertex 83.3987 90.9307 -3
    endloop
  endfacet
  facet normal -0.965925 -0.258821 0
    outer loop
      vertex 93.9194 89.2644 -3
      vertex 93.6164 90.3952 3
      vertex 93.6164 90.3952 -3
    endloop
  endfacet
  facet normal -0.965925 -0.258821 0
    outer loop
      vertex 93.6164 90.3952 3
      vertex 93.9194 89.2644 -3
      vertex 93.9194 89.2644 3
    endloop
  endfacet
  facet normal -0.258821 -0.965925 0
    outer loop
      vertex 89.2644 93.9194 -3
      vertex 90.3952 93.6164 3
      vertex 89.2644 93.9194 3
    endloop
  endfacet
  facet normal -0.258821 -0.965925 -0
    outer loop
      vertex 90.3952 93.6164 3
      vertex 89.2644 93.9194 -3
      vertex 90.3952 93.6164 -3
    endloop
  endfacet
  facet normal -0.454 -0.891002 0
    outer loop
      vertex 90.3952 93.6164 -3
      vertex 91.4383 93.0849 3
      vertex 90.3952 93.6164 3
    endloop
  endfacet
  facet normal -0.454 -0.891002 -0
    outer loop
      vertex 91.4383 93.0849 3
      vertex 90.3952 93.6164 -3
      vertex 91.4383 93.0849 -3
    endloop
  endfacet
  facet normal 0.358321 -0.933599 0
    outer loop
      vertex 85.846 93.378 -3
      vertex 86.939 93.7975 3
      vertex 85.846 93.378 3
    endloop
  endfacet
  facet normal 0.358321 -0.933599 0
    outer loop
      vertex 86.939 93.7975 3
      vertex 85.846 93.378 -3
      vertex 86.939 93.7975 -3
    endloop
  endfacet
  facet normal 0.544646 -0.838666 0
    outer loop
      vertex 84.8642 92.7404 -3
      vertex 85.846 93.378 3
      vertex 84.8642 92.7404 3
    endloop
  endfacet
  facet normal 0.544646 -0.838666 0
    outer loop
      vertex 85.846 93.378 3
      vertex 84.8642 92.7404 -3
      vertex 85.846 93.378 -3
    endloop
  endfacet
  facet normal 0.156485 -0.98768 0
    outer loop
      vertex 86.939 93.7975 -3
      vertex 88.0953 93.9807 3
      vertex 86.939 93.7975 3
    endloop
  endfacet
  facet normal 0.156485 -0.98768 0
    outer loop
      vertex 88.0953 93.9807 3
      vertex 86.939 93.7975 -3
      vertex 88.0953 93.9807 -3
    endloop
  endfacet
  facet normal 0.965925 0.258821 0
    outer loop
      vertex 83.1603 86.3815 3
      vertex 82.8573 87.5123 -3
      vertex 82.8573 87.5123 3
    endloop
  endfacet
  facet normal 0.965925 0.258821 0
    outer loop
      vertex 82.8573 87.5123 -3
      vertex 83.1603 86.3815 3
      vertex 83.1603 86.3815 -3
    endloop
  endfacet
  facet normal 0.998628 0.0523616 0
    outer loop
      vertex 82.8573 87.5123 3
      vertex 82.796 88.6814 -3
      vertex 82.796 88.6814 3
    endloop
  endfacet
  facet normal 0.998628 0.0523616 0
    outer loop
      vertex 82.796 88.6814 -3
      vertex 82.8573 87.5123 3
      vertex 82.8573 87.5123 -3
    endloop
  endfacet
  facet normal 0.891002 0.454 0
    outer loop
      vertex 83.6918 85.3384 3
      vertex 83.1603 86.3815 -3
      vertex 83.1603 86.3815 3
    endloop
  endfacet
  facet normal 0.891002 0.454 0
    outer loop
      vertex 83.1603 86.3815 -3
      vertex 83.6918 85.3384 3
      vertex 83.6918 85.3384 -3
    endloop
  endfacet
  facet normal 0.933599 -0.358321 0
    outer loop
      vertex 82.9792 89.8377 3
      vertex 83.3987 90.9307 -3
      vertex 83.3987 90.9307 3
    endloop
  endfacet
  facet normal 0.933599 -0.358321 0
    outer loop
      vertex 83.3987 90.9307 -3
      vertex 82.9792 89.8377 3
      vertex 82.9792 89.8377 -3
    endloop
  endfacet
  facet normal -0.838666 0.544646 0
    outer loop
      vertex 92.7404 84.8642 -3
      vertex 93.378 85.846 3
      vertex 93.378 85.846 -3
    endloop
  endfacet
  facet normal -0.838666 0.544646 0
    outer loop
      vertex 93.378 85.846 3
      vertex 92.7404 84.8642 -3
      vertex 92.7404 84.8642 3
    endloop
  endfacet
  facet normal -0.98768 0.156485 0
    outer loop
      vertex 93.7975 86.939 -3
      vertex 93.9807 88.0953 3
      vertex 93.9807 88.0953 -3
    endloop
  endfacet
  facet normal -0.98768 0.156485 0
    outer loop
      vertex 93.9807 88.0953 3
      vertex 93.7975 86.939 -3
      vertex 93.7975 86.939 3
    endloop
  endfacet
  facet normal -0.998628 -0.0523616 0
    outer loop
      vertex 93.9807 88.0953 -3
      vertex 93.9194 89.2644 3
      vertex 93.9194 89.2644 -3
    endloop
  endfacet
  facet normal -0.998628 -0.0523616 0
    outer loop
      vertex 93.9194 89.2644 3
      vertex 93.9807 88.0953 -3
      vertex 93.9807 88.0953 3
    endloop
  endfacet
  facet normal -0.891002 -0.454 0
    outer loop
      vertex 93.6164 90.3952 -3
      vertex 93.0849 91.4383 3
      vertex 93.0849 91.4383 -3
    endloop
  endfacet
  facet normal -0.891002 -0.454 0
    outer loop
      vertex 93.0849 91.4383 3
      vertex 93.6164 90.3952 -3
      vertex 93.6164 90.3952 3
    endloop
  endfacet
  facet normal -0.777122 -0.629351 0
    outer loop
      vertex 93.0849 91.4383 -3
      vertex 92.3481 92.3481 3
      vertex 92.3481 92.3481 -3
    endloop
  endfacet
  facet normal -0.777122 -0.629351 0
    outer loop
      vertex 92.3481 92.3481 3
      vertex 93.0849 91.4383 -3
      vertex 93.0849 91.4383 3
    endloop
  endfacet
  facet normal -0.156485 0.98768 0
    outer loop
      vertex 89.8377 82.9792 -3
      vertex 88.6814 82.796 3
      vertex 89.8377 82.9792 3
    endloop
  endfacet
  facet normal -0.156485 0.98768 0
    outer loop
      vertex 88.6814 82.796 3
      vertex 89.8377 82.9792 -3
      vertex 88.6814 82.796 -3
    endloop
  endfacet
  facet normal 0.258821 0.965925 -0
    outer loop
      vertex 87.5123 82.8573 -3
      vertex 86.3815 83.1603 3
      vertex 87.5123 82.8573 3
    endloop
  endfacet
  facet normal 0.258821 0.965925 0
    outer loop
      vertex 86.3815 83.1603 3
      vertex 87.5123 82.8573 -3
      vertex 86.3815 83.1603 -3
    endloop
  endfacet
  facet normal 0.0523616 0.998628 -0
    outer loop
      vertex 88.6814 82.796 -3
      vertex 87.5123 82.8573 3
      vertex 88.6814 82.796 3
    endloop
  endfacet
  facet normal 0.0523616 0.998628 0
    outer loop
      vertex 87.5123 82.8573 3
      vertex 88.6814 82.796 -3
      vertex 87.5123 82.8573 -3
    endloop
  endfacet
  facet normal 0.629351 0.777122 -0
    outer loop
      vertex 85.3384 83.6918 -3
      vertex 84.4286 84.4286 3
      vertex 85.3384 83.6918 3
    endloop
  endfacet
  facet normal 0.629351 0.777122 0
    outer loop
      vertex 84.4286 84.4286 3
      vertex 85.3384 83.6918 -3
      vertex 84.4286 84.4286 -3
    endloop
  endfacet
  facet normal -0.933599 0.358321 0
    outer loop
      vertex 93.378 85.846 -3
      vertex 93.7975 86.939 3
      vertex 93.7975 86.939 -3
    endloop
  endfacet
  facet normal -0.933599 0.358321 0
    outer loop
      vertex 93.7975 86.939 3
      vertex 93.378 85.846 -3
      vertex 93.378 85.846 3
    endloop
  endfacet
  facet normal -0.544646 0.838666 0
    outer loop
      vertex 91.9125 84.0363 -3
      vertex 90.9307 83.3987 3
      vertex 91.9125 84.0363 3
    endloop
  endfacet
  facet normal -0.544646 0.838666 0
    outer loop
      vertex 90.9307 83.3987 3
      vertex 91.9125 84.0363 -3
      vertex 90.9307 83.3987 -3
    endloop
  endfacet
  facet normal 0.454 0.891002 -0
    outer loop
      vertex 86.3815 83.1603 -3
      vertex 85.3384 83.6918 3
      vertex 86.3815 83.1603 3
    endloop
  endfacet
  facet normal 0.454 0.891002 0
    outer loop
      vertex 85.3384 83.6918 3
      vertex 86.3815 83.1603 -3
      vertex 85.3384 83.6918 -3
    endloop
  endfacet
  facet normal -0.358321 0.933599 0
    outer loop
      vertex 90.9307 83.3987 -3
      vertex 89.8377 82.9792 3
      vertex 90.9307 83.3987 3
    endloop
  endfacet
  facet normal -0.358321 0.933599 0
    outer loop
      vertex 89.8377 82.9792 3
      vertex 90.9307 83.3987 -3
      vertex 89.8377 82.9792 -3
    endloop
  endfacet
  facet normal -0.58769 -0.809086 0
    outer loop
      vertex 89.0693 78.4111 -3
      vertex 89.449 78.1353 3
      vertex 89.0693 78.4111 3
    endloop
  endfacet
  facet normal -0.58769 -0.809086 -0
    outer loop
      vertex 89.449 78.1353 3
      vertex 89.0693 78.4111 -3
      vertex 89.449 78.1353 -3
    endloop
  endfacet
  facet normal 0.808985 0.58783 0
    outer loop
      vertex 87.3277 76.014 3
      vertex 87.0518 76.3937 -3
      vertex 87.0518 76.3937 3
    endloop
  endfacet
  facet normal 0.808985 0.58783 0
    outer loop
      vertex 87.0518 76.3937 -3
      vertex 87.3277 76.014 3
      vertex 87.3277 76.014 -3
    endloop
  endfacet
  facet normal 0.808985 -0.58783 0
    outer loop
      vertex 87.0518 77.7556 3
      vertex 87.3277 78.1353 -3
      vertex 87.3277 78.1353 3
    endloop
  endfacet
  facet normal 0.808985 -0.58783 0
    outer loop
      vertex 87.3277 78.1353 -3
      vertex 87.0518 77.7556 3
      vertex 87.0518 77.7556 -3
    endloop
  endfacet
  facet normal 0 -1 0
    outer loop
      vertex 88.1537 78.5562 -3
      vertex 88.623 78.5562 3
      vertex 88.1537 78.5562 3
    endloop
  endfacet
  facet normal 0 -1 -0
    outer loop
      vertex 88.623 78.5562 3
      vertex 88.1537 78.5562 -3
      vertex 88.623 78.5562 -3
    endloop
  endfacet
  facet normal -0.309187 -0.951001 0
    outer loop
      vertex 88.623 78.5562 -3
      vertex 89.0693 78.4111 3
      vertex 88.623 78.5562 3
    endloop
  endfacet
  facet normal -0.309187 -0.951001 -0
    outer loop
      vertex 89.0693 78.4111 3
      vertex 88.623 78.5562 -3
      vertex 89.0693 78.4111 -3
    endloop
  endfacet
  facet normal 0.309187 -0.951001 0
    outer loop
      vertex 87.7074 78.4111 -3
      vertex 88.1537 78.5562 3
      vertex 87.7074 78.4111 3
    endloop
  endfacet
  facet normal 0.309187 -0.951001 0
    outer loop
      vertex 88.1537 78.5562 3
      vertex 87.7074 78.4111 -3
      vertex 88.1537 78.5562 -3
    endloop
  endfacet
  facet normal 1 -0 0
    outer loop
      vertex 86.9068 76.84 3
      vertex 86.9068 77.3093 -3
      vertex 86.9068 77.3093 3
    endloop
  endfacet
  facet normal 1 0 0
    outer loop
      vertex 86.9068 77.3093 -3
      vertex 86.9068 76.84 3
      vertex 86.9068 76.84 -3
    endloop
  endfacet
  facet normal 0.951064 0.308995 0
    outer loop
      vertex 87.0518 76.3937 3
      vertex 86.9068 76.84 -3
      vertex 86.9068 76.84 3
    endloop
  endfacet
  facet normal 0.951064 0.308995 0
    outer loop
      vertex 86.9068 76.84 -3
      vertex 87.0518 76.3937 3
      vertex 87.0518 76.3937 -3
    endloop
  endfacet
  facet normal 0.951064 -0.308995 0
    outer loop
      vertex 86.9068 77.3093 3
      vertex 87.0518 77.7556 -3
      vertex 87.0518 77.7556 3
    endloop
  endfacet
  facet normal 0.951064 -0.308995 0
    outer loop
      vertex 87.0518 77.7556 -3
      vertex 86.9068 77.3093 3
      vertex 86.9068 77.3093 -3
    endloop
  endfacet
  facet normal -0.951064 -0.308995 0
    outer loop
      vertex 89.8699 77.3093 -3
      vertex 89.7249 77.7556 3
      vertex 89.7249 77.7556 -3
    endloop
  endfacet
  facet normal -0.951064 -0.308995 0
    outer loop
      vertex 89.7249 77.7556 3
      vertex 89.8699 77.3093 -3
      vertex 89.8699 77.3093 3
    endloop
  endfacet
  facet normal 0 1 -0
    outer loop
      vertex 88.623 75.5931 -3
      vertex 88.1537 75.5931 3
      vertex 88.623 75.5931 3
    endloop
  endfacet
  facet normal 0 1 0
    outer loop
      vertex 88.1537 75.5931 3
      vertex 88.623 75.5931 -3
      vertex 88.1537 75.5931 -3
    endloop
  endfacet
  facet normal 0.58783 0.808985 -0
    outer loop
      vertex 87.7074 75.7381 -3
      vertex 87.3277 76.014 3
      vertex 87.7074 75.7381 3
    endloop
  endfacet
  facet normal 0.58783 0.808985 0
    outer loop
      vertex 87.3277 76.014 3
      vertex 87.7074 75.7381 -3
      vertex 87.3277 76.014 -3
    endloop
  endfacet
  facet normal 0.58769 -0.809086 0
    outer loop
      vertex 87.3277 78.1353 -3
      vertex 87.7074 78.4111 3
      vertex 87.3277 78.1353 3
    endloop
  endfacet
  facet normal 0.58769 -0.809086 0
    outer loop
      vertex 87.7074 78.4111 3
      vertex 87.3277 78.1353 -3
      vertex 87.7074 78.4111 -3
    endloop
  endfacet
  facet normal -0.808985 -0.58783 0
    outer loop
      vertex 89.7249 77.7556 -3
      vertex 89.449 78.1353 3
      vertex 89.449 78.1353 -3
    endloop
  endfacet
  facet normal -0.808985 -0.58783 0
    outer loop
      vertex 89.449 78.1353 3
      vertex 89.7249 77.7556 -3
      vertex 89.7249 77.7556 3
    endloop
  endfacet
  facet normal -0.808985 0.58783 0
    outer loop
      vertex 89.449 76.014 -3
      vertex 89.7249 76.3937 3
      vertex 89.7249 76.3937 -3
    endloop
  endfacet
  facet normal -0.808985 0.58783 0
    outer loop
      vertex 89.7249 76.3937 3
      vertex 89.449 76.014 -3
      vertex 89.449 76.014 3
    endloop
  endfacet
  facet normal -1 0 0
    outer loop
      vertex 89.8699 76.84 -3
      vertex 89.8699 77.3093 3
      vertex 89.8699 77.3093 -3
    endloop
  endfacet
  facet normal -1 -0 0
    outer loop
      vertex 89.8699 77.3093 3
      vertex 89.8699 76.84 -3
      vertex 89.8699 76.84 3
    endloop
  endfacet
  facet normal -0.308995 0.951064 0
    outer loop
      vertex 89.0693 75.7381 -3
      vertex 88.623 75.5931 3
      vertex 89.0693 75.7381 3
    endloop
  endfacet
  facet normal -0.308995 0.951064 0
    outer loop
      vertex 88.623 75.5931 3
      vertex 89.0693 75.7381 -3
      vertex 88.623 75.5931 -3
    endloop
  endfacet
  facet normal 0.308995 0.951064 -0
    outer loop
      vertex 88.1537 75.5931 -3
      vertex 87.7074 75.7381 3
      vertex 88.1537 75.5931 3
    endloop
  endfacet
  facet normal 0.308995 0.951064 0
    outer loop
      vertex 87.7074 75.7381 3
      vertex 88.1537 75.5931 -3
      vertex 87.7074 75.7381 -3
    endloop
  endfacet
  facet normal -0.951064 0.308995 0
    outer loop
      vertex 89.7249 76.3937 -3
      vertex 89.8699 76.84 3
      vertex 89.8699 76.84 -3
    endloop
  endfacet
  facet normal -0.951064 0.308995 0
    outer loop
      vertex 89.8699 76.84 3
      vertex 89.7249 76.3937 -3
      vertex 89.7249 76.3937 3
    endloop
  endfacet
  facet normal -0.58783 0.808985 0
    outer loop
      vertex 89.449 76.014 -3
      vertex 89.0693 75.7381 3
      vertex 89.449 76.014 3
    endloop
  endfacet
  facet normal -0.58783 0.808985 0
    outer loop
      vertex 89.0693 75.7381 3
      vertex 89.449 76.014 -3
      vertex 89.0693 75.7381 -3
    endloop
  endfacet
  facet normal -0.587526 -0.809205 0
    outer loop
      vertex 100.383 89.7249 -3
      vertex 100.763 89.449 3
      vertex 100.383 89.7249 3
    endloop
  endfacet
  facet normal -0.587526 -0.809205 -0
    outer loop
      vertex 100.763 89.449 3
      vertex 100.383 89.7249 -3
      vertex 100.763 89.449 -3
    endloop
  endfacet
  facet normal 0.808985 -0.58783 0
    outer loop
      vertex 98.3655 89.0693 3
      vertex 98.6414 89.449 -3
      vertex 98.6414 89.449 3
    endloop
  endfacet
  facet normal 0.808985 -0.58783 0
    outer loop
      vertex 98.6414 89.449 -3
      vertex 98.3655 89.0693 3
      vertex 98.3655 89.0693 -3
    endloop
  endfacet
  facet normal -0.808883 0.587969 0
    outer loop
      vertex 100.763 87.3277 -3
      vertex 101.039 87.7074 3
      vertex 101.039 87.7074 -3
    endloop
  endfacet
  facet normal -0.808883 0.587969 0
    outer loop
      vertex 101.039 87.7074 3
      vertex 100.763 87.3277 -3
      vertex 100.763 87.3277 3
    endloop
  endfacet
  facet normal -0.951064 0.308995 0
    outer loop
      vertex 101.039 87.7074 -3
      vertex 101.184 88.1537 3
      vertex 101.184 88.1537 -3
    endloop
  endfacet
  facet normal -0.951064 0.308995 0
    outer loop
      vertex 101.184 88.1537 3
      vertex 101.039 87.7074 -3
      vertex 101.039 87.7074 3
    endloop
  endfacet
  facet normal 0 -1 0
    outer loop
      vertex 99.4674 89.8699 -3
      vertex 99.9367 89.8699 3
      vertex 99.4674 89.8699 3
    endloop
  endfacet
  facet normal 0 -1 -0
    outer loop
      vertex 99.9367 89.8699 3
      vertex 99.4674 89.8699 -3
      vertex 99.9367 89.8699 -3
    endloop
  endfacet
  facet normal -0.308995 -0.951064 0
    outer loop
      vertex 99.9367 89.8699 -3
      vertex 100.383 89.7249 3
      vertex 99.9367 89.8699 3
    endloop
  endfacet
  facet normal -0.308995 -0.951064 -0
    outer loop
      vertex 100.383 89.7249 3
      vertex 99.9367 89.8699 -3
      vertex 100.383 89.7249 -3
    endloop
  endfacet
  facet normal 0.308995 -0.951064 0
    outer loop
      vertex 99.0211 89.7249 -3
      vertex 99.4674 89.8699 3
      vertex 99.0211 89.7249 3
    endloop
  endfacet
  facet normal 0.308995 -0.951064 0
    outer loop
      vertex 99.4674 89.8699 3
      vertex 99.0211 89.7249 -3
      vertex 99.4674 89.8699 -3
    endloop
  endfacet
  facet normal 1 -0 0
    outer loop
      vertex 98.2205 88.1537 3
      vertex 98.2205 88.623 -3
      vertex 98.2205 88.623 3
    endloop
  endfacet
  facet normal 1 0 0
    outer loop
      vertex 98.2205 88.623 -3
      vertex 98.2205 88.1537 3
      vertex 98.2205 88.1537 -3
    endloop
  endfacet
  facet normal 0.951064 0.308995 0
    outer loop
      vertex 98.3655 87.7074 3
      vertex 98.2205 88.1537 -3
      vertex 98.2205 88.1537 3
    endloop
  endfacet
  facet normal 0.951064 0.308995 0
    outer loop
      vertex 98.2205 88.1537 -3
      vertex 98.3655 87.7074 3
      vertex 98.3655 87.7074 -3
    endloop
  endfacet
  facet normal 0.951064 -0.308995 0
    outer loop
      vertex 98.2205 88.623 3
      vertex 98.3655 89.0693 -3
      vertex 98.3655 89.0693 3
    endloop
  endfacet
  facet normal 0.951064 -0.308995 0
    outer loop
      vertex 98.3655 89.0693 -3
      vertex 98.2205 88.623 3
      vertex 98.2205 88.623 -3
    endloop
  endfacet
  facet normal 0.58783 -0.808985 0
    outer loop
      vertex 98.6414 89.449 -3
      vertex 99.0211 89.7249 3
      vertex 98.6414 89.449 3
    endloop
  endfacet
  facet normal 0.58783 -0.808985 0
    outer loop
      vertex 99.0211 89.7249 3
      vertex 98.6414 89.449 -3
      vertex 99.0211 89.7249 -3
    endloop
  endfacet
  facet normal 0.808985 0.58783 0
    outer loop
      vertex 98.6414 87.3277 3
      vertex 98.3655 87.7074 -3
      vertex 98.3655 87.7074 3
    endloop
  endfacet
  facet normal 0.808985 0.58783 0
    outer loop
      vertex 98.3655 87.7074 -3
      vertex 98.6414 87.3277 3
      vertex 98.6414 87.3277 -3
    endloop
  endfacet
  facet normal -0.808883 -0.587969 0
    outer loop
      vertex 101.039 89.0693 -3
      vertex 100.763 89.449 3
      vertex 100.763 89.449 -3
    endloop
  endfacet
  facet normal -0.808883 -0.587969 0
    outer loop
      vertex 100.763 89.449 3
      vertex 101.039 89.0693 -3
      vertex 101.039 89.0693 3
    endloop
  endfacet
  facet normal -1 0 0
    outer loop
      vertex 101.184 88.1537 -3
      vertex 101.184 88.623 3
      vertex 101.184 88.623 -3
    endloop
  endfacet
  facet normal -1 -0 0
    outer loop
      vertex 101.184 88.623 3
      vertex 101.184 88.1537 -3
      vertex 101.184 88.1537 3
    endloop
  endfacet
  facet normal -0.951064 -0.308995 0
    outer loop
      vertex 101.184 88.623 -3
      vertex 101.039 89.0693 3
      vertex 101.039 89.0693 -3
    endloop
  endfacet
  facet normal -0.951064 -0.308995 0
    outer loop
      vertex 101.039 89.0693 3
      vertex 101.184 88.623 -3
      vertex 101.184 88.623 3
    endloop
  endfacet
  facet normal 0.58783 0.808985 -0
    outer loop
      vertex 99.0211 87.0518 -3
      vertex 98.6414 87.3277 3
      vertex 99.0211 87.0518 3
    endloop
  endfacet
  facet normal 0.58783 0.808985 0
    outer loop
      vertex 98.6414 87.3277 3
      vertex 99.0211 87.0518 -3
      vertex 98.6414 87.3277 -3
    endloop
  endfacet
  facet normal -0.308995 0.951064 0
    outer loop
      vertex 100.383 87.0518 -3
      vertex 99.9367 86.9068 3
      vertex 100.383 87.0518 3
    endloop
  endfacet
  facet normal -0.308995 0.951064 0
    outer loop
      vertex 99.9367 86.9068 3
      vertex 100.383 87.0518 -3
      vertex 99.9367 86.9068 -3
    endloop
  endfacet
  facet normal 0 1 -0
    outer loop
      vertex 99.9367 86.9068 -3
      vertex 99.4674 86.9068 3
      vertex 99.9367 86.9068 3
    endloop
  endfacet
  facet normal 0 1 0
    outer loop
      vertex 99.4674 86.9068 3
      vertex 99.9367 86.9068 -3
      vertex 99.4674 86.9068 -3
    endloop
  endfacet
  facet normal 0.308995 0.951064 -0
    outer loop
      vertex 99.4674 86.9068 -3
      vertex 99.0211 87.0518 3
      vertex 99.4674 86.9068 3
    endloop
  endfacet
  facet normal 0.308995 0.951064 0
    outer loop
      vertex 99.0211 87.0518 3
      vertex 99.4674 86.9068 -3
      vertex 99.0211 87.0518 -3
    endloop
  endfacet
  facet normal -0.587526 0.809205 0
    outer loop
      vertex 100.763 87.3277 -3
      vertex 100.383 87.0518 3
      vertex 100.763 87.3277 3
    endloop
  endfacet
  facet normal -0.587526 0.809205 0
    outer loop
      vertex 100.383 87.0518 3
      vertex 100.763 87.3277 -3
      vertex 100.383 87.0518 -3
    endloop
  endfacet
  facet normal -0.587969 -0.808883 0
    outer loop
      vertex 89.0693 101.039 -3
      vertex 89.449 100.763 3
      vertex 89.0693 101.039 3
    endloop
  endfacet
  facet normal -0.587969 -0.808883 -0
    outer loop
      vertex 89.449 100.763 3
      vertex 89.0693 101.039 -3
      vertex 89.449 100.763 -3
    endloop
  endfacet
  facet normal 0.58783 0.808985 -0
    outer loop
      vertex 87.7074 98.3655 -3
      vertex 87.3277 98.6414 3
      vertex 87.7074 98.3655 3
    endloop
  endfacet
  facet normal 0.58783 0.808985 0
    outer loop
      vertex 87.3277 98.6414 3
      vertex 87.7074 98.3655 -3
      vertex 87.3277 98.6414 -3
    endloop
  endfacet
  facet normal 0.809205 -0.587526 0
    outer loop
      vertex 87.0518 100.383 3
      vertex 87.3277 100.763 -3
      vertex 87.3277 100.763 3
    endloop
  endfacet
  facet normal 0.809205 -0.587526 0
    outer loop
      vertex 87.3277 100.763 -3
      vertex 87.0518 100.383 3
      vertex 87.0518 100.383 -3
    endloop
  endfacet
  facet normal -0.808985 0.58783 0
    outer loop
      vertex 89.449 98.6414 -3
      vertex 89.7249 99.0211 3
      vertex 89.7249 99.0211 -3
    endloop
  endfacet
  facet normal -0.808985 0.58783 0
    outer loop
      vertex 89.7249 99.0211 3
      vertex 89.449 98.6414 -3
      vertex 89.449 98.6414 3
    endloop
  endfacet
  facet normal 0 -1 0
    outer loop
      vertex 88.1537 101.184 -3
      vertex 88.623 101.184 3
      vertex 88.1537 101.184 3
    endloop
  endfacet
  facet normal 0 -1 -0
    outer loop
      vertex 88.623 101.184 3
      vertex 88.1537 101.184 -3
      vertex 88.623 101.184 -3
    endloop
  endfacet
  facet normal -0.308995 -0.951064 0
    outer loop
      vertex 88.623 101.184 -3
      vertex 89.0693 101.039 3
      vertex 88.623 101.184 3
    endloop
  endfacet
  facet normal -0.308995 -0.951064 -0
    outer loop
      vertex 89.0693 101.039 3
      vertex 88.623 101.184 -3
      vertex 89.0693 101.039 -3
    endloop
  endfacet
  facet normal 1 -0 0
    outer loop
      vertex 86.9068 99.4674 3
      vertex 86.9068 99.9367 -3
      vertex 86.9068 99.9367 3
    endloop
  endfacet
  facet normal 1 0 0
    outer loop
      vertex 86.9068 99.9367 -3
      vertex 86.9068 99.4674 3
      vertex 86.9068 99.4674 -3
    endloop
  endfacet
  facet normal 0.951064 0.308995 0
    outer loop
      vertex 87.0518 99.0211 3
      vertex 86.9068 99.4674 -3
      vertex 86.9068 99.4674 3
    endloop
  endfacet
  facet normal 0.951064 0.308995 0
    outer loop
      vertex 86.9068 99.4674 -3
      vertex 87.0518 99.0211 3
      vertex 87.0518 99.0211 -3
    endloop
  endfacet
  facet normal 0.951064 -0.308995 0
    outer loop
      vertex 86.9068 99.9367 3
      vertex 87.0518 100.383 -3
      vertex 87.0518 100.383 3
    endloop
  endfacet
  facet normal 0.951064 -0.308995 0
    outer loop
      vertex 87.0518 100.383 -3
      vertex 86.9068 99.9367 3
      vertex 86.9068 99.9367 -3
    endloop
  endfacet
  facet normal -0.951064 0.308995 0
    outer loop
      vertex 89.7249 99.0211 -3
      vertex 89.8699 99.4674 3
      vertex 89.8699 99.4674 -3
    endloop
  endfacet
  facet normal -0.951064 0.308995 0
    outer loop
      vertex 89.8699 99.4674 3
      vertex 89.7249 99.0211 -3
      vertex 89.7249 99.0211 3
    endloop
  endfacet
  facet normal -0.951064 -0.308995 0
    outer loop
      vertex 89.8699 99.9367 -3
      vertex 89.7249 100.383 3
      vertex 89.7249 100.383 -3
    endloop
  endfacet
  facet normal -0.951064 -0.308995 0
    outer loop
      vertex 89.7249 100.383 3
      vertex 89.8699 99.9367 -3
      vertex 89.8699 99.9367 3
    endloop
  endfacet
  facet normal -0.308995 0.951064 0
    outer loop
      vertex 89.0693 98.3655 -3
      vertex 88.623 98.2205 3
      vertex 89.0693 98.3655 3
    endloop
  endfacet
  facet normal -0.308995 0.951064 0
    outer loop
      vertex 88.623 98.2205 3
      vertex 89.0693 98.3655 -3
      vertex 88.623 98.2205 -3
    endloop
  endfacet
  facet normal 0.308995 0.951064 -0
    outer loop
      vertex 88.1537 98.2205 -3
      vertex 87.7074 98.3655 3
      vertex 88.1537 98.2205 3
    endloop
  endfacet
  facet normal 0.308995 0.951064 0
    outer loop
      vertex 87.7074 98.3655 3
      vertex 88.1537 98.2205 -3
      vertex 87.7074 98.3655 -3
    endloop
  endfacet
  facet normal 0.587969 -0.808883 0
    outer loop
      vertex 87.3277 100.763 -3
      vertex 87.7074 101.039 3
      vertex 87.3277 100.763 3
    endloop
  endfacet
  facet normal 0.587969 -0.808883 0
    outer loop
      vertex 87.7074 101.039 3
      vertex 87.3277 100.763 -3
      vertex 87.7074 101.039 -3
    endloop
  endfacet
  facet normal 0.308995 -0.951064 0
    outer loop
      vertex 87.7074 101.039 -3
      vertex 88.1537 101.184 3
      vertex 87.7074 101.039 3
    endloop
  endfacet
  facet normal 0.308995 -0.951064 0
    outer loop
      vertex 88.1537 101.184 3
      vertex 87.7074 101.039 -3
      vertex 88.1537 101.184 -3
    endloop
  endfacet
  facet normal 0.808985 0.58783 0
    outer loop
      vertex 87.3277 98.6414 3
      vertex 87.0518 99.0211 -3
      vertex 87.0518 99.0211 3
    endloop
  endfacet
  facet normal 0.808985 0.58783 0
    outer loop
      vertex 87.0518 99.0211 -3
      vertex 87.3277 98.6414 3
      vertex 87.3277 98.6414 -3
    endloop
  endfacet
  facet normal -1 0 0
    outer loop
      vertex 89.8699 99.4674 -3
      vertex 89.8699 99.9367 3
      vertex 89.8699 99.9367 -3
    endloop
  endfacet
  facet normal -1 -0 0
    outer loop
      vertex 89.8699 99.9367 3
      vertex 89.8699 99.4674 -3
      vertex 89.8699 99.4674 3
    endloop
  endfacet
  facet normal -0.58783 0.808985 0
    outer loop
      vertex 89.449 98.6414 -3
      vertex 89.0693 98.3655 3
      vertex 89.449 98.6414 3
    endloop
  endfacet
  facet normal -0.58783 0.808985 0
    outer loop
      vertex 89.0693 98.3655 3
      vertex 89.449 98.6414 -3
      vertex 89.0693 98.3655 -3
    endloop
  endfacet
  facet normal 0 1 -0
    outer loop
      vertex 88.623 98.2205 -3
      vertex 88.1537 98.2205 3
      vertex 88.623 98.2205 3
    endloop
  endfacet
  facet normal 0 1 0
    outer loop
      vertex 88.1537 98.2205 3
      vertex 88.623 98.2205 -3
      vertex 88.1537 98.2205 -3
    endloop
  endfacet
  facet normal -0.809205 -0.587526 0
    outer loop
      vertex 89.7249 100.383 -3
      vertex 89.449 100.763 3
      vertex 89.449 100.763 -3
    endloop
  endfacet
  facet normal -0.809205 -0.587526 0
    outer loop
      vertex 89.449 100.763 3
      vertex 89.7249 100.383 -3
      vertex 89.7249 100.383 3
    endloop
  endfacet
  facet normal -0.58783 -0.808985 0
    outer loop
      vertex 77.7556 89.7249 -3
      vertex 78.1353 89.449 3
      vertex 77.7556 89.7249 3
    endloop
  endfacet
  facet normal -0.58783 -0.808985 -0
    outer loop
      vertex 78.1353 89.449 3
      vertex 77.7556 89.7249 -3
      vertex 78.1353 89.449 -3
    endloop
  endfacet
  facet normal 0.808985 0.58783 0
    outer loop
      vertex 76.014 87.3277 3
      vertex 75.7381 87.7074 -3
      vertex 75.7381 87.7074 3
    endloop
  endfacet
  facet normal 0.808985 0.58783 0
    outer loop
      vertex 75.7381 87.7074 -3
      vertex 76.014 87.3277 3
      vertex 76.014 87.3277 -3
    endloop
  endfacet
  facet normal 0.58783 -0.808985 0
    outer loop
      vertex 76.014 89.449 -3
      vertex 76.3937 89.7249 3
      vertex 76.014 89.449 3
    endloop
  endfacet
  facet normal 0.58783 -0.808985 0
    outer loop
      vertex 76.3937 89.7249 3
      vertex 76.014 89.449 -3
      vertex 76.3937 89.7249 -3
    endloop
  endfacet
  facet normal -0.809086 0.58769 0
    outer loop
      vertex 78.1353 87.3277 -3
      vertex 78.4111 87.7074 3
      vertex 78.4111 87.7074 -3
    endloop
  endfacet
  facet normal -0.809086 0.58769 0
    outer loop
      vertex 78.4111 87.7074 3
      vertex 78.1353 87.3277 -3
      vertex 78.1353 87.3277 3
    endloop
  endfacet
  facet normal -0.951001 0.309187 0
    outer loop
      vertex 78.4111 87.7074 -3
      vertex 78.5562 88.1537 3
      vertex 78.5562 88.1537 -3
    endloop
  endfacet
  facet normal -0.951001 0.309187 0
    outer loop
      vertex 78.5562 88.1537 3
      vertex 78.4111 87.7074 -3
      vertex 78.4111 87.7074 3
    endloop
  endfacet
  facet normal 0 -1 0
    outer loop
      vertex 76.84 89.8699 -3
      vertex 77.3093 89.8699 3
      vertex 76.84 89.8699 3
    endloop
  endfacet
  facet normal 0 -1 -0
    outer loop
      vertex 77.3093 89.8699 3
      vertex 76.84 89.8699 -3
      vertex 77.3093 89.8699 -3
    endloop
  endfacet
  facet normal -0.308995 -0.951064 0
    outer loop
      vertex 77.3093 89.8699 -3
      vertex 77.7556 89.7249 3
      vertex 77.3093 89.8699 3
    endloop
  endfacet
  facet normal -0.308995 -0.951064 -0
    outer loop
      vertex 77.7556 89.7249 3
      vertex 77.3093 89.8699 -3
      vertex 77.7556 89.7249 -3
    endloop
  endfacet
  facet normal 0.308995 -0.951064 0
    outer loop
      vertex 76.3937 89.7249 -3
      vertex 76.84 89.8699 3
      vertex 76.3937 89.7249 3
    endloop
  endfacet
  facet normal 0.308995 -0.951064 0
    outer loop
      vertex 76.84 89.8699 3
      vertex 76.3937 89.7249 -3
      vertex 76.84 89.8699 -3
    endloop
  endfacet
  facet normal 0.951064 -0.308995 0
    outer loop
      vertex 75.5931 88.623 3
      vertex 75.7381 89.0693 -3
      vertex 75.7381 89.0693 3
    endloop
  endfacet
  facet normal 0.951064 -0.308995 0
    outer loop
      vertex 75.7381 89.0693 -3
      vertex 75.5931 88.623 3
      vertex 75.5931 88.623 -3
    endloop
  endfacet
  facet normal 1 -0 0
    outer loop
      vertex 75.5931 88.1537 3
      vertex 75.5931 88.623 -3
      vertex 75.5931 88.623 3
    endloop
  endfacet
  facet normal 1 0 0
    outer loop
      vertex 75.5931 88.623 -3
      vertex 75.5931 88.1537 3
      vertex 75.5931 88.1537 -3
    endloop
  endfacet
  facet normal 0.808985 -0.58783 0
    outer loop
      vertex 75.7381 89.0693 3
      vertex 76.014 89.449 -3
      vertex 76.014 89.449 3
    endloop
  endfacet
  facet normal 0.808985 -0.58783 0
    outer loop
      vertex 76.014 89.449 -3
      vertex 75.7381 89.0693 3
      vertex 75.7381 89.0693 -3
    endloop
  endfacet
  facet normal 0 1 -0
    outer loop
      vertex 77.3093 86.9068 -3
      vertex 76.84 86.9068 3
      vertex 77.3093 86.9068 3
    endloop
  endfacet
  facet normal 0 1 0
    outer loop
      vertex 76.84 86.9068 3
      vertex 77.3093 86.9068 -3
      vertex 76.84 86.9068 -3
    endloop
  endfacet
  facet normal 0.951064 0.308995 0
    outer loop
      vertex 75.7381 87.7074 3
      vertex 75.5931 88.1537 -3
      vertex 75.5931 88.1537 3
    endloop
  endfacet
  facet normal 0.951064 0.308995 0
    outer loop
      vertex 75.5931 88.1537 -3
      vertex 75.7381 87.7074 3
      vertex 75.7381 87.7074 -3
    endloop
  endfacet
  facet normal -1 0 0
    outer loop
      vertex 78.5562 88.1537 -3
      vertex 78.5562 88.623 3
      vertex 78.5562 88.623 -3
    endloop
  endfacet
  facet normal -1 -0 0
    outer loop
      vertex 78.5562 88.623 3
      vertex 78.5562 88.1537 -3
      vertex 78.5562 88.1537 3
    endloop
  endfacet
  facet normal -0.951001 -0.309187 0
    outer loop
      vertex 78.5562 88.623 -3
      vertex 78.4111 89.0693 3
      vertex 78.4111 89.0693 -3
    endloop
  endfacet
  facet normal -0.951001 -0.309187 0
    outer loop
      vertex 78.4111 89.0693 3
      vertex 78.5562 88.623 -3
      vertex 78.5562 88.623 3
    endloop
  endfacet
  facet normal -0.809086 -0.58769 0
    outer loop
      vertex 78.4111 89.0693 -3
      vertex 78.1353 89.449 3
      vertex 78.1353 89.449 -3
    endloop
  endfacet
  facet normal -0.809086 -0.58769 0
    outer loop
      vertex 78.1353 89.449 3
      vertex 78.4111 89.0693 -3
      vertex 78.4111 89.0693 3
    endloop
  endfacet
  facet normal -0.58783 0.808985 0
    outer loop
      vertex 78.1353 87.3277 -3
      vertex 77.7556 87.0518 3
      vertex 78.1353 87.3277 3
    endloop
  endfacet
  facet normal -0.58783 0.808985 0
    outer loop
      vertex 77.7556 87.0518 3
      vertex 78.1353 87.3277 -3
      vertex 77.7556 87.0518 -3
    endloop
  endfacet
  facet normal 0.308995 0.951064 -0
    outer loop
      vertex 76.84 86.9068 -3
      vertex 76.3937 87.0518 3
      vertex 76.84 86.9068 3
    endloop
  endfacet
  facet normal 0.308995 0.951064 0
    outer loop
      vertex 76.3937 87.0518 3
      vertex 76.84 86.9068 -3
      vertex 76.3937 87.0518 -3
    endloop
  endfacet
  facet normal 0.58783 0.808985 -0
    outer loop
      vertex 76.3937 87.0518 -3
      vertex 76.014 87.3277 3
      vertex 76.3937 87.0518 3
    endloop
  endfacet
  facet normal 0.58783 0.808985 0
    outer loop
      vertex 76.014 87.3277 3
      vertex 76.3937 87.0518 -3
      vertex 76.014 87.3277 -3
    endloop
  endfacet
  facet normal -0.308995 0.951064 0
    outer loop
      vertex 77.7556 87.0518 -3
      vertex 77.3093 86.9068 3
      vertex 77.7556 87.0518 3
    endloop
  endfacet
  facet normal -0.308995 0.951064 0
    outer loop
      vertex 77.3093 86.9068 3
      vertex 77.7556 87.0518 -3
      vertex 77.3093 86.9068 -3
    endloop
  endfacet
  facet normal 0.777122 -0.629351 0
    outer loop
      vertex -93.0849 91.4383 3
      vertex -92.3481 92.3481 -3
      vertex -92.3481 92.3481 3
    endloop
  endfacet
  facet normal 0.777122 -0.629351 0
    outer loop
      vertex -92.3481 92.3481 -3
      vertex -93.0849 91.4383 3
      vertex -93.0849 91.4383 -3
    endloop
  endfacet
  facet normal -0.629351 0.777122 0
    outer loop
      vertex -84.4286 84.4286 -3
      vertex -85.3384 83.6918 3
      vertex -84.4286 84.4286 3
    endloop
  endfacet
  facet normal -0.629351 0.777122 0
    outer loop
      vertex -85.3384 83.6918 3
      vertex -84.4286 84.4286 -3
      vertex -85.3384 83.6918 -3
    endloop
  endfacet
  facet normal 0.707107 0.707107 0
    outer loop
      vertex -91.9125 84.0363 3
      vertex -92.7404 84.8642 -3
      vertex -92.7404 84.8642 3
    endloop
  endfacet
  facet normal 0.707107 0.707107 0
    outer loop
      vertex -92.7404 84.8642 -3
      vertex -91.9125 84.0363 3
      vertex -91.9125 84.0363 -3
    endloop
  endfacet
  facet normal -0.707107 -0.707107 0
    outer loop
      vertex -84.0363 91.9125 -3
      vertex -84.8642 92.7404 3
      vertex -84.8642 92.7404 -3
    endloop
  endfacet
  facet normal -0.707107 -0.707107 0
    outer loop
      vertex -84.8642 92.7404 3
      vertex -84.0363 91.9125 -3
      vertex -84.0363 91.9125 3
    endloop
  endfacet
  facet normal 0.998628 -0.0523616 0
    outer loop
      vertex -93.9807 88.0953 3
      vertex -93.9194 89.2644 -3
      vertex -93.9194 89.2644 3
    endloop
  endfacet
  facet normal 0.998628 -0.0523616 0
    outer loop
      vertex -93.9194 89.2644 -3
      vertex -93.9807 88.0953 3
      vertex -93.9807 88.0953 -3
    endloop
  endfacet
  facet normal 0.156485 0.98768 -0
    outer loop
      vertex -88.6814 82.796 -3
      vertex -89.8377 82.9792 3
      vertex -88.6814 82.796 3
    endloop
  endfacet
  facet normal 0.156485 0.98768 0
    outer loop
      vertex -89.8377 82.9792 3
      vertex -88.6814 82.796 -3
      vertex -89.8377 82.9792 -3
    endloop
  endfacet
  facet normal 0.544646 0.838666 -0
    outer loop
      vertex -90.9307 83.3987 -3
      vertex -91.9125 84.0363 3
      vertex -90.9307 83.3987 3
    endloop
  endfacet
  facet normal 0.544646 0.838666 0
    outer loop
      vertex -91.9125 84.0363 3
      vertex -90.9307 83.3987 -3
      vertex -91.9125 84.0363 -3
    endloop
  endfacet
  facet normal 0.258821 -0.965925 0
    outer loop
      vertex -90.3952 93.6164 -3
      vertex -89.2644 93.9194 3
      vertex -90.3952 93.6164 3
    endloop
  endfacet
  facet normal 0.258821 -0.965925 0
    outer loop
      vertex -89.2644 93.9194 3
      vertex -90.3952 93.6164 -3
      vertex -89.2644 93.9194 -3
    endloop
  endfacet
  facet normal 0.965925 -0.258821 0
    outer loop
      vertex -93.9194 89.2644 3
      vertex -93.6164 90.3952 -3
      vertex -93.6164 90.3952 3
    endloop
  endfacet
  facet normal 0.965925 -0.258821 0
    outer loop
      vertex -93.6164 90.3952 -3
      vertex -93.9194 89.2644 3
      vertex -93.9194 89.2644 -3
    endloop
  endfacet
  facet normal 0.891002 -0.454 0
    outer loop
      vertex -93.6164 90.3952 3
      vertex -93.0849 91.4383 -3
      vertex -93.0849 91.4383 3
    endloop
  endfacet
  facet normal 0.891002 -0.454 0
    outer loop
      vertex -93.0849 91.4383 -3
      vertex -93.6164 90.3952 3
      vertex -93.6164 90.3952 -3
    endloop
  endfacet
  facet normal 0.933599 0.358321 0
    outer loop
      vertex -93.378 85.846 3
      vertex -93.7975 86.939 -3
      vertex -93.7975 86.939 3
    endloop
  endfacet
  facet normal 0.933599 0.358321 0
    outer loop
      vertex -93.7975 86.939 -3
      vertex -93.378 85.846 3
      vertex -93.378 85.846 -3
    endloop
  endfacet
  facet normal 0.838666 0.544646 0
    outer loop
      vertex -92.7404 84.8642 3
      vertex -93.378 85.846 -3
      vertex -93.378 85.846 3
    endloop
  endfacet
  facet normal 0.838666 0.544646 0
    outer loop
      vertex -93.378 85.846 -3
      vertex -92.7404 84.8642 3
      vertex -92.7404 84.8642 -3
    endloop
  endfacet
  facet normal 0.98768 0.156485 0
    outer loop
      vertex -93.7975 86.939 3
      vertex -93.9807 88.0953 -3
      vertex -93.9807 88.0953 3
    endloop
  endfacet
  facet normal 0.98768 0.156485 0
    outer loop
      vertex -93.9807 88.0953 -3
      vertex -93.7975 86.939 3
      vertex -93.7975 86.939 -3
    endloop
  endfacet
  facet normal -0.258821 0.965925 0
    outer loop
      vertex -86.3815 83.1603 -3
      vertex -87.5123 82.8573 3
      vertex -86.3815 83.1603 3
    endloop
  endfacet
  facet normal -0.258821 0.965925 0
    outer loop
      vertex -87.5123 82.8573 3
      vertex -86.3815 83.1603 -3
      vertex -87.5123 82.8573 -3
    endloop
  endfacet
  facet normal -0.0523616 0.998628 0
    outer loop
      vertex -87.5123 82.8573 -3
      vertex -88.6814 82.796 3
      vertex -87.5123 82.8573 3
    endloop
  endfacet
  facet normal -0.0523616 0.998628 0
    outer loop
      vertex -88.6814 82.796 3
      vertex -87.5123 82.8573 -3
      vertex -88.6814 82.796 -3
    endloop
  endfacet
  facet normal -0.454 0.891002 0
    outer loop
      vertex -85.3384 83.6918 -3
      vertex -86.3815 83.1603 3
      vertex -85.3384 83.6918 3
    endloop
  endfacet
  facet normal -0.454 0.891002 0
    outer loop
      vertex -86.3815 83.1603 3
      vertex -85.3384 83.6918 -3
      vertex -86.3815 83.1603 -3
    endloop
  endfacet
  facet normal 0.358321 0.933599 -0
    outer loop
      vertex -89.8377 82.9792 -3
      vertex -90.9307 83.3987 3
      vertex -89.8377 82.9792 3
    endloop
  endfacet
  facet normal 0.358321 0.933599 0
    outer loop
      vertex -90.9307 83.3987 3
      vertex -89.8377 82.9792 -3
      vertex -90.9307 83.3987 -3
    endloop
  endfacet
  facet normal -0.544646 -0.838666 0
    outer loop
      vertex -85.846 93.378 -3
      vertex -84.8642 92.7404 3
      vertex -85.846 93.378 3
    endloop
  endfacet
  facet normal -0.544646 -0.838666 -0
    outer loop
      vertex -84.8642 92.7404 3
      vertex -85.846 93.378 -3
      vertex -84.8642 92.7404 -3
    endloop
  endfacet
  facet normal -0.156485 -0.98768 0
    outer loop
      vertex -88.0953 93.9807 -3
      vertex -86.939 93.7975 3
      vertex -88.0953 93.9807 3
    endloop
  endfacet
  facet normal -0.156485 -0.98768 -0
    outer loop
      vertex -86.939 93.7975 3
      vertex -88.0953 93.9807 -3
      vertex -86.939 93.7975 -3
    endloop
  endfacet
  facet normal 0.0523616 -0.998628 0
    outer loop
      vertex -89.2644 93.9194 -3
      vertex -88.0953 93.9807 3
      vertex -89.2644 93.9194 3
    endloop
  endfacet
  facet normal 0.0523616 -0.998628 0
    outer loop
      vertex -88.0953 93.9807 3
      vertex -89.2644 93.9194 -3
      vertex -88.0953 93.9807 -3
    endloop
  endfacet
  facet normal 0.454 -0.891002 0
    outer loop
      vertex -91.4383 93.0849 -3
      vertex -90.3952 93.6164 3
      vertex -91.4383 93.0849 3
    endloop
  endfacet
  facet normal 0.454 -0.891002 0
    outer loop
      vertex -90.3952 93.6164 3
      vertex -91.4383 93.0849 -3
      vertex -90.3952 93.6164 -3
    endloop
  endfacet
  facet normal 0.629351 -0.777122 0
    outer loop
      vertex -92.3481 92.3481 -3
      vertex -91.4383 93.0849 3
      vertex -92.3481 92.3481 3
    endloop
  endfacet
  facet normal 0.629351 -0.777122 0
    outer loop
      vertex -91.4383 93.0849 3
      vertex -92.3481 92.3481 -3
      vertex -91.4383 93.0849 -3
    endloop
  endfacet
  facet normal -0.98768 -0.156485 0
    outer loop
      vertex -82.796 88.6814 -3
      vertex -82.9792 89.8377 3
      vertex -82.9792 89.8377 -3
    endloop
  endfacet
  facet normal -0.98768 -0.156485 0
    outer loop
      vertex -82.9792 89.8377 3
      vertex -82.796 88.6814 -3
      vertex -82.796 88.6814 3
    endloop
  endfacet
  facet normal -0.965925 0.258821 0
    outer loop
      vertex -83.1603 86.3815 -3
      vertex -82.8573 87.5123 3
      vertex -82.8573 87.5123 -3
    endloop
  endfacet
  facet normal -0.965925 0.258821 0
    outer loop
      vertex -82.8573 87.5123 3
      vertex -83.1603 86.3815 -3
      vertex -83.1603 86.3815 3
    endloop
  endfacet
  facet normal -0.998628 0.0523616 0
    outer loop
      vertex -82.8573 87.5123 -3
      vertex -82.796 88.6814 3
      vertex -82.796 88.6814 -3
    endloop
  endfacet
  facet normal -0.998628 0.0523616 0
    outer loop
      vertex -82.796 88.6814 3
      vertex -82.8573 87.5123 -3
      vertex -82.8573 87.5123 3
    endloop
  endfacet
  facet normal -0.777122 0.629351 0
    outer loop
      vertex -84.4286 84.4286 -3
      vertex -83.6918 85.3384 3
      vertex -83.6918 85.3384 -3
    endloop
  endfacet
  facet normal -0.777122 0.629351 0
    outer loop
      vertex -83.6918 85.3384 3
      vertex -84.4286 84.4286 -3
      vertex -84.4286 84.4286 3
    endloop
  endfacet
  facet normal -0.358321 -0.933599 0
    outer loop
      vertex -86.939 93.7975 -3
      vertex -85.846 93.378 3
      vertex -86.939 93.7975 3
    endloop
  endfacet
  facet normal -0.358321 -0.933599 -0
    outer loop
      vertex -85.846 93.378 3
      vertex -86.939 93.7975 -3
      vertex -85.846 93.378 -3
    endloop
  endfacet
  facet normal -0.838666 -0.544646 0
    outer loop
      vertex -83.3987 90.9307 -3
      vertex -84.0363 91.9125 3
      vertex -84.0363 91.9125 -3
    endloop
  endfacet
  facet normal -0.838666 -0.544646 0
    outer loop
      vertex -84.0363 91.9125 3
      vertex -83.3987 90.9307 -3
      vertex -83.3987 90.9307 3
    endloop
  endfacet
  facet normal -0.891002 0.454 0
    outer loop
      vertex -83.6918 85.3384 -3
      vertex -83.1603 86.3815 3
      vertex -83.1603 86.3815 -3
    endloop
  endfacet
  facet normal -0.891002 0.454 0
    outer loop
      vertex -83.1603 86.3815 3
      vertex -83.6918 85.3384 -3
      vertex -83.6918 85.3384 3
    endloop
  endfacet
  facet normal -0.933599 -0.358321 0
    outer loop
      vertex -82.9792 89.8377 -3
      vertex -83.3987 90.9307 3
      vertex -83.3987 90.9307 -3
    endloop
  endfacet
  facet normal -0.933599 -0.358321 0
    outer loop
      vertex -83.3987 90.9307 3
      vertex -82.9792 89.8377 -3
      vertex -82.9792 89.8377 3
    endloop
  endfacet
  facet normal 0.809086 -0.58769 0
    outer loop
      vertex -78.4111 89.0693 3
      vertex -78.1353 89.449 -3
      vertex -78.1353 89.449 3
    endloop
  endfacet
  facet normal 0.809086 -0.58769 0
    outer loop
      vertex -78.1353 89.449 -3
      vertex -78.4111 89.0693 3
      vertex -78.4111 89.0693 -3
    endloop
  endfacet
  facet normal -0.58783 0.808985 0
    outer loop
      vertex -76.014 87.3277 -3
      vertex -76.3937 87.0518 3
      vertex -76.014 87.3277 3
    endloop
  endfacet
  facet normal -0.58783 0.808985 0
    outer loop
      vertex -76.3937 87.0518 3
      vertex -76.014 87.3277 -3
      vertex -76.3937 87.0518 -3
    endloop
  endfacet
  facet normal 0.58783 0.808985 -0
    outer loop
      vertex -77.7556 87.0518 -3
      vertex -78.1353 87.3277 3
      vertex -77.7556 87.0518 3
    endloop
  endfacet
  facet normal 0.58783 0.808985 0
    outer loop
      vertex -78.1353 87.3277 3
      vertex -77.7556 87.0518 -3
      vertex -78.1353 87.3277 -3
    endloop
  endfacet
  facet normal 1 -0 0
    outer loop
      vertex -78.5562 88.1537 3
      vertex -78.5562 88.623 -3
      vertex -78.5562 88.623 3
    endloop
  endfacet
  facet normal 1 0 0
    outer loop
      vertex -78.5562 88.623 -3
      vertex -78.5562 88.1537 3
      vertex -78.5562 88.1537 -3
    endloop
  endfacet
  facet normal 0.951001 -0.309187 0
    outer loop
      vertex -78.5562 88.623 3
      vertex -78.4111 89.0693 -3
      vertex -78.4111 89.0693 3
    endloop
  endfacet
  facet normal 0.951001 -0.309187 0
    outer loop
      vertex -78.4111 89.0693 -3
      vertex -78.5562 88.623 3
      vertex -78.5562 88.623 -3
    endloop
  endfacet
  facet normal 0.951001 0.309187 0
    outer loop
      vertex -78.4111 87.7074 3
      vertex -78.5562 88.1537 -3
      vertex -78.5562 88.1537 3
    endloop
  endfacet
  facet normal 0.951001 0.309187 0
    outer loop
      vertex -78.5562 88.1537 -3
      vertex -78.4111 87.7074 3
      vertex -78.4111 87.7074 -3
    endloop
  endfacet
  facet normal 0 1 -0
    outer loop
      vertex -76.84 86.9068 -3
      vertex -77.3093 86.9068 3
      vertex -76.84 86.9068 3
    endloop
  endfacet
  facet normal 0 1 0
    outer loop
      vertex -77.3093 86.9068 3
      vertex -76.84 86.9068 -3
      vertex -77.3093 86.9068 -3
    endloop
  endfacet
  facet normal -0.308995 0.951064 0
    outer loop
      vertex -76.3937 87.0518 -3
      vertex -76.84 86.9068 3
      vertex -76.3937 87.0518 3
    endloop
  endfacet
  facet normal -0.308995 0.951064 0
    outer loop
      vertex -76.84 86.9068 3
      vertex -76.3937 87.0518 -3
      vertex -76.84 86.9068 -3
    endloop
  endfacet
  facet normal 0.308995 0.951064 -0
    outer loop
      vertex -77.3093 86.9068 -3
      vertex -77.7556 87.0518 3
      vertex -77.3093 86.9068 3
    endloop
  endfacet
  facet normal 0.308995 0.951064 0
    outer loop
      vertex -77.7556 87.0518 3
      vertex -77.3093 86.9068 -3
      vertex -77.7556 87.0518 -3
    endloop
  endfacet
  facet normal 0.308995 -0.951064 0
    outer loop
      vertex -77.7556 89.7249 -3
      vertex -77.3093 89.8699 3
      vertex -77.7556 89.7249 3
    endloop
  endfacet
  facet normal 0.308995 -0.951064 0
    outer loop
      vertex -77.3093 89.8699 3
      vertex -77.7556 89.7249 -3
      vertex -77.3093 89.8699 -3
    endloop
  endfacet
  facet normal -1 0 0
    outer loop
      vertex -75.5931 88.1537 -3
      vertex -75.5931 88.623 3
      vertex -75.5931 88.623 -3
    endloop
  endfacet
  facet normal -1 -0 0
    outer loop
      vertex -75.5931 88.623 3
      vertex -75.5931 88.1537 -3
      vertex -75.5931 88.1537 3
    endloop
  endfacet
  facet normal -0.808985 0.58783 0
    outer loop
      vertex -76.014 87.3277 -3
      vertex -75.7381 87.7074 3
      vertex -75.7381 87.7074 -3
    endloop
  endfacet
  facet normal -0.808985 0.58783 0
    outer loop
      vertex -75.7381 87.7074 3
      vertex -76.014 87.3277 -3
      vertex -76.014 87.3277 3
    endloop
  endfacet
  facet normal 0.809086 0.58769 0
    outer loop
      vertex -78.1353 87.3277 3
      vertex -78.4111 87.7074 -3
      vertex -78.4111 87.7074 3
    endloop
  endfacet
  facet normal 0.809086 0.58769 0
    outer loop
      vertex -78.4111 87.7074 -3
      vertex -78.1353 87.3277 3
      vertex -78.1353 87.3277 -3
    endloop
  endfacet
  facet normal 0.58783 -0.808985 0
    outer loop
      vertex -78.1353 89.449 -3
      vertex -77.7556 89.7249 3
      vertex -78.1353 89.449 3
    endloop
  endfacet
  facet normal 0.58783 -0.808985 0
    outer loop
      vertex -77.7556 89.7249 3
      vertex -78.1353 89.449 -3
      vertex -77.7556 89.7249 -3
    endloop
  endfacet
  facet normal -0.58783 -0.808985 0
    outer loop
      vertex -76.3937 89.7249 -3
      vertex -76.014 89.449 3
      vertex -76.3937 89.7249 3
    endloop
  endfacet
  facet normal -0.58783 -0.808985 -0
    outer loop
      vertex -76.014 89.449 3
      vertex -76.3937 89.7249 -3
      vertex -76.014 89.449 -3
    endloop
  endfacet
  facet normal 0 -1 0
    outer loop
      vertex -77.3093 89.8699 -3
      vertex -76.84 89.8699 3
      vertex -77.3093 89.8699 3
    endloop
  endfacet
  facet normal 0 -1 -0
    outer loop
      vertex -76.84 89.8699 3
      vertex -77.3093 89.8699 -3
      vertex -76.84 89.8699 -3
    endloop
  endfacet
  facet normal -0.951064 -0.308995 0
    outer loop
      vertex -75.5931 88.623 -3
      vertex -75.7381 89.0693 3
      vertex -75.7381 89.0693 -3
    endloop
  endfacet
  facet normal -0.951064 -0.308995 0
    outer loop
      vertex -75.7381 89.0693 3
      vertex -75.5931 88.623 -3
      vertex -75.5931 88.623 3
    endloop
  endfacet
  facet normal -0.951064 0.308995 0
    outer loop
      vertex -75.7381 87.7074 -3
      vertex -75.5931 88.1537 3
      vertex -75.5931 88.1537 -3
    endloop
  endfacet
  facet normal -0.951064 0.308995 0
    outer loop
      vertex -75.5931 88.1537 3
      vertex -75.7381 87.7074 -3
      vertex -75.7381 87.7074 3
    endloop
  endfacet
  facet normal -0.308995 -0.951064 0
    outer loop
      vertex -76.84 89.8699 -3
      vertex -76.3937 89.7249 3
      vertex -76.84 89.8699 3
    endloop
  endfacet
  facet normal -0.308995 -0.951064 -0
    outer loop
      vertex -76.3937 89.7249 3
      vertex -76.84 89.8699 -3
      vertex -76.3937 89.7249 -3
    endloop
  endfacet
  facet normal -0.808985 -0.58783 0
    outer loop
      vertex -75.7381 89.0693 -3
      vertex -76.014 89.449 3
      vertex -76.014 89.449 -3
    endloop
  endfacet
  facet normal -0.808985 -0.58783 0
    outer loop
      vertex -76.014 89.449 3
      vertex -75.7381 89.0693 -3
      vertex -75.7381 89.0693 3
    endloop
  endfacet
  facet normal 0.809205 -0.587526 0
    outer loop
      vertex -89.7249 100.383 3
      vertex -89.449 100.763 -3
      vertex -89.449 100.763 3
    endloop
  endfacet
  facet normal 0.809205 -0.587526 0
    outer loop
      vertex -89.449 100.763 -3
      vertex -89.7249 100.383 3
      vertex -89.7249 100.383 -3
    endloop
  endfacet
  facet normal 0.58783 0.808985 -0
    outer loop
      vertex -89.0693 98.3655 -3
      vertex -89.449 98.6414 3
      vertex -89.0693 98.3655 3
    endloop
  endfacet
  facet normal 0.58783 0.808985 0
    outer loop
      vertex -89.449 98.6414 3
      vertex -89.0693 98.3655 -3
      vertex -89.449 98.6414 -3
    endloop
  endfacet
  facet normal -0.587969 -0.808883 0
    outer loop
      vertex -87.7074 101.039 -3
      vertex -87.3277 100.763 3
      vertex -87.7074 101.039 3
    endloop
  endfacet
  facet normal -0.587969 -0.808883 -0
    outer loop
      vertex -87.3277 100.763 3
      vertex -87.7074 101.039 -3
      vertex -87.3277 100.763 -3
    endloop
  endfacet
  facet normal -0.308995 -0.951064 0
    outer loop
      vertex -88.1537 101.184 -3
      vertex -87.7074 101.039 3
      vertex -88.1537 101.184 3
    endloop
  endfacet
  facet normal -0.308995 -0.951064 -0
    outer loop
      vertex -87.7074 101.039 3
      vertex -88.1537 101.184 -3
      vertex -87.7074 101.039 -3
    endloop
  endfacet
  facet normal 1 -0 0
    outer loop
      vertex -89.8699 99.4674 3
      vertex -89.8699 99.9367 -3
      vertex -89.8699 99.9367 3
    endloop
  endfacet
  facet normal 1 0 0
    outer loop
      vertex -89.8699 99.9367 -3
      vertex -89.8699 99.4674 3
      vertex -89.8699 99.4674 -3
    endloop
  endfacet
  facet normal 0.951064 -0.308995 0
    outer loop
      vertex -89.8699 99.9367 3
      vertex -89.7249 100.383 -3
      vertex -89.7249 100.383 3
    endloop
  endfacet
  facet normal 0.951064 -0.308995 0
    outer loop
      vertex -89.7249 100.383 -3
      vertex -89.8699 99.9367 3
      vertex -89.8699 99.9367 -3
    endloop
  endfacet
  facet normal 0.951064 0.308995 0
    outer loop
      vertex -89.7249 99.0211 3
      vertex -89.8699 99.4674 -3
      vertex -89.8699 99.4674 3
    endloop
  endfacet
  facet normal 0.951064 0.308995 0
    outer loop
      vertex -89.8699 99.4674 -3
      vertex -89.7249 99.0211 3
      vertex -89.7249 99.0211 -3
    endloop
  endfacet
  facet normal 0 1 -0
    outer loop
      vertex -88.1537 98.2205 -3
      vertex -88.623 98.2205 3
      vertex -88.1537 98.2205 3
    endloop
  endfacet
  facet normal 0 1 0
    outer loop
      vertex -88.623 98.2205 3
      vertex -88.1537 98.2205 -3
      vertex -88.623 98.2205 -3
    endloop
  endfacet
  facet normal -0.308995 0.951064 0
    outer loop
      vertex -87.7074 98.3655 -3
      vertex -88.1537 98.2205 3
      vertex -87.7074 98.3655 3
    endloop
  endfacet
  facet normal -0.308995 0.951064 0
    outer loop
      vertex -88.1537 98.2205 3
      vertex -87.7074 98.3655 -3
      vertex -88.1537 98.2205 -3
    endloop
  endfacet
  facet normal 0.308995 0.951064 -0
    outer loop
      vertex -88.623 98.2205 -3
      vertex -89.0693 98.3655 3
      vertex -88.623 98.2205 3
    endloop
  endfacet
  facet normal 0.308995 0.951064 0
    outer loop
      vertex -89.0693 98.3655 3
      vertex -88.623 98.2205 -3
      vertex -89.0693 98.3655 -3
    endloop
  endfacet
  facet normal 0.808985 0.58783 0
    outer loop
      vertex -89.449 98.6414 3
      vertex -89.7249 99.0211 -3
      vertex -89.7249 99.0211 3
    endloop
  endfacet
  facet normal 0.808985 0.58783 0
    outer loop
      vertex -89.7249 99.0211 -3
      vertex -89.449 98.6414 3
      vertex -89.449 98.6414 -3
    endloop
  endfacet
  facet normal -0.58783 0.808985 0
    outer loop
      vertex -87.3277 98.6414 -3
      vertex -87.7074 98.3655 3
      vertex -87.3277 98.6414 3
    endloop
  endfacet
  facet normal -0.58783 0.808985 0
    outer loop
      vertex -87.7074 98.3655 3
      vertex -87.3277 98.6414 -3
      vertex -87.7074 98.3655 -3
    endloop
  endfacet
  facet normal 0.587969 -0.808883 0
    outer loop
      vertex -89.449 100.763 -3
      vertex -89.0693 101.039 3
      vertex -89.449 100.763 3
    endloop
  endfacet
  facet normal 0.587969 -0.808883 0
    outer loop
      vertex -89.0693 101.039 3
      vertex -89.449 100.763 -3
      vertex -89.0693 101.039 -3
    endloop
  endfacet
  facet normal 0 -1 0
    outer loop
      vertex -88.623 101.184 -3
      vertex -88.1537 101.184 3
      vertex -88.623 101.184 3
    endloop
  endfacet
  facet normal 0 -1 -0
    outer loop
      vertex -88.1537 101.184 3
      vertex -88.623 101.184 -3
      vertex -88.1537 101.184 -3
    endloop
  endfacet
  facet normal 0.308995 -0.951064 0
    outer loop
      vertex -89.0693 101.039 -3
      vertex -88.623 101.184 3
      vertex -89.0693 101.039 3
    endloop
  endfacet
  facet normal 0.308995 -0.951064 0
    outer loop
      vertex -88.623 101.184 3
      vertex -89.0693 101.039 -3
      vertex -88.623 101.184 -3
    endloop
  endfacet
  facet normal -0.808985 0.58783 0
    outer loop
      vertex -87.3277 98.6414 -3
      vertex -87.0518 99.0211 3
      vertex -87.0518 99.0211 -3
    endloop
  endfacet
  facet normal -0.808985 0.58783 0
    outer loop
      vertex -87.0518 99.0211 3
      vertex -87.3277 98.6414 -3
      vertex -87.3277 98.6414 3
    endloop
  endfacet
  facet normal -0.951064 -0.308995 0
    outer loop
      vertex -86.9068 99.9367 -3
      vertex -87.0518 100.383 3
      vertex -87.0518 100.383 -3
    endloop
  endfacet
  facet normal -0.951064 -0.308995 0
    outer loop
      vertex -87.0518 100.383 3
      vertex -86.9068 99.9367 -3
      vertex -86.9068 99.9367 3
    endloop
  endfacet
  facet normal -1 0 0
    outer loop
      vertex -86.9068 99.4674 -3
      vertex -86.9068 99.9367 3
      vertex -86.9068 99.9367 -3
    endloop
  endfacet
  facet normal -1 -0 0
    outer loop
      vertex -86.9068 99.9367 3
      vertex -86.9068 99.4674 -3
      vertex -86.9068 99.4674 3
    endloop
  endfacet
  facet normal -0.951064 0.308995 0
    outer loop
      vertex -87.0518 99.0211 -3
      vertex -86.9068 99.4674 3
      vertex -86.9068 99.4674 -3
    endloop
  endfacet
  facet normal -0.951064 0.308995 0
    outer loop
      vertex -86.9068 99.4674 3
      vertex -87.0518 99.0211 -3
      vertex -87.0518 99.0211 3
    endloop
  endfacet
  facet normal -0.809205 -0.587526 0
    outer loop
      vertex -87.0518 100.383 -3
      vertex -87.3277 100.763 3
      vertex -87.3277 100.763 -3
    endloop
  endfacet
  facet normal -0.809205 -0.587526 0
    outer loop
      vertex -87.3277 100.763 3
      vertex -87.0518 100.383 -3
      vertex -87.0518 100.383 3
    endloop
  endfacet
  facet normal 0.808883 -0.587969 0
    outer loop
      vertex -101.039 89.0693 3
      vertex -100.763 89.449 -3
      vertex -100.763 89.449 3
    endloop
  endfacet
  facet normal 0.808883 -0.587969 0
    outer loop
      vertex -100.763 89.449 -3
      vertex -101.039 89.0693 3
      vertex -101.039 89.0693 -3
    endloop
  endfacet
  facet normal -0.808985 0.58783 0
    outer loop
      vertex -98.6414 87.3277 -3
      vertex -98.3655 87.7074 3
      vertex -98.3655 87.7074 -3
    endloop
  endfacet
  facet normal -0.808985 0.58783 0
    outer loop
      vertex -98.3655 87.7074 3
      vertex -98.6414 87.3277 -3
      vertex -98.6414 87.3277 3
    endloop
  endfacet
  facet normal 0.587526 0.809205 -0
    outer loop
      vertex -100.383 87.0518 -3
      vertex -100.763 87.3277 3
      vertex -100.383 87.0518 3
    endloop
  endfacet
  facet normal 0.587526 0.809205 0
    outer loop
      vertex -100.763 87.3277 3
      vertex -100.383 87.0518 -3
      vertex -100.763 87.3277 -3
    endloop
  endfacet
  facet normal -0.58783 -0.808985 0
    outer loop
      vertex -99.0211 89.7249 -3
      vertex -98.6414 89.449 3
      vertex -99.0211 89.7249 3
    endloop
  endfacet
  facet normal -0.58783 -0.808985 -0
    outer loop
      vertex -98.6414 89.449 3
      vertex -99.0211 89.7249 -3
      vertex -98.6414 89.449 -3
    endloop
  endfacet
  facet normal 1 -0 0
    outer loop
      vertex -101.184 88.1537 3
      vertex -101.184 88.623 -3
      vertex -101.184 88.623 3
    endloop
  endfacet
  facet normal 1 0 0
    outer loop
      vertex -101.184 88.623 -3
      vertex -101.184 88.1537 3
      vertex -101.184 88.1537 -3
    endloop
  endfacet
  facet normal 0.951064 -0.308995 0
    outer loop
      vertex -101.184 88.623 3
      vertex -101.039 89.0693 -3
      vertex -101.039 89.0693 3
    endloop
  endfacet
  facet normal 0.951064 -0.308995 0
    outer loop
      vertex -101.039 89.0693 -3
      vertex -101.184 88.623 3
      vertex -101.184 88.623 -3
    endloop
  endfacet
  facet normal 0 1 -0
    outer loop
      vertex -99.4674 86.9068 -3
      vertex -99.9367 86.9068 3
      vertex -99.4674 86.9068 3
    endloop
  endfacet
  facet normal 0 1 0
    outer loop
      vertex -99.9367 86.9068 3
      vertex -99.4674 86.9068 -3
      vertex -99.9367 86.9068 -3
    endloop
  endfacet
  facet normal -0.308995 0.951064 0
    outer loop
      vertex -99.0211 87.0518 -3
      vertex -99.4674 86.9068 3
      vertex -99.0211 87.0518 3
    endloop
  endfacet
  facet normal -0.308995 0.951064 0
    outer loop
      vertex -99.4674 86.9068 3
      vertex -99.0211 87.0518 -3
      vertex -99.4674 86.9068 -3
    endloop
  endfacet
  facet normal 0.308995 0.951064 -0
    outer loop
      vertex -99.9367 86.9068 -3
      vertex -100.383 87.0518 3
      vertex -99.9367 86.9068 3
    endloop
  endfacet
  facet normal 0.308995 0.951064 0
    outer loop
      vertex -100.383 87.0518 3
      vertex -99.9367 86.9068 -3
      vertex -100.383 87.0518 -3
    endloop
  endfacet
  facet normal -0.308995 -0.951064 0
    outer loop
      vertex -99.4674 89.8699 -3
      vertex -99.0211 89.7249 3
      vertex -99.4674 89.8699 3
    endloop
  endfacet
  facet normal -0.308995 -0.951064 -0
    outer loop
      vertex -99.0211 89.7249 3
      vertex -99.4674 89.8699 -3
      vertex -99.0211 89.7249 -3
    endloop
  endfacet
  facet normal 0.308995 -0.951064 0
    outer loop
      vertex -100.383 89.7249 -3
      vertex -99.9367 89.8699 3
      vertex -100.383 89.7249 3
    endloop
  endfacet
  facet normal 0.308995 -0.951064 0
    outer loop
      vertex -99.9367 89.8699 3
      vertex -100.383 89.7249 -3
      vertex -99.9367 89.8699 -3
    endloop
  endfacet
  facet normal -0.951064 -0.308995 0
    outer loop
      vertex -98.2205 88.623 -3
      vertex -98.3655 89.0693 3
      vertex -98.3655 89.0693 -3
    endloop
  endfacet
  facet normal -0.951064 -0.308995 0
    outer loop
      vertex -98.3655 89.0693 3
      vertex -98.2205 88.623 -3
      vertex -98.2205 88.623 3
    endloop
  endfacet
  facet normal -0.951064 0.308995 0
    outer loop
      vertex -98.3655 87.7074 -3
      vertex -98.2205 88.1537 3
      vertex -98.2205 88.1537 -3
    endloop
  endfacet
  facet normal -0.951064 0.308995 0
    outer loop
      vertex -98.2205 88.1537 3
      vertex -98.3655 87.7074 -3
      vertex -98.3655 87.7074 3
    endloop
  endfacet
  facet normal 0.808883 0.587969 0
    outer loop
      vertex -100.763 87.3277 3
      vertex -101.039 87.7074 -3
      vertex -101.039 87.7074 3
    endloop
  endfacet
  facet normal 0.808883 0.587969 0
    outer loop
      vertex -101.039 87.7074 -3
      vertex -100.763 87.3277 3
      vertex -100.763 87.3277 -3
    endloop
  endfacet
  facet normal 0.951064 0.308995 0
    outer loop
      vertex -101.039 87.7074 3
      vertex -101.184 88.1537 -3
      vertex -101.184 88.1537 3
    endloop
  endfacet
  facet normal 0.951064 0.308995 0
    outer loop
      vertex -101.184 88.1537 -3
      vertex -101.039 87.7074 3
      vertex -101.039 87.7074 -3
    endloop
  endfacet
  facet normal -0.58783 0.808985 0
    outer loop
      vertex -98.6414 87.3277 -3
      vertex -99.0211 87.0518 3
      vertex -98.6414 87.3277 3
    endloop
  endfacet
  facet normal -0.58783 0.808985 0
    outer loop
      vertex -99.0211 87.0518 3
      vertex -98.6414 87.3277 -3
      vertex -99.0211 87.0518 -3
    endloop
  endfacet
  facet normal 0 -1 0
    outer loop
      vertex -99.9367 89.8699 -3
      vertex -99.4674 89.8699 3
      vertex -99.9367 89.8699 3
    endloop
  endfacet
  facet normal 0 -1 -0
    outer loop
      vertex -99.4674 89.8699 3
      vertex -99.9367 89.8699 -3
      vertex -99.4674 89.8699 -3
    endloop
  endfacet
  facet normal -0.808985 -0.58783 0
    outer loop
      vertex -98.3655 89.0693 -3
      vertex -98.6414 89.449 3
      vertex -98.6414 89.449 -3
    endloop
  endfacet
  facet normal -0.808985 -0.58783 0
    outer loop
      vertex -98.6414 89.449 3
      vertex -98.3655 89.0693 -3
      vertex -98.3655 89.0693 3
    endloop
  endfacet
  facet normal -1 0 0
    outer loop
      vertex -98.2205 88.1537 -3
      vertex -98.2205 88.623 3
      vertex -98.2205 88.623 -3
    endloop
  endfacet
  facet normal -1 -0 0
    outer loop
      vertex -98.2205 88.623 3
      vertex -98.2205 88.1537 -3
      vertex -98.2205 88.1537 3
    endloop
  endfacet
  facet normal 0.587526 -0.809205 0
    outer loop
      vertex -100.763 89.449 -3
      vertex -100.383 89.7249 3
      vertex -100.763 89.449 3
    endloop
  endfacet
  facet normal 0.587526 -0.809205 0
    outer loop
      vertex -100.383 89.7249 3
      vertex -100.763 89.449 -3
      vertex -100.383 89.7249 -3
    endloop
  endfacet
  facet normal 0.808985 -0.58783 0
    outer loop
      vertex -89.7249 77.7556 3
      vertex -89.449 78.1353 -3
      vertex -89.449 78.1353 3
    endloop
  endfacet
  facet normal 0.808985 -0.58783 0
    outer loop
      vertex -89.449 78.1353 -3
      vertex -89.7249 77.7556 3
      vertex -89.7249 77.7556 -3
    endloop
  endfacet
  facet normal -0.58783 0.808985 0
    outer loop
      vertex -87.3277 76.014 -3
      vertex -87.7074 75.7381 3
      vertex -87.3277 76.014 3
    endloop
  endfacet
  facet normal -0.58783 0.808985 0
    outer loop
      vertex -87.7074 75.7381 3
      vertex -87.3277 76.014 -3
      vertex -87.7074 75.7381 -3
    endloop
  endfacet
  facet normal 0.808985 0.58783 0
    outer loop
      vertex -89.449 76.014 3
      vertex -89.7249 76.3937 -3
      vertex -89.7249 76.3937 3
    endloop
  endfacet
  facet normal 0.808985 0.58783 0
    outer loop
      vertex -89.7249 76.3937 -3
      vertex -89.449 76.014 3
      vertex -89.449 76.014 -3
    endloop
  endfacet
  facet normal -0.58769 -0.809086 0
    outer loop
      vertex -87.7074 78.4111 -3
      vertex -87.3277 78.1353 3
      vertex -87.7074 78.4111 3
    endloop
  endfacet
  facet normal -0.58769 -0.809086 -0
    outer loop
      vertex -87.3277 78.1353 3
      vertex -87.7074 78.4111 -3
      vertex -87.3277 78.1353 -3
    endloop
  endfacet
  facet normal -0.309187 -0.951001 0
    outer loop
      vertex -88.1537 78.5562 -3
      vertex -87.7074 78.4111 3
      vertex -88.1537 78.5562 3
    endloop
  endfacet
  facet normal -0.309187 -0.951001 -0
    outer loop
      vertex -87.7074 78.4111 3
      vertex -88.1537 78.5562 -3
      vertex -87.7074 78.4111 -3
    endloop
  endfacet
  facet normal 1 -0 0
    outer loop
      vertex -89.8699 76.84 3
      vertex -89.8699 77.3093 -3
      vertex -89.8699 77.3093 3
    endloop
  endfacet
  facet normal 1 0 0
    outer loop
      vertex -89.8699 77.3093 -3
      vertex -89.8699 76.84 3
      vertex -89.8699 76.84 -3
    endloop
  endfacet
  facet normal 0.951064 -0.308995 0
    outer loop
      vertex -89.8699 77.3093 3
      vertex -89.7249 77.7556 -3
      vertex -89.7249 77.7556 3
    endloop
  endfacet
  facet normal 0.951064 -0.308995 0
    outer loop
      vertex -89.7249 77.7556 -3
      vertex -89.8699 77.3093 3
      vertex -89.8699 77.3093 -3
    endloop
  endfacet
  facet normal 0.951064 0.308995 0
    outer loop
      vertex -89.7249 76.3937 3
      vertex -89.8699 76.84 -3
      vertex -89.8699 76.84 3
    endloop
  endfacet
  facet normal 0.951064 0.308995 0
    outer loop
      vertex -89.8699 76.84 -3
      vertex -89.7249 76.3937 3
      vertex -89.7249 76.3937 -3
    endloop
  endfacet
  facet normal 0.308995 0.951064 -0
    outer loop
      vertex -88.623 75.5931 -3
      vertex -89.0693 75.7381 3
      vertex -88.623 75.5931 3
    endloop
  endfacet
  facet normal 0.308995 0.951064 0
    outer loop
      vertex -89.0693 75.7381 3
      vertex -88.623 75.5931 -3
      vertex -89.0693 75.7381 -3
    endloop
  endfacet
  facet normal 0 1 -0
    outer loop
      vertex -88.1537 75.5931 -3
      vertex -88.623 75.5931 3
      vertex -88.1537 75.5931 3
    endloop
  endfacet
  facet normal 0 1 0
    outer loop
      vertex -88.623 75.5931 3
      vertex -88.1537 75.5931 -3
      vertex -88.623 75.5931 -3
    endloop
  endfacet
  facet normal 0.58783 0.808985 -0
    outer loop
      vertex -89.0693 75.7381 -3
      vertex -89.449 76.014 3
      vertex -89.0693 75.7381 3
    endloop
  endfacet
  facet normal 0.58783 0.808985 0
    outer loop
      vertex -89.449 76.014 3
      vertex -89.0693 75.7381 -3
      vertex -89.449 76.014 -3
    endloop
  endfacet
  facet normal -1 0 0
    outer loop
      vertex -86.9068 76.84 -3
      vertex -86.9068 77.3093 3
      vertex -86.9068 77.3093 -3
    endloop
  endfacet
  facet normal -1 -0 0
    outer loop
      vertex -86.9068 77.3093 3
      vertex -86.9068 76.84 -3
      vertex -86.9068 76.84 3
    endloop
  endfacet
  facet normal -0.308995 0.951064 0
    outer loop
      vertex -87.7074 75.7381 -3
      vertex -88.1537 75.5931 3
      vertex -87.7074 75.7381 3
    endloop
  endfacet
  facet normal -0.308995 0.951064 0
    outer loop
      vertex -88.1537 75.5931 3
      vertex -87.7074 75.7381 -3
      vertex -88.1537 75.5931 -3
    endloop
  endfacet
  facet normal 0 -1 0
    outer loop
      vertex -88.623 78.5562 -3
      vertex -88.1537 78.5562 3
      vertex -88.623 78.5562 3
    endloop
  endfacet
  facet normal 0 -1 -0
    outer loop
      vertex -88.1537 78.5562 3
      vertex -88.623 78.5562 -3
      vertex -88.1537 78.5562 -3
    endloop
  endfacet
  facet normal 0.309187 -0.951001 0
    outer loop
      vertex -89.0693 78.4111 -3
      vertex -88.623 78.5562 3
      vertex -89.0693 78.4111 3
    endloop
  endfacet
  facet normal 0.309187 -0.951001 0
    outer loop
      vertex -88.623 78.5562 3
      vertex -89.0693 78.4111 -3
      vertex -88.623 78.5562 -3
    endloop
  endfacet
  facet normal 0.58769 -0.809086 0
    outer loop
      vertex -89.449 78.1353 -3
      vertex -89.0693 78.4111 3
      vertex -89.449 78.1353 3
    endloop
  endfacet
  facet normal 0.58769 -0.809086 0
    outer loop
      vertex -89.0693 78.4111 3
      vertex -89.449 78.1353 -3
      vertex -89.0693 78.4111 -3
    endloop
  endfacet
  facet normal -0.808985 -0.58783 0
    outer loop
      vertex -87.0518 77.7556 -3
      vertex -87.3277 78.1353 3
      vertex -87.3277 78.1353 -3
    endloop
  endfacet
  facet normal -0.808985 -0.58783 0
    outer loop
      vertex -87.3277 78.1353 3
      vertex -87.0518 77.7556 -3
      vertex -87.0518 77.7556 3
    endloop
  endfacet
  facet normal -0.951064 0.308995 0
    outer loop
      vertex -87.0518 76.3937 -3
      vertex -86.9068 76.84 3
      vertex -86.9068 76.84 -3
    endloop
  endfacet
  facet normal -0.951064 0.308995 0
    outer loop
      vertex -86.9068 76.84 3
      vertex -87.0518 76.3937 -3
      vertex -87.0518 76.3937 3
    endloop
  endfacet
  facet normal -0.808985 0.58783 0
    outer loop
      vertex -87.3277 76.014 -3
      vertex -87.0518 76.3937 3
      vertex -87.0518 76.3937 -3
    endloop
  endfacet
  facet normal -0.808985 0.58783 0
    outer loop
      vertex -87.0518 76.3937 3
      vertex -87.3277 76.014 -3
      vertex -87.3277 76.014 3
    endloop
  endfacet
  facet normal -0.951064 -0.308995 0
    outer loop
      vertex -86.9068 77.3093 -3
      vertex -87.0518 77.7556 3
      vertex -87.0518 77.7556 -3
    endloop
  endfacet
  facet normal -0.951064 -0.308995 0
    outer loop
      vertex -87.0518 77.7556 3
      vertex -86.9068 77.3093 -3
      vertex -86.9068 77.3093 3
    endloop
  endfacet
  facet normal 0.629351 0.777122 -0
    outer loop
      vertex -91.4383 -93.0849 -3
      vertex -92.3481 -92.3481 3
      vertex -91.4383 -93.0849 3
    endloop
  endfacet
  facet normal 0.629351 0.777122 0
    outer loop
      vertex -92.3481 -92.3481 3
      vertex -91.4383 -93.0849 -3
      vertex -92.3481 -92.3481 -3
    endloop
  endfacet
  facet normal -0.777122 -0.629351 0
    outer loop
      vertex -83.6918 -85.3384 -3
      vertex -84.4286 -84.4286 3
      vertex -84.4286 -84.4286 -3
    endloop
  endfacet
  facet normal -0.777122 -0.629351 0
    outer loop
      vertex -84.4286 -84.4286 3
      vertex -83.6918 -85.3384 -3
      vertex -83.6918 -85.3384 3
    endloop
  endfacet
  facet normal -0.707107 0.707107 0
    outer loop
      vertex -84.8642 -92.7404 -3
      vertex -84.0363 -91.9125 3
      vertex -84.0363 -91.9125 -3
    endloop
  endfacet
  facet normal -0.707107 0.707107 0
    outer loop
      vertex -84.0363 -91.9125 3
      vertex -84.8642 -92.7404 -3
      vertex -84.8642 -92.7404 3
    endloop
  endfacet
  facet normal 0.707107 -0.707107 0
    outer loop
      vertex -92.7404 -84.8642 3
      vertex -91.9125 -84.0363 -3
      vertex -91.9125 -84.0363 3
    endloop
  endfacet
  facet normal 0.707107 -0.707107 0
    outer loop
      vertex -91.9125 -84.0363 -3
      vertex -92.7404 -84.8642 3
      vertex -92.7404 -84.8642 -3
    endloop
  endfacet
  facet normal 0.0523616 0.998628 -0
    outer loop
      vertex -88.0953 -93.9807 -3
      vertex -89.2644 -93.9194 3
      vertex -88.0953 -93.9807 3
    endloop
  endfacet
  facet normal 0.0523616 0.998628 0
    outer loop
      vertex -89.2644 -93.9194 3
      vertex -88.0953 -93.9807 -3
      vertex -89.2644 -93.9194 -3
    endloop
  endfacet
  facet normal -0.98768 0.156485 0
    outer loop
      vertex -82.9792 -89.8377 -3
      vertex -82.796 -88.6814 3
      vertex -82.796 -88.6814 -3
    endloop
  endfacet
  facet normal -0.98768 0.156485 0
    outer loop
      vertex -82.796 -88.6814 3
      vertex -82.9792 -89.8377 -3
      vertex -82.9792 -89.8377 3
    endloop
  endfacet
  facet normal -0.838666 0.544646 0
    outer loop
      vertex -84.0363 -91.9125 -3
      vertex -83.3987 -90.9307 3
      vertex -83.3987 -90.9307 -3
    endloop
  endfacet
  facet normal -0.838666 0.544646 0
    outer loop
      vertex -83.3987 -90.9307 3
      vertex -84.0363 -91.9125 -3
      vertex -84.0363 -91.9125 3
    endloop
  endfacet
  facet normal 0.965925 0.258821 0
    outer loop
      vertex -93.6164 -90.3952 3
      vertex -93.9194 -89.2644 -3
      vertex -93.9194 -89.2644 3
    endloop
  endfacet
  facet normal 0.965925 0.258821 0
    outer loop
      vertex -93.9194 -89.2644 -3
      vertex -93.6164 -90.3952 3
      vertex -93.6164 -90.3952 -3
    endloop
  endfacet
  facet normal 0.258821 0.965925 -0
    outer loop
      vertex -89.2644 -93.9194 -3
      vertex -90.3952 -93.6164 3
      vertex -89.2644 -93.9194 3
    endloop
  endfacet
  facet normal 0.258821 0.965925 0
    outer loop
      vertex -90.3952 -93.6164 3
      vertex -89.2644 -93.9194 -3
      vertex -90.3952 -93.6164 -3
    endloop
  endfacet
  facet normal 0.454 0.891002 -0
    outer loop
      vertex -90.3952 -93.6164 -3
      vertex -91.4383 -93.0849 3
      vertex -90.3952 -93.6164 3
    endloop
  endfacet
  facet normal 0.454 0.891002 0
    outer loop
      vertex -91.4383 -93.0849 3
      vertex -90.3952 -93.6164 -3
      vertex -91.4383 -93.0849 -3
    endloop
  endfacet
  facet normal -0.358321 0.933599 0
    outer loop
      vertex -85.846 -93.378 -3
      vertex -86.939 -93.7975 3
      vertex -85.846 -93.378 3
    endloop
  endfacet
  facet normal -0.358321 0.933599 0
    outer loop
      vertex -86.939 -93.7975 3
      vertex -85.846 -93.378 -3
      vertex -86.939 -93.7975 -3
    endloop
  endfacet
  facet normal -0.544646 0.838666 0
    outer loop
      vertex -84.8642 -92.7404 -3
      vertex -85.846 -93.378 3
      vertex -84.8642 -92.7404 3
    endloop
  endfacet
  facet normal -0.544646 0.838666 0
    outer loop
      vertex -85.846 -93.378 3
      vertex -84.8642 -92.7404 -3
      vertex -85.846 -93.378 -3
    endloop
  endfacet
  facet normal -0.156485 0.98768 0
    outer loop
      vertex -86.939 -93.7975 -3
      vertex -88.0953 -93.9807 3
      vertex -86.939 -93.7975 3
    endloop
  endfacet
  facet normal -0.156485 0.98768 0
    outer loop
      vertex -88.0953 -93.9807 3
      vertex -86.939 -93.7975 -3
      vertex -88.0953 -93.9807 -3
    endloop
  endfacet
  facet normal -0.965925 -0.258821 0
    outer loop
      vertex -82.8573 -87.5123 -3
      vertex -83.1603 -86.3815 3
      vertex -83.1603 -86.3815 -3
    endloop
  endfacet
  facet normal -0.965925 -0.258821 0
    outer loop
      vertex -83.1603 -86.3815 3
      vertex -82.8573 -87.5123 -3
      vertex -82.8573 -87.5123 3
    endloop
  endfacet
  facet normal -0.998628 -0.0523616 0
    outer loop
      vertex -82.796 -88.6814 -3
      vertex -82.8573 -87.5123 3
      vertex -82.8573 -87.5123 -3
    endloop
  endfacet
  facet normal -0.998628 -0.0523616 0
    outer loop
      vertex -82.8573 -87.5123 3
      vertex -82.796 -88.6814 -3
      vertex -82.796 -88.6814 3
    endloop
  endfacet
  facet normal -0.891002 -0.454 0
    outer loop
      vertex -83.1603 -86.3815 -3
      vertex -83.6918 -85.3384 3
      vertex -83.6918 -85.3384 -3
    endloop
  endfacet
  facet normal -0.891002 -0.454 0
    outer loop
      vertex -83.6918 -85.3384 3
      vertex -83.1603 -86.3815 -3
      vertex -83.1603 -86.3815 3
    endloop
  endfacet
  facet normal -0.933599 0.358321 0
    outer loop
      vertex -83.3987 -90.9307 -3
      vertex -82.9792 -89.8377 3
      vertex -82.9792 -89.8377 -3
    endloop
  endfacet
  facet normal -0.933599 0.358321 0
    outer loop
      vertex -82.9792 -89.8377 3
      vertex -83.3987 -90.9307 -3
      vertex -83.3987 -90.9307 3
    endloop
  endfacet
  facet normal 0.838666 -0.544646 0
    outer loop
      vertex -93.378 -85.846 3
      vertex -92.7404 -84.8642 -3
      vertex -92.7404 -84.8642 3
    endloop
  endfacet
  facet normal 0.838666 -0.544646 0
    outer loop
      vertex -92.7404 -84.8642 -3
      vertex -93.378 -85.846 3
      vertex -93.378 -85.846 -3
    endloop
  endfacet
  facet normal 0.98768 -0.156485 0
    outer loop
      vertex -93.9807 -88.0953 3
      vertex -93.7975 -86.939 -3
      vertex -93.7975 -86.939 3
    endloop
  endfacet
  facet normal 0.98768 -0.156485 0
    outer loop
      vertex -93.7975 -86.939 -3
      vertex -93.9807 -88.0953 3
      vertex -93.9807 -88.0953 -3
    endloop
  endfacet
  facet normal 0.998628 0.0523616 0
    outer loop
      vertex -93.9194 -89.2644 3
      vertex -93.9807 -88.0953 -3
      vertex -93.9807 -88.0953 3
    endloop
  endfacet
  facet normal 0.998628 0.0523616 0
    outer loop
      vertex -93.9807 -88.0953 -3
      vertex -93.9194 -89.2644 3
      vertex -93.9194 -89.2644 -3
    endloop
  endfacet
  facet normal 0.891002 0.454 0
    outer loop
      vertex -93.0849 -91.4383 3
      vertex -93.6164 -90.3952 -3
      vertex -93.6164 -90.3952 3
    endloop
  endfacet
  facet normal 0.891002 0.454 0
    outer loop
      vertex -93.6164 -90.3952 -3
      vertex -93.0849 -91.4383 3
      vertex -93.0849 -91.4383 -3
    endloop
  endfacet
  facet normal 0.777122 0.629351 0
    outer loop
      vertex -92.3481 -92.3481 3
      vertex -93.0849 -91.4383 -3
      vertex -93.0849 -91.4383 3
    endloop
  endfacet
  facet normal 0.777122 0.629351 0
    outer loop
      vertex -93.0849 -91.4383 -3
      vertex -92.3481 -92.3481 3
      vertex -92.3481 -92.3481 -3
    endloop
  endfacet
  facet normal 0.156485 -0.98768 0
    outer loop
      vertex -89.8377 -82.9792 -3
      vertex -88.6814 -82.796 3
      vertex -89.8377 -82.9792 3
    endloop
  endfacet
  facet normal 0.156485 -0.98768 0
    outer loop
      vertex -88.6814 -82.796 3
      vertex -89.8377 -82.9792 -3
      vertex -88.6814 -82.796 -3
    endloop
  endfacet
  facet normal -0.258821 -0.965925 0
    outer loop
      vertex -87.5123 -82.8573 -3
      vertex -86.3815 -83.1603 3
      vertex -87.5123 -82.8573 3
    endloop
  endfacet
  facet normal -0.258821 -0.965925 -0
    outer loop
      vertex -86.3815 -83.1603 3
      vertex -87.5123 -82.8573 -3
      vertex -86.3815 -83.1603 -3
    endloop
  endfacet
  facet normal -0.0523616 -0.998628 0
    outer loop
      vertex -88.6814 -82.796 -3
      vertex -87.5123 -82.8573 3
      vertex -88.6814 -82.796 3
    endloop
  endfacet
  facet normal -0.0523616 -0.998628 -0
    outer loop
      vertex -87.5123 -82.8573 3
      vertex -88.6814 -82.796 -3
      vertex -87.5123 -82.8573 -3
    endloop
  endfacet
  facet normal -0.629351 -0.777122 0
    outer loop
      vertex -85.3384 -83.6918 -3
      vertex -84.4286 -84.4286 3
      vertex -85.3384 -83.6918 3
    endloop
  endfacet
  facet normal -0.629351 -0.777122 -0
    outer loop
      vertex -84.4286 -84.4286 3
      vertex -85.3384 -83.6918 -3
      vertex -84.4286 -84.4286 -3
    endloop
  endfacet
  facet normal 0.933599 -0.358321 0
    outer loop
      vertex -93.7975 -86.939 3
      vertex -93.378 -85.846 -3
      vertex -93.378 -85.846 3
    endloop
  endfacet
  facet normal 0.933599 -0.358321 0
    outer loop
      vertex -93.378 -85.846 -3
      vertex -93.7975 -86.939 3
      vertex -93.7975 -86.939 -3
    endloop
  endfacet
  facet normal 0.544646 -0.838666 0
    outer loop
      vertex -91.9125 -84.0363 -3
      vertex -90.9307 -83.3987 3
      vertex -91.9125 -84.0363 3
    endloop
  endfacet
  facet normal 0.544646 -0.838666 0
    outer loop
      vertex -90.9307 -83.3987 3
      vertex -91.9125 -84.0363 -3
      vertex -90.9307 -83.3987 -3
    endloop
  endfacet
  facet normal -0.454 -0.891002 0
    outer loop
      vertex -86.3815 -83.1603 -3
      vertex -85.3384 -83.6918 3
      vertex -86.3815 -83.1603 3
    endloop
  endfacet
  facet normal -0.454 -0.891002 -0
    outer loop
      vertex -85.3384 -83.6918 3
      vertex -86.3815 -83.1603 -3
      vertex -85.3384 -83.6918 -3
    endloop
  endfacet
  facet normal 0.358321 -0.933599 0
    outer loop
      vertex -90.9307 -83.3987 -3
      vertex -89.8377 -82.9792 3
      vertex -90.9307 -83.3987 3
    endloop
  endfacet
  facet normal 0.358321 -0.933599 0
    outer loop
      vertex -89.8377 -82.9792 3
      vertex -90.9307 -83.3987 -3
      vertex -89.8377 -82.9792 -3
    endloop
  endfacet
  facet normal 0.58769 0.809086 -0
    outer loop
      vertex -89.0693 -78.4111 -3
      vertex -89.449 -78.1353 3
      vertex -89.0693 -78.4111 3
    endloop
  endfacet
  facet normal 0.58769 0.809086 0
    outer loop
      vertex -89.449 -78.1353 3
      vertex -89.0693 -78.4111 -3
      vertex -89.449 -78.1353 -3
    endloop
  endfacet
  facet normal -0.808985 -0.58783 0
    outer loop
      vertex -87.0518 -76.3937 -3
      vertex -87.3277 -76.014 3
      vertex -87.3277 -76.014 -3
    endloop
  endfacet
  facet normal -0.808985 -0.58783 0
    outer loop
      vertex -87.3277 -76.014 3
      vertex -87.0518 -76.3937 -3
      vertex -87.0518 -76.3937 3
    endloop
  endfacet
  facet normal -0.808985 0.58783 0
    outer loop
      vertex -87.3277 -78.1353 -3
      vertex -87.0518 -77.7556 3
      vertex -87.0518 -77.7556 -3
    endloop
  endfacet
  facet normal -0.808985 0.58783 0
    outer loop
      vertex -87.0518 -77.7556 3
      vertex -87.3277 -78.1353 -3
      vertex -87.3277 -78.1353 3
    endloop
  endfacet
  facet normal 0 1 -0
    outer loop
      vertex -88.1537 -78.5562 -3
      vertex -88.623 -78.5562 3
      vertex -88.1537 -78.5562 3
    endloop
  endfacet
  facet normal 0 1 0
    outer loop
      vertex -88.623 -78.5562 3
      vertex -88.1537 -78.5562 -3
      vertex -88.623 -78.5562 -3
    endloop
  endfacet
  facet normal 0.309187 0.951001 -0
    outer loop
      vertex -88.623 -78.5562 -3
      vertex -89.0693 -78.4111 3
      vertex -88.623 -78.5562 3
    endloop
  endfacet
  facet normal 0.309187 0.951001 0
    outer loop
      vertex -89.0693 -78.4111 3
      vertex -88.623 -78.5562 -3
      vertex -89.0693 -78.4111 -3
    endloop
  endfacet
  facet normal -0.309187 0.951001 0
    outer loop
      vertex -87.7074 -78.4111 -3
      vertex -88.1537 -78.5562 3
      vertex -87.7074 -78.4111 3
    endloop
  endfacet
  facet normal -0.309187 0.951001 0
    outer loop
      vertex -88.1537 -78.5562 3
      vertex -87.7074 -78.4111 -3
      vertex -88.1537 -78.5562 -3
    endloop
  endfacet
  facet normal -1 0 0
    outer loop
      vertex -86.9068 -77.3093 -3
      vertex -86.9068 -76.84 3
      vertex -86.9068 -76.84 -3
    endloop
  endfacet
  facet normal -1 -0 0
    outer loop
      vertex -86.9068 -76.84 3
      vertex -86.9068 -77.3093 -3
      vertex -86.9068 -77.3093 3
    endloop
  endfacet
  facet normal -0.951064 -0.308995 0
    outer loop
      vertex -86.9068 -76.84 -3
      vertex -87.0518 -76.3937 3
      vertex -87.0518 -76.3937 -3
    endloop
  endfacet
  facet normal -0.951064 -0.308995 0
    outer loop
      vertex -87.0518 -76.3937 3
      vertex -86.9068 -76.84 -3
      vertex -86.9068 -76.84 3
    endloop
  endfacet
  facet normal -0.951064 0.308995 0
    outer loop
      vertex -87.0518 -77.7556 -3
      vertex -86.9068 -77.3093 3
      vertex -86.9068 -77.3093 -3
    endloop
  endfacet
  facet normal -0.951064 0.308995 0
    outer loop
      vertex -86.9068 -77.3093 3
      vertex -87.0518 -77.7556 -3
      vertex -87.0518 -77.7556 3
    endloop
  endfacet
  facet normal 0.951064 0.308995 0
    outer loop
      vertex -89.7249 -77.7556 3
      vertex -89.8699 -77.3093 -3
      vertex -89.8699 -77.3093 3
    endloop
  endfacet
  facet normal 0.951064 0.308995 0
    outer loop
      vertex -89.8699 -77.3093 -3
      vertex -89.7249 -77.7556 3
      vertex -89.7249 -77.7556 -3
    endloop
  endfacet
  facet normal 0 -1 0
    outer loop
      vertex -88.623 -75.5931 -3
      vertex -88.1537 -75.5931 3
      vertex -88.623 -75.5931 3
    endloop
  endfacet
  facet normal 0 -1 -0
    outer loop
      vertex -88.1537 -75.5931 3
      vertex -88.623 -75.5931 -3
      vertex -88.1537 -75.5931 -3
    endloop
  endfacet
  facet normal -0.58783 -0.808985 0
    outer loop
      vertex -87.7074 -75.7381 -3
      vertex -87.3277 -76.014 3
      vertex -87.7074 -75.7381 3
    endloop
  endfacet
  facet normal -0.58783 -0.808985 -0
    outer loop
      vertex -87.3277 -76.014 3
      vertex -87.7074 -75.7381 -3
      vertex -87.3277 -76.014 -3
    endloop
  endfacet
  facet normal -0.58769 0.809086 0
    outer loop
      vertex -87.3277 -78.1353 -3
      vertex -87.7074 -78.4111 3
      vertex -87.3277 -78.1353 3
    endloop
  endfacet
  facet normal -0.58769 0.809086 0
    outer loop
      vertex -87.7074 -78.4111 3
      vertex -87.3277 -78.1353 -3
      vertex -87.7074 -78.4111 -3
    endloop
  endfacet
  facet normal 0.808985 0.58783 0
    outer loop
      vertex -89.449 -78.1353 3
      vertex -89.7249 -77.7556 -3
      vertex -89.7249 -77.7556 3
    endloop
  endfacet
  facet normal 0.808985 0.58783 0
    outer loop
      vertex -89.7249 -77.7556 -3
      vertex -89.449 -78.1353 3
      vertex -89.449 -78.1353 -3
    endloop
  endfacet
  facet normal 0.808985 -0.58783 0
    outer loop
      vertex -89.7249 -76.3937 3
      vertex -89.449 -76.014 -3
      vertex -89.449 -76.014 3
    endloop
  endfacet
  facet normal 0.808985 -0.58783 0
    outer loop
      vertex -89.449 -76.014 -3
      vertex -89.7249 -76.3937 3
      vertex -89.7249 -76.3937 -3
    endloop
  endfacet
  facet normal 1 -0 0
    outer loop
      vertex -89.8699 -77.3093 3
      vertex -89.8699 -76.84 -3
      vertex -89.8699 -76.84 3
    endloop
  endfacet
  facet normal 1 0 0
    outer loop
      vertex -89.8699 -76.84 -3
      vertex -89.8699 -77.3093 3
      vertex -89.8699 -77.3093 -3
    endloop
  endfacet
  facet normal 0.308995 -0.951064 0
    outer loop
      vertex -89.0693 -75.7381 -3
      vertex -88.623 -75.5931 3
      vertex -89.0693 -75.7381 3
    endloop
  endfacet
  facet normal 0.308995 -0.951064 0
    outer loop
      vertex -88.623 -75.5931 3
      vertex -89.0693 -75.7381 -3
      vertex -88.623 -75.5931 -3
    endloop
  endfacet
  facet normal -0.308995 -0.951064 0
    outer loop
      vertex -88.1537 -75.5931 -3
      vertex -87.7074 -75.7381 3
      vertex -88.1537 -75.5931 3
    endloop
  endfacet
  facet normal -0.308995 -0.951064 -0
    outer loop
      vertex -87.7074 -75.7381 3
      vertex -88.1537 -75.5931 -3
      vertex -87.7074 -75.7381 -3
    endloop
  endfacet
  facet normal 0.951064 -0.308995 0
    outer loop
      vertex -89.8699 -76.84 3
      vertex -89.7249 -76.3937 -3
      vertex -89.7249 -76.3937 3
    endloop
  endfacet
  facet normal 0.951064 -0.308995 0
    outer loop
      vertex -89.7249 -76.3937 -3
      vertex -89.8699 -76.84 3
      vertex -89.8699 -76.84 -3
    endloop
  endfacet
  facet normal 0.58783 -0.808985 0
    outer loop
      vertex -89.449 -76.014 -3
      vertex -89.0693 -75.7381 3
      vertex -89.449 -76.014 3
    endloop
  endfacet
  facet normal 0.58783 -0.808985 0
    outer loop
      vertex -89.0693 -75.7381 3
      vertex -89.449 -76.014 -3
      vertex -89.0693 -75.7381 -3
    endloop
  endfacet
  facet normal 0.587526 0.809205 -0
    outer loop
      vertex -100.383 -89.7249 -3
      vertex -100.763 -89.449 3
      vertex -100.383 -89.7249 3
    endloop
  endfacet
  facet normal 0.587526 0.809205 0
    outer loop
      vertex -100.763 -89.449 3
      vertex -100.383 -89.7249 -3
      vertex -100.763 -89.449 -3
    endloop
  endfacet
  facet normal -0.808985 0.58783 0
    outer loop
      vertex -98.6414 -89.449 -3
      vertex -98.3655 -89.0693 3
      vertex -98.3655 -89.0693 -3
    endloop
  endfacet
  facet normal -0.808985 0.58783 0
    outer loop
      vertex -98.3655 -89.0693 3
      vertex -98.6414 -89.449 -3
      vertex -98.6414 -89.449 3
    endloop
  endfacet
  facet normal 0.808883 -0.587969 0
    outer loop
      vertex -101.039 -87.7074 3
      vertex -100.763 -87.3277 -3
      vertex -100.763 -87.3277 3
    endloop
  endfacet
  facet normal 0.808883 -0.587969 0
    outer loop
      vertex -100.763 -87.3277 -3
      vertex -101.039 -87.7074 3
      vertex -101.039 -87.7074 -3
    endloop
  endfacet
  facet normal 0.951064 -0.308995 0
    outer loop
      vertex -101.184 -88.1537 3
      vertex -101.039 -87.7074 -3
      vertex -101.039 -87.7074 3
    endloop
  endfacet
  facet normal 0.951064 -0.308995 0
    outer loop
      vertex -101.039 -87.7074 -3
      vertex -101.184 -88.1537 3
      vertex -101.184 -88.1537 -3
    endloop
  endfacet
  facet normal 0 1 -0
    outer loop
      vertex -99.4674 -89.8699 -3
      vertex -99.9367 -89.8699 3
      vertex -99.4674 -89.8699 3
    endloop
  endfacet
  facet normal 0 1 0
    outer loop
      vertex -99.9367 -89.8699 3
      vertex -99.4674 -89.8699 -3
      vertex -99.9367 -89.8699 -3
    endloop
  endfacet
  facet normal 0.308995 0.951064 -0
    outer loop
      vertex -99.9367 -89.8699 -3
      vertex -100.383 -89.7249 3
      vertex -99.9367 -89.8699 3
    endloop
  endfacet
  facet normal 0.308995 0.951064 0
    outer loop
      vertex -100.383 -89.7249 3
      vertex -99.9367 -89.8699 -3
      vertex -100.383 -89.7249 -3
    endloop
  endfacet
  facet normal -0.308995 0.951064 0
    outer loop
      vertex -99.0211 -89.7249 -3
      vertex -99.4674 -89.8699 3
      vertex -99.0211 -89.7249 3
    endloop
  endfacet
  facet normal -0.308995 0.951064 0
    outer loop
      vertex -99.4674 -89.8699 3
      vertex -99.0211 -89.7249 -3
      vertex -99.4674 -89.8699 -3
    endloop
  endfacet
  facet normal -1 0 0
    outer loop
      vertex -98.2205 -88.623 -3
      vertex -98.2205 -88.1537 3
      vertex -98.2205 -88.1537 -3
    endloop
  endfacet
  facet normal -1 -0 0
    outer loop
      vertex -98.2205 -88.1537 3
      vertex -98.2205 -88.623 -3
      vertex -98.2205 -88.623 3
    endloop
  endfacet
  facet normal -0.951064 -0.308995 0
    outer loop
      vertex -98.2205 -88.1537 -3
      vertex -98.3655 -87.7074 3
      vertex -98.3655 -87.7074 -3
    endloop
  endfacet
  facet normal -0.951064 -0.308995 0
    outer loop
      vertex -98.3655 -87.7074 3
      vertex -98.2205 -88.1537 -3
      vertex -98.2205 -88.1537 3
    endloop
  endfacet
  facet normal -0.951064 0.308995 0
    outer loop
      vertex -98.3655 -89.0693 -3
      vertex -98.2205 -88.623 3
      vertex -98.2205 -88.623 -3
    endloop
  endfacet
  facet normal -0.951064 0.308995 0
    outer loop
      vertex -98.2205 -88.623 3
      vertex -98.3655 -89.0693 -3
      vertex -98.3655 -89.0693 3
    endloop
  endfacet
  facet normal -0.58783 0.808985 0
    outer loop
      vertex -98.6414 -89.449 -3
      vertex -99.0211 -89.7249 3
      vertex -98.6414 -89.449 3
    endloop
  endfacet
  facet normal -0.58783 0.808985 0
    outer loop
      vertex -99.0211 -89.7249 3
      vertex -98.6414 -89.449 -3
      vertex -99.0211 -89.7249 -3
    endloop
  endfacet
  facet normal -0.808985 -0.58783 0
    outer loop
      vertex -98.3655 -87.7074 -3
      vertex -98.6414 -87.3277 3
      vertex -98.6414 -87.3277 -3
    endloop
  endfacet
  facet normal -0.808985 -0.58783 0
    outer loop
      vertex -98.6414 -87.3277 3
      vertex -98.3655 -87.7074 -3
      vertex -98.3655 -87.7074 3
    endloop
  endfacet
  facet normal 0.808883 0.587969 0
    outer loop
      vertex -100.763 -89.449 3
      vertex -101.039 -89.0693 -3
      vertex -101.039 -89.0693 3
    endloop
  endfacet
  facet normal 0.808883 0.587969 0
    outer loop
      vertex -101.039 -89.0693 -3
      vertex -100.763 -89.449 3
      vertex -100.763 -89.449 -3
    endloop
  endfacet
  facet normal 1 -0 0
    outer loop
      vertex -101.184 -88.623 3
      vertex -101.184 -88.1537 -3
      vertex -101.184 -88.1537 3
    endloop
  endfacet
  facet normal 1 0 0
    outer loop
      vertex -101.184 -88.1537 -3
      vertex -101.184 -88.623 3
      vertex -101.184 -88.623 -3
    endloop
  endfacet
  facet normal 0.951064 0.308995 0
    outer loop
      vertex -101.039 -89.0693 3
      vertex -101.184 -88.623 -3
      vertex -101.184 -88.623 3
    endloop
  endfacet
  facet normal 0.951064 0.308995 0
    outer loop
      vertex -101.184 -88.623 -3
      vertex -101.039 -89.0693 3
      vertex -101.039 -89.0693 -3
    endloop
  endfacet
  facet normal -0.58783 -0.808985 0
    outer loop
      vertex -99.0211 -87.0518 -3
      vertex -98.6414 -87.3277 3
      vertex -99.0211 -87.0518 3
    endloop
  endfacet
  facet normal -0.58783 -0.808985 -0
    outer loop
      vertex -98.6414 -87.3277 3
      vertex -99.0211 -87.0518 -3
      vertex -98.6414 -87.3277 -3
    endloop
  endfacet
  facet normal 0.308995 -0.951064 0
    outer loop
      vertex -100.383 -87.0518 -3
      vertex -99.9367 -86.9068 3
      vertex -100.383 -87.0518 3
    endloop
  endfacet
  facet normal 0.308995 -0.951064 0
    outer loop
      vertex -99.9367 -86.9068 3
      vertex -100.383 -87.0518 -3
      vertex -99.9367 -86.9068 -3
    endloop
  endfacet
  facet normal 0 -1 0
    outer loop
      vertex -99.9367 -86.9068 -3
      vertex -99.4674 -86.9068 3
      vertex -99.9367 -86.9068 3
    endloop
  endfacet
  facet normal 0 -1 -0
    outer loop
      vertex -99.4674 -86.9068 3
      vertex -99.9367 -86.9068 -3
      vertex -99.4674 -86.9068 -3
    endloop
  endfacet
  facet normal -0.308995 -0.951064 0
    outer loop
      vertex -99.4674 -86.9068 -3
      vertex -99.0211 -87.0518 3
      vertex -99.4674 -86.9068 3
    endloop
  endfacet
  facet normal -0.308995 -0.951064 -0
    outer loop
      vertex -99.0211 -87.0518 3
      vertex -99.4674 -86.9068 -3
      vertex -99.0211 -87.0518 -3
    endloop
  endfacet
  facet normal 0.587526 -0.809205 0
    outer loop
      vertex -100.763 -87.3277 -3
      vertex -100.383 -87.0518 3
      vertex -100.763 -87.3277 3
    endloop
  endfacet
  facet normal 0.587526 -0.809205 0
    outer loop
      vertex -100.383 -87.0518 3
      vertex -100.763 -87.3277 -3
      vertex -100.383 -87.0518 -3
    endloop
  endfacet
  facet normal 0.587969 0.808883 -0
    outer loop
      vertex -89.0693 -101.039 -3
      vertex -89.449 -100.763 3
      vertex -89.0693 -101.039 3
    endloop
  endfacet
  facet normal 0.587969 0.808883 0
    outer loop
      vertex -89.449 -100.763 3
      vertex -89.0693 -101.039 -3
      vertex -89.449 -100.763 -3
    endloop
  endfacet
  facet normal -0.58783 -0.808985 0
    outer loop
      vertex -87.7074 -98.3655 -3
      vertex -87.3277 -98.6414 3
      vertex -87.7074 -98.3655 3
    endloop
  endfacet
  facet normal -0.58783 -0.808985 -0
    outer loop
      vertex -87.3277 -98.6414 3
      vertex -87.7074 -98.3655 -3
      vertex -87.3277 -98.6414 -3
    endloop
  endfacet
  facet normal -0.809205 0.587526 0
    outer loop
      vertex -87.3277 -100.763 -3
      vertex -87.0518 -100.383 3
      vertex -87.0518 -100.383 -3
    endloop
  endfacet
  facet normal -0.809205 0.587526 0
    outer loop
      vertex -87.0518 -100.383 3
      vertex -87.3277 -100.763 -3
      vertex -87.3277 -100.763 3
    endloop
  endfacet
  facet normal 0.808985 -0.58783 0
    outer loop
      vertex -89.7249 -99.0211 3
      vertex -89.449 -98.6414 -3
      vertex -89.449 -98.6414 3
    endloop
  endfacet
  facet normal 0.808985 -0.58783 0
    outer loop
      vertex -89.449 -98.6414 -3
      vertex -89.7249 -99.0211 3
      vertex -89.7249 -99.0211 -3
    endloop
  endfacet
  facet normal 0 1 -0
    outer loop
      vertex -88.1537 -101.184 -3
      vertex -88.623 -101.184 3
      vertex -88.1537 -101.184 3
    endloop
  endfacet
  facet normal 0 1 0
    outer loop
      vertex -88.623 -101.184 3
      vertex -88.1537 -101.184 -3
      vertex -88.623 -101.184 -3
    endloop
  endfacet
  facet normal 0.308995 0.951064 -0
    outer loop
      vertex -88.623 -101.184 -3
      vertex -89.0693 -101.039 3
      vertex -88.623 -101.184 3
    endloop
  endfacet
  facet normal 0.308995 0.951064 0
    outer loop
      vertex -89.0693 -101.039 3
      vertex -88.623 -101.184 -3
      vertex -89.0693 -101.039 -3
    endloop
  endfacet
  facet normal -1 0 0
    outer loop
      vertex -86.9068 -99.9367 -3
      vertex -86.9068 -99.4674 3
      vertex -86.9068 -99.4674 -3
    endloop
  endfacet
  facet normal -1 -0 0
    outer loop
      vertex -86.9068 -99.4674 3
      vertex -86.9068 -99.9367 -3
      vertex -86.9068 -99.9367 3
    endloop
  endfacet
  facet normal -0.951064 -0.308995 0
    outer loop
      vertex -86.9068 -99.4674 -3
      vertex -87.0518 -99.0211 3
      vertex -87.0518 -99.0211 -3
    endloop
  endfacet
  facet normal -0.951064 -0.308995 0
    outer loop
      vertex -87.0518 -99.0211 3
      vertex -86.9068 -99.4674 -3
      vertex -86.9068 -99.4674 3
    endloop
  endfacet
  facet normal -0.951064 0.308995 0
    outer loop
      vertex -87.0518 -100.383 -3
      vertex -86.9068 -99.9367 3
      vertex -86.9068 -99.9367 -3
    endloop
  endfacet
  facet normal -0.951064 0.308995 0
    outer loop
      vertex -86.9068 -99.9367 3
      vertex -87.0518 -100.383 -3
      vertex -87.0518 -100.383 3
    endloop
  endfacet
  facet normal 0.951064 -0.308995 0
    outer loop
      vertex -89.8699 -99.4674 3
      vertex -89.7249 -99.0211 -3
      vertex -89.7249 -99.0211 3
    endloop
  endfacet
  facet normal 0.951064 -0.308995 0
    outer loop
      vertex -89.7249 -99.0211 -3
      vertex -89.8699 -99.4674 3
      vertex -89.8699 -99.4674 -3
    endloop
  endfacet
  facet normal 0.951064 0.308995 0
    outer loop
      vertex -89.7249 -100.383 3
      vertex -89.8699 -99.9367 -3
      vertex -89.8699 -99.9367 3
    endloop
  endfacet
  facet normal 0.951064 0.308995 0
    outer loop
      vertex -89.8699 -99.9367 -3
      vertex -89.7249 -100.383 3
      vertex -89.7249 -100.383 -3
    endloop
  endfacet
  facet normal 0.308995 -0.951064 0
    outer loop
      vertex -89.0693 -98.3655 -3
      vertex -88.623 -98.2205 3
      vertex -89.0693 -98.3655 3
    endloop
  endfacet
  facet normal 0.308995 -0.951064 0
    outer loop
      vertex -88.623 -98.2205 3
      vertex -89.0693 -98.3655 -3
      vertex -88.623 -98.2205 -3
    endloop
  endfacet
  facet normal -0.308995 -0.951064 0
    outer loop
      vertex -88.1537 -98.2205 -3
      vertex -87.7074 -98.3655 3
      vertex -88.1537 -98.2205 3
    endloop
  endfacet
  facet normal -0.308995 -0.951064 -0
    outer loop
      vertex -87.7074 -98.3655 3
      vertex -88.1537 -98.2205 -3
      vertex -87.7074 -98.3655 -3
    endloop
  endfacet
  facet normal -0.587969 0.808883 0
    outer loop
      vertex -87.3277 -100.763 -3
      vertex -87.7074 -101.039 3
      vertex -87.3277 -100.763 3
    endloop
  endfacet
  facet normal -0.587969 0.808883 0
    outer loop
      vertex -87.7074 -101.039 3
      vertex -87.3277 -100.763 -3
      vertex -87.7074 -101.039 -3
    endloop
  endfacet
  facet normal -0.308995 0.951064 0
    outer loop
      vertex -87.7074 -101.039 -3
      vertex -88.1537 -101.184 3
      vertex -87.7074 -101.039 3
    endloop
  endfacet
  facet normal -0.308995 0.951064 0
    outer loop
      vertex -88.1537 -101.184 3
      vertex -87.7074 -101.039 -3
      vertex -88.1537 -101.184 -3
    endloop
  endfacet
  facet normal -0.808985 -0.58783 0
    outer loop
      vertex -87.0518 -99.0211 -3
      vertex -87.3277 -98.6414 3
      vertex -87.3277 -98.6414 -3
    endloop
  endfacet
  facet normal -0.808985 -0.58783 0
    outer loop
      vertex -87.3277 -98.6414 3
      vertex -87.0518 -99.0211 -3
      vertex -87.0518 -99.0211 3
    endloop
  endfacet
  facet normal 1 -0 0
    outer loop
      vertex -89.8699 -99.9367 3
      vertex -89.8699 -99.4674 -3
      vertex -89.8699 -99.4674 3
    endloop
  endfacet
  facet normal 1 0 0
    outer loop
      vertex -89.8699 -99.4674 -3
      vertex -89.8699 -99.9367 3
      vertex -89.8699 -99.9367 -3
    endloop
  endfacet
  facet normal 0.58783 -0.808985 0
    outer loop
      vertex -89.449 -98.6414 -3
      vertex -89.0693 -98.3655 3
      vertex -89.449 -98.6414 3
    endloop
  endfacet
  facet normal 0.58783 -0.808985 0
    outer loop
      vertex -89.0693 -98.3655 3
      vertex -89.449 -98.6414 -3
      vertex -89.0693 -98.3655 -3
    endloop
  endfacet
  facet normal 0 -1 0
    outer loop
      vertex -88.623 -98.2205 -3
      vertex -88.1537 -98.2205 3
      vertex -88.623 -98.2205 3
    endloop
  endfacet
  facet normal 0 -1 -0
    outer loop
      vertex -88.1537 -98.2205 3
      vertex -88.623 -98.2205 -3
      vertex -88.1537 -98.2205 -3
    endloop
  endfacet
  facet normal 0.809205 0.587526 0
    outer loop
      vertex -89.449 -100.763 3
      vertex -89.7249 -100.383 -3
      vertex -89.7249 -100.383 3
    endloop
  endfacet
  facet normal 0.809205 0.587526 0
    outer loop
      vertex -89.7249 -100.383 -3
      vertex -89.449 -100.763 3
      vertex -89.449 -100.763 -3
    endloop
  endfacet
  facet normal 0.58783 0.808985 -0
    outer loop
      vertex -77.7556 -89.7249 -3
      vertex -78.1353 -89.449 3
      vertex -77.7556 -89.7249 3
    endloop
  endfacet
  facet normal 0.58783 0.808985 0
    outer loop
      vertex -78.1353 -89.449 3
      vertex -77.7556 -89.7249 -3
      vertex -78.1353 -89.449 -3
    endloop
  endfacet
  facet normal -0.808985 -0.58783 0
    outer loop
      vertex -75.7381 -87.7074 -3
      vertex -76.014 -87.3277 3
      vertex -76.014 -87.3277 -3
    endloop
  endfacet
  facet normal -0.808985 -0.58783 0
    outer loop
      vertex -76.014 -87.3277 3
      vertex -75.7381 -87.7074 -3
      vertex -75.7381 -87.7074 3
    endloop
  endfacet
  facet normal -0.58783 0.808985 0
    outer loop
      vertex -76.014 -89.449 -3
      vertex -76.3937 -89.7249 3
      vertex -76.014 -89.449 3
    endloop
  endfacet
  facet normal -0.58783 0.808985 0
    outer loop
      vertex -76.3937 -89.7249 3
      vertex -76.014 -89.449 -3
      vertex -76.3937 -89.7249 -3
    endloop
  endfacet
  facet normal 0.809086 -0.58769 0
    outer loop
      vertex -78.4111 -87.7074 3
      vertex -78.1353 -87.3277 -3
      vertex -78.1353 -87.3277 3
    endloop
  endfacet
  facet normal 0.809086 -0.58769 0
    outer loop
      vertex -78.1353 -87.3277 -3
      vertex -78.4111 -87.7074 3
      vertex -78.4111 -87.7074 -3
    endloop
  endfacet
  facet normal 0.951001 -0.309187 0
    outer loop
      vertex -78.5562 -88.1537 3
      vertex -78.4111 -87.7074 -3
      vertex -78.4111 -87.7074 3
    endloop
  endfacet
  facet normal 0.951001 -0.309187 0
    outer loop
      vertex -78.4111 -87.7074 -3
      vertex -78.5562 -88.1537 3
      vertex -78.5562 -88.1537 -3
    endloop
  endfacet
  facet normal 0 1 -0
    outer loop
      vertex -76.84 -89.8699 -3
      vertex -77.3093 -89.8699 3
      vertex -76.84 -89.8699 3
    endloop
  endfacet
  facet normal 0 1 0
    outer loop
      vertex -77.3093 -89.8699 3
      vertex -76.84 -89.8699 -3
      vertex -77.3093 -89.8699 -3
    endloop
  endfacet
  facet normal 0.308995 0.951064 -0
    outer loop
      vertex -77.3093 -89.8699 -3
      vertex -77.7556 -89.7249 3
      vertex -77.3093 -89.8699 3
    endloop
  endfacet
  facet normal 0.308995 0.951064 0
    outer loop
      vertex -77.7556 -89.7249 3
      vertex -77.3093 -89.8699 -3
      vertex -77.7556 -89.7249 -3
    endloop
  endfacet
  facet normal -0.308995 0.951064 0
    outer loop
      vertex -76.3937 -89.7249 -3
      vertex -76.84 -89.8699 3
      vertex -76.3937 -89.7249 3
    endloop
  endfacet
  facet normal -0.308995 0.951064 0
    outer loop
      vertex -76.84 -89.8699 3
      vertex -76.3937 -89.7249 -3
      vertex -76.84 -89.8699 -3
    endloop
  endfacet
  facet normal -0.951064 0.308995 0
    outer loop
      vertex -75.7381 -89.0693 -3
      vertex -75.5931 -88.623 3
      vertex -75.5931 -88.623 -3
    endloop
  endfacet
  facet normal -0.951064 0.308995 0
    outer loop
      vertex -75.5931 -88.623 3
      vertex -75.7381 -89.0693 -3
      vertex -75.7381 -89.0693 3
    endloop
  endfacet
  facet normal -1 0 0
    outer loop
      vertex -75.5931 -88.623 -3
      vertex -75.5931 -88.1537 3
      vertex -75.5931 -88.1537 -3
    endloop
  endfacet
  facet normal -1 -0 0
    outer loop
      vertex -75.5931 -88.1537 3
      vertex -75.5931 -88.623 -3
      vertex -75.5931 -88.623 3
    endloop
  endfacet
  facet normal -0.808985 0.58783 0
    outer loop
      vertex -76.014 -89.449 -3
      vertex -75.7381 -89.0693 3
      vertex -75.7381 -89.0693 -3
    endloop
  endfacet
  facet normal -0.808985 0.58783 0
    outer loop
      vertex -75.7381 -89.0693 3
      vertex -76.014 -89.449 -3
      vertex -76.014 -89.449 3
    endloop
  endfacet
  facet normal 0 -1 0
    outer loop
      vertex -77.3093 -86.9068 -3
      vertex -76.84 -86.9068 3
      vertex -77.3093 -86.9068 3
    endloop
  endfacet
  facet normal 0 -1 -0
    outer loop
      vertex -76.84 -86.9068 3
      vertex -77.3093 -86.9068 -3
      vertex -76.84 -86.9068 -3
    endloop
  endfacet
  facet normal -0.951064 -0.308995 0
    outer loop
      vertex -75.5931 -88.1537 -3
      vertex -75.7381 -87.7074 3
      vertex -75.7381 -87.7074 -3
    endloop
  endfacet
  facet normal -0.951064 -0.308995 0
    outer loop
      vertex -75.7381 -87.7074 3
      vertex -75.5931 -88.1537 -3
      vertex -75.5931 -88.1537 3
    endloop
  endfacet
  facet normal 1 -0 0
    outer loop
      vertex -78.5562 -88.623 3
      vertex -78.5562 -88.1537 -3
      vertex -78.5562 -88.1537 3
    endloop
  endfacet
  facet normal 1 0 0
    outer loop
      vertex -78.5562 -88.1537 -3
      vertex -78.5562 -88.623 3
      vertex -78.5562 -88.623 -3
    endloop
  endfacet
  facet normal 0.951001 0.309187 0
    outer loop
      vertex -78.4111 -89.0693 3
      vertex -78.5562 -88.623 -3
      vertex -78.5562 -88.623 3
    endloop
  endfacet
  facet normal 0.951001 0.309187 0
    outer loop
      vertex -78.5562 -88.623 -3
      vertex -78.4111 -89.0693 3
      vertex -78.4111 -89.0693 -3
    endloop
  endfacet
  facet normal 0.809086 0.58769 0
    outer loop
      vertex -78.1353 -89.449 3
      vertex -78.4111 -89.0693 -3
      vertex -78.4111 -89.0693 3
    endloop
  endfacet
  facet normal 0.809086 0.58769 0
    outer loop
      vertex -78.4111 -89.0693 -3
      vertex -78.1353 -89.449 3
      vertex -78.1353 -89.449 -3
    endloop
  endfacet
  facet normal 0.58783 -0.808985 0
    outer loop
      vertex -78.1353 -87.3277 -3
      vertex -77.7556 -87.0518 3
      vertex -78.1353 -87.3277 3
    endloop
  endfacet
  facet normal 0.58783 -0.808985 0
    outer loop
      vertex -77.7556 -87.0518 3
      vertex -78.1353 -87.3277 -3
      vertex -77.7556 -87.0518 -3
    endloop
  endfacet
  facet normal -0.308995 -0.951064 0
    outer loop
      vertex -76.84 -86.9068 -3
      vertex -76.3937 -87.0518 3
      vertex -76.84 -86.9068 3
    endloop
  endfacet
  facet normal -0.308995 -0.951064 -0
    outer loop
      vertex -76.3937 -87.0518 3
      vertex -76.84 -86.9068 -3
      vertex -76.3937 -87.0518 -3
    endloop
  endfacet
  facet normal -0.58783 -0.808985 0
    outer loop
      vertex -76.3937 -87.0518 -3
      vertex -76.014 -87.3277 3
      vertex -76.3937 -87.0518 3
    endloop
  endfacet
  facet normal -0.58783 -0.808985 -0
    outer loop
      vertex -76.014 -87.3277 3
      vertex -76.3937 -87.0518 -3
      vertex -76.014 -87.3277 -3
    endloop
  endfacet
  facet normal 0.308995 -0.951064 0
    outer loop
      vertex -77.7556 -87.0518 -3
      vertex -77.3093 -86.9068 3
      vertex -77.7556 -87.0518 3
    endloop
  endfacet
  facet normal 0.308995 -0.951064 0
    outer loop
      vertex -77.3093 -86.9068 3
      vertex -77.7556 -87.0518 -3
      vertex -77.3093 -86.9068 -3
    endloop
  endfacet
  facet normal -0.777122 0.629351 0
    outer loop
      vertex 92.3481 -92.3481 -3
      vertex 93.0849 -91.4383 3
      vertex 93.0849 -91.4383 -3
    endloop
  endfacet
  facet normal -0.777122 0.629351 0
    outer loop
      vertex 93.0849 -91.4383 3
      vertex 92.3481 -92.3481 -3
      vertex 92.3481 -92.3481 3
    endloop
  endfacet
  facet normal 0.629351 -0.777122 0
    outer loop
      vertex 84.4286 -84.4286 -3
      vertex 85.3384 -83.6918 3
      vertex 84.4286 -84.4286 3
    endloop
  endfacet
  facet normal 0.629351 -0.777122 0
    outer loop
      vertex 85.3384 -83.6918 3
      vertex 84.4286 -84.4286 -3
      vertex 85.3384 -83.6918 -3
    endloop
  endfacet
  facet normal -0.707107 -0.707107 0
    outer loop
      vertex 92.7404 -84.8642 -3
      vertex 91.9125 -84.0363 3
      vertex 91.9125 -84.0363 -3
    endloop
  endfacet
  facet normal -0.707107 -0.707107 0
    outer loop
      vertex 91.9125 -84.0363 3
      vertex 92.7404 -84.8642 -3
      vertex 92.7404 -84.8642 3
    endloop
  endfacet
  facet normal 0.707107 0.707107 0
    outer loop
      vertex 84.8642 -92.7404 3
      vertex 84.0363 -91.9125 -3
      vertex 84.0363 -91.9125 3
    endloop
  endfacet
  facet normal 0.707107 0.707107 0
    outer loop
      vertex 84.0363 -91.9125 -3
      vertex 84.8642 -92.7404 3
      vertex 84.8642 -92.7404 -3
    endloop
  endfacet
  facet normal -0.998628 0.0523616 0
    outer loop
      vertex 93.9194 -89.2644 -3
      vertex 93.9807 -88.0953 3
      vertex 93.9807 -88.0953 -3
    endloop
  endfacet
  facet normal -0.998628 0.0523616 0
    outer loop
      vertex 93.9807 -88.0953 3
      vertex 93.9194 -89.2644 -3
      vertex 93.9194 -89.2644 3
    endloop
  endfacet
  facet normal -0.156485 -0.98768 0
    outer loop
      vertex 88.6814 -82.796 -3
      vertex 89.8377 -82.9792 3
      vertex 88.6814 -82.796 3
    endloop
  endfacet
  facet normal -0.156485 -0.98768 -0
    outer loop
      vertex 89.8377 -82.9792 3
      vertex 88.6814 -82.796 -3
      vertex 89.8377 -82.9792 -3
    endloop
  endfacet
  facet normal -0.544646 -0.838666 0
    outer loop
      vertex 90.9307 -83.3987 -3
      vertex 91.9125 -84.0363 3
      vertex 90.9307 -83.3987 3
    endloop
  endfacet
  facet normal -0.544646 -0.838666 -0
    outer loop
      vertex 91.9125 -84.0363 3
      vertex 90.9307 -83.3987 -3
      vertex 91.9125 -84.0363 -3
    endloop
  endfacet
  facet normal -0.258821 0.965925 0
    outer loop
      vertex 90.3952 -93.6164 -3
      vertex 89.2644 -93.9194 3
      vertex 90.3952 -93.6164 3
    endloop
  endfacet
  facet normal -0.258821 0.965925 0
    outer loop
      vertex 89.2644 -93.9194 3
      vertex 90.3952 -93.6164 -3
      vertex 89.2644 -93.9194 -3
    endloop
  endfacet
  facet normal -0.965925 0.258821 0
    outer loop
      vertex 93.6164 -90.3952 -3
      vertex 93.9194 -89.2644 3
      vertex 93.9194 -89.2644 -3
    endloop
  endfacet
  facet normal -0.965925 0.258821 0
    outer loop
      vertex 93.9194 -89.2644 3
      vertex 93.6164 -90.3952 -3
      vertex 93.6164 -90.3952 3
    endloop
  endfacet
  facet normal -0.891002 0.454 0
    outer loop
      vertex 93.0849 -91.4383 -3
      vertex 93.6164 -90.3952 3
      vertex 93.6164 -90.3952 -3
    endloop
  endfacet
  facet normal -0.891002 0.454 0
    outer loop
      vertex 93.6164 -90.3952 3
      vertex 93.0849 -91.4383 -3
      vertex 93.0849 -91.4383 3
    endloop
  endfacet
  facet normal -0.933599 -0.358321 0
    outer loop
      vertex 93.7975 -86.939 -3
      vertex 93.378 -85.846 3
      vertex 93.378 -85.846 -3
    endloop
  endfacet
  facet normal -0.933599 -0.358321 0
    outer loop
      vertex 93.378 -85.846 3
      vertex 93.7975 -86.939 -3
      vertex 93.7975 -86.939 3
    endloop
  endfacet
  facet normal -0.838666 -0.544646 0
    outer loop
      vertex 93.378 -85.846 -3
      vertex 92.7404 -84.8642 3
      vertex 92.7404 -84.8642 -3
    endloop
  endfacet
  facet normal -0.838666 -0.544646 0
    outer loop
      vertex 92.7404 -84.8642 3
      vertex 93.378 -85.846 -3
      vertex 93.378 -85.846 3
    endloop
  endfacet
  facet normal -0.98768 -0.156485 0
    outer loop
      vertex 93.9807 -88.0953 -3
      vertex 93.7975 -86.939 3
      vertex 93.7975 -86.939 -3
    endloop
  endfacet
  facet normal -0.98768 -0.156485 0
    outer loop
      vertex 93.7975 -86.939 3
      vertex 93.9807 -88.0953 -3
      vertex 93.9807 -88.0953 3
    endloop
  endfacet
  facet normal 0.258821 -0.965925 0
    outer loop
      vertex 86.3815 -83.1603 -3
      vertex 87.5123 -82.8573 3
      vertex 86.3815 -83.1603 3
    endloop
  endfacet
  facet normal 0.258821 -0.965925 0
    outer loop
      vertex 87.5123 -82.8573 3
      vertex 86.3815 -83.1603 -3
      vertex 87.5123 -82.8573 -3
    endloop
  endfacet
  facet normal 0.0523616 -0.998628 0
    outer loop
      vertex 87.5123 -82.8573 -3
      vertex 88.6814 -82.796 3
      vertex 87.5123 -82.8573 3
    endloop
  endfacet
  facet normal 0.0523616 -0.998628 0
    outer loop
      vertex 88.6814 -82.796 3
      vertex 87.5123 -82.8573 -3
      vertex 88.6814 -82.796 -3
    endloop
  endfacet
  facet normal 0.454 -0.891002 0
    outer loop
      vertex 85.3384 -83.6918 -3
      vertex 86.3815 -83.1603 3
      vertex 85.3384 -83.6918 3
    endloop
  endfacet
  facet normal 0.454 -0.891002 0
    outer loop
      vertex 86.3815 -83.1603 3
      vertex 85.3384 -83.6918 -3
      vertex 86.3815 -83.1603 -3
    endloop
  endfacet
  facet normal -0.358321 -0.933599 0
    outer loop
      vertex 89.8377 -82.9792 -3
      vertex 90.9307 -83.3987 3
      vertex 89.8377 -82.9792 3
    endloop
  endfacet
  facet normal -0.358321 -0.933599 -0
    outer loop
      vertex 90.9307 -83.3987 3
      vertex 89.8377 -82.9792 -3
      vertex 90.9307 -83.3987 -3
    endloop
  endfacet
  facet normal 0.544646 0.838666 -0
    outer loop
      vertex 85.846 -93.378 -3
      vertex 84.8642 -92.7404 3
      vertex 85.846 -93.378 3
    endloop
  endfacet
  facet normal 0.544646 0.838666 0
    outer loop
      vertex 84.8642 -92.7404 3
      vertex 85.846 -93.378 -3
      vertex 84.8642 -92.7404 -3
    endloop
  endfacet
  facet normal 0.156485 0.98768 -0
    outer loop
      vertex 88.0953 -93.9807 -3
      vertex 86.939 -93.7975 3
      vertex 88.0953 -93.9807 3
    endloop
  endfacet
  facet normal 0.156485 0.98768 0
    outer loop
      vertex 86.939 -93.7975 3
      vertex 88.0953 -93.9807 -3
      vertex 86.939 -93.7975 -3
    endloop
  endfacet
  facet normal -0.0523616 0.998628 0
    outer loop
      vertex 89.2644 -93.9194 -3
      vertex 88.0953 -93.9807 3
      vertex 89.2644 -93.9194 3
    endloop
  endfacet
  facet normal -0.0523616 0.998628 0
    outer loop
      vertex 88.0953 -93.9807 3
      vertex 89.2644 -93.9194 -3
      vertex 88.0953 -93.9807 -3
    endloop
  endfacet
  facet normal -0.454 0.891002 0
    outer loop
      vertex 91.4383 -93.0849 -3
      vertex 90.3952 -93.6164 3
      vertex 91.4383 -93.0849 3
    endloop
  endfacet
  facet normal -0.454 0.891002 0
    outer loop
      vertex 90.3952 -93.6164 3
      vertex 91.4383 -93.0849 -3
      vertex 90.3952 -93.6164 -3
    endloop
  endfacet
  facet normal -0.629351 0.777122 0
    outer loop
      vertex 92.3481 -92.3481 -3
      vertex 91.4383 -93.0849 3
      vertex 92.3481 -92.3481 3
    endloop
  endfacet
  facet normal -0.629351 0.777122 0
    outer loop
      vertex 91.4383 -93.0849 3
      vertex 92.3481 -92.3481 -3
      vertex 91.4383 -93.0849 -3
    endloop
  endfacet
  facet normal 0.98768 0.156485 0
    outer loop
      vertex 82.9792 -89.8377 3
      vertex 82.796 -88.6814 -3
      vertex 82.796 -88.6814 3
    endloop
  endfacet
  facet normal 0.98768 0.156485 0
    outer loop
      vertex 82.796 -88.6814 -3
      vertex 82.9792 -89.8377 3
      vertex 82.9792 -89.8377 -3
    endloop
  endfacet
  facet normal 0.965925 -0.258821 0
    outer loop
      vertex 82.8573 -87.5123 3
      vertex 83.1603 -86.3815 -3
      vertex 83.1603 -86.3815 3
    endloop
  endfacet
  facet normal 0.965925 -0.258821 0
    outer loop
      vertex 83.1603 -86.3815 -3
      vertex 82.8573 -87.5123 3
      vertex 82.8573 -87.5123 -3
    endloop
  endfacet
  facet normal 0.998628 -0.0523616 0
    outer loop
      vertex 82.796 -88.6814 3
      vertex 82.8573 -87.5123 -3
      vertex 82.8573 -87.5123 3
    endloop
  endfacet
  facet normal 0.998628 -0.0523616 0
    outer loop
      vertex 82.8573 -87.5123 -3
      vertex 82.796 -88.6814 3
      vertex 82.796 -88.6814 -3
    endloop
  endfacet
  facet normal 0.777122 -0.629351 0
    outer loop
      vertex 83.6918 -85.3384 3
      vertex 84.4286 -84.4286 -3
      vertex 84.4286 -84.4286 3
    endloop
  endfacet
  facet normal 0.777122 -0.629351 0
    outer loop
      vertex 84.4286 -84.4286 -3
      vertex 83.6918 -85.3384 3
      vertex 83.6918 -85.3384 -3
    endloop
  endfacet
  facet normal 0.358321 0.933599 -0
    outer loop
      vertex 86.939 -93.7975 -3
      vertex 85.846 -93.378 3
      vertex 86.939 -93.7975 3
    endloop
  endfacet
  facet normal 0.358321 0.933599 0
    outer loop
      vertex 85.846 -93.378 3
      vertex 86.939 -93.7975 -3
      vertex 85.846 -93.378 -3
    endloop
  endfacet
  facet normal 0.838666 0.544646 0
    outer loop
      vertex 84.0363 -91.9125 3
      vertex 83.3987 -90.9307 -3
      vertex 83.3987 -90.9307 3
    endloop
  endfacet
  facet normal 0.838666 0.544646 0
    outer loop
      vertex 83.3987 -90.9307 -3
      vertex 84.0363 -91.9125 3
      vertex 84.0363 -91.9125 -3
    endloop
  endfacet
  facet normal 0.891002 -0.454 0
    outer loop
      vertex 83.1603 -86.3815 3
      vertex 83.6918 -85.3384 -3
      vertex 83.6918 -85.3384 3
    endloop
  endfacet
  facet normal 0.891002 -0.454 0
    outer loop
      vertex 83.6918 -85.3384 -3
      vertex 83.1603 -86.3815 3
      vertex 83.1603 -86.3815 -3
    endloop
  endfacet
  facet normal 0.933599 0.358321 0
    outer loop
      vertex 83.3987 -90.9307 3
      vertex 82.9792 -89.8377 -3
      vertex 82.9792 -89.8377 3
    endloop
  endfacet
  facet normal 0.933599 0.358321 0
    outer loop
      vertex 82.9792 -89.8377 -3
      vertex 83.3987 -90.9307 3
      vertex 83.3987 -90.9307 -3
    endloop
  endfacet
  facet normal -0.809086 0.58769 0
    outer loop
      vertex 78.1353 -89.449 -3
      vertex 78.4111 -89.0693 3
      vertex 78.4111 -89.0693 -3
    endloop
  endfacet
  facet normal -0.809086 0.58769 0
    outer loop
      vertex 78.4111 -89.0693 3
      vertex 78.1353 -89.449 -3
      vertex 78.1353 -89.449 3
    endloop
  endfacet
  facet normal 0.58783 -0.808985 0
    outer loop
      vertex 76.014 -87.3277 -3
      vertex 76.3937 -87.0518 3
      vertex 76.014 -87.3277 3
    endloop
  endfacet
  facet normal 0.58783 -0.808985 0
    outer loop
      vertex 76.3937 -87.0518 3
      vertex 76.014 -87.3277 -3
      vertex 76.3937 -87.0518 -3
    endloop
  endfacet
  facet normal -0.58783 -0.808985 0
    outer loop
      vertex 77.7556 -87.0518 -3
      vertex 78.1353 -87.3277 3
      vertex 77.7556 -87.0518 3
    endloop
  endfacet
  facet normal -0.58783 -0.808985 -0
    outer loop
      vertex 78.1353 -87.3277 3
      vertex 77.7556 -87.0518 -3
      vertex 78.1353 -87.3277 -3
    endloop
  endfacet
  facet normal -1 0 0
    outer loop
      vertex 78.5562 -88.623 -3
      vertex 78.5562 -88.1537 3
      vertex 78.5562 -88.1537 -3
    endloop
  endfacet
  facet normal -1 -0 0
    outer loop
      vertex 78.5562 -88.1537 3
      vertex 78.5562 -88.623 -3
      vertex 78.5562 -88.623 3
    endloop
  endfacet
  facet normal -0.951001 0.309187 0
    outer loop
      vertex 78.4111 -89.0693 -3
      vertex 78.5562 -88.623 3
      vertex 78.5562 -88.623 -3
    endloop
  endfacet
  facet normal -0.951001 0.309187 0
    outer loop
      vertex 78.5562 -88.623 3
      vertex 78.4111 -89.0693 -3
      vertex 78.4111 -89.0693 3
    endloop
  endfacet
  facet normal -0.951001 -0.309187 0
    outer loop
      vertex 78.5562 -88.1537 -3
      vertex 78.4111 -87.7074 3
      vertex 78.4111 -87.7074 -3
    endloop
  endfacet
  facet normal -0.951001 -0.309187 0
    outer loop
      vertex 78.4111 -87.7074 3
      vertex 78.5562 -88.1537 -3
      vertex 78.5562 -88.1537 3
    endloop
  endfacet
  facet normal 0 -1 0
    outer loop
      vertex 76.84 -86.9068 -3
      vertex 77.3093 -86.9068 3
      vertex 76.84 -86.9068 3
    endloop
  endfacet
  facet normal 0 -1 -0
    outer loop
      vertex 77.3093 -86.9068 3
      vertex 76.84 -86.9068 -3
      vertex 77.3093 -86.9068 -3
    endloop
  endfacet
  facet normal 0.308995 -0.951064 0
    outer loop
      vertex 76.3937 -87.0518 -3
      vertex 76.84 -86.9068 3
      vertex 76.3937 -87.0518 3
    endloop
  endfacet
  facet normal 0.308995 -0.951064 0
    outer loop
      vertex 76.84 -86.9068 3
      vertex 76.3937 -87.0518 -3
      vertex 76.84 -86.9068 -3
    endloop
  endfacet
  facet normal -0.308995 -0.951064 0
    outer loop
      vertex 77.3093 -86.9068 -3
      vertex 77.7556 -87.0518 3
      vertex 77.3093 -86.9068 3
    endloop
  endfacet
  facet normal -0.308995 -0.951064 -0
    outer loop
      vertex 77.7556 -87.0518 3
      vertex 77.3093 -86.9068 -3
      vertex 77.7556 -87.0518 -3
    endloop
  endfacet
  facet normal -0.308995 0.951064 0
    outer loop
      vertex 77.7556 -89.7249 -3
      vertex 77.3093 -89.8699 3
      vertex 77.7556 -89.7249 3
    endloop
  endfacet
  facet normal -0.308995 0.951064 0
    outer loop
      vertex 77.3093 -89.8699 3
      vertex 77.7556 -89.7249 -3
      vertex 77.3093 -89.8699 -3
    endloop
  endfacet
  facet normal 1 -0 0
    outer loop
      vertex 75.5931 -88.623 3
      vertex 75.5931 -88.1537 -3
      vertex 75.5931 -88.1537 3
    endloop
  endfacet
  facet normal 1 0 0
    outer loop
      vertex 75.5931 -88.1537 -3
      vertex 75.5931 -88.623 3
      vertex 75.5931 -88.623 -3
    endloop
  endfacet
  facet normal 0.808985 -0.58783 0
    outer loop
      vertex 75.7381 -87.7074 3
      vertex 76.014 -87.3277 -3
      vertex 76.014 -87.3277 3
    endloop
  endfacet
  facet normal 0.808985 -0.58783 0
    outer loop
      vertex 76.014 -87.3277 -3
      vertex 75.7381 -87.7074 3
      vertex 75.7381 -87.7074 -3
    endloop
  endfacet
  facet normal -0.809086 -0.58769 0
    outer loop
      vertex 78.4111 -87.7074 -3
      vertex 78.1353 -87.3277 3
      vertex 78.1353 -87.3277 -3
    endloop
  endfacet
  facet normal -0.809086 -0.58769 0
    outer loop
      vertex 78.1353 -87.3277 3
      vertex 78.4111 -87.7074 -3
      vertex 78.4111 -87.7074 3
    endloop
  endfacet
  facet normal -0.58783 0.808985 0
    outer loop
      vertex 78.1353 -89.449 -3
      vertex 77.7556 -89.7249 3
      vertex 78.1353 -89.449 3
    endloop
  endfacet
  facet normal -0.58783 0.808985 0
    outer loop
      vertex 77.7556 -89.7249 3
      vertex 78.1353 -89.449 -3
      vertex 77.7556 -89.7249 -3
    endloop
  endfacet
  facet normal 0.58783 0.808985 -0
    outer loop
      vertex 76.3937 -89.7249 -3
      vertex 76.014 -89.449 3
      vertex 76.3937 -89.7249 3
    endloop
  endfacet
  facet normal 0.58783 0.808985 0
    outer loop
      vertex 76.014 -89.449 3
      vertex 76.3937 -89.7249 -3
      vertex 76.014 -89.449 -3
    endloop
  endfacet
  facet normal 0 1 -0
    outer loop
      vertex 77.3093 -89.8699 -3
      vertex 76.84 -89.8699 3
      vertex 77.3093 -89.8699 3
    endloop
  endfacet
  facet normal 0 1 0
    outer loop
      vertex 76.84 -89.8699 3
      vertex 77.3093 -89.8699 -3
      vertex 76.84 -89.8699 -3
    endloop
  endfacet
  facet normal 0.951064 0.308995 0
    outer loop
      vertex 75.7381 -89.0693 3
      vertex 75.5931 -88.623 -3
      vertex 75.5931 -88.623 3
    endloop
  endfacet
  facet normal 0.951064 0.308995 0
    outer loop
      vertex 75.5931 -88.623 -3
      vertex 75.7381 -89.0693 3
      vertex 75.7381 -89.0693 -3
    endloop
  endfacet
  facet normal 0.951064 -0.308995 0
    outer loop
      vertex 75.5931 -88.1537 3
      vertex 75.7381 -87.7074 -3
      vertex 75.7381 -87.7074 3
    endloop
  endfacet
  facet normal 0.951064 -0.308995 0
    outer loop
      vertex 75.7381 -87.7074 -3
      vertex 75.5931 -88.1537 3
      vertex 75.5931 -88.1537 -3
    endloop
  endfacet
  facet normal 0.308995 0.951064 -0
    outer loop
      vertex 76.84 -89.8699 -3
      vertex 76.3937 -89.7249 3
      vertex 76.84 -89.8699 3
    endloop
  endfacet
  facet normal 0.308995 0.951064 0
    outer loop
      vertex 76.3937 -89.7249 3
      vertex 76.84 -89.8699 -3
      vertex 76.3937 -89.7249 -3
    endloop
  endfacet
  facet normal 0.808985 0.58783 0
    outer loop
      vertex 76.014 -89.449 3
      vertex 75.7381 -89.0693 -3
      vertex 75.7381 -89.0693 3
    endloop
  endfacet
  facet normal 0.808985 0.58783 0
    outer loop
      vertex 75.7381 -89.0693 -3
      vertex 76.014 -89.449 3
      vertex 76.014 -89.449 -3
    endloop
  endfacet
  facet normal -0.809205 0.587526 0
    outer loop
      vertex 89.449 -100.763 -3
      vertex 89.7249 -100.383 3
      vertex 89.7249 -100.383 -3
    endloop
  endfacet
  facet normal -0.809205 0.587526 0
    outer loop
      vertex 89.7249 -100.383 3
      vertex 89.449 -100.763 -3
      vertex 89.449 -100.763 3
    endloop
  endfacet
  facet normal -0.58783 -0.808985 0
    outer loop
      vertex 89.0693 -98.3655 -3
      vertex 89.449 -98.6414 3
      vertex 89.0693 -98.3655 3
    endloop
  endfacet
  facet normal -0.58783 -0.808985 -0
    outer loop
      vertex 89.449 -98.6414 3
      vertex 89.0693 -98.3655 -3
      vertex 89.449 -98.6414 -3
    endloop
  endfacet
  facet normal 0.587969 0.808883 -0
    outer loop
      vertex 87.7074 -101.039 -3
      vertex 87.3277 -100.763 3
      vertex 87.7074 -101.039 3
    endloop
  endfacet
  facet normal 0.587969 0.808883 0
    outer loop
      vertex 87.3277 -100.763 3
      vertex 87.7074 -101.039 -3
      vertex 87.3277 -100.763 -3
    endloop
  endfacet
  facet normal 0.308995 0.951064 -0
    outer loop
      vertex 88.1537 -101.184 -3
      vertex 87.7074 -101.039 3
      vertex 88.1537 -101.184 3
    endloop
  endfacet
  facet normal 0.308995 0.951064 0
    outer loop
      vertex 87.7074 -101.039 3
      vertex 88.1537 -101.184 -3
      vertex 87.7074 -101.039 -3
    endloop
  endfacet
  facet normal -1 0 0
    outer loop
      vertex 89.8699 -99.9367 -3
      vertex 89.8699 -99.4674 3
      vertex 89.8699 -99.4674 -3
    endloop
  endfacet
  facet normal -1 -0 0
    outer loop
      vertex 89.8699 -99.4674 3
      vertex 89.8699 -99.9367 -3
      vertex 89.8699 -99.9367 3
    endloop
  endfacet
  facet normal -0.951064 0.308995 0
    outer loop
      vertex 89.7249 -100.383 -3
      vertex 89.8699 -99.9367 3
      vertex 89.8699 -99.9367 -3
    endloop
  endfacet
  facet normal -0.951064 0.308995 0
    outer loop
      vertex 89.8699 -99.9367 3
      vertex 89.7249 -100.383 -3
      vertex 89.7249 -100.383 3
    endloop
  endfacet
  facet normal -0.951064 -0.308995 0
    outer loop
      vertex 89.8699 -99.4674 -3
      vertex 89.7249 -99.0211 3
      vertex 89.7249 -99.0211 -3
    endloop
  endfacet
  facet normal -0.951064 -0.308995 0
    outer loop
      vertex 89.7249 -99.0211 3
      vertex 89.8699 -99.4674 -3
      vertex 89.8699 -99.4674 3
    endloop
  endfacet
  facet normal 0 -1 0
    outer loop
      vertex 88.1537 -98.2205 -3
      vertex 88.623 -98.2205 3
      vertex 88.1537 -98.2205 3
    endloop
  endfacet
  facet normal 0 -1 -0
    outer loop
      vertex 88.623 -98.2205 3
      vertex 88.1537 -98.2205 -3
      vertex 88.623 -98.2205 -3
    endloop
  endfacet
  facet normal 0.308995 -0.951064 0
    outer loop
      vertex 87.7074 -98.3655 -3
      vertex 88.1537 -98.2205 3
      vertex 87.7074 -98.3655 3
    endloop
  endfacet
  facet normal 0.308995 -0.951064 0
    outer loop
      vertex 88.1537 -98.2205 3
      vertex 87.7074 -98.3655 -3
      vertex 88.1537 -98.2205 -3
    endloop
  endfacet
  facet normal -0.308995 -0.951064 0
    outer loop
      vertex 88.623 -98.2205 -3
      vertex 89.0693 -98.3655 3
      vertex 88.623 -98.2205 3
    endloop
  endfacet
  facet normal -0.308995 -0.951064 -0
    outer loop
      vertex 89.0693 -98.3655 3
      vertex 88.623 -98.2205 -3
      vertex 89.0693 -98.3655 -3
    endloop
  endfacet
  facet normal -0.808985 -0.58783 0
    outer loop
      vertex 89.7249 -99.0211 -3
      vertex 89.449 -98.6414 3
      vertex 89.449 -98.6414 -3
    endloop
  endfacet
  facet normal -0.808985 -0.58783 0
    outer loop
      vertex 89.449 -98.6414 3
      vertex 89.7249 -99.0211 -3
      vertex 89.7249 -99.0211 3
    endloop
  endfacet
  facet normal 0.58783 -0.808985 0
    outer loop
      vertex 87.3277 -98.6414 -3
      vertex 87.7074 -98.3655 3
      vertex 87.3277 -98.6414 3
    endloop
  endfacet
  facet normal 0.58783 -0.808985 0
    outer loop
      vertex 87.7074 -98.3655 3
      vertex 87.3277 -98.6414 -3
      vertex 87.7074 -98.3655 -3
    endloop
  endfacet
  facet normal -0.587969 0.808883 0
    outer loop
      vertex 89.449 -100.763 -3
      vertex 89.0693 -101.039 3
      vertex 89.449 -100.763 3
    endloop
  endfacet
  facet normal -0.587969 0.808883 0
    outer loop
      vertex 89.0693 -101.039 3
      vertex 89.449 -100.763 -3
      vertex 89.0693 -101.039 -3
    endloop
  endfacet
  facet normal 0 1 -0
    outer loop
      vertex 88.623 -101.184 -3
      vertex 88.1537 -101.184 3
      vertex 88.623 -101.184 3
    endloop
  endfacet
  facet normal 0 1 0
    outer loop
      vertex 88.1537 -101.184 3
      vertex 88.623 -101.184 -3
      vertex 88.1537 -101.184 -3
    endloop
  endfacet
  facet normal -0.308995 0.951064 0
    outer loop
      vertex 89.0693 -101.039 -3
      vertex 88.623 -101.184 3
      vertex 89.0693 -101.039 3
    endloop
  endfacet
  facet normal -0.308995 0.951064 0
    outer loop
      vertex 88.623 -101.184 3
      vertex 89.0693 -101.039 -3
      vertex 88.623 -101.184 -3
    endloop
  endfacet
  facet normal 0.808985 -0.58783 0
    outer loop
      vertex 87.0518 -99.0211 3
      vertex 87.3277 -98.6414 -3
      vertex 87.3277 -98.6414 3
    endloop
  endfacet
  facet normal 0.808985 -0.58783 0
    outer loop
      vertex 87.3277 -98.6414 -3
      vertex 87.0518 -99.0211 3
      vertex 87.0518 -99.0211 -3
    endloop
  endfacet
  facet normal 0.951064 0.308995 0
    outer loop
      vertex 87.0518 -100.383 3
      vertex 86.9068 -99.9367 -3
      vertex 86.9068 -99.9367 3
    endloop
  endfacet
  facet normal 0.951064 0.308995 0
    outer loop
      vertex 86.9068 -99.9367 -3
      vertex 87.0518 -100.383 3
      vertex 87.0518 -100.383 -3
    endloop
  endfacet
  facet normal 1 -0 0
    outer loop
      vertex 86.9068 -99.9367 3
      vertex 86.9068 -99.4674 -3
      vertex 86.9068 -99.4674 3
    endloop
  endfacet
  facet normal 1 0 0
    outer loop
      vertex 86.9068 -99.4674 -3
      vertex 86.9068 -99.9367 3
      vertex 86.9068 -99.9367 -3
    endloop
  endfacet
  facet normal 0.951064 -0.308995 0
    outer loop
      vertex 86.9068 -99.4674 3
      vertex 87.0518 -99.0211 -3
      vertex 87.0518 -99.0211 3
    endloop
  endfacet
  facet normal 0.951064 -0.308995 0
    outer loop
      vertex 87.0518 -99.0211 -3
      vertex 86.9068 -99.4674 3
      vertex 86.9068 -99.4674 -3
    endloop
  endfacet
  facet normal 0.809205 0.587526 0
    outer loop
      vertex 87.3277 -100.763 3
      vertex 87.0518 -100.383 -3
      vertex 87.0518 -100.383 3
    endloop
  endfacet
  facet normal 0.809205 0.587526 0
    outer loop
      vertex 87.0518 -100.383 -3
      vertex 87.3277 -100.763 3
      vertex 87.3277 -100.763 -3
    endloop
  endfacet
  facet normal -0.808883 0.587969 0
    outer loop
      vertex 100.763 -89.449 -3
      vertex 101.039 -89.0693 3
      vertex 101.039 -89.0693 -3
    endloop
  endfacet
  facet normal -0.808883 0.587969 0
    outer loop
      vertex 101.039 -89.0693 3
      vertex 100.763 -89.449 -3
      vertex 100.763 -89.449 3
    endloop
  endfacet
  facet normal 0.808985 -0.58783 0
    outer loop
      vertex 98.3655 -87.7074 3
      vertex 98.6414 -87.3277 -3
      vertex 98.6414 -87.3277 3
    endloop
  endfacet
  facet normal 0.808985 -0.58783 0
    outer loop
      vertex 98.6414 -87.3277 -3
      vertex 98.3655 -87.7074 3
      vertex 98.3655 -87.7074 -3
    endloop
  endfacet
  facet normal -0.587526 -0.809205 0
    outer loop
      vertex 100.383 -87.0518 -3
      vertex 100.763 -87.3277 3
      vertex 100.383 -87.0518 3
    endloop
  endfacet
  facet normal -0.587526 -0.809205 -0
    outer loop
      vertex 100.763 -87.3277 3
      vertex 100.383 -87.0518 -3
      vertex 100.763 -87.3277 -3
    endloop
  endfacet
  facet normal 0.58783 0.808985 -0
    outer loop
      vertex 99.0211 -89.7249 -3
      vertex 98.6414 -89.449 3
      vertex 99.0211 -89.7249 3
    endloop
  endfacet
  facet normal 0.58783 0.808985 0
    outer loop
      vertex 98.6414 -89.449 3
      vertex 99.0211 -89.7249 -3
      vertex 98.6414 -89.449 -3
    endloop
  endfacet
  facet normal -1 0 0
    outer loop
      vertex 101.184 -88.623 -3
      vertex 101.184 -88.1537 3
      vertex 101.184 -88.1537 -3
    endloop
  endfacet
  facet normal -1 -0 0
    outer loop
      vertex 101.184 -88.1537 3
      vertex 101.184 -88.623 -3
      vertex 101.184 -88.623 3
    endloop
  endfacet
  facet normal -0.951064 0.308995 0
    outer loop
      vertex 101.039 -89.0693 -3
      vertex 101.184 -88.623 3
      vertex 101.184 -88.623 -3
    endloop
  endfacet
  facet normal -0.951064 0.308995 0
    outer loop
      vertex 101.184 -88.623 3
      vertex 101.039 -89.0693 -3
      vertex 101.039 -89.0693 3
    endloop
  endfacet
  facet normal 0 -1 0
    outer loop
      vertex 99.4674 -86.9068 -3
      vertex 99.9367 -86.9068 3
      vertex 99.4674 -86.9068 3
    endloop
  endfacet
  facet normal 0 -1 -0
    outer loop
      vertex 99.9367 -86.9068 3
      vertex 99.4674 -86.9068 -3
      vertex 99.9367 -86.9068 -3
    endloop
  endfacet
  facet normal 0.308995 -0.951064 0
    outer loop
      vertex 99.0211 -87.0518 -3
      vertex 99.4674 -86.9068 3
      vertex 99.0211 -87.0518 3
    endloop
  endfacet
  facet normal 0.308995 -0.951064 0
    outer loop
      vertex 99.4674 -86.9068 3
      vertex 99.0211 -87.0518 -3
      vertex 99.4674 -86.9068 -3
    endloop
  endfacet
  facet normal -0.308995 -0.951064 0
    outer loop
      vertex 99.9367 -86.9068 -3
      vertex 100.383 -87.0518 3
      vertex 99.9367 -86.9068 3
    endloop
  endfacet
  facet normal -0.308995 -0.951064 -0
    outer loop
      vertex 100.383 -87.0518 3
      vertex 99.9367 -86.9068 -3
      vertex 100.383 -87.0518 -3
    endloop
  endfacet
  facet normal 0.308995 0.951064 -0
    outer loop
      vertex 99.4674 -89.8699 -3
      vertex 99.0211 -89.7249 3
      vertex 99.4674 -89.8699 3
    endloop
  endfacet
  facet normal 0.308995 0.951064 0
    outer loop
      vertex 99.0211 -89.7249 3
      vertex 99.4674 -89.8699 -3
      vertex 99.0211 -89.7249 -3
    endloop
  endfacet
  facet normal -0.308995 0.951064 0
    outer loop
      vertex 100.383 -89.7249 -3
      vertex 99.9367 -89.8699 3
      vertex 100.383 -89.7249 3
    endloop
  endfacet
  facet normal -0.308995 0.951064 0
    outer loop
      vertex 99.9367 -89.8699 3
      vertex 100.383 -89.7249 -3
      vertex 99.9367 -89.8699 -3
    endloop
  endfacet
  facet normal 0.951064 0.308995 0
    outer loop
      vertex 98.3655 -89.0693 3
      vertex 98.2205 -88.623 -3
      vertex 98.2205 -88.623 3
    endloop
  endfacet
  facet normal 0.951064 0.308995 0
    outer loop
      vertex 98.2205 -88.623 -3
      vertex 98.3655 -89.0693 3
      vertex 98.3655 -89.0693 -3
    endloop
  endfacet
  facet normal 0.951064 -0.308995 0
    outer loop
      vertex 98.2205 -88.1537 3
      vertex 98.3655 -87.7074 -3
      vertex 98.3655 -87.7074 3
    endloop
  endfacet
  facet normal 0.951064 -0.308995 0
    outer loop
      vertex 98.3655 -87.7074 -3
      vertex 98.2205 -88.1537 3
      vertex 98.2205 -88.1537 -3
    endloop
  endfacet
  facet normal -0.808883 -0.587969 0
    outer loop
      vertex 101.039 -87.7074 -3
      vertex 100.763 -87.3277 3
      vertex 100.763 -87.3277 -3
    endloop
  endfacet
  facet normal -0.808883 -0.587969 0
    outer loop
      vertex 100.763 -87.3277 3
      vertex 101.039 -87.7074 -3
      vertex 101.039 -87.7074 3
    endloop
  endfacet
  facet normal -0.951064 -0.308995 0
    outer loop
      vertex 101.184 -88.1537 -3
      vertex 101.039 -87.7074 3
      vertex 101.039 -87.7074 -3
    endloop
  endfacet
  facet normal -0.951064 -0.308995 0
    outer loop
      vertex 101.039 -87.7074 3
      vertex 101.184 -88.1537 -3
      vertex 101.184 -88.1537 3
    endloop
  endfacet
  facet normal 0.58783 -0.808985 0
    outer loop
      vertex 98.6414 -87.3277 -3
      vertex 99.0211 -87.0518 3
      vertex 98.6414 -87.3277 3
    endloop
  endfacet
  facet normal 0.58783 -0.808985 0
    outer loop
      vertex 99.0211 -87.0518 3
      vertex 98.6414 -87.3277 -3
      vertex 99.0211 -87.0518 -3
    endloop
  endfacet
  facet normal 0 1 -0
    outer loop
      vertex 99.9367 -89.8699 -3
      vertex 99.4674 -89.8699 3
      vertex 99.9367 -89.8699 3
    endloop
  endfacet
  facet normal 0 1 0
    outer loop
      vertex 99.4674 -89.8699 3
      vertex 99.9367 -89.8699 -3
      vertex 99.4674 -89.8699 -3
    endloop
  endfacet
  facet normal 0.808985 0.58783 0
    outer loop
      vertex 98.6414 -89.449 3
      vertex 98.3655 -89.0693 -3
      vertex 98.3655 -89.0693 3
    endloop
  endfacet
  facet normal 0.808985 0.58783 0
    outer loop
      vertex 98.3655 -89.0693 -3
      vertex 98.6414 -89.449 3
      vertex 98.6414 -89.449 -3
    endloop
  endfacet
  facet normal 1 -0 0
    outer loop
      vertex 98.2205 -88.623 3
      vertex 98.2205 -88.1537 -3
      vertex 98.2205 -88.1537 3
    endloop
  endfacet
  facet normal 1 0 0
    outer loop
      vertex 98.2205 -88.1537 -3
      vertex 98.2205 -88.623 3
      vertex 98.2205 -88.623 -3
    endloop
  endfacet
  facet normal -0.587526 0.809205 0
    outer loop
      vertex 100.763 -89.449 -3
      vertex 100.383 -89.7249 3
      vertex 100.763 -89.449 3
    endloop
  endfacet
  facet normal -0.587526 0.809205 0
    outer loop
      vertex 100.383 -89.7249 3
      vertex 100.763 -89.449 -3
      vertex 100.383 -89.7249 -3
    endloop
  endfacet
  facet normal -0.808985 0.58783 0
    outer loop
      vertex 89.449 -78.1353 -3
      vertex 89.7249 -77.7556 3
      vertex 89.7249 -77.7556 -3
    endloop
  endfacet
  facet normal -0.808985 0.58783 0
    outer loop
      vertex 89.7249 -77.7556 3
      vertex 89.449 -78.1353 -3
      vertex 89.449 -78.1353 3
    endloop
  endfacet
  facet normal 0.58783 -0.808985 0
    outer loop
      vertex 87.3277 -76.014 -3
      vertex 87.7074 -75.7381 3
      vertex 87.3277 -76.014 3
    endloop
  endfacet
  facet normal 0.58783 -0.808985 0
    outer loop
      vertex 87.7074 -75.7381 3
      vertex 87.3277 -76.014 -3
      vertex 87.7074 -75.7381 -3
    endloop
  endfacet
  facet normal -0.808985 -0.58783 0
    outer loop
      vertex 89.7249 -76.3937 -3
      vertex 89.449 -76.014 3
      vertex 89.449 -76.014 -3
    endloop
  endfacet
  facet normal -0.808985 -0.58783 0
    outer loop
      vertex 89.449 -76.014 3
      vertex 89.7249 -76.3937 -3
      vertex 89.7249 -76.3937 3
    endloop
  endfacet
  facet normal 0.58769 0.809086 -0
    outer loop
      vertex 87.7074 -78.4111 -3
      vertex 87.3277 -78.1353 3
      vertex 87.7074 -78.4111 3
    endloop
  endfacet
  facet normal 0.58769 0.809086 0
    outer loop
      vertex 87.3277 -78.1353 3
      vertex 87.7074 -78.4111 -3
      vertex 87.3277 -78.1353 -3
    endloop
  endfacet
  facet normal 0.309187 0.951001 -0
    outer loop
      vertex 88.1537 -78.5562 -3
      vertex 87.7074 -78.4111 3
      vertex 88.1537 -78.5562 3
    endloop
  endfacet
  facet normal 0.309187 0.951001 0
    outer loop
      vertex 87.7074 -78.4111 3
      vertex 88.1537 -78.5562 -3
      vertex 87.7074 -78.4111 -3
    endloop
  endfacet
  facet normal -1 0 0
    outer loop
      vertex 89.8699 -77.3093 -3
      vertex 89.8699 -76.84 3
      vertex 89.8699 -76.84 -3
    endloop
  endfacet
  facet normal -1 -0 0
    outer loop
      vertex 89.8699 -76.84 3
      vertex 89.8699 -77.3093 -3
      vertex 89.8699 -77.3093 3
    endloop
  endfacet
  facet normal -0.951064 0.308995 0
    outer loop
      vertex 89.7249 -77.7556 -3
      vertex 89.8699 -77.3093 3
      vertex 89.8699 -77.3093 -3
    endloop
  endfacet
  facet normal -0.951064 0.308995 0
    outer loop
      vertex 89.8699 -77.3093 3
      vertex 89.7249 -77.7556 -3
      vertex 89.7249 -77.7556 3
    endloop
  endfacet
  facet normal -0.951064 -0.308995 0
    outer loop
      vertex 89.8699 -76.84 -3
      vertex 89.7249 -76.3937 3
      vertex 89.7249 -76.3937 -3
    endloop
  endfacet
  facet normal -0.951064 -0.308995 0
    outer loop
      vertex 89.7249 -76.3937 3
      vertex 89.8699 -76.84 -3
      vertex 89.8699 -76.84 3
    endloop
  endfacet
  facet normal -0.308995 -0.951064 0
    outer loop
      vertex 88.623 -75.5931 -3
      vertex 89.0693 -75.7381 3
      vertex 88.623 -75.5931 3
    endloop
  endfacet
  facet normal -0.308995 -0.951064 -0
    outer loop
      vertex 89.0693 -75.7381 3
      vertex 88.623 -75.5931 -3
      vertex 89.0693 -75.7381 -3
    endloop
  endfacet
  facet normal 0 -1 0
    outer loop
      vertex 88.1537 -75.5931 -3
      vertex 88.623 -75.5931 3
      vertex 88.1537 -75.5931 3
    endloop
  endfacet
  facet normal 0 -1 -0
    outer loop
      vertex 88.623 -75.5931 3
      vertex 88.1537 -75.5931 -3
      vertex 88.623 -75.5931 -3
    endloop
  endfacet
  facet normal -0.58783 -0.808985 0
    outer loop
      vertex 89.0693 -75.7381 -3
      vertex 89.449 -76.014 3
      vertex 89.0693 -75.7381 3
    endloop
  endfacet
  facet normal -0.58783 -0.808985 -0
    outer loop
      vertex 89.449 -76.014 3
      vertex 89.0693 -75.7381 -3
      vertex 89.449 -76.014 -3
    endloop
  endfacet
  facet normal 1 -0 0
    outer loop
      vertex 86.9068 -77.3093 3
      vertex 86.9068 -76.84 -3
      vertex 86.9068 -76.84 3
    endloop
  endfacet
  facet normal 1 0 0
    outer loop
      vertex 86.9068 -76.84 -3
      vertex 86.9068 -77.3093 3
      vertex 86.9068 -77.3093 -3
    endloop
  endfacet
  facet normal 0.308995 -0.951064 0
    outer loop
      vertex 87.7074 -75.7381 -3
      vertex 88.1537 -75.5931 3
      vertex 87.7074 -75.7381 3
    endloop
  endfacet
  facet normal 0.308995 -0.951064 0
    outer loop
      vertex 88.1537 -75.5931 3
      vertex 87.7074 -75.7381 -3
      vertex 88.1537 -75.5931 -3
    endloop
  endfacet
  facet normal 0 1 -0
    outer loop
      vertex 88.623 -78.5562 -3
      vertex 88.1537 -78.5562 3
      vertex 88.623 -78.5562 3
    endloop
  endfacet
  facet normal 0 1 0
    outer loop
      vertex 88.1537 -78.5562 3
      vertex 88.623 -78.5562 -3
      vertex 88.1537 -78.5562 -3
    endloop
  endfacet
  facet normal -0.309187 0.951001 0
    outer loop
      vertex 89.0693 -78.4111 -3
      vertex 88.623 -78.5562 3
      vertex 89.0693 -78.4111 3
    endloop
  endfacet
  facet normal -0.309187 0.951001 0
    outer loop
      vertex 88.623 -78.5562 3
      vertex 89.0693 -78.4111 -3
      vertex 88.623 -78.5562 -3
    endloop
  endfacet
  facet normal -0.58769 0.809086 0
    outer loop
      vertex 89.449 -78.1353 -3
      vertex 89.0693 -78.4111 3
      vertex 89.449 -78.1353 3
    endloop
  endfacet
  facet normal -0.58769 0.809086 0
    outer loop
      vertex 89.0693 -78.4111 3
      vertex 89.449 -78.1353 -3
      vertex 89.0693 -78.4111 -3
    endloop
  endfacet
  facet normal 0.808985 0.58783 0
    outer loop
      vertex 87.3277 -78.1353 3
      vertex 87.0518 -77.7556 -3
      vertex 87.0518 -77.7556 3
    endloop
  endfacet
  facet normal 0.808985 0.58783 0
    outer loop
      vertex 87.0518 -77.7556 -3
      vertex 87.3277 -78.1353 3
      vertex 87.3277 -78.1353 -3
    endloop
  endfacet
  facet normal 0.951064 -0.308995 0
    outer loop
      vertex 86.9068 -76.84 3
      vertex 87.0518 -76.3937 -3
      vertex 87.0518 -76.3937 3
    endloop
  endfacet
  facet normal 0.951064 -0.308995 0
    outer loop
      vertex 87.0518 -76.3937 -3
      vertex 86.9068 -76.84 3
      vertex 86.9068 -76.84 -3
    endloop
  endfacet
  facet normal 0.808985 -0.58783 0
    outer loop
      vertex 87.0518 -76.3937 3
      vertex 87.3277 -76.014 -3
      vertex 87.3277 -76.014 3
    endloop
  endfacet
  facet normal 0.808985 -0.58783 0
    outer loop
      vertex 87.3277 -76.014 -3
      vertex 87.0518 -76.3937 3
      vertex 87.0518 -76.3937 -3
    endloop
  endfacet
  facet normal 0.951064 0.308995 0
    outer loop
      vertex 87.0518 -77.7556 3
      vertex 86.9068 -77.3093 -3
      vertex 86.9068 -77.3093 3
    endloop
  endfacet
  facet normal 0.951064 0.308995 0
    outer loop
      vertex 86.9068 -77.3093 -3
      vertex 87.0518 -77.7556 3
      vertex 87.0518 -77.7556 -3
    endloop
  endfacet
  facet normal -0.987692 -0.156411 0
    outer loop
      vertex -13.75 -15.25 -3
      vertex -13.8234 -14.7865 3
      vertex -13.8234 -14.7865 -3
    endloop
  endfacet
  facet normal -0.987692 -0.156411 0
    outer loop
      vertex -13.8234 -14.7865 3
      vertex -13.75 -15.25 -3
      vertex -13.75 -15.25 3
    endloop
  endfacet
  facet normal 0.987692 -0.156411 0
    outer loop
      vertex -16.75 -15.25 3
      vertex -16.6766 -14.7865 -3
      vertex -16.6766 -14.7865 3
    endloop
  endfacet
  facet normal 0.987692 -0.156411 0
    outer loop
      vertex -16.6766 -14.7865 -3
      vertex -16.75 -15.25 3
      vertex -16.75 -15.25 -3
    endloop
  endfacet
  facet normal 0.156411 -0.987692 0
    outer loop
      vertex -15.7135 -13.8234 -3
      vertex -15.25 -13.75 3
      vertex -15.7135 -13.8234 3
    endloop
  endfacet
  facet normal 0.156411 -0.987692 0
    outer loop
      vertex -15.25 -13.75 3
      vertex -15.7135 -13.8234 -3
      vertex -15.25 -13.75 -3
    endloop
  endfacet
  facet normal 0.156411 0.987692 -0
    outer loop
      vertex -15.25 -16.75 -3
      vertex -15.7135 -16.6766 3
      vertex -15.25 -16.75 3
    endloop
  endfacet
  facet normal 0.156411 0.987692 0
    outer loop
      vertex -15.7135 -16.6766 3
      vertex -15.25 -16.75 -3
      vertex -15.7135 -16.6766 -3
    endloop
  endfacet
  facet normal -0.707107 -0.707107 0
    outer loop
      vertex -14.0365 -14.3683 -3
      vertex -14.3683 -14.0365 3
      vertex -14.3683 -14.0365 -3
    endloop
  endfacet
  facet normal -0.707107 -0.707107 0
    outer loop
      vertex -14.3683 -14.0365 3
      vertex -14.0365 -14.3683 -3
      vertex -14.0365 -14.3683 3
    endloop
  endfacet
  facet normal -0.890992 -0.454018 0
    outer loop
      vertex -13.8234 -14.7865 -3
      vertex -14.0365 -14.3683 3
      vertex -14.0365 -14.3683 -3
    endloop
  endfacet
  facet normal -0.890992 -0.454018 0
    outer loop
      vertex -14.0365 -14.3683 3
      vertex -13.8234 -14.7865 -3
      vertex -13.8234 -14.7865 3
    endloop
  endfacet
  facet normal -0.454018 -0.890992 0
    outer loop
      vertex -14.7865 -13.8234 -3
      vertex -14.3683 -14.0365 3
      vertex -14.7865 -13.8234 3
    endloop
  endfacet
  facet normal -0.454018 -0.890992 -0
    outer loop
      vertex -14.3683 -14.0365 3
      vertex -14.7865 -13.8234 -3
      vertex -14.3683 -14.0365 -3
    endloop
  endfacet
  facet normal 0.707107 -0.707107 0
    outer loop
      vertex -16.4635 -14.3683 3
      vertex -16.1317 -14.0365 -3
      vertex -16.1317 -14.0365 3
    endloop
  endfacet
  facet normal 0.707107 -0.707107 0
    outer loop
      vertex -16.1317 -14.0365 -3
      vertex -16.4635 -14.3683 3
      vertex -16.4635 -14.3683 -3
    endloop
  endfacet
  facet normal 0.890992 -0.454018 0
    outer loop
      vertex -16.6766 -14.7865 3
      vertex -16.4635 -14.3683 -3
      vertex -16.4635 -14.3683 3
    endloop
  endfacet
  facet normal 0.890992 -0.454018 0
    outer loop
      vertex -16.4635 -14.3683 -3
      vertex -16.6766 -14.7865 3
      vertex -16.6766 -14.7865 -3
    endloop
  endfacet
  facet normal 0.454018 -0.890992 0
    outer loop
      vertex -16.1317 -14.0365 -3
      vertex -15.7135 -13.8234 3
      vertex -16.1317 -14.0365 3
    endloop
  endfacet
  facet normal 0.454018 -0.890992 0
    outer loop
      vertex -15.7135 -13.8234 3
      vertex -16.1317 -14.0365 -3
      vertex -15.7135 -13.8234 -3
    endloop
  endfacet
  facet normal -0.890992 0.454018 0
    outer loop
      vertex -14.0365 -16.1317 -3
      vertex -13.8234 -15.7135 3
      vertex -13.8234 -15.7135 -3
    endloop
  endfacet
  facet normal -0.890992 0.454018 0
    outer loop
      vertex -13.8234 -15.7135 3
      vertex -14.0365 -16.1317 -3
      vertex -14.0365 -16.1317 3
    endloop
  endfacet
  facet normal 0.707107 0.707107 0
    outer loop
      vertex -16.1317 -16.4635 3
      vertex -16.4635 -16.1317 -3
      vertex -16.4635 -16.1317 3
    endloop
  endfacet
  facet normal 0.707107 0.707107 0
    outer loop
      vertex -16.4635 -16.1317 -3
      vertex -16.1317 -16.4635 3
      vertex -16.1317 -16.4635 -3
    endloop
  endfacet
  facet normal 0.987692 0.156411 0
    outer loop
      vertex -16.6766 -15.7135 3
      vertex -16.75 -15.25 -3
      vertex -16.75 -15.25 3
    endloop
  endfacet
  facet normal 0.987692 0.156411 0
    outer loop
      vertex -16.75 -15.25 -3
      vertex -16.6766 -15.7135 3
      vertex -16.6766 -15.7135 -3
    endloop
  endfacet
  facet normal -0.156411 -0.987692 0
    outer loop
      vertex -15.25 -13.75 -3
      vertex -14.7865 -13.8234 3
      vertex -15.25 -13.75 3
    endloop
  endfacet
  facet normal -0.156411 -0.987692 -0
    outer loop
      vertex -14.7865 -13.8234 3
      vertex -15.25 -13.75 -3
      vertex -14.7865 -13.8234 -3
    endloop
  endfacet
  facet normal -0.156411 0.987692 0
    outer loop
      vertex -14.7865 -16.6766 -3
      vertex -15.25 -16.75 3
      vertex -14.7865 -16.6766 3
    endloop
  endfacet
  facet normal -0.156411 0.987692 0
    outer loop
      vertex -15.25 -16.75 3
      vertex -14.7865 -16.6766 -3
      vertex -15.25 -16.75 -3
    endloop
  endfacet
  facet normal -0.707107 0.707107 0
    outer loop
      vertex -14.0365 -16.1317 -3
      vertex -14.3683 -16.4635 3
      vertex -14.0365 -16.1317 3
    endloop
  endfacet
  facet normal -0.707107 0.707107 0
    outer loop
      vertex -14.3683 -16.4635 3
      vertex -14.0365 -16.1317 -3
      vertex -14.3683 -16.4635 -3
    endloop
  endfacet
  facet normal -0.987692 0.156411 0
    outer loop
      vertex -13.8234 -15.7135 -3
      vertex -13.75 -15.25 3
      vertex -13.75 -15.25 -3
    endloop
  endfacet
  facet normal -0.987692 0.156411 0
    outer loop
      vertex -13.75 -15.25 3
      vertex -13.8234 -15.7135 -3
      vertex -13.8234 -15.7135 3
    endloop
  endfacet
  facet normal 0.454018 0.890992 -0
    outer loop
      vertex -15.7135 -16.6766 -3
      vertex -16.1317 -16.4635 3
      vertex -15.7135 -16.6766 3
    endloop
  endfacet
  facet normal 0.454018 0.890992 0
    outer loop
      vertex -16.1317 -16.4635 3
      vertex -15.7135 -16.6766 -3
      vertex -16.1317 -16.4635 -3
    endloop
  endfacet
  facet normal 0.890992 0.454018 0
    outer loop
      vertex -16.4635 -16.1317 3
      vertex -16.6766 -15.7135 -3
      vertex -16.6766 -15.7135 3
    endloop
  endfacet
  facet normal 0.890992 0.454018 0
    outer loop
      vertex -16.6766 -15.7135 -3
      vertex -16.4635 -16.1317 3
      vertex -16.4635 -16.1317 -3
    endloop
  endfacet
  facet normal -0.454018 0.890992 0
    outer loop
      vertex -14.3683 -16.4635 -3
      vertex -14.7865 -16.6766 3
      vertex -14.3683 -16.4635 3
    endloop
  endfacet
  facet normal -0.454018 0.890992 0
    outer loop
      vertex -14.7865 -16.6766 3
      vertex -14.3683 -16.4635 -3
      vertex -14.7865 -16.6766 -3
    endloop
  endfacet
  facet normal -0.987692 -0.156411 0
    outer loop
      vertex 16.75 -15.25 -3
      vertex 16.6766 -14.7865 3
      vertex 16.6766 -14.7865 -3
    endloop
  endfacet
  facet normal -0.987692 -0.156411 0
    outer loop
      vertex 16.6766 -14.7865 3
      vertex 16.75 -15.25 -3
      vertex 16.75 -15.25 3
    endloop
  endfacet
  facet normal 0.987692 0.156411 0
    outer loop
      vertex 13.8234 -15.7135 3
      vertex 13.75 -15.25 -3
      vertex 13.75 -15.25 3
    endloop
  endfacet
  facet normal 0.987692 0.156411 0
    outer loop
      vertex 13.75 -15.25 -3
      vertex 13.8234 -15.7135 3
      vertex 13.8234 -15.7135 -3
    endloop
  endfacet
  facet normal 0.156411 -0.987692 0
    outer loop
      vertex 14.7865 -13.8234 -3
      vertex 15.25 -13.75 3
      vertex 14.7865 -13.8234 3
    endloop
  endfacet
  facet normal 0.156411 -0.987692 0
    outer loop
      vertex 15.25 -13.75 3
      vertex 14.7865 -13.8234 -3
      vertex 15.25 -13.75 -3
    endloop
  endfacet
  facet normal -0.156411 0.987692 0
    outer loop
      vertex 15.7135 -16.6766 -3
      vertex 15.25 -16.75 3
      vertex 15.7135 -16.6766 3
    endloop
  endfacet
  facet normal -0.156411 0.987692 0
    outer loop
      vertex 15.25 -16.75 3
      vertex 15.7135 -16.6766 -3
      vertex 15.25 -16.75 -3
    endloop
  endfacet
  facet normal -0.454018 0.890992 0
    outer loop
      vertex 16.1317 -16.4635 -3
      vertex 15.7135 -16.6766 3
      vertex 16.1317 -16.4635 3
    endloop
  endfacet
  facet normal -0.454018 0.890992 0
    outer loop
      vertex 15.7135 -16.6766 3
      vertex 16.1317 -16.4635 -3
      vertex 15.7135 -16.6766 -3
    endloop
  endfacet
  facet normal -0.707107 -0.707107 0
    outer loop
      vertex 16.4635 -14.3683 -3
      vertex 16.1317 -14.0365 3
      vertex 16.1317 -14.0365 -3
    endloop
  endfacet
  facet normal -0.707107 -0.707107 0
    outer loop
      vertex 16.1317 -14.0365 3
      vertex 16.4635 -14.3683 -3
      vertex 16.4635 -14.3683 3
    endloop
  endfacet
  facet normal -0.890992 -0.454018 0
    outer loop
      vertex 16.6766 -14.7865 -3
      vertex 16.4635 -14.3683 3
      vertex 16.4635 -14.3683 -3
    endloop
  endfacet
  facet normal -0.890992 -0.454018 0
    outer loop
      vertex 16.4635 -14.3683 3
      vertex 16.6766 -14.7865 -3
      vertex 16.6766 -14.7865 3
    endloop
  endfacet
  facet normal -0.454018 -0.890992 0
    outer loop
      vertex 15.7135 -13.8234 -3
      vertex 16.1317 -14.0365 3
      vertex 15.7135 -13.8234 3
    endloop
  endfacet
  facet normal -0.454018 -0.890992 -0
    outer loop
      vertex 16.1317 -14.0365 3
      vertex 15.7135 -13.8234 -3
      vertex 16.1317 -14.0365 -3
    endloop
  endfacet
  facet normal 0.707107 -0.707107 0
    outer loop
      vertex 14.0365 -14.3683 3
      vertex 14.3683 -14.0365 -3
      vertex 14.3683 -14.0365 3
    endloop
  endfacet
  facet normal 0.707107 -0.707107 0
    outer loop
      vertex 14.3683 -14.0365 -3
      vertex 14.0365 -14.3683 3
      vertex 14.0365 -14.3683 -3
    endloop
  endfacet
  facet normal 0.890992 -0.454018 0
    outer loop
      vertex 13.8234 -14.7865 3
      vertex 14.0365 -14.3683 -3
      vertex 14.0365 -14.3683 3
    endloop
  endfacet
  facet normal 0.890992 -0.454018 0
    outer loop
      vertex 14.0365 -14.3683 -3
      vertex 13.8234 -14.7865 3
      vertex 13.8234 -14.7865 -3
    endloop
  endfacet
  facet normal 0.454018 -0.890992 0
    outer loop
      vertex 14.3683 -14.0365 -3
      vertex 14.7865 -13.8234 3
      vertex 14.3683 -14.0365 3
    endloop
  endfacet
  facet normal 0.454018 -0.890992 0
    outer loop
      vertex 14.7865 -13.8234 3
      vertex 14.3683 -14.0365 -3
      vertex 14.7865 -13.8234 -3
    endloop
  endfacet
  facet normal -0.156411 -0.987692 0
    outer loop
      vertex 15.25 -13.75 -3
      vertex 15.7135 -13.8234 3
      vertex 15.25 -13.75 3
    endloop
  endfacet
  facet normal -0.156411 -0.987692 -0
    outer loop
      vertex 15.7135 -13.8234 3
      vertex 15.25 -13.75 -3
      vertex 15.7135 -13.8234 -3
    endloop
  endfacet
  facet normal 0.987692 -0.156411 0
    outer loop
      vertex 13.75 -15.25 3
      vertex 13.8234 -14.7865 -3
      vertex 13.8234 -14.7865 3
    endloop
  endfacet
  facet normal 0.987692 -0.156411 0
    outer loop
      vertex 13.8234 -14.7865 -3
      vertex 13.75 -15.25 3
      vertex 13.75 -15.25 -3
    endloop
  endfacet
  facet normal -0.707107 0.707107 0
    outer loop
      vertex 16.1317 -16.4635 -3
      vertex 16.4635 -16.1317 3
      vertex 16.4635 -16.1317 -3
    endloop
  endfacet
  facet normal -0.707107 0.707107 0
    outer loop
      vertex 16.4635 -16.1317 3
      vertex 16.1317 -16.4635 -3
      vertex 16.1317 -16.4635 3
    endloop
  endfacet
  facet normal -0.890992 0.454018 0
    outer loop
      vertex 16.4635 -16.1317 -3
      vertex 16.6766 -15.7135 3
      vertex 16.6766 -15.7135 -3
    endloop
  endfacet
  facet normal -0.890992 0.454018 0
    outer loop
      vertex 16.6766 -15.7135 3
      vertex 16.4635 -16.1317 -3
      vertex 16.4635 -16.1317 3
    endloop
  endfacet
  facet normal 0.454018 0.890992 -0
    outer loop
      vertex 14.7865 -16.6766 -3
      vertex 14.3683 -16.4635 3
      vertex 14.7865 -16.6766 3
    endloop
  endfacet
  facet normal 0.454018 0.890992 0
    outer loop
      vertex 14.3683 -16.4635 3
      vertex 14.7865 -16.6766 -3
      vertex 14.3683 -16.4635 -3
    endloop
  endfacet
  facet normal 0.707107 0.707107 -0
    outer loop
      vertex 14.3683 -16.4635 -3
      vertex 14.0365 -16.1317 3
      vertex 14.3683 -16.4635 3
    endloop
  endfacet
  facet normal 0.707107 0.707107 0
    outer loop
      vertex 14.0365 -16.1317 3
      vertex 14.3683 -16.4635 -3
      vertex 14.0365 -16.1317 -3
    endloop
  endfacet
  facet normal 0.890992 0.454018 0
    outer loop
      vertex 14.0365 -16.1317 3
      vertex 13.8234 -15.7135 -3
      vertex 13.8234 -15.7135 3
    endloop
  endfacet
  facet normal 0.890992 0.454018 0
    outer loop
      vertex 13.8234 -15.7135 -3
      vertex 14.0365 -16.1317 3
      vertex 14.0365 -16.1317 -3
    endloop
  endfacet
  facet normal -0.987692 0.156411 0
    outer loop
      vertex 16.6766 -15.7135 -3
      vertex 16.75 -15.25 3
      vertex 16.75 -15.25 -3
    endloop
  endfacet
  facet normal -0.987692 0.156411 0
    outer loop
      vertex 16.75 -15.25 3
      vertex 16.6766 -15.7135 -3
      vertex 16.6766 -15.7135 3
    endloop
  endfacet
  facet normal 0.156411 0.987692 -0
    outer loop
      vertex 15.25 -16.75 -3
      vertex 14.7865 -16.6766 3
      vertex 15.25 -16.75 3
    endloop
  endfacet
  facet normal 0.156411 0.987692 0
    outer loop
      vertex 14.7865 -16.6766 3
      vertex 15.25 -16.75 -3
      vertex 14.7865 -16.6766 -3
    endloop
  endfacet
  facet normal -0.987692 -0.156411 0
    outer loop
      vertex 16.75 15.25 -3
      vertex 16.6766 15.7135 3
      vertex 16.6766 15.7135 -3
    endloop
  endfacet
  facet normal -0.987692 -0.156411 0
    outer loop
      vertex 16.6766 15.7135 3
      vertex 16.75 15.25 -3
      vertex 16.75 15.25 3
    endloop
  endfacet
  facet normal 0.156411 -0.987692 0
    outer loop
      vertex 14.7865 16.6766 -3
      vertex 15.25 16.75 3
      vertex 14.7865 16.6766 3
    endloop
  endfacet
  facet normal 0.156411 -0.987692 0
    outer loop
      vertex 15.25 16.75 3
      vertex 14.7865 16.6766 -3
      vertex 15.25 16.75 -3
    endloop
  endfacet
  facet normal -0.707107 -0.707107 0
    outer loop
      vertex 16.4635 16.1317 -3
      vertex 16.1317 16.4635 3
      vertex 16.1317 16.4635 -3
    endloop
  endfacet
  facet normal -0.707107 -0.707107 0
    outer loop
      vertex 16.1317 16.4635 3
      vertex 16.4635 16.1317 -3
      vertex 16.4635 16.1317 3
    endloop
  endfacet
  facet normal -0.890992 -0.454018 0
    outer loop
      vertex 16.6766 15.7135 -3
      vertex 16.4635 16.1317 3
      vertex 16.4635 16.1317 -3
    endloop
  endfacet
  facet normal -0.890992 -0.454018 0
    outer loop
      vertex 16.4635 16.1317 3
      vertex 16.6766 15.7135 -3
      vertex 16.6766 15.7135 3
    endloop
  endfacet
  facet normal 0.707107 -0.707107 0
    outer loop
      vertex 14.0365 16.1317 -3
      vertex 14.3683 16.4635 3
      vertex 14.0365 16.1317 3
    endloop
  endfacet
  facet normal 0.707107 -0.707107 0
    outer loop
      vertex 14.3683 16.4635 3
      vertex 14.0365 16.1317 -3
      vertex 14.3683 16.4635 -3
    endloop
  endfacet
  facet normal 0.890992 -0.454018 0
    outer loop
      vertex 13.8234 15.7135 3
      vertex 14.0365 16.1317 -3
      vertex 14.0365 16.1317 3
    endloop
  endfacet
  facet normal 0.890992 -0.454018 0
    outer loop
      vertex 14.0365 16.1317 -3
      vertex 13.8234 15.7135 3
      vertex 13.8234 15.7135 -3
    endloop
  endfacet
  facet normal 0.454018 -0.890992 0
    outer loop
      vertex 14.3683 16.4635 -3
      vertex 14.7865 16.6766 3
      vertex 14.3683 16.4635 3
    endloop
  endfacet
  facet normal 0.454018 -0.890992 0
    outer loop
      vertex 14.7865 16.6766 3
      vertex 14.3683 16.4635 -3
      vertex 14.7865 16.6766 -3
    endloop
  endfacet
  facet normal -0.454018 0.890992 0
    outer loop
      vertex 16.1317 14.0365 -3
      vertex 15.7135 13.8234 3
      vertex 16.1317 14.0365 3
    endloop
  endfacet
  facet normal -0.454018 0.890992 0
    outer loop
      vertex 15.7135 13.8234 3
      vertex 16.1317 14.0365 -3
      vertex 15.7135 13.8234 -3
    endloop
  endfacet
  facet normal -0.890992 0.454018 0
    outer loop
      vertex 16.4635 14.3683 -3
      vertex 16.6766 14.7865 3
      vertex 16.6766 14.7865 -3
    endloop
  endfacet
  facet normal -0.890992 0.454018 0
    outer loop
      vertex 16.6766 14.7865 3
      vertex 16.4635 14.3683 -3
      vertex 16.4635 14.3683 3
    endloop
  endfacet
  facet normal 0.454018 0.890992 -0
    outer loop
      vertex 14.7865 13.8234 -3
      vertex 14.3683 14.0365 3
      vertex 14.7865 13.8234 3
    endloop
  endfacet
  facet normal 0.454018 0.890992 0
    outer loop
      vertex 14.3683 14.0365 3
      vertex 14.7865 13.8234 -3
      vertex 14.3683 14.0365 -3
    endloop
  endfacet
  facet normal 0.890992 0.454018 0
    outer loop
      vertex 14.0365 14.3683 3
      vertex 13.8234 14.7865 -3
      vertex 13.8234 14.7865 3
    endloop
  endfacet
  facet normal 0.890992 0.454018 0
    outer loop
      vertex 13.8234 14.7865 -3
      vertex 14.0365 14.3683 3
      vertex 14.0365 14.3683 -3
    endloop
  endfacet
  facet normal -0.156411 -0.987692 0
    outer loop
      vertex 15.25 16.75 -3
      vertex 15.7135 16.6766 3
      vertex 15.25 16.75 3
    endloop
  endfacet
  facet normal -0.156411 -0.987692 -0
    outer loop
      vertex 15.7135 16.6766 3
      vertex 15.25 16.75 -3
      vertex 15.7135 16.6766 -3
    endloop
  endfacet
  facet normal -0.454018 -0.890992 0
    outer loop
      vertex 15.7135 16.6766 -3
      vertex 16.1317 16.4635 3
      vertex 15.7135 16.6766 3
    endloop
  endfacet
  facet normal -0.454018 -0.890992 -0
    outer loop
      vertex 16.1317 16.4635 3
      vertex 15.7135 16.6766 -3
      vertex 16.1317 16.4635 -3
    endloop
  endfacet
  facet normal 0.987692 -0.156411 0
    outer loop
      vertex 13.75 15.25 3
      vertex 13.8234 15.7135 -3
      vertex 13.8234 15.7135 3
    endloop
  endfacet
  facet normal 0.987692 -0.156411 0
    outer loop
      vertex 13.8234 15.7135 -3
      vertex 13.75 15.25 3
      vertex 13.75 15.25 -3
    endloop
  endfacet
  facet normal -0.987692 0.156411 0
    outer loop
      vertex 16.6766 14.7865 -3
      vertex 16.75 15.25 3
      vertex 16.75 15.25 -3
    endloop
  endfacet
  facet normal -0.987692 0.156411 0
    outer loop
      vertex 16.75 15.25 3
      vertex 16.6766 14.7865 -3
      vertex 16.6766 14.7865 3
    endloop
  endfacet
  facet normal -0.707107 0.707107 0
    outer loop
      vertex 16.1317 14.0365 -3
      vertex 16.4635 14.3683 3
      vertex 16.4635 14.3683 -3
    endloop
  endfacet
  facet normal -0.707107 0.707107 0
    outer loop
      vertex 16.4635 14.3683 3
      vertex 16.1317 14.0365 -3
      vertex 16.1317 14.0365 3
    endloop
  endfacet
  facet normal 0.156411 0.987692 -0
    outer loop
      vertex 15.25 13.75 -3
      vertex 14.7865 13.8234 3
      vertex 15.25 13.75 3
    endloop
  endfacet
  facet normal 0.156411 0.987692 0
    outer loop
      vertex 14.7865 13.8234 3
      vertex 15.25 13.75 -3
      vertex 14.7865 13.8234 -3
    endloop
  endfacet
  facet normal 0.707107 0.707107 0
    outer loop
      vertex 14.3683 14.0365 3
      vertex 14.0365 14.3683 -3
      vertex 14.0365 14.3683 3
    endloop
  endfacet
  facet normal 0.707107 0.707107 0
    outer loop
      vertex 14.0365 14.3683 -3
      vertex 14.3683 14.0365 3
      vertex 14.3683 14.0365 -3
    endloop
  endfacet
  facet normal 0.987692 0.156411 0
    outer loop
      vertex 13.8234 14.7865 3
      vertex 13.75 15.25 -3
      vertex 13.75 15.25 3
    endloop
  endfacet
  facet normal 0.987692 0.156411 0
    outer loop
      vertex 13.75 15.25 -3
      vertex 13.8234 14.7865 3
      vertex 13.8234 14.7865 -3
    endloop
  endfacet
  facet normal -0.156411 0.987692 0
    outer loop
      vertex 15.7135 13.8234 -3
      vertex 15.25 13.75 3
      vertex 15.7135 13.8234 3
    endloop
  endfacet
  facet normal -0.156411 0.987692 0
    outer loop
      vertex 15.25 13.75 3
      vertex 15.7135 13.8234 -3
      vertex 15.25 13.75 -3
    endloop
  endfacet
  facet normal -0.987692 -0.156411 0
    outer loop
      vertex -13.75 15.25 -3
      vertex -13.8234 15.7135 3
      vertex -13.8234 15.7135 -3
    endloop
  endfacet
  facet normal -0.987692 -0.156411 0
    outer loop
      vertex -13.8234 15.7135 3
      vertex -13.75 15.25 -3
      vertex -13.75 15.25 3
    endloop
  endfacet
  facet normal 0.987692 -0.156411 0
    outer loop
      vertex -16.75 15.25 3
      vertex -16.6766 15.7135 -3
      vertex -16.6766 15.7135 3
    endloop
  endfacet
  facet normal 0.987692 -0.156411 0
    outer loop
      vertex -16.6766 15.7135 -3
      vertex -16.75 15.25 3
      vertex -16.75 15.25 -3
    endloop
  endfacet
  facet normal -0.156411 -0.987692 0
    outer loop
      vertex -15.25 16.75 -3
      vertex -14.7865 16.6766 3
      vertex -15.25 16.75 3
    endloop
  endfacet
  facet normal -0.156411 -0.987692 -0
    outer loop
      vertex -14.7865 16.6766 3
      vertex -15.25 16.75 -3
      vertex -14.7865 16.6766 -3
    endloop
  endfacet
  facet normal -0.156411 0.987692 0
    outer loop
      vertex -14.7865 13.8234 -3
      vertex -15.25 13.75 3
      vertex -14.7865 13.8234 3
    endloop
  endfacet
  facet normal -0.156411 0.987692 0
    outer loop
      vertex -15.25 13.75 3
      vertex -14.7865 13.8234 -3
      vertex -15.25 13.75 -3
    endloop
  endfacet
  facet normal -0.454018 0.890992 0
    outer loop
      vertex -14.3683 14.0365 -3
      vertex -14.7865 13.8234 3
      vertex -14.3683 14.0365 3
    endloop
  endfacet
  facet normal -0.454018 0.890992 0
    outer loop
      vertex -14.7865 13.8234 3
      vertex -14.3683 14.0365 -3
      vertex -14.7865 13.8234 -3
    endloop
  endfacet
  facet normal -0.707107 -0.707107 0
    outer loop
      vertex -14.3683 16.4635 -3
      vertex -14.0365 16.1317 3
      vertex -14.3683 16.4635 3
    endloop
  endfacet
  facet normal -0.707107 -0.707107 -0
    outer loop
      vertex -14.0365 16.1317 3
      vertex -14.3683 16.4635 -3
      vertex -14.0365 16.1317 -3
    endloop
  endfacet
  facet normal -0.890992 -0.454018 0
    outer loop
      vertex -13.8234 15.7135 -3
      vertex -14.0365 16.1317 3
      vertex -14.0365 16.1317 -3
    endloop
  endfacet
  facet normal -0.890992 -0.454018 0
    outer loop
      vertex -14.0365 16.1317 3
      vertex -13.8234 15.7135 -3
      vertex -13.8234 15.7135 3
    endloop
  endfacet
  facet normal -0.454018 -0.890992 0
    outer loop
      vertex -14.7865 16.6766 -3
      vertex -14.3683 16.4635 3
      vertex -14.7865 16.6766 3
    endloop
  endfacet
  facet normal -0.454018 -0.890992 -0
    outer loop
      vertex -14.3683 16.4635 3
      vertex -14.7865 16.6766 -3
      vertex -14.3683 16.4635 -3
    endloop
  endfacet
  facet normal 0.454018 -0.890992 0
    outer loop
      vertex -16.1317 16.4635 -3
      vertex -15.7135 16.6766 3
      vertex -16.1317 16.4635 3
    endloop
  endfacet
  facet normal 0.454018 -0.890992 0
    outer loop
      vertex -15.7135 16.6766 3
      vertex -16.1317 16.4635 -3
      vertex -15.7135 16.6766 -3
    endloop
  endfacet
  facet normal 0.707107 -0.707107 0
    outer loop
      vertex -16.4635 16.1317 3
      vertex -16.1317 16.4635 -3
      vertex -16.1317 16.4635 3
    endloop
  endfacet
  facet normal 0.707107 -0.707107 0
    outer loop
      vertex -16.1317 16.4635 -3
      vertex -16.4635 16.1317 3
      vertex -16.4635 16.1317 -3
    endloop
  endfacet
  facet normal 0.156411 -0.987692 0
    outer loop
      vertex -15.7135 16.6766 -3
      vertex -15.25 16.75 3
      vertex -15.7135 16.6766 3
    endloop
  endfacet
  facet normal 0.156411 -0.987692 0
    outer loop
      vertex -15.25 16.75 3
      vertex -15.7135 16.6766 -3
      vertex -15.25 16.75 -3
    endloop
  endfacet
  facet normal 0.707107 0.707107 0
    outer loop
      vertex -16.1317 14.0365 3
      vertex -16.4635 14.3683 -3
      vertex -16.4635 14.3683 3
    endloop
  endfacet
  facet normal 0.707107 0.707107 0
    outer loop
      vertex -16.4635 14.3683 -3
      vertex -16.1317 14.0365 3
      vertex -16.1317 14.0365 -3
    endloop
  endfacet
  facet normal 0.890992 -0.454018 0
    outer loop
      vertex -16.6766 15.7135 3
      vertex -16.4635 16.1317 -3
      vertex -16.4635 16.1317 3
    endloop
  endfacet
  facet normal 0.890992 -0.454018 0
    outer loop
      vertex -16.4635 16.1317 -3
      vertex -16.6766 15.7135 3
      vertex -16.6766 15.7135 -3
    endloop
  endfacet
  facet normal -0.707107 0.707107 0
    outer loop
      vertex -14.3683 14.0365 -3
      vertex -14.0365 14.3683 3
      vertex -14.0365 14.3683 -3
    endloop
  endfacet
  facet normal -0.707107 0.707107 0
    outer loop
      vertex -14.0365 14.3683 3
      vertex -14.3683 14.0365 -3
      vertex -14.3683 14.0365 3
    endloop
  endfacet
  facet normal -0.890992 0.454018 0
    outer loop
      vertex -14.0365 14.3683 -3
      vertex -13.8234 14.7865 3
      vertex -13.8234 14.7865 -3
    endloop
  endfacet
  facet normal -0.890992 0.454018 0
    outer loop
      vertex -13.8234 14.7865 3
      vertex -14.0365 14.3683 -3
      vertex -14.0365 14.3683 3
    endloop
  endfacet
  facet normal -0.987692 0.156411 0
    outer loop
      vertex -13.8234 14.7865 -3
      vertex -13.75 15.25 3
      vertex -13.75 15.25 -3
    endloop
  endfacet
  facet normal -0.987692 0.156411 0
    outer loop
      vertex -13.75 15.25 3
      vertex -13.8234 14.7865 -3
      vertex -13.8234 14.7865 3
    endloop
  endfacet
  facet normal 0.156411 0.987692 -0
    outer loop
      vertex -15.25 13.75 -3
      vertex -15.7135 13.8234 3
      vertex -15.25 13.75 3
    endloop
  endfacet
  facet normal 0.156411 0.987692 0
    outer loop
      vertex -15.7135 13.8234 3
      vertex -15.25 13.75 -3
      vertex -15.7135 13.8234 -3
    endloop
  endfacet
  facet normal 0.890992 0.454018 0
    outer loop
      vertex -16.4635 14.3683 3
      vertex -16.6766 14.7865 -3
      vertex -16.6766 14.7865 3
    endloop
  endfacet
  facet normal 0.890992 0.454018 0
    outer loop
      vertex -16.6766 14.7865 -3
      vertex -16.4635 14.3683 3
      vertex -16.4635 14.3683 -3
    endloop
  endfacet
  facet normal 0.987692 0.156411 0
    outer loop
      vertex -16.6766 14.7865 3
      vertex -16.75 15.25 -3
      vertex -16.75 15.25 3
    endloop
  endfacet
  facet normal 0.987692 0.156411 0
    outer loop
      vertex -16.75 15.25 -3
      vertex -16.6766 14.7865 3
      vertex -16.6766 14.7865 -3
    endloop
  endfacet
  facet normal 0.454018 0.890992 -0
    outer loop
      vertex -15.7135 13.8234 -3
      vertex -16.1317 14.0365 3
      vertex -15.7135 13.8234 3
    endloop
  endfacet
  facet normal 0.454018 0.890992 0
    outer loop
      vertex -16.1317 14.0365 3
      vertex -15.7135 13.8234 -3
      vertex -16.1317 14.0365 -3
    endloop
  endfacet
  facet normal 1 -0 0
    outer loop
      vertex -13.5 -10 3
      vertex -13.5 10 -3
      vertex -13.5 10 3
    endloop
  endfacet
  facet normal 1 0 0
    outer loop
      vertex -13.5 10 -3
      vertex -13.5 -10 3
      vertex -13.5 -10 -3
    endloop
  endfacet
  facet normal -1 0 0
    outer loop
      vertex -10.5 -10 -3
      vertex -10.5 10 3
      vertex -10.5 10 -3
    endloop
  endfacet
  facet normal -1 -0 0
    outer loop
      vertex -10.5 10 3
      vertex -10.5 -10 -3
      vertex -10.5 -10 3
    endloop
  endfacet
  facet normal 0 -1 0
    outer loop
      vertex -13.5 10 -3
      vertex -10.5 10 3
      vertex -13.5 10 3
    endloop
  endfacet
  facet normal 0 -1 -0
    outer loop
      vertex -10.5 10 3
      vertex -13.5 10 -3
      vertex -10.5 10 -3
    endloop
  endfacet
  facet normal 0 1 -0
    outer loop
      vertex -10.5 -10 -3
      vertex -13.5 -10 3
      vertex -10.5 -10 3
    endloop
  endfacet
  facet normal 0 1 0
    outer loop
      vertex -13.5 -10 3
      vertex -10.5 -10 -3
      vertex -13.5 -10 -3
    endloop
  endfacet
  facet normal 1 -0 0
    outer loop
      vertex 10.5 -10 3
      vertex 10.5 10 -3
      vertex 10.5 10 3
    endloop
  endfacet
  facet normal 1 0 0
    outer loop
      vertex 10.5 10 -3
      vertex 10.5 -10 3
      vertex 10.5 -10 -3
    endloop
  endfacet
  facet normal -1 0 0
    outer loop
      vertex 13.5 -10 -3
      vertex 13.5 10 3
      vertex 13.5 10 -3
    endloop
  endfacet
  facet normal -1 -0 0
    outer loop
      vertex 13.5 10 3
      vertex 13.5 -10 -3
      vertex 13.5 -10 3
    endloop
  endfacet
  facet normal 0 -1 0
    outer loop
      vertex 10.5 10 -3
      vertex 13.5 10 3
      vertex 10.5 10 3
    endloop
  endfacet
  facet normal 0 -1 -0
    outer loop
      vertex 13.5 10 3
      vertex 10.5 10 -3
      vertex 13.5 10 -3
    endloop
  endfacet
  facet normal 0 1 -0
    outer loop
      vertex 13.5 -10 -3
      vertex 10.5 -10 3
      vertex 13.5 -10 3
    endloop
  endfacet
  facet normal 0 1 0
    outer loop
      vertex 10.5 -10 3
      vertex 13.5 -10 -3
      vertex 10.5 -10 -3
    endloop
  endfacet
endsolid OpenSCAD_Model
