solid OpenSCAD_Model
  facet normal 0.994641 0.103386 0
    outer loop
      vertex 26.4321 16.5326 5
      vertex 25.5 25.5 -5
      vertex 25.5 25.5 5
    endloop
  endfacet
  facet normal 0.994641 0.103386 0
    outer loop
      vertex 25.5 25.5 -5
      vertex 26.4321 16.5326 5
      vertex 26.4321 16.5326 -5
    endloop
  endfacet
  facet normal 0.994641 -0.103386 0
    outer loop
      vertex 25.5 -25.5 5
      vertex 26.4321 -16.5326 -5
      vertex 26.4321 -16.5326 5
    endloop
  endfacet
  facet normal 0.994641 -0.103386 0
    outer loop
      vertex 26.4321 -16.5326 -5
      vertex 25.5 -25.5 5
      vertex 25.5 -25.5 -5
    endloop
  endfacet
  facet normal 0.103386 0.994641 -0
    outer loop
      vertex 25.5 25.5 -5
      vertex 16.5326 26.4321 5
      vertex 25.5 25.5 5
    endloop
  endfacet
  facet normal 0.103386 0.994641 0
    outer loop
      vertex 16.5326 26.4321 5
      vertex 25.5 25.5 -5
      vertex 16.5326 26.4321 -5
    endloop
  endfacet
  facet normal -0.103386 -0.994641 0
    outer loop
      vertex -25.5 -25.5 -5
      vertex -16.5326 -26.4321 5
      vertex -25.5 -25.5 5
    endloop
  endfacet
  facet normal -0.103386 -0.994641 -0
    outer loop
      vertex -16.5326 -26.4321 5
      vertex -25.5 -25.5 -5
      vertex -16.5326 -26.4321 -5
    endloop
  endfacet
  facet normal 0 0 -1
    outer loop
      vertex 98.8479 -108.816 -5
      vertex 89.174 -99.142 -5
      vertex 89.1812 -98.9949 -5
    endloop
  endfacet
  facet normal 0 0 -1
    outer loop
      vertex 97.7477 -109.475 -5
      vertex 89.1524 -99.2876 -5
      vertex 89.174 -99.142 -5
    endloop
  endfacet
  facet normal 0 0 -1
    outer loop
      vertex 97.7477 -109.475 -5
      vertex 89.1167 -99.4304 -5
      vertex 89.1524 -99.2876 -5
    endloop
  endfacet
  facet normal 0 0 -1
    outer loop
      vertex 97.7477 -109.475 -5
      vertex 89.0671 -99.569 -5
      vertex 89.1167 -99.4304 -5
    endloop
  endfacet
  facet normal 0 0 -1
    outer loop
      vertex 97.7477 -109.475 -5
      vertex 89.0041 -99.702 -5
      vertex 89.0671 -99.569 -5
    endloop
  endfacet
  facet normal 0 0 -1
    outer loop
      vertex 97.7477 -109.475 -5
      vertex 88.9284 -99.8283 -5
      vertex 89.0041 -99.702 -5
    endloop
  endfacet
  facet normal 0 0 -1
    outer loop
      vertex 88.5146 -100.242 -5
      vertex 97.7477 -109.475 -5
      vertex 88.8447 -111.363 -5
    endloop
  endfacet
  facet normal 0 0 -1
    outer loop
      vertex 97.7477 -109.475 -5
      vertex 88.8408 -99.9465 -5
      vertex 88.9284 -99.8283 -5
    endloop
  endfacet
  facet normal 0 0 -1
    outer loop
      vertex 97.7477 -109.475 -5
      vertex 88.7419 -100.056 -5
      vertex 88.8408 -99.9465 -5
    endloop
  endfacet
  facet normal 0 0 -1
    outer loop
      vertex 97.7477 -109.475 -5
      vertex 88.6328 -100.154 -5
      vertex 88.7419 -100.056 -5
    endloop
  endfacet
  facet normal 0 0 -1
    outer loop
      vertex 97.7477 -109.475 -5
      vertex 88.5146 -100.242 -5
      vertex 88.6328 -100.154 -5
    endloop
  endfacet
  facet normal 0 0 -1
    outer loop
      vertex 88.8447 -111.363 -5
      vertex 88.3883 -100.318 -5
      vertex 88.5146 -100.242 -5
    endloop
  endfacet
  facet normal 0 0 -1
    outer loop
      vertex 88.8447 -111.363 -5
      vertex 88.2553 -100.381 -5
      vertex 88.3883 -100.318 -5
    endloop
  endfacet
  facet normal 0 0 -1
    outer loop
      vertex 88.8447 -111.363 -5
      vertex 88.1167 -100.43 -5
      vertex 88.2553 -100.381 -5
    endloop
  endfacet
  facet normal 0 0 -1
    outer loop
      vertex 88.8447 -111.363 -5
      vertex 87.9739 -100.466 -5
      vertex 88.1167 -100.43 -5
    endloop
  endfacet
  facet normal 0 0 -1
    outer loop
      vertex 88.8447 -111.363 -5
      vertex 87.8283 -100.488 -5
      vertex 87.9739 -100.466 -5
    endloop
  endfacet
  facet normal 0 0 -1
    outer loop
      vertex 88.8447 -111.363 -5
      vertex 87.6812 -100.495 -5
      vertex 87.8283 -100.488 -5
    endloop
  endfacet
  facet normal 0 0 -1
    outer loop
      vertex 88.8447 -111.363 -5
      vertex 87.5342 -100.488 -5
      vertex 87.6812 -100.495 -5
    endloop
  endfacet
  facet normal 0 0 -1
    outer loop
      vertex 88.8447 -111.363 -5
      vertex 87.3886 -100.466 -5
      vertex 87.5342 -100.488 -5
    endloop
  endfacet
  facet normal 0 0 -1
    outer loop
      vertex 88.8447 -111.363 -5
      vertex 87.2458 -100.43 -5
      vertex 87.3886 -100.466 -5
    endloop
  endfacet
  facet normal 0 0 -1
    outer loop
      vertex 88.8447 -111.363 -5
      vertex 87.1072 -100.381 -5
      vertex 87.2458 -100.43 -5
    endloop
  endfacet
  facet normal 0 0 -1
    outer loop
      vertex 88.8447 -111.363 -5
      vertex 86.9741 -100.318 -5
      vertex 87.1072 -100.381 -5
    endloop
  endfacet
  facet normal 0 0 -1
    outer loop
      vertex 88.8447 -111.363 -5
      vertex 86.8479 -100.242 -5
      vertex 86.9741 -100.318 -5
    endloop
  endfacet
  facet normal 0 0 -1
    outer loop
      vertex 88.8447 -111.363 -5
      vertex 86.7297 -100.154 -5
      vertex 86.8479 -100.242 -5
    endloop
  endfacet
  facet normal 0 0 -1
    outer loop
      vertex 88.8447 -111.363 -5
      vertex 86.6206 -100.056 -5
      vertex 86.7297 -100.154 -5
    endloop
  endfacet
  facet normal 0 0 -1
    outer loop
      vertex 88.8447 -111.363 -5
      vertex 86.5217 -99.9465 -5
      vertex 86.6206 -100.056 -5
    endloop
  endfacet
  facet normal 0 0 -1
    outer loop
      vertex 88.8447 -111.363 -5
      vertex 86.434 -99.8283 -5
      vertex 86.5217 -99.9465 -5
    endloop
  endfacet
  facet normal 0 0 -1
    outer loop
      vertex 88.8447 -111.363 -5
      vertex 86.3584 -99.702 -5
      vertex 86.434 -99.8283 -5
    endloop
  endfacet
  facet normal 0 0 -1
    outer loop
      vertex 88.8447 -111.363 -5
      vertex 86.2954 -99.569 -5
      vertex 86.3584 -99.702 -5
    endloop
  endfacet
  facet normal 0 0 -1
    outer loop
      vertex 88.8447 -111.363 -5
      vertex 86.2458 -99.4304 -5
      vertex 86.2954 -99.569 -5
    endloop
  endfacet
  facet normal 0 0 -1
    outer loop
      vertex 59.397 -69.2965 -5
      vertex 86.2458 -99.4304 -5
      vertex 88.8447 -111.363 -5
    endloop
  endfacet
  facet normal 0 0 -1
    outer loop
      vertex 59.397 -69.2965 -5
      vertex 86.1812 -98.9949 -5
      vertex 86.1885 -99.142 -5
    endloop
  endfacet
  facet normal 0 0 -1
    outer loop
      vertex 59.397 -69.2965 -5
      vertex 86.1885 -99.142 -5
      vertex 86.2101 -99.2876 -5
    endloop
  endfacet
  facet normal 0 0 -1
    outer loop
      vertex 86.2458 -99.4304 -5
      vertex 59.397 -69.2965 -5
      vertex 86.2101 -99.2876 -5
    endloop
  endfacet
  facet normal 0 0 -1
    outer loop
      vertex 86.1812 -98.9949 -5
      vertex 59.397 -69.2965 -5
      vertex 69.2965 -59.397 -5
    endloop
  endfacet
  facet normal 0 0 -1
    outer loop
      vertex 0 -30.9805 -5
      vertex 59.397 -69.2965 -5
      vertex 88.8447 -111.363 -5
    endloop
  endfacet
  facet normal 0 0 -1
    outer loop
      vertex 0 30.9805 -5
      vertex 30.9805 0 -5
      vertex 0 -30.9805 -5
    endloop
  endfacet
  facet normal 0 0 -1
    outer loop
      vertex 59.397 -69.2965 -5
      vertex 0 -30.9805 -5
      vertex 16.5326 -26.4321 -5
    endloop
  endfacet
  facet normal 0 0 -1
    outer loop
      vertex 99.9465 88.8408 -5
      vertex 109.149 98.0434 -5
      vertex 100.056 88.7419 -5
    endloop
  endfacet
  facet normal 0 0 -1
    outer loop
      vertex 108.809 98.9949 -5
      vertex 100.488 110.162 -5
      vertex 100.495 110.309 -5
    endloop
  endfacet
  facet normal -0 0 -1
    outer loop
      vertex 109.149 98.0434 -5
      vertex 99.9465 88.8408 -5
      vertex 109.061 98.1616 -5
    endloop
  endfacet
  facet normal 0 0 -1
    outer loop
      vertex 108.809 98.9949 -5
      vertex 100.466 110.016 -5
      vertex 100.488 110.162 -5
    endloop
  endfacet
  facet normal 0 0 -1
    outer loop
      vertex 99.8283 88.9284 -5
      vertex 109.061 98.1616 -5
      vertex 99.9465 88.8408 -5
    endloop
  endfacet
  facet normal 0 0 -1
    outer loop
      vertex 108.809 98.9949 -5
      vertex 100.43 109.873 -5
      vertex 100.466 110.016 -5
    endloop
  endfacet
  facet normal -0 0 -1
    outer loop
      vertex 109.061 98.1616 -5
      vertex 99.8283 88.9284 -5
      vertex 108.986 98.2879 -5
    endloop
  endfacet
  facet normal 0 0 -1
    outer loop
      vertex 108.809 98.9949 -5
      vertex 100.381 109.735 -5
      vertex 100.43 109.873 -5
    endloop
  endfacet
  facet normal 0 0 -1
    outer loop
      vertex 99.702 89.0041 -5
      vertex 108.986 98.2879 -5
      vertex 99.8283 88.9284 -5
    endloop
  endfacet
  facet normal 0 0 -1
    outer loop
      vertex 108.809 98.9949 -5
      vertex 100.318 109.602 -5
      vertex 100.381 109.735 -5
    endloop
  endfacet
  facet normal 0 0 -1
    outer loop
      vertex 108.809 98.9949 -5
      vertex 100.242 109.475 -5
      vertex 100.318 109.602 -5
    endloop
  endfacet
  facet normal -0 0 -1
    outer loop
      vertex 108.986 98.2879 -5
      vertex 99.702 89.0041 -5
      vertex 108.923 98.4209 -5
    endloop
  endfacet
  facet normal 0 0 -1
    outer loop
      vertex 99.569 89.0671 -5
      vertex 108.923 98.4209 -5
      vertex 99.702 89.0041 -5
    endloop
  endfacet
  facet normal 0 0 -1
    outer loop
      vertex 108.809 98.9949 -5
      vertex 100.154 109.357 -5
      vertex 100.242 109.475 -5
    endloop
  endfacet
  facet normal -0 0 -1
    outer loop
      vertex 108.923 98.4209 -5
      vertex 99.569 89.0671 -5
      vertex 108.873 98.5595 -5
    endloop
  endfacet
  facet normal 0 0 -1
    outer loop
      vertex 108.809 98.9949 -5
      vertex 100.056 109.248 -5
      vertex 100.154 109.357 -5
    endloop
  endfacet
  facet normal 0 0 -1
    outer loop
      vertex 99.4304 89.1167 -5
      vertex 108.873 98.5595 -5
      vertex 99.569 89.0671 -5
    endloop
  endfacet
  facet normal 0 0 -1
    outer loop
      vertex 108.809 98.9949 -5
      vertex 99.9465 109.149 -5
      vertex 100.056 109.248 -5
    endloop
  endfacet
  facet normal 0 0 -1
    outer loop
      vertex 108.809 98.9949 -5
      vertex 99.8283 109.061 -5
      vertex 99.9465 109.149 -5
    endloop
  endfacet
  facet normal -0 0 -1
    outer loop
      vertex 108.873 98.5595 -5
      vertex 99.4304 89.1167 -5
      vertex 108.837 98.7023 -5
    endloop
  endfacet
  facet normal 0 0 -1
    outer loop
      vertex 99.2876 89.1524 -5
      vertex 108.837 98.7023 -5
      vertex 99.4304 89.1167 -5
    endloop
  endfacet
  facet normal 0 0 -1
    outer loop
      vertex 108.809 98.9949 -5
      vertex 99.702 108.986 -5
      vertex 99.8283 109.061 -5
    endloop
  endfacet
  facet normal -0 0 -1
    outer loop
      vertex 108.837 98.7023 -5
      vertex 99.2876 89.1524 -5
      vertex 108.816 98.8479 -5
    endloop
  endfacet
  facet normal 0 0 -1
    outer loop
      vertex 108.809 98.9949 -5
      vertex 99.569 108.923 -5
      vertex 99.702 108.986 -5
    endloop
  endfacet
  facet normal 0 0 -1
    outer loop
      vertex 99.142 89.174 -5
      vertex 108.816 98.8479 -5
      vertex 99.2876 89.1524 -5
    endloop
  endfacet
  facet normal 0 0 -1
    outer loop
      vertex 108.809 98.9949 -5
      vertex 99.4304 108.873 -5
      vertex 99.569 108.923 -5
    endloop
  endfacet
  facet normal -0 0 -1
    outer loop
      vertex 108.816 98.8479 -5
      vertex 99.142 89.174 -5
      vertex 108.809 98.9949 -5
    endloop
  endfacet
  facet normal 0 0 -1
    outer loop
      vertex 108.809 98.9949 -5
      vertex 99.2876 108.837 -5
      vertex 99.4304 108.873 -5
    endloop
  endfacet
  facet normal 0 0 -1
    outer loop
      vertex 98.9949 89.1812 -5
      vertex 108.809 98.9949 -5
      vertex 99.142 89.174 -5
    endloop
  endfacet
  facet normal 0 0 -1
    outer loop
      vertex 108.809 98.9949 -5
      vertex 99.142 108.816 -5
      vertex 99.2876 108.837 -5
    endloop
  endfacet
  facet normal 0 0 -1
    outer loop
      vertex 98.9949 108.809 -5
      vertex 108.809 98.9949 -5
      vertex 98.9949 89.1812 -5
    endloop
  endfacet
  facet normal 0 0 -1
    outer loop
      vertex 108.809 98.9949 -5
      vertex 98.9949 108.809 -5
      vertex 99.142 108.816 -5
    endloop
  endfacet
  facet normal 0 0 -1
    outer loop
      vertex 89.1812 98.9949 -5
      vertex 98.9949 89.1812 -5
      vertex 98.8479 89.174 -5
    endloop
  endfacet
  facet normal 0 0 -1
    outer loop
      vertex 98.9949 89.1812 -5
      vertex 89.1812 98.9949 -5
      vertex 98.9949 108.809 -5
    endloop
  endfacet
  facet normal 0 0 -1
    outer loop
      vertex 89.174 98.8479 -5
      vertex 98.8479 89.174 -5
      vertex 98.7023 89.1524 -5
    endloop
  endfacet
  facet normal -0 0 -1
    outer loop
      vertex 98.9949 108.809 -5
      vertex 89.1812 98.9949 -5
      vertex 98.8479 108.816 -5
    endloop
  endfacet
  facet normal 0 0 -1
    outer loop
      vertex 89.1524 98.7023 -5
      vertex 98.7023 89.1524 -5
      vertex 98.5595 89.1167 -5
    endloop
  endfacet
  facet normal 0 0 -1
    outer loop
      vertex 89.174 99.142 -5
      vertex 98.8479 108.816 -5
      vertex 89.1812 98.9949 -5
    endloop
  endfacet
  facet normal 0 0 -1
    outer loop
      vertex 89.1167 98.5595 -5
      vertex 98.5595 89.1167 -5
      vertex 98.4209 89.0671 -5
    endloop
  endfacet
  facet normal -0 0 -1
    outer loop
      vertex 98.8479 108.816 -5
      vertex 89.174 99.142 -5
      vertex 98.7023 108.837 -5
    endloop
  endfacet
  facet normal 0 0 -1
    outer loop
      vertex 89.0671 98.4209 -5
      vertex 98.4209 89.0671 -5
      vertex 98.2879 89.0041 -5
    endloop
  endfacet
  facet normal 0 0 -1
    outer loop
      vertex 89.1524 99.2876 -5
      vertex 98.7023 108.837 -5
      vertex 89.174 99.142 -5
    endloop
  endfacet
  facet normal 0 0 -1
    outer loop
      vertex 89.0041 98.2879 -5
      vertex 98.2879 89.0041 -5
      vertex 98.1616 88.9284 -5
    endloop
  endfacet
  facet normal -0 0 -1
    outer loop
      vertex 98.7023 108.837 -5
      vertex 89.1524 99.2876 -5
      vertex 98.5595 108.873 -5
    endloop
  endfacet
  facet normal 0 0 -1
    outer loop
      vertex 88.9284 98.1616 -5
      vertex 98.1616 88.9284 -5
      vertex 98.0434 88.8408 -5
    endloop
  endfacet
  facet normal 0 0 -1
    outer loop
      vertex 89.1167 99.4304 -5
      vertex 98.5595 108.873 -5
      vertex 89.1524 99.2876 -5
    endloop
  endfacet
  facet normal 0 0 -1
    outer loop
      vertex 88.8408 98.0434 -5
      vertex 98.0434 88.8408 -5
      vertex 97.9343 88.7419 -5
    endloop
  endfacet
  facet normal -0 0 -1
    outer loop
      vertex 98.5595 108.873 -5
      vertex 89.1167 99.4304 -5
      vertex 98.4209 108.923 -5
    endloop
  endfacet
  facet normal 0 0 -1
    outer loop
      vertex 88.7419 97.9343 -5
      vertex 97.9343 88.7419 -5
      vertex 97.8354 88.6328 -5
    endloop
  endfacet
  facet normal 0 0 -1
    outer loop
      vertex 89.0671 99.569 -5
      vertex 98.4209 108.923 -5
      vertex 89.1167 99.4304 -5
    endloop
  endfacet
  facet normal 0 0 -1
    outer loop
      vertex 88.6328 97.8354 -5
      vertex 97.8354 88.6328 -5
      vertex 97.7477 88.5146 -5
    endloop
  endfacet
  facet normal -0 0 -1
    outer loop
      vertex 98.4209 108.923 -5
      vertex 89.0671 99.569 -5
      vertex 98.2879 108.986 -5
    endloop
  endfacet
  facet normal 0 0 -1
    outer loop
      vertex 88.5146 97.7477 -5
      vertex 97.7477 88.5146 -5
      vertex 97.6721 88.3883 -5
    endloop
  endfacet
  facet normal 0 0 -1
    outer loop
      vertex 89.0041 99.702 -5
      vertex 98.2879 108.986 -5
      vertex 89.0671 99.569 -5
    endloop
  endfacet
  facet normal 0 0 -1
    outer loop
      vertex 88.3883 97.6721 -5
      vertex 97.6721 88.3883 -5
      vertex 97.6091 88.2553 -5
    endloop
  endfacet
  facet normal -0 0 -1
    outer loop
      vertex 98.2879 108.986 -5
      vertex 89.0041 99.702 -5
      vertex 98.1616 109.061 -5
    endloop
  endfacet
  facet normal 0 0 -1
    outer loop
      vertex 88.2553 97.6091 -5
      vertex 97.6091 88.2553 -5
      vertex 97.5595 88.1167 -5
    endloop
  endfacet
  facet normal 0 0 -1
    outer loop
      vertex 88.9284 99.8283 -5
      vertex 98.1616 109.061 -5
      vertex 89.0041 99.702 -5
    endloop
  endfacet
  facet normal 0 0 -1
    outer loop
      vertex 88.1167 97.5595 -5
      vertex 97.5595 88.1167 -5
      vertex 97.5238 87.9739 -5
    endloop
  endfacet
  facet normal -0 0 -1
    outer loop
      vertex 98.1616 109.061 -5
      vertex 88.9284 99.8283 -5
      vertex 98.0434 109.149 -5
    endloop
  endfacet
  facet normal 0 0 -1
    outer loop
      vertex 87.9739 97.5238 -5
      vertex 97.5238 87.9739 -5
      vertex 97.5022 87.8283 -5
    endloop
  endfacet
  facet normal 0 0 -1
    outer loop
      vertex 88.8408 99.9465 -5
      vertex 98.0434 109.149 -5
      vertex 88.9284 99.8283 -5
    endloop
  endfacet
  facet normal 0 0 -1
    outer loop
      vertex 87.8283 97.5022 -5
      vertex 97.5022 87.8283 -5
      vertex 97.4949 87.6812 -5
    endloop
  endfacet
  facet normal -0 0 -1
    outer loop
      vertex 98.0434 109.149 -5
      vertex 88.8408 99.9465 -5
      vertex 97.9343 109.248 -5
    endloop
  endfacet
  facet normal 0 0 -1
    outer loop
      vertex 111.78 98.7023 -5
      vertex 114.995 98.9949 -5
      vertex 114.918 97.4267 -5
    endloop
  endfacet
  facet normal 0 0 -1
    outer loop
      vertex 111.468 98.0434 -5
      vertex 114.918 97.4267 -5
      vertex 114.688 95.8735 -5
    endloop
  endfacet
  facet normal 0 0 -1
    outer loop
      vertex 114.995 98.9949 -5
      vertex 111.78 98.7023 -5
      vertex 111.801 98.8479 -5
    endloop
  endfacet
  facet normal 0 0 -1
    outer loop
      vertex 111.142 97.7477 -5
      vertex 114.688 95.8735 -5
      vertex 114.306 94.3504 -5
    endloop
  endfacet
  facet normal 0 0 -1
    outer loop
      vertex 111.801 99.142 -5
      vertex 114.995 98.9949 -5
      vertex 111.809 98.9949 -5
    endloop
  endfacet
  facet normal 0 0 -1
    outer loop
      vertex 110.601 97.5238 -5
      vertex 114.306 94.3504 -5
      vertex 113.777 92.872 -5
    endloop
  endfacet
  facet normal 0 0 -1
    outer loop
      vertex 111.78 99.2876 -5
      vertex 114.995 98.9949 -5
      vertex 111.801 99.142 -5
    endloop
  endfacet
  facet normal 0 0 -1
    outer loop
      vertex 110.309 97.4949 -5
      vertex 113.777 92.872 -5
      vertex 113.106 91.4526 -5
    endloop
  endfacet
  facet normal 0 0 -1
    outer loop
      vertex 114.995 98.9949 -5
      vertex 111.78 99.2876 -5
      vertex 114.918 100.563 -5
    endloop
  endfacet
  facet normal 0 0 -1
    outer loop
      vertex 110.016 97.5238 -5
      vertex 113.106 91.4526 -5
      vertex 112.298 90.1058 -5
    endloop
  endfacet
  facet normal 0 0 -1
    outer loop
      vertex 111.744 99.4304 -5
      vertex 114.918 100.563 -5
      vertex 111.78 99.2876 -5
    endloop
  endfacet
  facet normal 0 0 -1
    outer loop
      vertex 111.632 99.702 -5
      vertex 114.918 100.563 -5
      vertex 111.694 99.569 -5
    endloop
  endfacet
  facet normal 0 0 -1
    outer loop
      vertex 111.694 99.569 -5
      vertex 114.918 100.563 -5
      vertex 111.744 99.4304 -5
    endloop
  endfacet
  facet normal -0 0 -1
    outer loop
      vertex 114.995 98.9949 -5
      vertex 111.801 98.8479 -5
      vertex 111.809 98.9949 -5
    endloop
  endfacet
  facet normal 0 0 -1
    outer loop
      vertex 114.918 97.4267 -5
      vertex 111.744 98.5595 -5
      vertex 111.78 98.7023 -5
    endloop
  endfacet
  facet normal 0 0 -1
    outer loop
      vertex 114.918 97.4267 -5
      vertex 111.694 98.4209 -5
      vertex 111.744 98.5595 -5
    endloop
  endfacet
  facet normal 0 0 -1
    outer loop
      vertex 114.918 97.4267 -5
      vertex 111.632 98.2879 -5
      vertex 111.694 98.4209 -5
    endloop
  endfacet
  facet normal 0 0 -1
    outer loop
      vertex 114.918 97.4267 -5
      vertex 111.556 98.1616 -5
      vertex 111.632 98.2879 -5
    endloop
  endfacet
  facet normal 0 0 -1
    outer loop
      vertex 114.918 97.4267 -5
      vertex 111.468 98.0434 -5
      vertex 111.556 98.1616 -5
    endloop
  endfacet
  facet normal 0 0 -1
    outer loop
      vertex 114.688 95.8735 -5
      vertex 111.369 97.9343 -5
      vertex 111.468 98.0434 -5
    endloop
  endfacet
  facet normal 0 0 -1
    outer loop
      vertex 109.735 97.6091 -5
      vertex 112.298 90.1058 -5
      vertex 111.363 88.8447 -5
    endloop
  endfacet
  facet normal 0 0 -1
    outer loop
      vertex 114.688 95.8735 -5
      vertex 111.26 97.8354 -5
      vertex 111.369 97.9343 -5
    endloop
  endfacet
  facet normal 0 0 -1
    outer loop
      vertex 114.688 95.8735 -5
      vertex 111.142 97.7477 -5
      vertex 111.26 97.8354 -5
    endloop
  endfacet
  facet normal 0 0 -1
    outer loop
      vertex 114.306 94.3504 -5
      vertex 111.016 97.6721 -5
      vertex 111.142 97.7477 -5
    endloop
  endfacet
  facet normal 0 0 -1
    outer loop
      vertex 114.306 94.3504 -5
      vertex 110.883 97.6091 -5
      vertex 111.016 97.6721 -5
    endloop
  endfacet
  facet normal 0 0 -1
    outer loop
      vertex 114.306 94.3504 -5
      vertex 110.744 97.5595 -5
      vertex 110.883 97.6091 -5
    endloop
  endfacet
  facet normal 0 0 -1
    outer loop
      vertex 114.306 94.3504 -5
      vertex 110.601 97.5238 -5
      vertex 110.744 97.5595 -5
    endloop
  endfacet
  facet normal 0 0 -1
    outer loop
      vertex 113.777 92.872 -5
      vertex 110.456 97.5022 -5
      vertex 110.601 97.5238 -5
    endloop
  endfacet
  facet normal 0 0 -1
    outer loop
      vertex 113.777 92.872 -5
      vertex 110.309 97.4949 -5
      vertex 110.456 97.5022 -5
    endloop
  endfacet
  facet normal 0 0 -1
    outer loop
      vertex 113.106 91.4526 -5
      vertex 110.162 97.5022 -5
      vertex 110.309 97.4949 -5
    endloop
  endfacet
  facet normal 0 0 -1
    outer loop
      vertex 113.106 91.4526 -5
      vertex 110.016 97.5238 -5
      vertex 110.162 97.5022 -5
    endloop
  endfacet
  facet normal 0 0 -1
    outer loop
      vertex 112.298 90.1058 -5
      vertex 109.873 97.5595 -5
      vertex 110.016 97.5238 -5
    endloop
  endfacet
  facet normal 0 0 -1
    outer loop
      vertex 112.298 90.1058 -5
      vertex 109.735 97.6091 -5
      vertex 109.873 97.5595 -5
    endloop
  endfacet
  facet normal 0 0 -1
    outer loop
      vertex 111.363 88.8447 -5
      vertex 109.602 97.6721 -5
      vertex 109.735 97.6091 -5
    endloop
  endfacet
  facet normal 0 0 -1
    outer loop
      vertex 111.363 88.8447 -5
      vertex 109.475 97.7477 -5
      vertex 109.602 97.6721 -5
    endloop
  endfacet
  facet normal 0 0 -1
    outer loop
      vertex 100.488 87.8283 -5
      vertex 111.363 88.8447 -5
      vertex 100.495 87.6812 -5
    endloop
  endfacet
  facet normal 0 0 -1
    outer loop
      vertex 100.466 87.9739 -5
      vertex 111.363 88.8447 -5
      vertex 100.488 87.8283 -5
    endloop
  endfacet
  facet normal 0 0 -1
    outer loop
      vertex 100.43 88.1167 -5
      vertex 111.363 88.8447 -5
      vertex 100.466 87.9739 -5
    endloop
  endfacet
  facet normal 0 0 -1
    outer loop
      vertex 100.381 88.2553 -5
      vertex 111.363 88.8447 -5
      vertex 100.43 88.1167 -5
    endloop
  endfacet
  facet normal 0 0 -1
    outer loop
      vertex 100.318 88.3883 -5
      vertex 111.363 88.8447 -5
      vertex 100.381 88.2553 -5
    endloop
  endfacet
  facet normal 0 0 -1
    outer loop
      vertex 100.242 88.5146 -5
      vertex 111.363 88.8447 -5
      vertex 100.318 88.3883 -5
    endloop
  endfacet
  facet normal -0 0 -1
    outer loop
      vertex 111.363 88.8447 -5
      vertex 100.242 88.5146 -5
      vertex 109.475 97.7477 -5
    endloop
  endfacet
  facet normal 0 0 -1
    outer loop
      vertex 100.056 88.7419 -5
      vertex 109.248 97.9343 -5
      vertex 100.154 88.6328 -5
    endloop
  endfacet
  facet normal 0 0 -1
    outer loop
      vertex 108.809 98.9949 -5
      vertex 100.495 110.309 -5
      vertex 107.884 112.298 -5
    endloop
  endfacet
  facet normal -0 0 -1
    outer loop
      vertex 109.357 97.8354 -5
      vertex 100.154 88.6328 -5
      vertex 109.248 97.9343 -5
    endloop
  endfacet
  facet normal -0 0 -1
    outer loop
      vertex 107.884 112.298 -5
      vertex 100.495 110.309 -5
      vertex 106.537 113.106 -5
    endloop
  endfacet
  facet normal -0 0 -1
    outer loop
      vertex 106.537 113.106 -5
      vertex 100.495 110.309 -5
      vertex 105.118 113.777 -5
    endloop
  endfacet
  facet normal 0 0 -1
    outer loop
      vertex 100.154 88.6328 -5
      vertex 109.357 97.8354 -5
      vertex 100.242 88.5146 -5
    endloop
  endfacet
  facet normal -0 0 -1
    outer loop
      vertex 109.475 97.7477 -5
      vertex 100.242 88.5146 -5
      vertex 109.357 97.8354 -5
    endloop
  endfacet
  facet normal 0 0 -1
    outer loop
      vertex 100.488 110.456 -5
      vertex 105.118 113.777 -5
      vertex 100.495 110.309 -5
    endloop
  endfacet
  facet normal 0 0 -1
    outer loop
      vertex 100.466 110.601 -5
      vertex 105.118 113.777 -5
      vertex 100.488 110.456 -5
    endloop
  endfacet
  facet normal -0 0 -1
    outer loop
      vertex 109.248 97.9343 -5
      vertex 100.056 88.7419 -5
      vertex 109.149 98.0434 -5
    endloop
  endfacet
  facet normal 0 0 -1
    outer loop
      vertex 111.363 88.8447 -5
      vertex 100.488 87.5342 -5
      vertex 100.495 87.6812 -5
    endloop
  endfacet
  facet normal 0 0 -1
    outer loop
      vertex 111.363 88.8447 -5
      vertex 100.466 87.3886 -5
      vertex 100.488 87.5342 -5
    endloop
  endfacet
  facet normal 0 0 -1
    outer loop
      vertex 111.363 88.8447 -5
      vertex 100.43 87.2458 -5
      vertex 100.466 87.3886 -5
    endloop
  endfacet
  facet normal 0 0 -1
    outer loop
      vertex 111.363 88.8447 -5
      vertex 100.381 87.1072 -5
      vertex 100.43 87.2458 -5
    endloop
  endfacet
  facet normal 0 0 -1
    outer loop
      vertex 111.363 88.8447 -5
      vertex 100.318 86.9741 -5
      vertex 100.381 87.1072 -5
    endloop
  endfacet
  facet normal 0 0 -1
    outer loop
      vertex 111.363 88.8447 -5
      vertex 100.242 86.8479 -5
      vertex 100.318 86.9741 -5
    endloop
  endfacet
  facet normal 0 0 -1
    outer loop
      vertex 111.363 88.8447 -5
      vertex 100.154 86.7297 -5
      vertex 100.242 86.8479 -5
    endloop
  endfacet
  facet normal 0 0 -1
    outer loop
      vertex 111.363 88.8447 -5
      vertex 100.056 86.6206 -5
      vertex 100.154 86.7297 -5
    endloop
  endfacet
  facet normal 0 0 -1
    outer loop
      vertex 111.363 88.8447 -5
      vertex 99.9465 86.5217 -5
      vertex 100.056 86.6206 -5
    endloop
  endfacet
  facet normal 0 0 -1
    outer loop
      vertex 111.363 88.8447 -5
      vertex 99.8283 86.434 -5
      vertex 99.9465 86.5217 -5
    endloop
  endfacet
  facet normal 0 0 -1
    outer loop
      vertex 111.363 88.8447 -5
      vertex 99.702 86.3584 -5
      vertex 99.8283 86.434 -5
    endloop
  endfacet
  facet normal 0 0 -1
    outer loop
      vertex 111.363 88.8447 -5
      vertex 99.569 86.2954 -5
      vertex 99.702 86.3584 -5
    endloop
  endfacet
  facet normal 0 0 -1
    outer loop
      vertex 111.363 88.8447 -5
      vertex 99.4304 86.2458 -5
      vertex 99.569 86.2954 -5
    endloop
  endfacet
  facet normal 0 0 -1
    outer loop
      vertex 69.2965 59.397 -5
      vertex 99.4304 86.2458 -5
      vertex 111.363 88.8447 -5
    endloop
  endfacet
  facet normal 0 0 -1
    outer loop
      vertex 88.7419 100.056 -5
      vertex 97.9343 109.248 -5
      vertex 88.8408 99.9465 -5
    endloop
  endfacet
  facet normal -0 0 -1
    outer loop
      vertex 97.8354 109.357 -5
      vertex 88.6328 100.154 -5
      vertex 97.7477 109.475 -5
    endloop
  endfacet
  facet normal 0 0 -1
    outer loop
      vertex 87.6812 97.4949 -5
      vertex 97.4949 87.6812 -5
      vertex 97.5022 87.5342 -5
    endloop
  endfacet
  facet normal 0 0 -1
    outer loop
      vertex 88.5146 100.242 -5
      vertex 97.7477 109.475 -5
      vertex 88.6328 100.154 -5
    endloop
  endfacet
  facet normal 0 -0 -1
    outer loop
      vertex 88.8447 111.363 -5
      vertex 97.7477 109.475 -5
      vertex 88.5146 100.242 -5
    endloop
  endfacet
  facet normal 0 0 -1
    outer loop
      vertex 87.5342 97.5022 -5
      vertex 97.5022 87.5342 -5
      vertex 97.5238 87.3886 -5
    endloop
  endfacet
  facet normal 0 0 -1
    outer loop
      vertex 97.7477 109.475 -5
      vertex 88.8447 111.363 -5
      vertex 97.6721 109.602 -5
    endloop
  endfacet
  facet normal 0 0 -1
    outer loop
      vertex 97.4949 110.309 -5
      vertex 95.8735 114.688 -5
      vertex 97.4267 114.918 -5
    endloop
  endfacet
  facet normal 0 0 -1
    outer loop
      vertex 87.3886 97.5238 -5
      vertex 97.5238 87.3886 -5
      vertex 97.5595 87.2458 -5
    endloop
  endfacet
  facet normal -0 0 -1
    outer loop
      vertex 97.9343 109.248 -5
      vertex 88.7419 100.056 -5
      vertex 97.8354 109.357 -5
    endloop
  endfacet
  facet normal 0 0 -1
    outer loop
      vertex 87.2458 97.5595 -5
      vertex 97.5595 87.2458 -5
      vertex 97.6091 87.1072 -5
    endloop
  endfacet
  facet normal 0 0 -1
    outer loop
      vertex 69.2965 59.397 -5
      vertex 97.6091 87.1072 -5
      vertex 97.6721 86.9741 -5
    endloop
  endfacet
  facet normal 0 0 -1
    outer loop
      vertex 69.2965 59.397 -5
      vertex 97.6721 86.9741 -5
      vertex 97.7477 86.8479 -5
    endloop
  endfacet
  facet normal 0 0 -1
    outer loop
      vertex 98.8479 89.174 -5
      vertex 89.174 98.8479 -5
      vertex 89.1812 98.9949 -5
    endloop
  endfacet
  facet normal 0 0 -1
    outer loop
      vertex 98.7023 89.1524 -5
      vertex 89.1524 98.7023 -5
      vertex 89.174 98.8479 -5
    endloop
  endfacet
  facet normal 0 0 -1
    outer loop
      vertex 98.5595 89.1167 -5
      vertex 89.1167 98.5595 -5
      vertex 89.1524 98.7023 -5
    endloop
  endfacet
  facet normal 0 0 -1
    outer loop
      vertex 98.4209 89.0671 -5
      vertex 89.0671 98.4209 -5
      vertex 89.1167 98.5595 -5
    endloop
  endfacet
  facet normal 0 0 -1
    outer loop
      vertex 69.2965 59.397 -5
      vertex 97.7477 86.8479 -5
      vertex 97.8354 86.7297 -5
    endloop
  endfacet
  facet normal 0 0 -1
    outer loop
      vertex 98.2879 89.0041 -5
      vertex 89.0041 98.2879 -5
      vertex 89.0671 98.4209 -5
    endloop
  endfacet
  facet normal 0 0 -1
    outer loop
      vertex 98.1616 88.9284 -5
      vertex 88.9284 98.1616 -5
      vertex 89.0041 98.2879 -5
    endloop
  endfacet
  facet normal 0 0 -1
    outer loop
      vertex 98.0434 88.8408 -5
      vertex 88.8408 98.0434 -5
      vertex 88.9284 98.1616 -5
    endloop
  endfacet
  facet normal 0 0 -1
    outer loop
      vertex 97.9343 88.7419 -5
      vertex 88.7419 97.9343 -5
      vertex 88.8408 98.0434 -5
    endloop
  endfacet
  facet normal 0 0 -1
    outer loop
      vertex 97.8354 88.6328 -5
      vertex 88.6328 97.8354 -5
      vertex 88.7419 97.9343 -5
    endloop
  endfacet
  facet normal 0 0 -1
    outer loop
      vertex 97.7477 88.5146 -5
      vertex 88.5146 97.7477 -5
      vertex 88.6328 97.8354 -5
    endloop
  endfacet
  facet normal 0 0 -1
    outer loop
      vertex 97.6721 88.3883 -5
      vertex 88.3883 97.6721 -5
      vertex 88.5146 97.7477 -5
    endloop
  endfacet
  facet normal 0 0 -1
    outer loop
      vertex 97.6091 88.2553 -5
      vertex 88.2553 97.6091 -5
      vertex 88.3883 97.6721 -5
    endloop
  endfacet
  facet normal 0 0 -1
    outer loop
      vertex 97.5595 88.1167 -5
      vertex 88.1167 97.5595 -5
      vertex 88.2553 97.6091 -5
    endloop
  endfacet
  facet normal 0 0 -1
    outer loop
      vertex 97.5238 87.9739 -5
      vertex 87.9739 97.5238 -5
      vertex 88.1167 97.5595 -5
    endloop
  endfacet
  facet normal 0 0 -1
    outer loop
      vertex 69.2965 59.397 -5
      vertex 97.8354 86.7297 -5
      vertex 97.9343 86.6206 -5
    endloop
  endfacet
  facet normal 0 0 -1
    outer loop
      vertex 97.5022 87.8283 -5
      vertex 87.8283 97.5022 -5
      vertex 87.9739 97.5238 -5
    endloop
  endfacet
  facet normal 0 0 -1
    outer loop
      vertex 97.4949 87.6812 -5
      vertex 87.6812 97.4949 -5
      vertex 87.8283 97.5022 -5
    endloop
  endfacet
  facet normal 0 0 -1
    outer loop
      vertex 97.5022 87.5342 -5
      vertex 87.5342 97.5022 -5
      vertex 87.6812 97.4949 -5
    endloop
  endfacet
  facet normal 0 0 -1
    outer loop
      vertex 97.5238 87.3886 -5
      vertex 87.3886 97.5238 -5
      vertex 87.5342 97.5022 -5
    endloop
  endfacet
  facet normal 0 0 -1
    outer loop
      vertex 97.5595 87.2458 -5
      vertex 87.2458 97.5595 -5
      vertex 87.3886 97.5238 -5
    endloop
  endfacet
  facet normal 0 0 -1
    outer loop
      vertex 97.6091 87.1072 -5
      vertex 87.1072 97.6091 -5
      vertex 87.2458 97.5595 -5
    endloop
  endfacet
  facet normal -0 0 -1
    outer loop
      vertex 97.6091 87.1072 -5
      vertex 69.2965 59.397 -5
      vertex 87.1072 97.6091 -5
    endloop
  endfacet
  facet normal 0 0 -1
    outer loop
      vertex 59.397 69.2965 -5
      vertex 87.1072 97.6091 -5
      vertex 69.2965 59.397 -5
    endloop
  endfacet
  facet normal -0 0 -1
    outer loop
      vertex 87.1072 97.6091 -5
      vertex 59.397 69.2965 -5
      vertex 86.9741 97.6721 -5
    endloop
  endfacet
  facet normal -0 0 -1
    outer loop
      vertex 86.9741 97.6721 -5
      vertex 59.397 69.2965 -5
      vertex 86.8479 97.7477 -5
    endloop
  endfacet
  facet normal -0 0 -1
    outer loop
      vertex 86.2101 98.7023 -5
      vertex 59.397 69.2965 -5
      vertex 86.1885 98.8479 -5
    endloop
  endfacet
  facet normal -0 0 -1
    outer loop
      vertex 86.2458 98.5595 -5
      vertex 59.397 69.2965 -5
      vertex 86.2101 98.7023 -5
    endloop
  endfacet
  facet normal -0 0 -1
    outer loop
      vertex 86.2954 98.4209 -5
      vertex 59.397 69.2965 -5
      vertex 86.2458 98.5595 -5
    endloop
  endfacet
  facet normal -0 0 -1
    outer loop
      vertex 86.3584 98.2879 -5
      vertex 59.397 69.2965 -5
      vertex 86.2954 98.4209 -5
    endloop
  endfacet
  facet normal -0 0 -1
    outer loop
      vertex 86.434 98.1616 -5
      vertex 59.397 69.2965 -5
      vertex 86.3584 98.2879 -5
    endloop
  endfacet
  facet normal -0 0 -1
    outer loop
      vertex 86.5217 98.0434 -5
      vertex 59.397 69.2965 -5
      vertex 86.434 98.1616 -5
    endloop
  endfacet
  facet normal -0 0 -1
    outer loop
      vertex 86.6206 97.9343 -5
      vertex 59.397 69.2965 -5
      vertex 86.5217 98.0434 -5
    endloop
  endfacet
  facet normal -0 0 -1
    outer loop
      vertex 86.7297 97.8354 -5
      vertex 59.397 69.2965 -5
      vertex 86.6206 97.9343 -5
    endloop
  endfacet
  facet normal -0 0 -1
    outer loop
      vertex 86.8479 97.7477 -5
      vertex 59.397 69.2965 -5
      vertex 86.7297 97.8354 -5
    endloop
  endfacet
  facet normal -0 0 -1
    outer loop
      vertex 98.0434 86.5217 -5
      vertex 69.2965 59.397 -5
      vertex 97.9343 86.6206 -5
    endloop
  endfacet
  facet normal -0 0 -1
    outer loop
      vertex 98.1616 86.434 -5
      vertex 69.2965 59.397 -5
      vertex 98.0434 86.5217 -5
    endloop
  endfacet
  facet normal -0 0 -1
    outer loop
      vertex 98.2879 86.3584 -5
      vertex 69.2965 59.397 -5
      vertex 98.1616 86.434 -5
    endloop
  endfacet
  facet normal -0 0 -1
    outer loop
      vertex 98.4209 86.2954 -5
      vertex 69.2965 59.397 -5
      vertex 98.2879 86.3584 -5
    endloop
  endfacet
  facet normal -0 0 -1
    outer loop
      vertex 98.5595 86.2458 -5
      vertex 69.2965 59.397 -5
      vertex 98.4209 86.2954 -5
    endloop
  endfacet
  facet normal -0 0 -1
    outer loop
      vertex 98.7023 86.2101 -5
      vertex 69.2965 59.397 -5
      vertex 98.5595 86.2458 -5
    endloop
  endfacet
  facet normal -0 0 -1
    outer loop
      vertex 98.8479 86.1885 -5
      vertex 69.2965 59.397 -5
      vertex 98.7023 86.2101 -5
    endloop
  endfacet
  facet normal -0 0 -1
    outer loop
      vertex 98.9949 86.1812 -5
      vertex 69.2965 59.397 -5
      vertex 98.8479 86.1885 -5
    endloop
  endfacet
  facet normal 0 0 -1
    outer loop
      vertex 99.142 86.1885 -5
      vertex 69.2965 59.397 -5
      vertex 98.9949 86.1812 -5
    endloop
  endfacet
  facet normal 0 0 -1
    outer loop
      vertex 99.2876 86.2101 -5
      vertex 69.2965 59.397 -5
      vertex 99.142 86.1885 -5
    endloop
  endfacet
  facet normal 0 0 -1
    outer loop
      vertex 99.4304 86.2458 -5
      vertex 69.2965 59.397 -5
      vertex 99.2876 86.2101 -5
    endloop
  endfacet
  facet normal 0 0 -1
    outer loop
      vertex 30.9805 0 -5
      vertex 69.2965 59.397 -5
      vertex 111.363 88.8447 -5
    endloop
  endfacet
  facet normal 0 0 -1
    outer loop
      vertex 30.9805 0 -5
      vertex 26.4321 16.5326 -5
      vertex 69.2965 59.397 -5
    endloop
  endfacet
  facet normal 0 0 -1
    outer loop
      vertex 16.5326 -26.4321 -5
      vertex 30.9805 0 -5
      vertex 26.4321 -16.5326 -5
    endloop
  endfacet
  facet normal 0 0 -1
    outer loop
      vertex 16.5326 -26.4321 -5
      vertex 26.4321 -16.5326 -5
      vertex 25.5 -25.5 -5
    endloop
  endfacet
  facet normal 0 0 -1
    outer loop
      vertex 0 -30.9805 -5
      vertex 30.9805 0 -5
      vertex 16.5326 -26.4321 -5
    endloop
  endfacet
  facet normal 0 0 -1
    outer loop
      vertex 30.9805 0 -5
      vertex 16.5326 26.4321 -5
      vertex 26.4321 16.5326 -5
    endloop
  endfacet
  facet normal 0 0 -1
    outer loop
      vertex 26.4321 16.5326 -5
      vertex 16.5326 26.4321 -5
      vertex 25.5 25.5 -5
    endloop
  endfacet
  facet normal 0 0 -1
    outer loop
      vertex 111.556 99.8283 -5
      vertex 114.918 100.563 -5
      vertex 111.632 99.702 -5
    endloop
  endfacet
  facet normal 0 0 -1
    outer loop
      vertex 111.468 99.9465 -5
      vertex 114.918 100.563 -5
      vertex 111.556 99.8283 -5
    endloop
  endfacet
  facet normal -0 0 -1
    outer loop
      vertex 114.918 100.563 -5
      vertex 111.468 99.9465 -5
      vertex 114.688 102.116 -5
    endloop
  endfacet
  facet normal 0 0 -1
    outer loop
      vertex 111.369 100.056 -5
      vertex 114.688 102.116 -5
      vertex 111.468 99.9465 -5
    endloop
  endfacet
  facet normal 0 0 -1
    outer loop
      vertex 111.26 100.154 -5
      vertex 114.688 102.116 -5
      vertex 111.369 100.056 -5
    endloop
  endfacet
  facet normal 0 0 -1
    outer loop
      vertex 111.142 100.242 -5
      vertex 114.688 102.116 -5
      vertex 111.26 100.154 -5
    endloop
  endfacet
  facet normal -0 0 -1
    outer loop
      vertex 114.688 102.116 -5
      vertex 111.142 100.242 -5
      vertex 114.306 103.64 -5
    endloop
  endfacet
  facet normal 0 0 -1
    outer loop
      vertex 111.016 100.318 -5
      vertex 114.306 103.64 -5
      vertex 111.142 100.242 -5
    endloop
  endfacet
  facet normal 0 0 -1
    outer loop
      vertex 110.883 100.381 -5
      vertex 114.306 103.64 -5
      vertex 111.016 100.318 -5
    endloop
  endfacet
  facet normal 0 0 -1
    outer loop
      vertex 110.744 100.43 -5
      vertex 114.306 103.64 -5
      vertex 110.883 100.381 -5
    endloop
  endfacet
  facet normal 0 0 -1
    outer loop
      vertex 110.601 100.466 -5
      vertex 114.306 103.64 -5
      vertex 110.744 100.43 -5
    endloop
  endfacet
  facet normal -0 0 -1
    outer loop
      vertex 114.306 103.64 -5
      vertex 110.601 100.466 -5
      vertex 113.777 105.118 -5
    endloop
  endfacet
  facet normal 0 0 -1
    outer loop
      vertex 110.456 100.488 -5
      vertex 113.777 105.118 -5
      vertex 110.601 100.466 -5
    endloop
  endfacet
  facet normal 0 0 -1
    outer loop
      vertex 110.309 100.495 -5
      vertex 113.777 105.118 -5
      vertex 110.456 100.488 -5
    endloop
  endfacet
  facet normal -0 0 -1
    outer loop
      vertex 113.777 105.118 -5
      vertex 110.309 100.495 -5
      vertex 113.106 106.537 -5
    endloop
  endfacet
  facet normal 0 0 -1
    outer loop
      vertex 110.162 100.488 -5
      vertex 113.106 106.537 -5
      vertex 110.309 100.495 -5
    endloop
  endfacet
  facet normal 0 0 -1
    outer loop
      vertex 110.016 100.466 -5
      vertex 113.106 106.537 -5
      vertex 110.162 100.488 -5
    endloop
  endfacet
  facet normal -0 0 -1
    outer loop
      vertex 113.106 106.537 -5
      vertex 110.016 100.466 -5
      vertex 112.298 107.884 -5
    endloop
  endfacet
  facet normal 0 0 -1
    outer loop
      vertex 109.873 100.43 -5
      vertex 112.298 107.884 -5
      vertex 110.016 100.466 -5
    endloop
  endfacet
  facet normal 0 0 -1
    outer loop
      vertex 109.735 100.381 -5
      vertex 112.298 107.884 -5
      vertex 109.873 100.43 -5
    endloop
  endfacet
  facet normal -0 0 -1
    outer loop
      vertex 112.298 107.884 -5
      vertex 109.735 100.381 -5
      vertex 111.363 109.145 -5
    endloop
  endfacet
  facet normal 0 0 -1
    outer loop
      vertex 109.602 100.318 -5
      vertex 111.363 109.145 -5
      vertex 109.735 100.381 -5
    endloop
  endfacet
  facet normal 0 0 -1
    outer loop
      vertex 109.475 100.242 -5
      vertex 111.363 109.145 -5
      vertex 109.602 100.318 -5
    endloop
  endfacet
  facet normal -0 0 -1
    outer loop
      vertex 111.363 109.145 -5
      vertex 109.475 100.242 -5
      vertex 110.309 110.309 -5
    endloop
  endfacet
  facet normal 0 0 -1
    outer loop
      vertex 109.357 100.154 -5
      vertex 110.309 110.309 -5
      vertex 109.475 100.242 -5
    endloop
  endfacet
  facet normal 0 0 -1
    outer loop
      vertex 109.145 111.363 -5
      vertex 109.357 100.154 -5
      vertex 109.248 100.056 -5
    endloop
  endfacet
  facet normal 0 0 -1
    outer loop
      vertex 107.884 112.298 -5
      vertex 109.248 100.056 -5
      vertex 109.149 99.9465 -5
    endloop
  endfacet
  facet normal 0 0 -1
    outer loop
      vertex 109.357 100.154 -5
      vertex 109.145 111.363 -5
      vertex 110.309 110.309 -5
    endloop
  endfacet
  facet normal 0 0 -1
    outer loop
      vertex 107.884 112.298 -5
      vertex 109.149 99.9465 -5
      vertex 109.061 99.8283 -5
    endloop
  endfacet
  facet normal 0 0 -1
    outer loop
      vertex 107.884 112.298 -5
      vertex 109.061 99.8283 -5
      vertex 108.986 99.702 -5
    endloop
  endfacet
  facet normal 0 0 -1
    outer loop
      vertex 107.884 112.298 -5
      vertex 108.986 99.702 -5
      vertex 108.923 99.569 -5
    endloop
  endfacet
  facet normal 0 0 -1
    outer loop
      vertex 107.884 112.298 -5
      vertex 108.923 99.569 -5
      vertex 108.873 99.4304 -5
    endloop
  endfacet
  facet normal 0 0 -1
    outer loop
      vertex 107.884 112.298 -5
      vertex 108.873 99.4304 -5
      vertex 108.837 99.2876 -5
    endloop
  endfacet
  facet normal 0 0 -1
    outer loop
      vertex 107.884 112.298 -5
      vertex 108.837 99.2876 -5
      vertex 108.816 99.142 -5
    endloop
  endfacet
  facet normal 0 0 -1
    outer loop
      vertex 107.884 112.298 -5
      vertex 108.816 99.142 -5
      vertex 108.809 98.9949 -5
    endloop
  endfacet
  facet normal 0 0 -1
    outer loop
      vertex 109.248 100.056 -5
      vertex 107.884 112.298 -5
      vertex 109.145 111.363 -5
    endloop
  endfacet
  facet normal -0 0 -1
    outer loop
      vertex 105.118 113.777 -5
      vertex 100.466 110.601 -5
      vertex 103.64 114.306 -5
    endloop
  endfacet
  facet normal 0 0 -1
    outer loop
      vertex 100.43 110.744 -5
      vertex 103.64 114.306 -5
      vertex 100.466 110.601 -5
    endloop
  endfacet
  facet normal 0 0 -1
    outer loop
      vertex 100.381 110.883 -5
      vertex 103.64 114.306 -5
      vertex 100.43 110.744 -5
    endloop
  endfacet
  facet normal 0 0 -1
    outer loop
      vertex 100.318 111.016 -5
      vertex 103.64 114.306 -5
      vertex 100.381 110.883 -5
    endloop
  endfacet
  facet normal -0 0 -1
    outer loop
      vertex 103.64 114.306 -5
      vertex 100.318 111.016 -5
      vertex 102.116 114.688 -5
    endloop
  endfacet
  facet normal 0 0 -1
    outer loop
      vertex 100.242 111.142 -5
      vertex 102.116 114.688 -5
      vertex 100.318 111.016 -5
    endloop
  endfacet
  facet normal 0 0 -1
    outer loop
      vertex 100.154 111.26 -5
      vertex 102.116 114.688 -5
      vertex 100.242 111.142 -5
    endloop
  endfacet
  facet normal 0 0 -1
    outer loop
      vertex 100.056 111.369 -5
      vertex 102.116 114.688 -5
      vertex 100.154 111.26 -5
    endloop
  endfacet
  facet normal 0 0 -1
    outer loop
      vertex 99.9465 111.468 -5
      vertex 102.116 114.688 -5
      vertex 100.056 111.369 -5
    endloop
  endfacet
  facet normal -0 0 -1
    outer loop
      vertex 102.116 114.688 -5
      vertex 99.9465 111.468 -5
      vertex 100.563 114.918 -5
    endloop
  endfacet
  facet normal 0 0 -1
    outer loop
      vertex 99.8283 111.556 -5
      vertex 100.563 114.918 -5
      vertex 99.9465 111.468 -5
    endloop
  endfacet
  facet normal 0 0 -1
    outer loop
      vertex 99.702 111.632 -5
      vertex 100.563 114.918 -5
      vertex 99.8283 111.556 -5
    endloop
  endfacet
  facet normal 0 0 -1
    outer loop
      vertex 99.569 111.694 -5
      vertex 100.563 114.918 -5
      vertex 99.702 111.632 -5
    endloop
  endfacet
  facet normal 0 0 -1
    outer loop
      vertex 99.4304 111.744 -5
      vertex 100.563 114.918 -5
      vertex 99.569 111.694 -5
    endloop
  endfacet
  facet normal 0 0 -1
    outer loop
      vertex 99.2876 111.78 -5
      vertex 100.563 114.918 -5
      vertex 99.4304 111.744 -5
    endloop
  endfacet
  facet normal 0 0 -1
    outer loop
      vertex 98.9949 114.995 -5
      vertex 99.2876 111.78 -5
      vertex 99.142 111.801 -5
    endloop
  endfacet
  facet normal 0 0 -1
    outer loop
      vertex 98.9949 114.995 -5
      vertex 99.142 111.801 -5
      vertex 98.9949 111.809 -5
    endloop
  endfacet
  facet normal 0 0 -1
    outer loop
      vertex 99.2876 111.78 -5
      vertex 98.9949 114.995 -5
      vertex 100.563 114.918 -5
    endloop
  endfacet
  facet normal 0 0 -1
    outer loop
      vertex 98.8479 111.801 -5
      vertex 98.9949 114.995 -5
      vertex 98.9949 111.809 -5
    endloop
  endfacet
  facet normal 0 0 -1
    outer loop
      vertex 98.7023 111.78 -5
      vertex 98.9949 114.995 -5
      vertex 98.8479 111.801 -5
    endloop
  endfacet
  facet normal 0 0 -1
    outer loop
      vertex 97.4267 114.918 -5
      vertex 98.7023 111.78 -5
      vertex 98.5595 111.744 -5
    endloop
  endfacet
  facet normal 0 0 -1
    outer loop
      vertex 97.4267 114.918 -5
      vertex 98.5595 111.744 -5
      vertex 98.4209 111.694 -5
    endloop
  endfacet
  facet normal 0 0 -1
    outer loop
      vertex 97.4267 114.918 -5
      vertex 98.4209 111.694 -5
      vertex 98.2879 111.632 -5
    endloop
  endfacet
  facet normal 0 0 -1
    outer loop
      vertex 97.4267 114.918 -5
      vertex 98.2879 111.632 -5
      vertex 98.1616 111.556 -5
    endloop
  endfacet
  facet normal 0 0 -1
    outer loop
      vertex 97.4267 114.918 -5
      vertex 98.1616 111.556 -5
      vertex 98.0434 111.468 -5
    endloop
  endfacet
  facet normal 0 0 -1
    outer loop
      vertex 97.4267 114.918 -5
      vertex 98.0434 111.468 -5
      vertex 97.9343 111.369 -5
    endloop
  endfacet
  facet normal 0 0 -1
    outer loop
      vertex 97.4267 114.918 -5
      vertex 97.9343 111.369 -5
      vertex 97.8354 111.26 -5
    endloop
  endfacet
  facet normal 0 0 -1
    outer loop
      vertex 97.4267 114.918 -5
      vertex 97.8354 111.26 -5
      vertex 97.7477 111.142 -5
    endloop
  endfacet
  facet normal 0 0 -1
    outer loop
      vertex 97.4267 114.918 -5
      vertex 97.7477 111.142 -5
      vertex 97.6721 111.016 -5
    endloop
  endfacet
  facet normal 0 0 -1
    outer loop
      vertex 97.4267 114.918 -5
      vertex 97.6721 111.016 -5
      vertex 97.6091 110.883 -5
    endloop
  endfacet
  facet normal 0 0 -1
    outer loop
      vertex 97.4267 114.918 -5
      vertex 97.6091 110.883 -5
      vertex 97.5595 110.744 -5
    endloop
  endfacet
  facet normal 0 0 -1
    outer loop
      vertex 98.7023 111.78 -5
      vertex 97.4267 114.918 -5
      vertex 98.9949 114.995 -5
    endloop
  endfacet
  facet normal 0 0 -1
    outer loop
      vertex 97.5238 110.601 -5
      vertex 97.4267 114.918 -5
      vertex 97.5595 110.744 -5
    endloop
  endfacet
  facet normal 0 0 -1
    outer loop
      vertex 97.5022 110.456 -5
      vertex 97.4267 114.918 -5
      vertex 97.5238 110.601 -5
    endloop
  endfacet
  facet normal 0 0 -1
    outer loop
      vertex 97.4267 114.918 -5
      vertex 97.5022 110.456 -5
      vertex 97.4949 110.309 -5
    endloop
  endfacet
  facet normal 0 0 -1
    outer loop
      vertex 88.6328 100.154 -5
      vertex 97.8354 109.357 -5
      vertex 88.7419 100.056 -5
    endloop
  endfacet
  facet normal 0 0 -1
    outer loop
      vertex 97.4949 110.309 -5
      vertex 94.3504 114.306 -5
      vertex 95.8735 114.688 -5
    endloop
  endfacet
  facet normal 0 0 -1
    outer loop
      vertex 97.6721 109.602 -5
      vertex 88.8447 111.363 -5
      vertex 97.6091 109.735 -5
    endloop
  endfacet
  facet normal 0 0 -1
    outer loop
      vertex 97.4949 110.309 -5
      vertex 92.872 113.777 -5
      vertex 94.3504 114.306 -5
    endloop
  endfacet
  facet normal 0 -0 -1
    outer loop
      vertex 90.1058 112.298 -5
      vertex 97.6091 109.735 -5
      vertex 88.8447 111.363 -5
    endloop
  endfacet
  facet normal 0 0 -1
    outer loop
      vertex 97.4949 110.309 -5
      vertex 91.4526 113.106 -5
      vertex 92.872 113.777 -5
    endloop
  endfacet
  facet normal 0 0 -1
    outer loop
      vertex 97.5022 110.162 -5
      vertex 91.4526 113.106 -5
      vertex 97.4949 110.309 -5
    endloop
  endfacet
  facet normal 0 0 -1
    outer loop
      vertex 97.6091 109.735 -5
      vertex 90.1058 112.298 -5
      vertex 97.5595 109.873 -5
    endloop
  endfacet
  facet normal 0 0 -1
    outer loop
      vertex 97.5238 110.016 -5
      vertex 91.4526 113.106 -5
      vertex 97.5022 110.162 -5
    endloop
  endfacet
  facet normal 0 0 -1
    outer loop
      vertex 97.5595 109.873 -5
      vertex 90.1058 112.298 -5
      vertex 97.5238 110.016 -5
    endloop
  endfacet
  facet normal 0 -0 -1
    outer loop
      vertex 91.4526 113.106 -5
      vertex 97.5238 110.016 -5
      vertex 90.1058 112.298 -5
    endloop
  endfacet
  facet normal 0 0 -1
    outer loop
      vertex 88.3883 100.318 -5
      vertex 88.8447 111.363 -5
      vertex 88.5146 100.242 -5
    endloop
  endfacet
  facet normal 0 0 -1
    outer loop
      vertex 88.2553 100.381 -5
      vertex 88.8447 111.363 -5
      vertex 88.3883 100.318 -5
    endloop
  endfacet
  facet normal 0 0 -1
    outer loop
      vertex 88.1167 100.43 -5
      vertex 88.8447 111.363 -5
      vertex 88.2553 100.381 -5
    endloop
  endfacet
  facet normal 0 0 -1
    outer loop
      vertex 87.9739 100.466 -5
      vertex 88.8447 111.363 -5
      vertex 88.1167 100.43 -5
    endloop
  endfacet
  facet normal 0 0 -1
    outer loop
      vertex 87.8283 100.488 -5
      vertex 88.8447 111.363 -5
      vertex 87.9739 100.466 -5
    endloop
  endfacet
  facet normal 0 0 -1
    outer loop
      vertex 87.6812 100.495 -5
      vertex 88.8447 111.363 -5
      vertex 87.8283 100.488 -5
    endloop
  endfacet
  facet normal 0 0 -1
    outer loop
      vertex 87.5342 100.488 -5
      vertex 88.8447 111.363 -5
      vertex 87.6812 100.495 -5
    endloop
  endfacet
  facet normal 0 0 -1
    outer loop
      vertex 87.3886 100.466 -5
      vertex 88.8447 111.363 -5
      vertex 87.5342 100.488 -5
    endloop
  endfacet
  facet normal 0 0 -1
    outer loop
      vertex 87.2458 100.43 -5
      vertex 88.8447 111.363 -5
      vertex 87.3886 100.466 -5
    endloop
  endfacet
  facet normal 0 0 -1
    outer loop
      vertex 87.1072 100.381 -5
      vertex 88.8447 111.363 -5
      vertex 87.2458 100.43 -5
    endloop
  endfacet
  facet normal 0 0 -1
    outer loop
      vertex 86.9741 100.318 -5
      vertex 88.8447 111.363 -5
      vertex 87.1072 100.381 -5
    endloop
  endfacet
  facet normal 0 0 -1
    outer loop
      vertex 86.8479 100.242 -5
      vertex 88.8447 111.363 -5
      vertex 86.9741 100.318 -5
    endloop
  endfacet
  facet normal 0 0 -1
    outer loop
      vertex 86.7297 100.154 -5
      vertex 88.8447 111.363 -5
      vertex 86.8479 100.242 -5
    endloop
  endfacet
  facet normal 0 0 -1
    outer loop
      vertex 86.6206 100.056 -5
      vertex 88.8447 111.363 -5
      vertex 86.7297 100.154 -5
    endloop
  endfacet
  facet normal 0 0 -1
    outer loop
      vertex 86.5217 99.9465 -5
      vertex 88.8447 111.363 -5
      vertex 86.6206 100.056 -5
    endloop
  endfacet
  facet normal 0 0 -1
    outer loop
      vertex 86.434 99.8283 -5
      vertex 88.8447 111.363 -5
      vertex 86.5217 99.9465 -5
    endloop
  endfacet
  facet normal 0 0 -1
    outer loop
      vertex 86.3584 99.702 -5
      vertex 88.8447 111.363 -5
      vertex 86.434 99.8283 -5
    endloop
  endfacet
  facet normal 0 0 -1
    outer loop
      vertex 86.2954 99.569 -5
      vertex 88.8447 111.363 -5
      vertex 86.3584 99.702 -5
    endloop
  endfacet
  facet normal 0 0 -1
    outer loop
      vertex 86.2458 99.4304 -5
      vertex 88.8447 111.363 -5
      vertex 86.2954 99.569 -5
    endloop
  endfacet
  facet normal 0 0 -1
    outer loop
      vertex 59.397 69.2965 -5
      vertex 86.2458 99.4304 -5
      vertex 86.2101 99.2876 -5
    endloop
  endfacet
  facet normal -0 0 -1
    outer loop
      vertex 86.1885 98.8479 -5
      vertex 59.397 69.2965 -5
      vertex 86.1812 98.9949 -5
    endloop
  endfacet
  facet normal -0 0 -1
    outer loop
      vertex 86.1812 98.9949 -5
      vertex 59.397 69.2965 -5
      vertex 86.1885 99.142 -5
    endloop
  endfacet
  facet normal -0 0 -1
    outer loop
      vertex 86.1885 99.142 -5
      vertex 59.397 69.2965 -5
      vertex 86.2101 99.2876 -5
    endloop
  endfacet
  facet normal -0 0 -1
    outer loop
      vertex 86.2458 99.4304 -5
      vertex 59.397 69.2965 -5
      vertex 88.8447 111.363 -5
    endloop
  endfacet
  facet normal 0 0 -1
    outer loop
      vertex 0 30.9805 -5
      vertex 59.397 69.2965 -5
      vertex 16.5326 26.4321 -5
    endloop
  endfacet
  facet normal -0 0 -1
    outer loop
      vertex 59.397 69.2965 -5
      vertex 0 30.9805 -5
      vertex 88.8447 111.363 -5
    endloop
  endfacet
  facet normal 0 0 -1
    outer loop
      vertex 30.9805 0 -5
      vertex 0 30.9805 -5
      vertex 16.5326 26.4321 -5
    endloop
  endfacet
  facet normal 0 0 -1
    outer loop
      vertex 0 -30.9805 -5
      vertex -16.5326 -26.4321 -5
      vertex 0 30.9805 -5
    endloop
  endfacet
  facet normal -0 0 -1
    outer loop
      vertex 0 -30.9805 -5
      vertex -59.397 -69.2965 -5
      vertex -16.5326 -26.4321 -5
    endloop
  endfacet
  facet normal 0 0 -1
    outer loop
      vertex -86.1885 -98.8479 -5
      vertex -59.397 -69.2965 -5
      vertex -86.1812 -98.9949 -5
    endloop
  endfacet
  facet normal 0 0 -1
    outer loop
      vertex -88.8447 -111.363 -5
      vertex -59.397 -69.2965 -5
      vertex 0 -30.9805 -5
    endloop
  endfacet
  facet normal 0 0 -1
    outer loop
      vertex -59.397 -69.2965 -5
      vertex -86.1885 -99.142 -5
      vertex -86.1812 -98.9949 -5
    endloop
  endfacet
  facet normal 0 0 -1
    outer loop
      vertex -59.397 -69.2965 -5
      vertex -86.2101 -99.2876 -5
      vertex -86.1885 -99.142 -5
    endloop
  endfacet
  facet normal 0 0 -1
    outer loop
      vertex -59.397 -69.2965 -5
      vertex -86.2458 -99.4304 -5
      vertex -86.2101 -99.2876 -5
    endloop
  endfacet
  facet normal 0 0 -1
    outer loop
      vertex -59.397 -69.2965 -5
      vertex -88.8447 -111.363 -5
      vertex -86.2458 -99.4304 -5
    endloop
  endfacet
  facet normal 0 0 -1
    outer loop
      vertex -86.2458 -99.4304 -5
      vertex -88.8447 -111.363 -5
      vertex -86.2954 -99.569 -5
    endloop
  endfacet
  facet normal 0 0 -1
    outer loop
      vertex -86.2954 -99.569 -5
      vertex -88.8447 -111.363 -5
      vertex -86.3584 -99.702 -5
    endloop
  endfacet
  facet normal 0 0 -1
    outer loop
      vertex -86.3584 -99.702 -5
      vertex -88.8447 -111.363 -5
      vertex -86.434 -99.8283 -5
    endloop
  endfacet
  facet normal 0 0 -1
    outer loop
      vertex -86.434 -99.8283 -5
      vertex -88.8447 -111.363 -5
      vertex -86.5217 -99.9465 -5
    endloop
  endfacet
  facet normal 0 0 -1
    outer loop
      vertex -86.5217 -99.9465 -5
      vertex -88.8447 -111.363 -5
      vertex -86.6206 -100.056 -5
    endloop
  endfacet
  facet normal 0 0 -1
    outer loop
      vertex -86.6206 -100.056 -5
      vertex -88.8447 -111.363 -5
      vertex -86.7297 -100.154 -5
    endloop
  endfacet
  facet normal 0 0 -1
    outer loop
      vertex -88.8447 -111.363 -5
      vertex -86.8479 -100.242 -5
      vertex -86.7297 -100.154 -5
    endloop
  endfacet
  facet normal 0 0 -1
    outer loop
      vertex -88.8447 -111.363 -5
      vertex -86.9741 -100.318 -5
      vertex -86.8479 -100.242 -5
    endloop
  endfacet
  facet normal 0 0 -1
    outer loop
      vertex -88.8447 -111.363 -5
      vertex -87.1072 -100.381 -5
      vertex -86.9741 -100.318 -5
    endloop
  endfacet
  facet normal 0 0 -1
    outer loop
      vertex -88.8447 -111.363 -5
      vertex -87.2458 -100.43 -5
      vertex -87.1072 -100.381 -5
    endloop
  endfacet
  facet normal 0 0 -1
    outer loop
      vertex -88.8447 -111.363 -5
      vertex -87.3886 -100.466 -5
      vertex -87.2458 -100.43 -5
    endloop
  endfacet
  facet normal 0 0 -1
    outer loop
      vertex -88.8447 -111.363 -5
      vertex -87.5342 -100.488 -5
      vertex -87.3886 -100.466 -5
    endloop
  endfacet
  facet normal 0 0 -1
    outer loop
      vertex -88.8447 -111.363 -5
      vertex -87.6812 -100.495 -5
      vertex -87.5342 -100.488 -5
    endloop
  endfacet
  facet normal 0 0 -1
    outer loop
      vertex -88.8447 -111.363 -5
      vertex -87.8283 -100.488 -5
      vertex -87.6812 -100.495 -5
    endloop
  endfacet
  facet normal 0 0 -1
    outer loop
      vertex -88.8447 -111.363 -5
      vertex -87.9739 -100.466 -5
      vertex -87.8283 -100.488 -5
    endloop
  endfacet
  facet normal 0 0 -1
    outer loop
      vertex -88.8447 -111.363 -5
      vertex -88.1167 -100.43 -5
      vertex -87.9739 -100.466 -5
    endloop
  endfacet
  facet normal 0 0 -1
    outer loop
      vertex -88.8447 -111.363 -5
      vertex -88.2553 -100.381 -5
      vertex -88.1167 -100.43 -5
    endloop
  endfacet
  facet normal 0 0 -1
    outer loop
      vertex -88.8447 -111.363 -5
      vertex -88.3883 -100.318 -5
      vertex -88.2553 -100.381 -5
    endloop
  endfacet
  facet normal 0 0 -1
    outer loop
      vertex -88.8447 -111.363 -5
      vertex -88.5146 -100.242 -5
      vertex -88.3883 -100.318 -5
    endloop
  endfacet
  facet normal 0 0 -1
    outer loop
      vertex -97.7477 -109.475 -5
      vertex -88.5146 -100.242 -5
      vertex -88.8447 -111.363 -5
    endloop
  endfacet
  facet normal -0 0 -1
    outer loop
      vertex -88.5146 -100.242 -5
      vertex -97.7477 -109.475 -5
      vertex -88.6328 -100.154 -5
    endloop
  endfacet
  facet normal 0 0 -1
    outer loop
      vertex -97.8354 -109.357 -5
      vertex -88.6328 -100.154 -5
      vertex -97.7477 -109.475 -5
    endloop
  endfacet
  facet normal -0 0 -1
    outer loop
      vertex -88.6328 -100.154 -5
      vertex -97.8354 -109.357 -5
      vertex -88.7419 -100.056 -5
    endloop
  endfacet
  facet normal 0 0 -1
    outer loop
      vertex -97.9343 -109.248 -5
      vertex -88.7419 -100.056 -5
      vertex -97.8354 -109.357 -5
    endloop
  endfacet
  facet normal -0 0 -1
    outer loop
      vertex -88.7419 -100.056 -5
      vertex -97.9343 -109.248 -5
      vertex -88.8408 -99.9465 -5
    endloop
  endfacet
  facet normal 0 0 -1
    outer loop
      vertex -98.0434 -109.149 -5
      vertex -88.8408 -99.9465 -5
      vertex -97.9343 -109.248 -5
    endloop
  endfacet
  facet normal -0 0 -1
    outer loop
      vertex -88.8408 -99.9465 -5
      vertex -98.0434 -109.149 -5
      vertex -88.9284 -99.8283 -5
    endloop
  endfacet
  facet normal 0 0 -1
    outer loop
      vertex -98.1616 -109.061 -5
      vertex -88.9284 -99.8283 -5
      vertex -98.0434 -109.149 -5
    endloop
  endfacet
  facet normal -0 0 -1
    outer loop
      vertex -88.9284 -99.8283 -5
      vertex -98.1616 -109.061 -5
      vertex -89.0041 -99.702 -5
    endloop
  endfacet
  facet normal 0 0 -1
    outer loop
      vertex -97.6091 -109.735 -5
      vertex -88.8447 -111.363 -5
      vertex -90.1058 -112.298 -5
    endloop
  endfacet
  facet normal 0 0 -1
    outer loop
      vertex -99.142 -108.816 -5
      vertex -108.816 -99.142 -5
      vertex -108.809 -98.9949 -5
    endloop
  endfacet
  facet normal 0 0 -1
    outer loop
      vertex -100.242 -109.475 -5
      vertex -108.837 -99.2876 -5
      vertex -108.816 -99.142 -5
    endloop
  endfacet
  facet normal 0 0 -1
    outer loop
      vertex -100.242 -109.475 -5
      vertex -108.873 -99.4304 -5
      vertex -108.837 -99.2876 -5
    endloop
  endfacet
  facet normal 0 0 -1
    outer loop
      vertex -100.242 -109.475 -5
      vertex -108.923 -99.569 -5
      vertex -108.873 -99.4304 -5
    endloop
  endfacet
  facet normal 0 0 -1
    outer loop
      vertex -100.242 -109.475 -5
      vertex -108.986 -99.702 -5
      vertex -108.923 -99.569 -5
    endloop
  endfacet
  facet normal 0 0 -1
    outer loop
      vertex -100.242 -109.475 -5
      vertex -109.061 -99.8283 -5
      vertex -108.986 -99.702 -5
    endloop
  endfacet
  facet normal 0 0 -1
    outer loop
      vertex -110.309 -110.309 -5
      vertex -100.242 -109.475 -5
      vertex -109.145 -111.363 -5
    endloop
  endfacet
  facet normal 0 0 -1
    outer loop
      vertex -100.242 -109.475 -5
      vertex -109.149 -99.9465 -5
      vertex -109.061 -99.8283 -5
    endloop
  endfacet
  facet normal 0 0 -1
    outer loop
      vertex -100.242 -109.475 -5
      vertex -109.248 -100.056 -5
      vertex -109.149 -99.9465 -5
    endloop
  endfacet
  facet normal 0 0 -1
    outer loop
      vertex -100.242 -109.475 -5
      vertex -109.357 -100.154 -5
      vertex -109.248 -100.056 -5
    endloop
  endfacet
  facet normal 0 -0 -1
    outer loop
      vertex -109.475 -100.242 -5
      vertex -100.242 -109.475 -5
      vertex -110.309 -110.309 -5
    endloop
  endfacet
  facet normal 0 0 -1
    outer loop
      vertex -100.242 -109.475 -5
      vertex -109.475 -100.242 -5
      vertex -109.357 -100.154 -5
    endloop
  endfacet
  facet normal 0 0 -1
    outer loop
      vertex -111.363 -109.145 -5
      vertex -109.475 -100.242 -5
      vertex -110.309 -110.309 -5
    endloop
  endfacet
  facet normal 0 0 -1
    outer loop
      vertex -109.475 -100.242 -5
      vertex -111.363 -109.145 -5
      vertex -109.602 -100.318 -5
    endloop
  endfacet
  facet normal 0 0 -1
    outer loop
      vertex -109.602 -100.318 -5
      vertex -111.363 -109.145 -5
      vertex -109.735 -100.381 -5
    endloop
  endfacet
  facet normal 0 0 -1
    outer loop
      vertex -112.298 -107.884 -5
      vertex -109.735 -100.381 -5
      vertex -111.363 -109.145 -5
    endloop
  endfacet
  facet normal 0 0 -1
    outer loop
      vertex -109.735 -100.381 -5
      vertex -112.298 -107.884 -5
      vertex -109.873 -100.43 -5
    endloop
  endfacet
  facet normal 0 0 -1
    outer loop
      vertex -109.873 -100.43 -5
      vertex -112.298 -107.884 -5
      vertex -110.016 -100.466 -5
    endloop
  endfacet
  facet normal 0 0 -1
    outer loop
      vertex -113.106 -106.537 -5
      vertex -110.016 -100.466 -5
      vertex -112.298 -107.884 -5
    endloop
  endfacet
  facet normal 0 0 -1
    outer loop
      vertex -110.016 -100.466 -5
      vertex -113.106 -106.537 -5
      vertex -110.162 -100.488 -5
    endloop
  endfacet
  facet normal 0 0 -1
    outer loop
      vertex -110.162 -100.488 -5
      vertex -113.106 -106.537 -5
      vertex -110.309 -100.495 -5
    endloop
  endfacet
  facet normal 0 0 -1
    outer loop
      vertex -113.777 -105.118 -5
      vertex -110.309 -100.495 -5
      vertex -113.106 -106.537 -5
    endloop
  endfacet
  facet normal -0 0 -1
    outer loop
      vertex -110.309 -100.495 -5
      vertex -113.777 -105.118 -5
      vertex -110.456 -100.488 -5
    endloop
  endfacet
  facet normal -0 0 -1
    outer loop
      vertex -110.456 -100.488 -5
      vertex -113.777 -105.118 -5
      vertex -110.601 -100.466 -5
    endloop
  endfacet
  facet normal 0 0 -1
    outer loop
      vertex -114.306 -103.64 -5
      vertex -110.601 -100.466 -5
      vertex -113.777 -105.118 -5
    endloop
  endfacet
  facet normal -0 0 -1
    outer loop
      vertex -110.601 -100.466 -5
      vertex -114.306 -103.64 -5
      vertex -110.744 -100.43 -5
    endloop
  endfacet
  facet normal -0 0 -1
    outer loop
      vertex -110.744 -100.43 -5
      vertex -114.306 -103.64 -5
      vertex -110.883 -100.381 -5
    endloop
  endfacet
  facet normal -0 0 -1
    outer loop
      vertex -110.883 -100.381 -5
      vertex -114.306 -103.64 -5
      vertex -111.016 -100.318 -5
    endloop
  endfacet
  facet normal -0 0 -1
    outer loop
      vertex -111.016 -100.318 -5
      vertex -114.306 -103.64 -5
      vertex -111.142 -100.242 -5
    endloop
  endfacet
  facet normal 0 0 -1
    outer loop
      vertex -114.688 -102.116 -5
      vertex -111.142 -100.242 -5
      vertex -114.306 -103.64 -5
    endloop
  endfacet
  facet normal -0 0 -1
    outer loop
      vertex -111.142 -100.242 -5
      vertex -114.688 -102.116 -5
      vertex -111.26 -100.154 -5
    endloop
  endfacet
  facet normal -0 0 -1
    outer loop
      vertex -111.26 -100.154 -5
      vertex -114.688 -102.116 -5
      vertex -111.369 -100.056 -5
    endloop
  endfacet
  facet normal -0 0 -1
    outer loop
      vertex -111.369 -100.056 -5
      vertex -114.688 -102.116 -5
      vertex -111.468 -99.9465 -5
    endloop
  endfacet
  facet normal 0 0 -1
    outer loop
      vertex -114.918 -100.563 -5
      vertex -111.468 -99.9465 -5
      vertex -114.688 -102.116 -5
    endloop
  endfacet
  facet normal -0 0 -1
    outer loop
      vertex -111.468 -99.9465 -5
      vertex -114.918 -100.563 -5
      vertex -111.556 -99.8283 -5
    endloop
  endfacet
  facet normal -0 0 -1
    outer loop
      vertex -111.556 -99.8283 -5
      vertex -114.918 -100.563 -5
      vertex -111.632 -99.702 -5
    endloop
  endfacet
  facet normal 0 0 -1
    outer loop
      vertex -109.061 99.8283 -5
      vertex -99.8283 109.061 -5
      vertex -108.986 99.702 -5
    endloop
  endfacet
  facet normal -0 0 -1
    outer loop
      vertex -99.8283 109.061 -5
      vertex -109.061 99.8283 -5
      vertex -99.9465 109.149 -5
    endloop
  endfacet
  facet normal 0 0 -1
    outer loop
      vertex -109.149 99.9465 -5
      vertex -99.9465 109.149 -5
      vertex -109.061 99.8283 -5
    endloop
  endfacet
  facet normal -0 0 -1
    outer loop
      vertex -99.9465 109.149 -5
      vertex -109.149 99.9465 -5
      vertex -100.056 109.248 -5
    endloop
  endfacet
  facet normal 0 0 -1
    outer loop
      vertex -109.248 100.056 -5
      vertex -100.056 109.248 -5
      vertex -109.149 99.9465 -5
    endloop
  endfacet
  facet normal -0 0 -1
    outer loop
      vertex -100.056 109.248 -5
      vertex -109.248 100.056 -5
      vertex -100.154 109.357 -5
    endloop
  endfacet
  facet normal 0 0 -1
    outer loop
      vertex -109.357 100.154 -5
      vertex -100.154 109.357 -5
      vertex -109.248 100.056 -5
    endloop
  endfacet
  facet normal -0 0 -1
    outer loop
      vertex -100.154 109.357 -5
      vertex -109.357 100.154 -5
      vertex -100.242 109.475 -5
    endloop
  endfacet
  facet normal 0 0 -1
    outer loop
      vertex -100.242 109.475 -5
      vertex -109.145 111.363 -5
      vertex -107.884 112.298 -5
    endloop
  endfacet
  facet normal 0 0 -1
    outer loop
      vertex -109.475 100.242 -5
      vertex -100.242 109.475 -5
      vertex -109.357 100.154 -5
    endloop
  endfacet
  facet normal -0 0 -1
    outer loop
      vertex -100.242 109.475 -5
      vertex -109.475 100.242 -5
      vertex -110.309 110.309 -5
    endloop
  endfacet
  facet normal 0 0 -1
    outer loop
      vertex -111.363 109.145 -5
      vertex -109.475 100.242 -5
      vertex -109.602 100.318 -5
    endloop
  endfacet
  facet normal 0 0 -1
    outer loop
      vertex -111.363 109.145 -5
      vertex -109.602 100.318 -5
      vertex -109.735 100.381 -5
    endloop
  endfacet
  facet normal 0 0 -1
    outer loop
      vertex -112.298 107.884 -5
      vertex -109.735 100.381 -5
      vertex -109.873 100.43 -5
    endloop
  endfacet
  facet normal 0 0 -1
    outer loop
      vertex -112.298 107.884 -5
      vertex -109.873 100.43 -5
      vertex -110.016 100.466 -5
    endloop
  endfacet
  facet normal 0 0 -1
    outer loop
      vertex -113.106 106.537 -5
      vertex -110.016 100.466 -5
      vertex -110.162 100.488 -5
    endloop
  endfacet
  facet normal 0 0 -1
    outer loop
      vertex -113.106 106.537 -5
      vertex -110.162 100.488 -5
      vertex -110.309 100.495 -5
    endloop
  endfacet
  facet normal 0 0 -1
    outer loop
      vertex -100.242 109.475 -5
      vertex -110.309 110.309 -5
      vertex -109.145 111.363 -5
    endloop
  endfacet
  facet normal 0 0 -1
    outer loop
      vertex -113.777 105.118 -5
      vertex -110.309 100.495 -5
      vertex -110.456 100.488 -5
    endloop
  endfacet
  facet normal 0 0 -1
    outer loop
      vertex -113.777 105.118 -5
      vertex -110.456 100.488 -5
      vertex -110.601 100.466 -5
    endloop
  endfacet
  facet normal 0 0 -1
    outer loop
      vertex -114.306 103.64 -5
      vertex -110.601 100.466 -5
      vertex -110.744 100.43 -5
    endloop
  endfacet
  facet normal 0 0 -1
    outer loop
      vertex -114.306 103.64 -5
      vertex -110.744 100.43 -5
      vertex -110.883 100.381 -5
    endloop
  endfacet
  facet normal 0 0 -1
    outer loop
      vertex -114.306 103.64 -5
      vertex -110.883 100.381 -5
      vertex -111.016 100.318 -5
    endloop
  endfacet
  facet normal 0 0 -1
    outer loop
      vertex -114.306 103.64 -5
      vertex -111.016 100.318 -5
      vertex -111.142 100.242 -5
    endloop
  endfacet
  facet normal 0 0 -1
    outer loop
      vertex -114.688 102.116 -5
      vertex -111.142 100.242 -5
      vertex -111.26 100.154 -5
    endloop
  endfacet
  facet normal 0 0 -1
    outer loop
      vertex -109.475 100.242 -5
      vertex -111.363 109.145 -5
      vertex -110.309 110.309 -5
    endloop
  endfacet
  facet normal 0 0 -1
    outer loop
      vertex -114.688 102.116 -5
      vertex -111.26 100.154 -5
      vertex -111.369 100.056 -5
    endloop
  endfacet
  facet normal 0 0 -1
    outer loop
      vertex -114.688 102.116 -5
      vertex -111.369 100.056 -5
      vertex -111.468 99.9465 -5
    endloop
  endfacet
  facet normal 0 0 -1
    outer loop
      vertex -114.918 100.563 -5
      vertex -111.468 99.9465 -5
      vertex -111.556 99.8283 -5
    endloop
  endfacet
  facet normal 0 0 -1
    outer loop
      vertex -114.918 100.563 -5
      vertex -111.556 99.8283 -5
      vertex -111.632 99.702 -5
    endloop
  endfacet
  facet normal 0 0 -1
    outer loop
      vertex -114.918 100.563 -5
      vertex -111.632 99.702 -5
      vertex -111.694 99.569 -5
    endloop
  endfacet
  facet normal 0 0 -1
    outer loop
      vertex -114.918 100.563 -5
      vertex -111.694 99.569 -5
      vertex -111.744 99.4304 -5
    endloop
  endfacet
  facet normal 0 0 -1
    outer loop
      vertex -114.918 100.563 -5
      vertex -111.744 99.4304 -5
      vertex -111.78 99.2876 -5
    endloop
  endfacet
  facet normal 0 0 -1
    outer loop
      vertex -114.995 98.9949 -5
      vertex -111.78 99.2876 -5
      vertex -111.801 99.142 -5
    endloop
  endfacet
  facet normal 0 0 -1
    outer loop
      vertex -114.995 98.9949 -5
      vertex -111.801 99.142 -5
      vertex -111.809 98.9949 -5
    endloop
  endfacet
  facet normal -0 0 -1
    outer loop
      vertex -111.632 98.2879 -5
      vertex -114.918 97.4267 -5
      vertex -111.694 98.4209 -5
    endloop
  endfacet
  facet normal 0 0 -1
    outer loop
      vertex -109.735 100.381 -5
      vertex -112.298 107.884 -5
      vertex -111.363 109.145 -5
    endloop
  endfacet
  facet normal -0 0 -1
    outer loop
      vertex -111.694 98.4209 -5
      vertex -114.918 97.4267 -5
      vertex -111.744 98.5595 -5
    endloop
  endfacet
  facet normal 0 0 -1
    outer loop
      vertex -110.016 100.466 -5
      vertex -113.106 106.537 -5
      vertex -112.298 107.884 -5
    endloop
  endfacet
  facet normal -0 0 -1
    outer loop
      vertex -111.744 98.5595 -5
      vertex -114.918 97.4267 -5
      vertex -111.78 98.7023 -5
    endloop
  endfacet
  facet normal 0 0 -1
    outer loop
      vertex -110.309 100.495 -5
      vertex -113.777 105.118 -5
      vertex -113.106 106.537 -5
    endloop
  endfacet
  facet normal 0 0 -1
    outer loop
      vertex -114.995 98.9949 -5
      vertex -111.78 98.7023 -5
      vertex -114.918 97.4267 -5
    endloop
  endfacet
  facet normal 0 0 -1
    outer loop
      vertex -110.601 100.466 -5
      vertex -114.306 103.64 -5
      vertex -113.777 105.118 -5
    endloop
  endfacet
  facet normal 0 0 -1
    outer loop
      vertex -111.78 98.7023 -5
      vertex -114.995 98.9949 -5
      vertex -111.801 98.8479 -5
    endloop
  endfacet
  facet normal 0 0 -1
    outer loop
      vertex -111.142 100.242 -5
      vertex -114.688 102.116 -5
      vertex -114.306 103.64 -5
    endloop
  endfacet
  facet normal 0 0 -1
    outer loop
      vertex -111.801 98.8479 -5
      vertex -114.995 98.9949 -5
      vertex -111.809 98.9949 -5
    endloop
  endfacet
  facet normal 0 0 -1
    outer loop
      vertex -111.468 99.9465 -5
      vertex -114.918 100.563 -5
      vertex -114.688 102.116 -5
    endloop
  endfacet
  facet normal -0 0 -1
    outer loop
      vertex -111.78 99.2876 -5
      vertex -114.995 98.9949 -5
      vertex -114.918 100.563 -5
    endloop
  endfacet
  facet normal 0 0 -1
    outer loop
      vertex -98.0434 88.8408 -5
      vertex -88.8408 98.0434 -5
      vertex -97.9343 88.7419 -5
    endloop
  endfacet
  facet normal 0 0 -1
    outer loop
      vertex -89.1812 98.9949 -5
      vertex -97.5022 110.162 -5
      vertex -97.4949 110.309 -5
    endloop
  endfacet
  facet normal -0 0 -1
    outer loop
      vertex -88.8408 98.0434 -5
      vertex -98.0434 88.8408 -5
      vertex -88.9284 98.1616 -5
    endloop
  endfacet
  facet normal 0 0 -1
    outer loop
      vertex -89.1812 98.9949 -5
      vertex -97.5238 110.016 -5
      vertex -97.5022 110.162 -5
    endloop
  endfacet
  facet normal 0 0 -1
    outer loop
      vertex -98.1616 88.9284 -5
      vertex -88.9284 98.1616 -5
      vertex -98.0434 88.8408 -5
    endloop
  endfacet
  facet normal 0 0 -1
    outer loop
      vertex -89.1812 98.9949 -5
      vertex -97.5595 109.873 -5
      vertex -97.5238 110.016 -5
    endloop
  endfacet
  facet normal -0 0 -1
    outer loop
      vertex -88.9284 98.1616 -5
      vertex -98.1616 88.9284 -5
      vertex -89.0041 98.2879 -5
    endloop
  endfacet
  facet normal 0 0 -1
    outer loop
      vertex -89.1812 98.9949 -5
      vertex -97.6091 109.735 -5
      vertex -97.5595 109.873 -5
    endloop
  endfacet
  facet normal 0 0 -1
    outer loop
      vertex -98.2879 89.0041 -5
      vertex -89.0041 98.2879 -5
      vertex -98.1616 88.9284 -5
    endloop
  endfacet
  facet normal 0 0 -1
    outer loop
      vertex -89.1812 98.9949 -5
      vertex -97.6721 109.602 -5
      vertex -97.6091 109.735 -5
    endloop
  endfacet
  facet normal -0 0 -1
    outer loop
      vertex -89.0041 98.2879 -5
      vertex -98.2879 89.0041 -5
      vertex -89.0671 98.4209 -5
    endloop
  endfacet
  facet normal 0 0 -1
    outer loop
      vertex -89.1812 98.9949 -5
      vertex -97.7477 109.475 -5
      vertex -97.6721 109.602 -5
    endloop
  endfacet
  facet normal 0 0 -1
    outer loop
      vertex -98.4209 89.0671 -5
      vertex -89.0671 98.4209 -5
      vertex -98.2879 89.0041 -5
    endloop
  endfacet
  facet normal 0 0 -1
    outer loop
      vertex -89.1812 98.9949 -5
      vertex -97.8354 109.357 -5
      vertex -97.7477 109.475 -5
    endloop
  endfacet
  facet normal -0 0 -1
    outer loop
      vertex -89.0671 98.4209 -5
      vertex -98.4209 89.0671 -5
      vertex -89.1167 98.5595 -5
    endloop
  endfacet
  facet normal 0 0 -1
    outer loop
      vertex -89.1812 98.9949 -5
      vertex -97.9343 109.248 -5
      vertex -97.8354 109.357 -5
    endloop
  endfacet
  facet normal 0 0 -1
    outer loop
      vertex -98.5595 89.1167 -5
      vertex -89.1167 98.5595 -5
      vertex -98.4209 89.0671 -5
    endloop
  endfacet
  facet normal 0 0 -1
    outer loop
      vertex -89.1812 98.9949 -5
      vertex -98.0434 109.149 -5
      vertex -97.9343 109.248 -5
    endloop
  endfacet
  facet normal -0 0 -1
    outer loop
      vertex -89.1167 98.5595 -5
      vertex -98.5595 89.1167 -5
      vertex -89.1524 98.7023 -5
    endloop
  endfacet
  facet normal 0 0 -1
    outer loop
      vertex -89.1812 98.9949 -5
      vertex -98.1616 109.061 -5
      vertex -98.0434 109.149 -5
    endloop
  endfacet
  facet normal 0 0 -1
    outer loop
      vertex -98.7023 89.1524 -5
      vertex -89.1524 98.7023 -5
      vertex -98.5595 89.1167 -5
    endloop
  endfacet
  facet normal 0 0 -1
    outer loop
      vertex -89.1812 98.9949 -5
      vertex -98.2879 108.986 -5
      vertex -98.1616 109.061 -5
    endloop
  endfacet
  facet normal -0 0 -1
    outer loop
      vertex -89.1524 98.7023 -5
      vertex -98.7023 89.1524 -5
      vertex -89.174 98.8479 -5
    endloop
  endfacet
  facet normal 0 0 -1
    outer loop
      vertex -89.1812 98.9949 -5
      vertex -98.4209 108.923 -5
      vertex -98.2879 108.986 -5
    endloop
  endfacet
  facet normal 0 0 -1
    outer loop
      vertex -98.8479 89.174 -5
      vertex -89.174 98.8479 -5
      vertex -98.7023 89.1524 -5
    endloop
  endfacet
  facet normal 0 0 -1
    outer loop
      vertex -89.1812 98.9949 -5
      vertex -98.5595 108.873 -5
      vertex -98.4209 108.923 -5
    endloop
  endfacet
  facet normal -0 0 -1
    outer loop
      vertex -89.174 98.8479 -5
      vertex -98.8479 89.174 -5
      vertex -89.1812 98.9949 -5
    endloop
  endfacet
  facet normal 0 0 -1
    outer loop
      vertex -89.1812 98.9949 -5
      vertex -98.7023 108.837 -5
      vertex -98.5595 108.873 -5
    endloop
  endfacet
  facet normal 0 0 -1
    outer loop
      vertex -98.9949 89.1812 -5
      vertex -89.1812 98.9949 -5
      vertex -98.8479 89.174 -5
    endloop
  endfacet
  facet normal 0 0 -1
    outer loop
      vertex -89.1812 98.9949 -5
      vertex -98.8479 108.816 -5
      vertex -98.7023 108.837 -5
    endloop
  endfacet
  facet normal 0 0 -1
    outer loop
      vertex -98.9949 108.809 -5
      vertex -89.1812 98.9949 -5
      vertex -98.9949 89.1812 -5
    endloop
  endfacet
  facet normal 0 0 -1
    outer loop
      vertex -89.1812 98.9949 -5
      vertex -98.9949 108.809 -5
      vertex -98.8479 108.816 -5
    endloop
  endfacet
  facet normal 0 0 -1
    outer loop
      vertex -108.809 98.9949 -5
      vertex -98.9949 89.1812 -5
      vertex -99.142 89.174 -5
    endloop
  endfacet
  facet normal 0 0 -1
    outer loop
      vertex -98.9949 89.1812 -5
      vertex -108.809 98.9949 -5
      vertex -98.9949 108.809 -5
    endloop
  endfacet
  facet normal 0 0 -1
    outer loop
      vertex -108.816 98.8479 -5
      vertex -99.142 89.174 -5
      vertex -99.2876 89.1524 -5
    endloop
  endfacet
  facet normal -0 0 -1
    outer loop
      vertex -98.9949 108.809 -5
      vertex -108.809 98.9949 -5
      vertex -99.142 108.816 -5
    endloop
  endfacet
  facet normal 0 0 -1
    outer loop
      vertex -108.837 98.7023 -5
      vertex -99.2876 89.1524 -5
      vertex -99.4304 89.1167 -5
    endloop
  endfacet
  facet normal 0 0 -1
    outer loop
      vertex -108.816 99.142 -5
      vertex -99.142 108.816 -5
      vertex -108.809 98.9949 -5
    endloop
  endfacet
  facet normal 0 0 -1
    outer loop
      vertex -108.873 98.5595 -5
      vertex -99.4304 89.1167 -5
      vertex -99.569 89.0671 -5
    endloop
  endfacet
  facet normal -0 0 -1
    outer loop
      vertex -99.142 108.816 -5
      vertex -108.816 99.142 -5
      vertex -99.2876 108.837 -5
    endloop
  endfacet
  facet normal 0 0 -1
    outer loop
      vertex -108.923 98.4209 -5
      vertex -99.569 89.0671 -5
      vertex -99.702 89.0041 -5
    endloop
  endfacet
  facet normal 0 0 -1
    outer loop
      vertex -108.837 99.2876 -5
      vertex -99.2876 108.837 -5
      vertex -108.816 99.142 -5
    endloop
  endfacet
  facet normal 0 0 -1
    outer loop
      vertex -108.986 98.2879 -5
      vertex -99.702 89.0041 -5
      vertex -99.8283 88.9284 -5
    endloop
  endfacet
  facet normal -0 0 -1
    outer loop
      vertex -99.2876 108.837 -5
      vertex -108.837 99.2876 -5
      vertex -99.4304 108.873 -5
    endloop
  endfacet
  facet normal 0 0 -1
    outer loop
      vertex -109.061 98.1616 -5
      vertex -99.8283 88.9284 -5
      vertex -99.9465 88.8408 -5
    endloop
  endfacet
  facet normal 0 0 -1
    outer loop
      vertex -108.873 99.4304 -5
      vertex -99.4304 108.873 -5
      vertex -108.837 99.2876 -5
    endloop
  endfacet
  facet normal 0 0 -1
    outer loop
      vertex -109.149 98.0434 -5
      vertex -99.9465 88.8408 -5
      vertex -100.056 88.7419 -5
    endloop
  endfacet
  facet normal -0 0 -1
    outer loop
      vertex -99.4304 108.873 -5
      vertex -108.873 99.4304 -5
      vertex -99.569 108.923 -5
    endloop
  endfacet
  facet normal 0 0 -1
    outer loop
      vertex -109.248 97.9343 -5
      vertex -100.056 88.7419 -5
      vertex -100.154 88.6328 -5
    endloop
  endfacet
  facet normal 0 0 -1
    outer loop
      vertex -108.923 99.569 -5
      vertex -99.569 108.923 -5
      vertex -108.873 99.4304 -5
    endloop
  endfacet
  facet normal 0 0 -1
    outer loop
      vertex -109.357 97.8354 -5
      vertex -100.154 88.6328 -5
      vertex -100.242 88.5146 -5
    endloop
  endfacet
  facet normal -0 0 -1
    outer loop
      vertex -99.569 108.923 -5
      vertex -108.923 99.569 -5
      vertex -99.702 108.986 -5
    endloop
  endfacet
  facet normal 0 0 -1
    outer loop
      vertex -111.363 88.8447 -5
      vertex -100.242 88.5146 -5
      vertex -100.318 88.3883 -5
    endloop
  endfacet
  facet normal 0 0 -1
    outer loop
      vertex -108.986 99.702 -5
      vertex -99.702 108.986 -5
      vertex -108.923 99.569 -5
    endloop
  endfacet
  facet normal 0 0 -1
    outer loop
      vertex -111.363 88.8447 -5
      vertex -100.318 88.3883 -5
      vertex -100.381 88.2553 -5
    endloop
  endfacet
  facet normal -0 0 -1
    outer loop
      vertex -99.702 108.986 -5
      vertex -108.986 99.702 -5
      vertex -99.8283 109.061 -5
    endloop
  endfacet
  facet normal 0 0 -1
    outer loop
      vertex -111.363 88.8447 -5
      vertex -100.381 88.2553 -5
      vertex -100.43 88.1167 -5
    endloop
  endfacet
  facet normal 0 0 -1
    outer loop
      vertex -100.242 109.475 -5
      vertex -107.884 112.298 -5
      vertex -100.318 109.602 -5
    endloop
  endfacet
  facet normal 0 0 -1
    outer loop
      vertex -111.363 88.8447 -5
      vertex -100.43 88.1167 -5
      vertex -100.466 87.9739 -5
    endloop
  endfacet
  facet normal 0 0 -1
    outer loop
      vertex -100.318 109.602 -5
      vertex -107.884 112.298 -5
      vertex -100.381 109.735 -5
    endloop
  endfacet
  facet normal 0 0 -1
    outer loop
      vertex -111.363 88.8447 -5
      vertex -100.466 87.9739 -5
      vertex -100.488 87.8283 -5
    endloop
  endfacet
  facet normal 0 0 -1
    outer loop
      vertex -100.381 109.735 -5
      vertex -107.884 112.298 -5
      vertex -100.43 109.873 -5
    endloop
  endfacet
  facet normal 0 0 -1
    outer loop
      vertex -111.363 88.8447 -5
      vertex -100.488 87.8283 -5
      vertex -100.495 87.6812 -5
    endloop
  endfacet
  facet normal 0 0 -1
    outer loop
      vertex -100.43 109.873 -5
      vertex -107.884 112.298 -5
      vertex -100.466 110.016 -5
    endloop
  endfacet
  facet normal 0 0 -1
    outer loop
      vertex -97.5595 -109.873 -5
      vertex -90.1058 -112.298 -5
      vertex -97.5238 -110.016 -5
    endloop
  endfacet
  facet normal 0 0 -1
    outer loop
      vertex -89.1812 -98.9949 -5
      vertex -97.5022 -87.8283 -5
      vertex -97.4949 -87.6812 -5
    endloop
  endfacet
  facet normal 0 0 -1
    outer loop
      vertex -97.6091 -109.735 -5
      vertex -90.1058 -112.298 -5
      vertex -97.5595 -109.873 -5
    endloop
  endfacet
  facet normal 0 0 -1
    outer loop
      vertex -89.1812 -98.9949 -5
      vertex -97.5238 -87.9739 -5
      vertex -97.5022 -87.8283 -5
    endloop
  endfacet
  facet normal 0 0 -1
    outer loop
      vertex -88.8447 -111.363 -5
      vertex -97.6091 -109.735 -5
      vertex -97.6721 -109.602 -5
    endloop
  endfacet
  facet normal 0 0 -1
    outer loop
      vertex -89.1812 -98.9949 -5
      vertex -97.5595 -88.1167 -5
      vertex -97.5238 -87.9739 -5
    endloop
  endfacet
  facet normal 0 0 -1
    outer loop
      vertex -88.8447 -111.363 -5
      vertex -97.6721 -109.602 -5
      vertex -97.7477 -109.475 -5
    endloop
  endfacet
  facet normal 0 0 -1
    outer loop
      vertex -89.1812 -98.9949 -5
      vertex -97.6091 -88.2553 -5
      vertex -97.5595 -88.1167 -5
    endloop
  endfacet
  facet normal 0 0 -1
    outer loop
      vertex -98.2879 -108.986 -5
      vertex -89.0041 -99.702 -5
      vertex -98.1616 -109.061 -5
    endloop
  endfacet
  facet normal 0 0 -1
    outer loop
      vertex -89.1812 -98.9949 -5
      vertex -97.6721 -88.3883 -5
      vertex -97.6091 -88.2553 -5
    endloop
  endfacet
  facet normal -0 0 -1
    outer loop
      vertex -89.0041 -99.702 -5
      vertex -98.2879 -108.986 -5
      vertex -89.0671 -99.569 -5
    endloop
  endfacet
  facet normal 0 0 -1
    outer loop
      vertex -89.1812 -98.9949 -5
      vertex -97.7477 -88.5146 -5
      vertex -97.6721 -88.3883 -5
    endloop
  endfacet
  facet normal 0 0 -1
    outer loop
      vertex -98.4209 -108.923 -5
      vertex -89.0671 -99.569 -5
      vertex -98.2879 -108.986 -5
    endloop
  endfacet
  facet normal 0 0 -1
    outer loop
      vertex -89.1812 -98.9949 -5
      vertex -97.8354 -88.6328 -5
      vertex -97.7477 -88.5146 -5
    endloop
  endfacet
  facet normal -0 0 -1
    outer loop
      vertex -89.0671 -99.569 -5
      vertex -98.4209 -108.923 -5
      vertex -89.1167 -99.4304 -5
    endloop
  endfacet
  facet normal 0 0 -1
    outer loop
      vertex -89.1812 -98.9949 -5
      vertex -97.9343 -88.7419 -5
      vertex -97.8354 -88.6328 -5
    endloop
  endfacet
  facet normal 0 0 -1
    outer loop
      vertex -98.5595 -108.873 -5
      vertex -89.1167 -99.4304 -5
      vertex -98.4209 -108.923 -5
    endloop
  endfacet
  facet normal 0 0 -1
    outer loop
      vertex -89.1812 -98.9949 -5
      vertex -98.0434 -88.8408 -5
      vertex -97.9343 -88.7419 -5
    endloop
  endfacet
  facet normal -0 0 -1
    outer loop
      vertex -89.1167 -99.4304 -5
      vertex -98.5595 -108.873 -5
      vertex -89.1524 -99.2876 -5
    endloop
  endfacet
  facet normal 0 0 -1
    outer loop
      vertex -89.1812 -98.9949 -5
      vertex -98.1616 -88.9284 -5
      vertex -98.0434 -88.8408 -5
    endloop
  endfacet
  facet normal 0 0 -1
    outer loop
      vertex -98.7023 -108.837 -5
      vertex -89.1524 -99.2876 -5
      vertex -98.5595 -108.873 -5
    endloop
  endfacet
  facet normal 0 0 -1
    outer loop
      vertex -89.1812 -98.9949 -5
      vertex -98.2879 -89.0041 -5
      vertex -98.1616 -88.9284 -5
    endloop
  endfacet
  facet normal -0 0 -1
    outer loop
      vertex -89.1524 -99.2876 -5
      vertex -98.7023 -108.837 -5
      vertex -89.174 -99.142 -5
    endloop
  endfacet
  facet normal 0 0 -1
    outer loop
      vertex -89.1812 -98.9949 -5
      vertex -98.4209 -89.0671 -5
      vertex -98.2879 -89.0041 -5
    endloop
  endfacet
  facet normal 0 0 -1
    outer loop
      vertex -98.8479 -108.816 -5
      vertex -89.174 -99.142 -5
      vertex -98.7023 -108.837 -5
    endloop
  endfacet
  facet normal 0 0 -1
    outer loop
      vertex -89.1812 -98.9949 -5
      vertex -98.5595 -89.1167 -5
      vertex -98.4209 -89.0671 -5
    endloop
  endfacet
  facet normal -0 0 -1
    outer loop
      vertex -89.174 -99.142 -5
      vertex -98.8479 -108.816 -5
      vertex -89.1812 -98.9949 -5
    endloop
  endfacet
  facet normal 0 0 -1
    outer loop
      vertex -89.1812 -98.9949 -5
      vertex -98.7023 -89.1524 -5
      vertex -98.5595 -89.1167 -5
    endloop
  endfacet
  facet normal 0 0 -1
    outer loop
      vertex -98.9949 -108.809 -5
      vertex -89.1812 -98.9949 -5
      vertex -98.8479 -108.816 -5
    endloop
  endfacet
  facet normal 0 0 -1
    outer loop
      vertex -89.1812 -98.9949 -5
      vertex -98.8479 -89.174 -5
      vertex -98.7023 -89.1524 -5
    endloop
  endfacet
  facet normal 0 0 -1
    outer loop
      vertex -98.9949 -89.1812 -5
      vertex -89.1812 -98.9949 -5
      vertex -98.9949 -108.809 -5
    endloop
  endfacet
  facet normal 0 0 -1
    outer loop
      vertex -89.1812 -98.9949 -5
      vertex -98.9949 -89.1812 -5
      vertex -98.8479 -89.174 -5
    endloop
  endfacet
  facet normal 0 0 -1
    outer loop
      vertex -108.809 -98.9949 -5
      vertex -98.9949 -108.809 -5
      vertex -99.142 -108.816 -5
    endloop
  endfacet
  facet normal 0 0 -1
    outer loop
      vertex -98.9949 -108.809 -5
      vertex -108.809 -98.9949 -5
      vertex -98.9949 -89.1812 -5
    endloop
  endfacet
  facet normal 0 0 -1
    outer loop
      vertex -108.816 -99.142 -5
      vertex -99.142 -108.816 -5
      vertex -99.2876 -108.837 -5
    endloop
  endfacet
  facet normal -0 0 -1
    outer loop
      vertex -98.9949 -89.1812 -5
      vertex -108.809 -98.9949 -5
      vertex -99.142 -89.174 -5
    endloop
  endfacet
  facet normal 0 0 -1
    outer loop
      vertex -108.816 -99.142 -5
      vertex -99.2876 -108.837 -5
      vertex -99.4304 -108.873 -5
    endloop
  endfacet
  facet normal 0 0 -1
    outer loop
      vertex -108.816 -98.8479 -5
      vertex -99.142 -89.174 -5
      vertex -108.809 -98.9949 -5
    endloop
  endfacet
  facet normal 0 0 -1
    outer loop
      vertex -108.816 -99.142 -5
      vertex -99.4304 -108.873 -5
      vertex -99.569 -108.923 -5
    endloop
  endfacet
  facet normal -0 0 -1
    outer loop
      vertex -99.142 -89.174 -5
      vertex -108.816 -98.8479 -5
      vertex -99.2876 -89.1524 -5
    endloop
  endfacet
  facet normal 0 0 -1
    outer loop
      vertex -108.816 -99.142 -5
      vertex -99.569 -108.923 -5
      vertex -99.702 -108.986 -5
    endloop
  endfacet
  facet normal 0 0 -1
    outer loop
      vertex -108.837 -98.7023 -5
      vertex -99.2876 -89.1524 -5
      vertex -108.816 -98.8479 -5
    endloop
  endfacet
  facet normal -0 0 -1
    outer loop
      vertex -99.2876 -89.1524 -5
      vertex -108.837 -98.7023 -5
      vertex -99.4304 -89.1167 -5
    endloop
  endfacet
  facet normal 0 0 -1
    outer loop
      vertex -108.816 -99.142 -5
      vertex -99.702 -108.986 -5
      vertex -99.8283 -109.061 -5
    endloop
  endfacet
  facet normal 0 0 -1
    outer loop
      vertex -108.816 -99.142 -5
      vertex -99.8283 -109.061 -5
      vertex -99.9465 -109.149 -5
    endloop
  endfacet
  facet normal 0 0 -1
    outer loop
      vertex -108.873 -98.5595 -5
      vertex -99.4304 -89.1167 -5
      vertex -108.837 -98.7023 -5
    endloop
  endfacet
  facet normal 0 0 -1
    outer loop
      vertex -108.816 -99.142 -5
      vertex -99.9465 -109.149 -5
      vertex -100.056 -109.248 -5
    endloop
  endfacet
  facet normal -0 0 -1
    outer loop
      vertex -99.4304 -89.1167 -5
      vertex -108.873 -98.5595 -5
      vertex -99.569 -89.0671 -5
    endloop
  endfacet
  facet normal 0 0 -1
    outer loop
      vertex -108.816 -99.142 -5
      vertex -100.056 -109.248 -5
      vertex -100.154 -109.357 -5
    endloop
  endfacet
  facet normal 0 0 -1
    outer loop
      vertex -108.923 -98.4209 -5
      vertex -99.569 -89.0671 -5
      vertex -108.873 -98.5595 -5
    endloop
  endfacet
  facet normal -0 0 -1
    outer loop
      vertex -99.569 -89.0671 -5
      vertex -108.923 -98.4209 -5
      vertex -99.702 -89.0041 -5
    endloop
  endfacet
  facet normal 0 0 -1
    outer loop
      vertex -108.816 -99.142 -5
      vertex -100.154 -109.357 -5
      vertex -100.242 -109.475 -5
    endloop
  endfacet
  facet normal -0 0 -1
    outer loop
      vertex -100.381 -109.735 -5
      vertex -109.145 -111.363 -5
      vertex -100.318 -109.602 -5
    endloop
  endfacet
  facet normal 0 0 -1
    outer loop
      vertex -108.986 -98.2879 -5
      vertex -99.702 -89.0041 -5
      vertex -108.923 -98.4209 -5
    endloop
  endfacet
  facet normal 0 0 -1
    outer loop
      vertex -109.145 -111.363 -5
      vertex -100.381 -109.735 -5
      vertex -107.884 -112.298 -5
    endloop
  endfacet
  facet normal -0 0 -1
    outer loop
      vertex -99.702 -89.0041 -5
      vertex -108.986 -98.2879 -5
      vertex -99.8283 -88.9284 -5
    endloop
  endfacet
  facet normal 0 0 -1
    outer loop
      vertex -107.884 -112.298 -5
      vertex -100.381 -109.735 -5
      vertex -100.43 -109.873 -5
    endloop
  endfacet
  facet normal 0 0 -1
    outer loop
      vertex -109.061 -98.1616 -5
      vertex -99.8283 -88.9284 -5
      vertex -108.986 -98.2879 -5
    endloop
  endfacet
  facet normal 0 0 -1
    outer loop
      vertex -107.884 -112.298 -5
      vertex -100.43 -109.873 -5
      vertex -100.466 -110.016 -5
    endloop
  endfacet
  facet normal -0 0 -1
    outer loop
      vertex -99.8283 -88.9284 -5
      vertex -109.061 -98.1616 -5
      vertex -99.9465 -88.8408 -5
    endloop
  endfacet
  facet normal 0 0 -1
    outer loop
      vertex -106.537 -113.106 -5
      vertex -100.466 -110.016 -5
      vertex -100.488 -110.162 -5
    endloop
  endfacet
  facet normal 0 0 -1
    outer loop
      vertex -109.149 -98.0434 -5
      vertex -99.9465 -88.8408 -5
      vertex -109.061 -98.1616 -5
    endloop
  endfacet
  facet normal 0 0 -1
    outer loop
      vertex -106.537 -113.106 -5
      vertex -100.488 -110.162 -5
      vertex -100.495 -110.309 -5
    endloop
  endfacet
  facet normal -0 0 -1
    outer loop
      vertex -99.9465 -88.8408 -5
      vertex -109.149 -98.0434 -5
      vertex -100.056 -88.7419 -5
    endloop
  endfacet
  facet normal 0 0 -1
    outer loop
      vertex -92.872 -113.777 -5
      vertex -97.5022 -110.456 -5
      vertex -97.4949 -110.309 -5
    endloop
  endfacet
  facet normal 0 0 -1
    outer loop
      vertex -95.8735 -114.688 -5
      vertex -97.5238 -110.601 -5
      vertex -97.5022 -110.456 -5
    endloop
  endfacet
  facet normal 0 0 -1
    outer loop
      vertex -95.8735 -114.688 -5
      vertex -97.5595 -110.744 -5
      vertex -97.5238 -110.601 -5
    endloop
  endfacet
  facet normal 0 0 -1
    outer loop
      vertex -95.8735 -114.688 -5
      vertex -97.6091 -110.883 -5
      vertex -97.5595 -110.744 -5
    endloop
  endfacet
  facet normal 0 0 -1
    outer loop
      vertex -95.8735 -114.688 -5
      vertex -97.6721 -111.016 -5
      vertex -97.6091 -110.883 -5
    endloop
  endfacet
  facet normal 0 0 -1
    outer loop
      vertex -95.8735 -114.688 -5
      vertex -97.7477 -111.142 -5
      vertex -97.6721 -111.016 -5
    endloop
  endfacet
  facet normal 0 0 -1
    outer loop
      vertex -95.8735 -114.688 -5
      vertex -97.8354 -111.26 -5
      vertex -97.7477 -111.142 -5
    endloop
  endfacet
  facet normal 0 0 -1
    outer loop
      vertex -95.8735 -114.688 -5
      vertex -97.9343 -111.369 -5
      vertex -97.8354 -111.26 -5
    endloop
  endfacet
  facet normal 0 0 -1
    outer loop
      vertex -95.8735 -114.688 -5
      vertex -98.0434 -111.468 -5
      vertex -97.9343 -111.369 -5
    endloop
  endfacet
  facet normal 0 0 -1
    outer loop
      vertex -97.4267 -114.918 -5
      vertex -98.1616 -111.556 -5
      vertex -98.0434 -111.468 -5
    endloop
  endfacet
  facet normal 0 0 -1
    outer loop
      vertex -97.4267 -114.918 -5
      vertex -98.2879 -111.632 -5
      vertex -98.1616 -111.556 -5
    endloop
  endfacet
  facet normal 0 0 -1
    outer loop
      vertex -97.4267 -114.918 -5
      vertex -98.4209 -111.694 -5
      vertex -98.2879 -111.632 -5
    endloop
  endfacet
  facet normal 0 0 -1
    outer loop
      vertex -97.4267 -114.918 -5
      vertex -98.5595 -111.744 -5
      vertex -98.4209 -111.694 -5
    endloop
  endfacet
  facet normal 0 0 -1
    outer loop
      vertex -97.4267 -114.918 -5
      vertex -98.7023 -111.78 -5
      vertex -98.5595 -111.744 -5
    endloop
  endfacet
  facet normal 0 0 -1
    outer loop
      vertex -98.9949 -114.995 -5
      vertex -98.7023 -111.78 -5
      vertex -97.4267 -114.918 -5
    endloop
  endfacet
  facet normal 0 0 -1
    outer loop
      vertex -98.7023 -111.78 -5
      vertex -98.9949 -114.995 -5
      vertex -98.8479 -111.801 -5
    endloop
  endfacet
  facet normal 0 0 -1
    outer loop
      vertex -98.9949 -114.995 -5
      vertex -98.9949 -111.809 -5
      vertex -98.8479 -111.801 -5
    endloop
  endfacet
  facet normal 0 0 -1
    outer loop
      vertex -98.9949 -114.995 -5
      vertex -99.142 -111.801 -5
      vertex -98.9949 -111.809 -5
    endloop
  endfacet
  facet normal 0 0 -1
    outer loop
      vertex -98.9949 -114.995 -5
      vertex -99.2876 -111.78 -5
      vertex -99.142 -111.801 -5
    endloop
  endfacet
  facet normal 0 0 -1
    outer loop
      vertex -100.563 -114.918 -5
      vertex -99.2876 -111.78 -5
      vertex -98.9949 -114.995 -5
    endloop
  endfacet
  facet normal -0 0 -1
    outer loop
      vertex -99.2876 -111.78 -5
      vertex -100.563 -114.918 -5
      vertex -99.4304 -111.744 -5
    endloop
  endfacet
  facet normal -0 0 -1
    outer loop
      vertex -99.4304 -111.744 -5
      vertex -100.563 -114.918 -5
      vertex -99.569 -111.694 -5
    endloop
  endfacet
  facet normal -0 0 -1
    outer loop
      vertex -99.569 -111.694 -5
      vertex -100.563 -114.918 -5
      vertex -99.702 -111.632 -5
    endloop
  endfacet
  facet normal -0 0 -1
    outer loop
      vertex -99.702 -111.632 -5
      vertex -100.563 -114.918 -5
      vertex -99.8283 -111.556 -5
    endloop
  endfacet
  facet normal -0 0 -1
    outer loop
      vertex -99.8283 -111.556 -5
      vertex -100.563 -114.918 -5
      vertex -99.9465 -111.468 -5
    endloop
  endfacet
  facet normal 0 0 -1
    outer loop
      vertex -102.116 -114.688 -5
      vertex -99.9465 -111.468 -5
      vertex -100.563 -114.918 -5
    endloop
  endfacet
  facet normal -0 0 -1
    outer loop
      vertex -99.9465 -111.468 -5
      vertex -102.116 -114.688 -5
      vertex -100.056 -111.369 -5
    endloop
  endfacet
  facet normal -0 0 -1
    outer loop
      vertex -100.056 -111.369 -5
      vertex -102.116 -114.688 -5
      vertex -100.154 -111.26 -5
    endloop
  endfacet
  facet normal -0 0 -1
    outer loop
      vertex -100.154 -111.26 -5
      vertex -102.116 -114.688 -5
      vertex -100.242 -111.142 -5
    endloop
  endfacet
  facet normal -0 0 -1
    outer loop
      vertex -100.242 -111.142 -5
      vertex -102.116 -114.688 -5
      vertex -100.318 -111.016 -5
    endloop
  endfacet
  facet normal 0 0 -1
    outer loop
      vertex -105.118 -113.777 -5
      vertex -100.466 -110.601 -5
      vertex -103.64 -114.306 -5
    endloop
  endfacet
  facet normal -0 0 -1
    outer loop
      vertex -100.43 -110.744 -5
      vertex -103.64 -114.306 -5
      vertex -100.466 -110.601 -5
    endloop
  endfacet
  facet normal -0 0 -1
    outer loop
      vertex -100.381 -110.883 -5
      vertex -103.64 -114.306 -5
      vertex -100.43 -110.744 -5
    endloop
  endfacet
  facet normal -0 0 -1
    outer loop
      vertex -100.318 -111.016 -5
      vertex -103.64 -114.306 -5
      vertex -100.381 -110.883 -5
    endloop
  endfacet
  facet normal 0 0 -1
    outer loop
      vertex -103.64 -114.306 -5
      vertex -100.318 -111.016 -5
      vertex -102.116 -114.688 -5
    endloop
  endfacet
  facet normal -0 0 -1
    outer loop
      vertex -92.872 113.777 -5
      vertex -97.5238 110.601 -5
      vertex -94.3504 114.306 -5
    endloop
  endfacet
  facet normal 0 0 -1
    outer loop
      vertex -97.5595 110.744 -5
      vertex -94.3504 114.306 -5
      vertex -97.5238 110.601 -5
    endloop
  endfacet
  facet normal 0 0 -1
    outer loop
      vertex -97.6091 110.883 -5
      vertex -94.3504 114.306 -5
      vertex -97.5595 110.744 -5
    endloop
  endfacet
  facet normal 0 0 -1
    outer loop
      vertex -97.6721 111.016 -5
      vertex -94.3504 114.306 -5
      vertex -97.6091 110.883 -5
    endloop
  endfacet
  facet normal -0 0 -1
    outer loop
      vertex -94.3504 114.306 -5
      vertex -97.6721 111.016 -5
      vertex -95.8735 114.688 -5
    endloop
  endfacet
  facet normal 0 0 -1
    outer loop
      vertex -97.7477 111.142 -5
      vertex -95.8735 114.688 -5
      vertex -97.6721 111.016 -5
    endloop
  endfacet
  facet normal 0 0 -1
    outer loop
      vertex -97.8354 111.26 -5
      vertex -95.8735 114.688 -5
      vertex -97.7477 111.142 -5
    endloop
  endfacet
  facet normal 0 0 -1
    outer loop
      vertex -97.9343 111.369 -5
      vertex -95.8735 114.688 -5
      vertex -97.8354 111.26 -5
    endloop
  endfacet
  facet normal 0 0 -1
    outer loop
      vertex -98.0434 111.468 -5
      vertex -95.8735 114.688 -5
      vertex -97.9343 111.369 -5
    endloop
  endfacet
  facet normal -0 0 -1
    outer loop
      vertex -95.8735 114.688 -5
      vertex -98.0434 111.468 -5
      vertex -97.4267 114.918 -5
    endloop
  endfacet
  facet normal 0 0 -1
    outer loop
      vertex -98.1616 111.556 -5
      vertex -97.4267 114.918 -5
      vertex -98.0434 111.468 -5
    endloop
  endfacet
  facet normal 0 0 -1
    outer loop
      vertex -98.2879 111.632 -5
      vertex -97.4267 114.918 -5
      vertex -98.1616 111.556 -5
    endloop
  endfacet
  facet normal 0 0 -1
    outer loop
      vertex -98.4209 111.694 -5
      vertex -97.4267 114.918 -5
      vertex -98.2879 111.632 -5
    endloop
  endfacet
  facet normal 0 0 -1
    outer loop
      vertex -98.5595 111.744 -5
      vertex -97.4267 114.918 -5
      vertex -98.4209 111.694 -5
    endloop
  endfacet
  facet normal 0 0 -1
    outer loop
      vertex -98.7023 111.78 -5
      vertex -97.4267 114.918 -5
      vertex -98.5595 111.744 -5
    endloop
  endfacet
  facet normal 0 0 -1
    outer loop
      vertex -98.9949 114.995 -5
      vertex -98.7023 111.78 -5
      vertex -98.8479 111.801 -5
    endloop
  endfacet
  facet normal 0 0 -1
    outer loop
      vertex -98.9949 114.995 -5
      vertex -98.8479 111.801 -5
      vertex -98.9949 111.809 -5
    endloop
  endfacet
  facet normal 0 0 -1
    outer loop
      vertex -98.7023 111.78 -5
      vertex -98.9949 114.995 -5
      vertex -97.4267 114.918 -5
    endloop
  endfacet
  facet normal 0 0 -1
    outer loop
      vertex -99.142 111.801 -5
      vertex -98.9949 114.995 -5
      vertex -98.9949 111.809 -5
    endloop
  endfacet
  facet normal 0 0 -1
    outer loop
      vertex -99.2876 111.78 -5
      vertex -98.9949 114.995 -5
      vertex -99.142 111.801 -5
    endloop
  endfacet
  facet normal 0 0 -1
    outer loop
      vertex -100.563 114.918 -5
      vertex -99.2876 111.78 -5
      vertex -99.4304 111.744 -5
    endloop
  endfacet
  facet normal 0 0 -1
    outer loop
      vertex -100.563 114.918 -5
      vertex -99.4304 111.744 -5
      vertex -99.569 111.694 -5
    endloop
  endfacet
  facet normal 0 0 -1
    outer loop
      vertex -100.563 114.918 -5
      vertex -99.569 111.694 -5
      vertex -99.702 111.632 -5
    endloop
  endfacet
  facet normal 0 0 -1
    outer loop
      vertex -100.563 114.918 -5
      vertex -99.702 111.632 -5
      vertex -99.8283 111.556 -5
    endloop
  endfacet
  facet normal 0 0 -1
    outer loop
      vertex -100.563 114.918 -5
      vertex -99.8283 111.556 -5
      vertex -99.9465 111.468 -5
    endloop
  endfacet
  facet normal 0 0 -1
    outer loop
      vertex -102.116 114.688 -5
      vertex -99.9465 111.468 -5
      vertex -100.056 111.369 -5
    endloop
  endfacet
  facet normal 0 0 -1
    outer loop
      vertex -102.116 114.688 -5
      vertex -100.056 111.369 -5
      vertex -100.154 111.26 -5
    endloop
  endfacet
  facet normal 0 0 -1
    outer loop
      vertex -102.116 114.688 -5
      vertex -100.154 111.26 -5
      vertex -100.242 111.142 -5
    endloop
  endfacet
  facet normal 0 0 -1
    outer loop
      vertex -102.116 114.688 -5
      vertex -100.242 111.142 -5
      vertex -100.318 111.016 -5
    endloop
  endfacet
  facet normal 0 0 -1
    outer loop
      vertex -103.64 114.306 -5
      vertex -100.318 111.016 -5
      vertex -100.381 110.883 -5
    endloop
  endfacet
  facet normal 0 0 -1
    outer loop
      vertex -103.64 114.306 -5
      vertex -100.381 110.883 -5
      vertex -100.43 110.744 -5
    endloop
  endfacet
  facet normal 0 0 -1
    outer loop
      vertex -99.2876 111.78 -5
      vertex -100.563 114.918 -5
      vertex -98.9949 114.995 -5
    endloop
  endfacet
  facet normal 0 0 -1
    outer loop
      vertex -103.64 114.306 -5
      vertex -100.43 110.744 -5
      vertex -100.466 110.601 -5
    endloop
  endfacet
  facet normal 0 0 -1
    outer loop
      vertex -105.118 113.777 -5
      vertex -100.466 110.601 -5
      vertex -100.488 110.456 -5
    endloop
  endfacet
  facet normal 0 0 -1
    outer loop
      vertex -105.118 113.777 -5
      vertex -100.488 110.456 -5
      vertex -100.495 110.309 -5
    endloop
  endfacet
  facet normal 0 0 -1
    outer loop
      vertex -26.4321 -16.5326 -5
      vertex -16.5326 -26.4321 -5
      vertex -25.5 -25.5 -5
    endloop
  endfacet
  facet normal 0 0 -1
    outer loop
      vertex -30.9805 0 -5
      vertex -16.5326 -26.4321 -5
      vertex -26.4321 -16.5326 -5
    endloop
  endfacet
  facet normal 0 0 -1
    outer loop
      vertex -16.5326 -26.4321 -5
      vertex -30.9805 0 -5
      vertex -16.5326 26.4321 -5
    endloop
  endfacet
  facet normal 0 0 -1
    outer loop
      vertex -16.5326 26.4321 -5
      vertex -26.4321 16.5326 -5
      vertex -25.5 25.5 -5
    endloop
  endfacet
  facet normal 0 0 -1
    outer loop
      vertex -16.5326 26.4321 -5
      vertex -30.9805 0 -5
      vertex -26.4321 16.5326 -5
    endloop
  endfacet
  facet normal 0 0 -1
    outer loop
      vertex -69.2965 -59.397 -5
      vertex -30.9805 0 -5
      vertex -26.4321 -16.5326 -5
    endloop
  endfacet
  facet normal 0 0 -1
    outer loop
      vertex -86.2101 -98.7023 -5
      vertex -59.397 -69.2965 -5
      vertex -86.1885 -98.8479 -5
    endloop
  endfacet
  facet normal 0 0 -1
    outer loop
      vertex -86.2458 -98.5595 -5
      vertex -59.397 -69.2965 -5
      vertex -86.2101 -98.7023 -5
    endloop
  endfacet
  facet normal 0 0 -1
    outer loop
      vertex -86.2954 -98.4209 -5
      vertex -59.397 -69.2965 -5
      vertex -86.2458 -98.5595 -5
    endloop
  endfacet
  facet normal 0 0 -1
    outer loop
      vertex -86.3584 -98.2879 -5
      vertex -59.397 -69.2965 -5
      vertex -86.2954 -98.4209 -5
    endloop
  endfacet
  facet normal 0 0 -1
    outer loop
      vertex -86.434 -98.1616 -5
      vertex -59.397 -69.2965 -5
      vertex -86.3584 -98.2879 -5
    endloop
  endfacet
  facet normal 0 0 -1
    outer loop
      vertex -86.5217 -98.0434 -5
      vertex -59.397 -69.2965 -5
      vertex -86.434 -98.1616 -5
    endloop
  endfacet
  facet normal 0 0 -1
    outer loop
      vertex -86.6206 -97.9343 -5
      vertex -59.397 -69.2965 -5
      vertex -86.5217 -98.0434 -5
    endloop
  endfacet
  facet normal 0 0 -1
    outer loop
      vertex -86.7297 -97.8354 -5
      vertex -59.397 -69.2965 -5
      vertex -86.6206 -97.9343 -5
    endloop
  endfacet
  facet normal 0 0 -1
    outer loop
      vertex -86.8479 -97.7477 -5
      vertex -59.397 -69.2965 -5
      vertex -86.7297 -97.8354 -5
    endloop
  endfacet
  facet normal 0 0 -1
    outer loop
      vertex -86.9741 -97.6721 -5
      vertex -59.397 -69.2965 -5
      vertex -86.8479 -97.7477 -5
    endloop
  endfacet
  facet normal 0 0 -1
    outer loop
      vertex -87.1072 -97.6091 -5
      vertex -59.397 -69.2965 -5
      vertex -86.9741 -97.6721 -5
    endloop
  endfacet
  facet normal -0 0 -1
    outer loop
      vertex -59.397 -69.2965 -5
      vertex -87.1072 -97.6091 -5
      vertex -69.2965 -59.397 -5
    endloop
  endfacet
  facet normal 0 0 -1
    outer loop
      vertex -97.6091 -87.1072 -5
      vertex -87.1072 -97.6091 -5
      vertex -87.2458 -97.5595 -5
    endloop
  endfacet
  facet normal 0 0 -1
    outer loop
      vertex -97.5595 -87.2458 -5
      vertex -87.2458 -97.5595 -5
      vertex -87.3886 -97.5238 -5
    endloop
  endfacet
  facet normal 0 0 -1
    outer loop
      vertex -97.5238 -87.3886 -5
      vertex -87.3886 -97.5238 -5
      vertex -87.5342 -97.5022 -5
    endloop
  endfacet
  facet normal 0 0 -1
    outer loop
      vertex -97.5022 -87.5342 -5
      vertex -87.5342 -97.5022 -5
      vertex -87.6812 -97.4949 -5
    endloop
  endfacet
  facet normal 0 0 -1
    outer loop
      vertex -97.4949 -87.6812 -5
      vertex -87.6812 -97.4949 -5
      vertex -87.8283 -97.5022 -5
    endloop
  endfacet
  facet normal 0 0 -1
    outer loop
      vertex -97.4949 -87.6812 -5
      vertex -87.8283 -97.5022 -5
      vertex -87.9739 -97.5238 -5
    endloop
  endfacet
  facet normal 0 0 -1
    outer loop
      vertex -97.4949 -87.6812 -5
      vertex -87.9739 -97.5238 -5
      vertex -88.1167 -97.5595 -5
    endloop
  endfacet
  facet normal 0 0 -1
    outer loop
      vertex -97.4949 -87.6812 -5
      vertex -88.1167 -97.5595 -5
      vertex -88.2553 -97.6091 -5
    endloop
  endfacet
  facet normal 0 0 -1
    outer loop
      vertex -97.4949 -87.6812 -5
      vertex -88.2553 -97.6091 -5
      vertex -88.3883 -97.6721 -5
    endloop
  endfacet
  facet normal 0 0 -1
    outer loop
      vertex -97.4949 -87.6812 -5
      vertex -88.3883 -97.6721 -5
      vertex -88.5146 -97.7477 -5
    endloop
  endfacet
  facet normal 0 0 -1
    outer loop
      vertex -97.4949 -87.6812 -5
      vertex -88.5146 -97.7477 -5
      vertex -88.6328 -97.8354 -5
    endloop
  endfacet
  facet normal 0 0 -1
    outer loop
      vertex -97.4949 -87.6812 -5
      vertex -88.6328 -97.8354 -5
      vertex -88.7419 -97.9343 -5
    endloop
  endfacet
  facet normal 0 0 -1
    outer loop
      vertex -97.4949 -87.6812 -5
      vertex -88.7419 -97.9343 -5
      vertex -88.8408 -98.0434 -5
    endloop
  endfacet
  facet normal 0 0 -1
    outer loop
      vertex -97.4949 -87.6812 -5
      vertex -88.8408 -98.0434 -5
      vertex -88.9284 -98.1616 -5
    endloop
  endfacet
  facet normal 0 0 -1
    outer loop
      vertex -97.4949 -87.6812 -5
      vertex -88.9284 -98.1616 -5
      vertex -89.0041 -98.2879 -5
    endloop
  endfacet
  facet normal 0 0 -1
    outer loop
      vertex -97.5238 -110.016 -5
      vertex -91.4526 -113.106 -5
      vertex -97.5022 -110.162 -5
    endloop
  endfacet
  facet normal 0 0 -1
    outer loop
      vertex -97.5022 -110.162 -5
      vertex -91.4526 -113.106 -5
      vertex -97.4949 -110.309 -5
    endloop
  endfacet
  facet normal 0 0 -1
    outer loop
      vertex -91.4526 -113.106 -5
      vertex -97.5238 -110.016 -5
      vertex -90.1058 -112.298 -5
    endloop
  endfacet
  facet normal 0 0 -1
    outer loop
      vertex -97.4949 -110.309 -5
      vertex -91.4526 -113.106 -5
      vertex -92.872 -113.777 -5
    endloop
  endfacet
  facet normal 0 0 -1
    outer loop
      vertex -97.5022 -110.456 -5
      vertex -92.872 -113.777 -5
      vertex -94.3504 -114.306 -5
    endloop
  endfacet
  facet normal 0 0 -1
    outer loop
      vertex -89.1812 -98.9949 -5
      vertex -97.4949 -87.6812 -5
      vertex -89.174 -98.8479 -5
    endloop
  endfacet
  facet normal 0 0 -1
    outer loop
      vertex -97.5022 -110.456 -5
      vertex -94.3504 -114.306 -5
      vertex -95.8735 -114.688 -5
    endloop
  endfacet
  facet normal 0 0 -1
    outer loop
      vertex -89.174 -98.8479 -5
      vertex -97.4949 -87.6812 -5
      vertex -89.1524 -98.7023 -5
    endloop
  endfacet
  facet normal 0 0 -1
    outer loop
      vertex -98.0434 -111.468 -5
      vertex -95.8735 -114.688 -5
      vertex -97.4267 -114.918 -5
    endloop
  endfacet
  facet normal 0 0 -1
    outer loop
      vertex -89.1524 -98.7023 -5
      vertex -97.4949 -87.6812 -5
      vertex -89.1167 -98.5595 -5
    endloop
  endfacet
  facet normal 0 0 -1
    outer loop
      vertex -89.1167 -98.5595 -5
      vertex -97.4949 -87.6812 -5
      vertex -89.0671 -98.4209 -5
    endloop
  endfacet
  facet normal 0 0 -1
    outer loop
      vertex -89.0671 -98.4209 -5
      vertex -97.4949 -87.6812 -5
      vertex -89.0041 -98.2879 -5
    endloop
  endfacet
  facet normal 0 0 -1
    outer loop
      vertex -87.6812 -97.4949 -5
      vertex -97.4949 -87.6812 -5
      vertex -97.5022 -87.5342 -5
    endloop
  endfacet
  facet normal 0 0 -1
    outer loop
      vertex -87.5342 -97.5022 -5
      vertex -97.5022 -87.5342 -5
      vertex -97.5238 -87.3886 -5
    endloop
  endfacet
  facet normal 0 0 -1
    outer loop
      vertex -87.3886 -97.5238 -5
      vertex -97.5238 -87.3886 -5
      vertex -97.5595 -87.2458 -5
    endloop
  endfacet
  facet normal 0 0 -1
    outer loop
      vertex -87.2458 -97.5595 -5
      vertex -97.5595 -87.2458 -5
      vertex -97.6091 -87.1072 -5
    endloop
  endfacet
  facet normal 0 0 -1
    outer loop
      vertex -87.1072 -97.6091 -5
      vertex -97.6091 -87.1072 -5
      vertex -69.2965 -59.397 -5
    endloop
  endfacet
  facet normal 0 0 -1
    outer loop
      vertex -97.6721 -86.9741 -5
      vertex -69.2965 -59.397 -5
      vertex -97.6091 -87.1072 -5
    endloop
  endfacet
  facet normal 0 0 -1
    outer loop
      vertex -97.7477 -86.8479 -5
      vertex -69.2965 -59.397 -5
      vertex -97.6721 -86.9741 -5
    endloop
  endfacet
  facet normal 0 0 -1
    outer loop
      vertex -97.8354 -86.7297 -5
      vertex -69.2965 -59.397 -5
      vertex -97.7477 -86.8479 -5
    endloop
  endfacet
  facet normal 0 0 -1
    outer loop
      vertex -97.9343 -86.6206 -5
      vertex -69.2965 -59.397 -5
      vertex -97.8354 -86.7297 -5
    endloop
  endfacet
  facet normal 0 0 -1
    outer loop
      vertex -98.0434 -86.5217 -5
      vertex -69.2965 -59.397 -5
      vertex -97.9343 -86.6206 -5
    endloop
  endfacet
  facet normal 0 0 -1
    outer loop
      vertex -98.1616 -86.434 -5
      vertex -69.2965 -59.397 -5
      vertex -98.0434 -86.5217 -5
    endloop
  endfacet
  facet normal 0 0 -1
    outer loop
      vertex -98.2879 -86.3584 -5
      vertex -69.2965 -59.397 -5
      vertex -98.1616 -86.434 -5
    endloop
  endfacet
  facet normal 0 0 -1
    outer loop
      vertex -98.4209 -86.2954 -5
      vertex -69.2965 -59.397 -5
      vertex -98.2879 -86.3584 -5
    endloop
  endfacet
  facet normal 0 0 -1
    outer loop
      vertex -98.5595 -86.2458 -5
      vertex -69.2965 -59.397 -5
      vertex -98.4209 -86.2954 -5
    endloop
  endfacet
  facet normal 0 0 -1
    outer loop
      vertex -98.7023 -86.2101 -5
      vertex -69.2965 -59.397 -5
      vertex -98.5595 -86.2458 -5
    endloop
  endfacet
  facet normal 0 0 -1
    outer loop
      vertex -98.8479 -86.1885 -5
      vertex -69.2965 -59.397 -5
      vertex -98.7023 -86.2101 -5
    endloop
  endfacet
  facet normal 0 0 -1
    outer loop
      vertex -98.9949 -86.1812 -5
      vertex -69.2965 -59.397 -5
      vertex -98.8479 -86.1885 -5
    endloop
  endfacet
  facet normal 0 0 -1
    outer loop
      vertex -99.142 -86.1885 -5
      vertex -69.2965 -59.397 -5
      vertex -98.9949 -86.1812 -5
    endloop
  endfacet
  facet normal 0 0 -1
    outer loop
      vertex -99.2876 -86.2101 -5
      vertex -69.2965 -59.397 -5
      vertex -99.142 -86.1885 -5
    endloop
  endfacet
  facet normal 0 0 -1
    outer loop
      vertex -99.4304 -86.2458 -5
      vertex -69.2965 -59.397 -5
      vertex -99.2876 -86.2101 -5
    endloop
  endfacet
  facet normal 0 0 -1
    outer loop
      vertex -111.363 -88.8447 -5
      vertex -69.2965 -59.397 -5
      vertex -99.4304 -86.2458 -5
    endloop
  endfacet
  facet normal 0 0 -1
    outer loop
      vertex -111.363 -88.8447 -5
      vertex -99.4304 -86.2458 -5
      vertex -99.569 -86.2954 -5
    endloop
  endfacet
  facet normal 0 0 -1
    outer loop
      vertex -111.363 -88.8447 -5
      vertex -99.569 -86.2954 -5
      vertex -99.702 -86.3584 -5
    endloop
  endfacet
  facet normal 0 0 -1
    outer loop
      vertex -111.363 -88.8447 -5
      vertex -99.702 -86.3584 -5
      vertex -99.8283 -86.434 -5
    endloop
  endfacet
  facet normal 0 0 -1
    outer loop
      vertex -111.363 -88.8447 -5
      vertex -99.8283 -86.434 -5
      vertex -99.9465 -86.5217 -5
    endloop
  endfacet
  facet normal 0 0 -1
    outer loop
      vertex -111.363 -88.8447 -5
      vertex -99.9465 -86.5217 -5
      vertex -100.056 -86.6206 -5
    endloop
  endfacet
  facet normal 0 0 -1
    outer loop
      vertex -111.363 -88.8447 -5
      vertex -100.056 -86.6206 -5
      vertex -100.154 -86.7297 -5
    endloop
  endfacet
  facet normal -0 0 -1
    outer loop
      vertex -100.466 -110.601 -5
      vertex -105.118 -113.777 -5
      vertex -100.488 -110.456 -5
    endloop
  endfacet
  facet normal 0 0 -1
    outer loop
      vertex -109.248 -97.9343 -5
      vertex -100.056 -88.7419 -5
      vertex -109.149 -98.0434 -5
    endloop
  endfacet
  facet normal -0 0 -1
    outer loop
      vertex -100.488 -110.456 -5
      vertex -105.118 -113.777 -5
      vertex -100.495 -110.309 -5
    endloop
  endfacet
  facet normal 0 0 -1
    outer loop
      vertex -106.537 -113.106 -5
      vertex -100.495 -110.309 -5
      vertex -105.118 -113.777 -5
    endloop
  endfacet
  facet normal -0 0 -1
    outer loop
      vertex -100.056 -88.7419 -5
      vertex -109.248 -97.9343 -5
      vertex -100.154 -88.6328 -5
    endloop
  endfacet
  facet normal 0 0 -1
    outer loop
      vertex -100.466 -110.016 -5
      vertex -106.537 -113.106 -5
      vertex -107.884 -112.298 -5
    endloop
  endfacet
  facet normal -0 0 -1
    outer loop
      vertex -100.318 -109.602 -5
      vertex -109.145 -111.363 -5
      vertex -100.242 -109.475 -5
    endloop
  endfacet
  facet normal 0 0 -1
    outer loop
      vertex -109.357 -97.8354 -5
      vertex -100.154 -88.6328 -5
      vertex -109.248 -97.9343 -5
    endloop
  endfacet
  facet normal -0 0 -1
    outer loop
      vertex -100.154 -88.6328 -5
      vertex -109.357 -97.8354 -5
      vertex -100.242 -88.5146 -5
    endloop
  endfacet
  facet normal 0 0 -1
    outer loop
      vertex -109.475 -97.7477 -5
      vertex -100.242 -88.5146 -5
      vertex -109.357 -97.8354 -5
    endloop
  endfacet
  facet normal 0 0 -1
    outer loop
      vertex -111.363 -88.8447 -5
      vertex -100.242 -88.5146 -5
      vertex -109.475 -97.7477 -5
    endloop
  endfacet
  facet normal -0 0 -1
    outer loop
      vertex -100.242 -88.5146 -5
      vertex -111.363 -88.8447 -5
      vertex -100.318 -88.3883 -5
    endloop
  endfacet
  facet normal -0 0 -1
    outer loop
      vertex -100.318 -88.3883 -5
      vertex -111.363 -88.8447 -5
      vertex -100.381 -88.2553 -5
    endloop
  endfacet
  facet normal -0 0 -1
    outer loop
      vertex -100.381 -88.2553 -5
      vertex -111.363 -88.8447 -5
      vertex -100.43 -88.1167 -5
    endloop
  endfacet
  facet normal -0 0 -1
    outer loop
      vertex -100.43 -88.1167 -5
      vertex -111.363 -88.8447 -5
      vertex -100.466 -87.9739 -5
    endloop
  endfacet
  facet normal -0 0 -1
    outer loop
      vertex -100.466 -87.9739 -5
      vertex -111.363 -88.8447 -5
      vertex -100.488 -87.8283 -5
    endloop
  endfacet
  facet normal -0 0 -1
    outer loop
      vertex -100.488 -87.8283 -5
      vertex -111.363 -88.8447 -5
      vertex -100.495 -87.6812 -5
    endloop
  endfacet
  facet normal -0 0 -1
    outer loop
      vertex -100.488 -87.5342 -5
      vertex -111.363 -88.8447 -5
      vertex -100.466 -87.3886 -5
    endloop
  endfacet
  facet normal -0 0 -1
    outer loop
      vertex -100.466 -87.3886 -5
      vertex -111.363 -88.8447 -5
      vertex -100.43 -87.2458 -5
    endloop
  endfacet
  facet normal -0 0 -1
    outer loop
      vertex -100.43 -87.2458 -5
      vertex -111.363 -88.8447 -5
      vertex -100.381 -87.1072 -5
    endloop
  endfacet
  facet normal -0 0 -1
    outer loop
      vertex -100.381 -87.1072 -5
      vertex -111.363 -88.8447 -5
      vertex -100.318 -86.9741 -5
    endloop
  endfacet
  facet normal -0 0 -1
    outer loop
      vertex -100.318 -86.9741 -5
      vertex -111.363 -88.8447 -5
      vertex -100.242 -86.8479 -5
    endloop
  endfacet
  facet normal -0 0 -1
    outer loop
      vertex -100.242 -86.8479 -5
      vertex -111.363 -88.8447 -5
      vertex -100.154 -86.7297 -5
    endloop
  endfacet
  facet normal -0 0 -1
    outer loop
      vertex -100.495 -87.6812 -5
      vertex -111.363 -88.8447 -5
      vertex -100.488 -87.5342 -5
    endloop
  endfacet
  facet normal 0 0 -1
    outer loop
      vertex -111.363 -88.8447 -5
      vertex -109.475 -97.7477 -5
      vertex -109.602 -97.6721 -5
    endloop
  endfacet
  facet normal 0 0 -1
    outer loop
      vertex -111.363 -88.8447 -5
      vertex -109.602 -97.6721 -5
      vertex -109.735 -97.6091 -5
    endloop
  endfacet
  facet normal 0 0 -1
    outer loop
      vertex -112.298 -90.1058 -5
      vertex -109.735 -97.6091 -5
      vertex -109.873 -97.5595 -5
    endloop
  endfacet
  facet normal 0 0 -1
    outer loop
      vertex -112.298 -90.1058 -5
      vertex -109.873 -97.5595 -5
      vertex -110.016 -97.5238 -5
    endloop
  endfacet
  facet normal 0 0 -1
    outer loop
      vertex -113.106 -91.4526 -5
      vertex -110.016 -97.5238 -5
      vertex -110.162 -97.5022 -5
    endloop
  endfacet
  facet normal 0 0 -1
    outer loop
      vertex -113.106 -91.4526 -5
      vertex -110.162 -97.5022 -5
      vertex -110.309 -97.4949 -5
    endloop
  endfacet
  facet normal 0 0 -1
    outer loop
      vertex -113.777 -92.872 -5
      vertex -110.309 -97.4949 -5
      vertex -110.456 -97.5022 -5
    endloop
  endfacet
  facet normal 0 0 -1
    outer loop
      vertex -113.777 -92.872 -5
      vertex -110.456 -97.5022 -5
      vertex -110.601 -97.5238 -5
    endloop
  endfacet
  facet normal 0 0 -1
    outer loop
      vertex -114.306 -94.3504 -5
      vertex -110.601 -97.5238 -5
      vertex -110.744 -97.5595 -5
    endloop
  endfacet
  facet normal 0 0 -1
    outer loop
      vertex -114.306 -94.3504 -5
      vertex -110.744 -97.5595 -5
      vertex -110.883 -97.6091 -5
    endloop
  endfacet
  facet normal 0 0 -1
    outer loop
      vertex -114.306 -94.3504 -5
      vertex -110.883 -97.6091 -5
      vertex -111.016 -97.6721 -5
    endloop
  endfacet
  facet normal 0 0 -1
    outer loop
      vertex -114.306 -94.3504 -5
      vertex -111.016 -97.6721 -5
      vertex -111.142 -97.7477 -5
    endloop
  endfacet
  facet normal 0 0 -1
    outer loop
      vertex -114.688 -95.8735 -5
      vertex -111.142 -97.7477 -5
      vertex -111.26 -97.8354 -5
    endloop
  endfacet
  facet normal -0 0 -1
    outer loop
      vertex -69.2965 -59.397 -5
      vertex -111.363 -88.8447 -5
      vertex -30.9805 0 -5
    endloop
  endfacet
  facet normal 0 0 -1
    outer loop
      vertex -114.688 -95.8735 -5
      vertex -111.26 -97.8354 -5
      vertex -111.369 -97.9343 -5
    endloop
  endfacet
  facet normal 0 0 -1
    outer loop
      vertex -114.688 -95.8735 -5
      vertex -111.369 -97.9343 -5
      vertex -111.468 -98.0434 -5
    endloop
  endfacet
  facet normal 0 0 -1
    outer loop
      vertex -114.918 -97.4267 -5
      vertex -111.468 -98.0434 -5
      vertex -111.556 -98.1616 -5
    endloop
  endfacet
  facet normal 0 0 -1
    outer loop
      vertex -114.918 -97.4267 -5
      vertex -111.556 -98.1616 -5
      vertex -111.632 -98.2879 -5
    endloop
  endfacet
  facet normal 0 0 -1
    outer loop
      vertex -114.918 -97.4267 -5
      vertex -111.632 -98.2879 -5
      vertex -111.694 -98.4209 -5
    endloop
  endfacet
  facet normal 0 0 -1
    outer loop
      vertex -114.918 -97.4267 -5
      vertex -111.694 -98.4209 -5
      vertex -111.744 -98.5595 -5
    endloop
  endfacet
  facet normal 0 0 -1
    outer loop
      vertex -114.918 -97.4267 -5
      vertex -111.744 -98.5595 -5
      vertex -111.78 -98.7023 -5
    endloop
  endfacet
  facet normal 0 0 -1
    outer loop
      vertex -114.995 -98.9949 -5
      vertex -111.78 -98.7023 -5
      vertex -111.801 -98.8479 -5
    endloop
  endfacet
  facet normal 0 0 -1
    outer loop
      vertex -114.995 -98.9949 -5
      vertex -111.801 -98.8479 -5
      vertex -111.809 -98.9949 -5
    endloop
  endfacet
  facet normal -0 0 -1
    outer loop
      vertex -111.632 -99.702 -5
      vertex -114.918 -100.563 -5
      vertex -111.694 -99.569 -5
    endloop
  endfacet
  facet normal 0 0 -1
    outer loop
      vertex -109.735 -97.6091 -5
      vertex -112.298 -90.1058 -5
      vertex -111.363 -88.8447 -5
    endloop
  endfacet
  facet normal -0 0 -1
    outer loop
      vertex -111.694 -99.569 -5
      vertex -114.918 -100.563 -5
      vertex -111.744 -99.4304 -5
    endloop
  endfacet
  facet normal 0 0 -1
    outer loop
      vertex -110.016 -97.5238 -5
      vertex -113.106 -91.4526 -5
      vertex -112.298 -90.1058 -5
    endloop
  endfacet
  facet normal -0 0 -1
    outer loop
      vertex -111.744 -99.4304 -5
      vertex -114.918 -100.563 -5
      vertex -111.78 -99.2876 -5
    endloop
  endfacet
  facet normal 0 0 -1
    outer loop
      vertex -110.309 -97.4949 -5
      vertex -113.777 -92.872 -5
      vertex -113.106 -91.4526 -5
    endloop
  endfacet
  facet normal 0 0 -1
    outer loop
      vertex -114.995 -98.9949 -5
      vertex -111.78 -99.2876 -5
      vertex -114.918 -100.563 -5
    endloop
  endfacet
  facet normal 0 0 -1
    outer loop
      vertex -110.601 -97.5238 -5
      vertex -114.306 -94.3504 -5
      vertex -113.777 -92.872 -5
    endloop
  endfacet
  facet normal 0 0 -1
    outer loop
      vertex -111.78 -99.2876 -5
      vertex -114.995 -98.9949 -5
      vertex -111.801 -99.142 -5
    endloop
  endfacet
  facet normal 0 0 -1
    outer loop
      vertex -111.142 -97.7477 -5
      vertex -114.688 -95.8735 -5
      vertex -114.306 -94.3504 -5
    endloop
  endfacet
  facet normal 0 0 -1
    outer loop
      vertex -111.801 -99.142 -5
      vertex -114.995 -98.9949 -5
      vertex -111.809 -98.9949 -5
    endloop
  endfacet
  facet normal 0 0 -1
    outer loop
      vertex -111.468 -98.0434 -5
      vertex -114.918 -97.4267 -5
      vertex -114.688 -95.8735 -5
    endloop
  endfacet
  facet normal -0 0 -1
    outer loop
      vertex -111.78 -98.7023 -5
      vertex -114.995 -98.9949 -5
      vertex -114.918 -97.4267 -5
    endloop
  endfacet
  facet normal 0 0 -1
    outer loop
      vertex -16.5326 26.4321 -5
      vertex 0 30.9805 -5
      vertex -16.5326 -26.4321 -5
    endloop
  endfacet
  facet normal 0 0 -1
    outer loop
      vertex -59.397 69.2965 -5
      vertex 0 30.9805 -5
      vertex -16.5326 26.4321 -5
    endloop
  endfacet
  facet normal 0 0 -1
    outer loop
      vertex -87.1072 97.6091 -5
      vertex -59.397 69.2965 -5
      vertex -69.2965 59.397 -5
    endloop
  endfacet
  facet normal 0 0 -1
    outer loop
      vertex -86.1885 99.142 -5
      vertex -59.397 69.2965 -5
      vertex -86.1812 98.9949 -5
    endloop
  endfacet
  facet normal 0 0 -1
    outer loop
      vertex -86.2101 99.2876 -5
      vertex -59.397 69.2965 -5
      vertex -86.1885 99.142 -5
    endloop
  endfacet
  facet normal 0 0 -1
    outer loop
      vertex -86.2458 99.4304 -5
      vertex -59.397 69.2965 -5
      vertex -86.2101 99.2876 -5
    endloop
  endfacet
  facet normal 0 0 -1
    outer loop
      vertex -88.8447 111.363 -5
      vertex -59.397 69.2965 -5
      vertex -86.2458 99.4304 -5
    endloop
  endfacet
  facet normal 0 0 -1
    outer loop
      vertex -88.8447 111.363 -5
      vertex -86.2458 99.4304 -5
      vertex -86.2954 99.569 -5
    endloop
  endfacet
  facet normal 0 0 -1
    outer loop
      vertex -88.8447 111.363 -5
      vertex -86.2954 99.569 -5
      vertex -86.3584 99.702 -5
    endloop
  endfacet
  facet normal 0 0 -1
    outer loop
      vertex -88.8447 111.363 -5
      vertex -86.3584 99.702 -5
      vertex -86.434 99.8283 -5
    endloop
  endfacet
  facet normal 0 0 -1
    outer loop
      vertex -88.8447 111.363 -5
      vertex -86.434 99.8283 -5
      vertex -86.5217 99.9465 -5
    endloop
  endfacet
  facet normal 0 0 -1
    outer loop
      vertex -88.8447 111.363 -5
      vertex -86.5217 99.9465 -5
      vertex -86.6206 100.056 -5
    endloop
  endfacet
  facet normal 0 0 -1
    outer loop
      vertex -88.8447 111.363 -5
      vertex -86.6206 100.056 -5
      vertex -86.7297 100.154 -5
    endloop
  endfacet
  facet normal 0 0 -1
    outer loop
      vertex -59.397 69.2965 -5
      vertex -88.8447 111.363 -5
      vertex 0 30.9805 -5
    endloop
  endfacet
  facet normal 0 0 -1
    outer loop
      vertex -86.8479 100.242 -5
      vertex -88.8447 111.363 -5
      vertex -86.7297 100.154 -5
    endloop
  endfacet
  facet normal 0 0 -1
    outer loop
      vertex -86.9741 100.318 -5
      vertex -88.8447 111.363 -5
      vertex -86.8479 100.242 -5
    endloop
  endfacet
  facet normal 0 0 -1
    outer loop
      vertex -87.1072 100.381 -5
      vertex -88.8447 111.363 -5
      vertex -86.9741 100.318 -5
    endloop
  endfacet
  facet normal 0 0 -1
    outer loop
      vertex -87.2458 100.43 -5
      vertex -88.8447 111.363 -5
      vertex -87.1072 100.381 -5
    endloop
  endfacet
  facet normal 0 0 -1
    outer loop
      vertex -87.3886 100.466 -5
      vertex -88.8447 111.363 -5
      vertex -87.2458 100.43 -5
    endloop
  endfacet
  facet normal 0 0 -1
    outer loop
      vertex -87.5342 100.488 -5
      vertex -88.8447 111.363 -5
      vertex -87.3886 100.466 -5
    endloop
  endfacet
  facet normal 0 0 -1
    outer loop
      vertex -87.6812 100.495 -5
      vertex -88.8447 111.363 -5
      vertex -87.5342 100.488 -5
    endloop
  endfacet
  facet normal 0 0 -1
    outer loop
      vertex -87.8283 100.488 -5
      vertex -88.8447 111.363 -5
      vertex -87.6812 100.495 -5
    endloop
  endfacet
  facet normal 0 0 -1
    outer loop
      vertex -87.9739 100.466 -5
      vertex -88.8447 111.363 -5
      vertex -87.8283 100.488 -5
    endloop
  endfacet
  facet normal 0 0 -1
    outer loop
      vertex -88.1167 100.43 -5
      vertex -88.8447 111.363 -5
      vertex -87.9739 100.466 -5
    endloop
  endfacet
  facet normal 0 0 -1
    outer loop
      vertex -88.2553 100.381 -5
      vertex -88.8447 111.363 -5
      vertex -88.1167 100.43 -5
    endloop
  endfacet
  facet normal 0 0 -1
    outer loop
      vertex -88.3883 100.318 -5
      vertex -88.8447 111.363 -5
      vertex -88.2553 100.381 -5
    endloop
  endfacet
  facet normal 0 0 -1
    outer loop
      vertex -88.5146 100.242 -5
      vertex -88.8447 111.363 -5
      vertex -88.3883 100.318 -5
    endloop
  endfacet
  facet normal 0 0 -1
    outer loop
      vertex -97.4949 110.309 -5
      vertex -88.5146 100.242 -5
      vertex -88.6328 100.154 -5
    endloop
  endfacet
  facet normal 0 0 -1
    outer loop
      vertex -97.4949 110.309 -5
      vertex -88.6328 100.154 -5
      vertex -88.7419 100.056 -5
    endloop
  endfacet
  facet normal 0 0 -1
    outer loop
      vertex -97.4949 110.309 -5
      vertex -88.7419 100.056 -5
      vertex -88.8408 99.9465 -5
    endloop
  endfacet
  facet normal 0 0 -1
    outer loop
      vertex -97.4949 110.309 -5
      vertex -88.8408 99.9465 -5
      vertex -88.9284 99.8283 -5
    endloop
  endfacet
  facet normal 0 0 -1
    outer loop
      vertex -97.4949 110.309 -5
      vertex -88.9284 99.8283 -5
      vertex -89.0041 99.702 -5
    endloop
  endfacet
  facet normal 0 0 -1
    outer loop
      vertex -97.4949 110.309 -5
      vertex -89.0041 99.702 -5
      vertex -89.0671 99.569 -5
    endloop
  endfacet
  facet normal 0 0 -1
    outer loop
      vertex -97.4949 110.309 -5
      vertex -89.0671 99.569 -5
      vertex -89.1167 99.4304 -5
    endloop
  endfacet
  facet normal 0 0 -1
    outer loop
      vertex -97.4949 110.309 -5
      vertex -89.1167 99.4304 -5
      vertex -89.1524 99.2876 -5
    endloop
  endfacet
  facet normal 0 0 -1
    outer loop
      vertex -97.4949 110.309 -5
      vertex -89.1524 99.2876 -5
      vertex -89.174 99.142 -5
    endloop
  endfacet
  facet normal -0 0 -1
    outer loop
      vertex -88.7419 97.9343 -5
      vertex -97.9343 88.7419 -5
      vertex -88.8408 98.0434 -5
    endloop
  endfacet
  facet normal 0 0 -1
    outer loop
      vertex -88.5146 100.242 -5
      vertex -97.4949 110.309 -5
      vertex -88.8447 111.363 -5
    endloop
  endfacet
  facet normal 0 0 -1
    outer loop
      vertex -30.9805 0 -5
      vertex -69.2965 59.397 -5
      vertex -26.4321 16.5326 -5
    endloop
  endfacet
  facet normal 0 0 -1
    outer loop
      vertex -59.397 69.2965 -5
      vertex -86.1885 98.8479 -5
      vertex -86.1812 98.9949 -5
    endloop
  endfacet
  facet normal 0 0 -1
    outer loop
      vertex -59.397 69.2965 -5
      vertex -86.2101 98.7023 -5
      vertex -86.1885 98.8479 -5
    endloop
  endfacet
  facet normal 0 0 -1
    outer loop
      vertex -59.397 69.2965 -5
      vertex -86.2458 98.5595 -5
      vertex -86.2101 98.7023 -5
    endloop
  endfacet
  facet normal 0 0 -1
    outer loop
      vertex -59.397 69.2965 -5
      vertex -86.2954 98.4209 -5
      vertex -86.2458 98.5595 -5
    endloop
  endfacet
  facet normal 0 0 -1
    outer loop
      vertex -59.397 69.2965 -5
      vertex -86.3584 98.2879 -5
      vertex -86.2954 98.4209 -5
    endloop
  endfacet
  facet normal 0 0 -1
    outer loop
      vertex -59.397 69.2965 -5
      vertex -86.434 98.1616 -5
      vertex -86.3584 98.2879 -5
    endloop
  endfacet
  facet normal 0 0 -1
    outer loop
      vertex -59.397 69.2965 -5
      vertex -86.5217 98.0434 -5
      vertex -86.434 98.1616 -5
    endloop
  endfacet
  facet normal 0 0 -1
    outer loop
      vertex -59.397 69.2965 -5
      vertex -86.6206 97.9343 -5
      vertex -86.5217 98.0434 -5
    endloop
  endfacet
  facet normal 0 0 -1
    outer loop
      vertex -59.397 69.2965 -5
      vertex -86.7297 97.8354 -5
      vertex -86.6206 97.9343 -5
    endloop
  endfacet
  facet normal 0 0 -1
    outer loop
      vertex -59.397 69.2965 -5
      vertex -86.8479 97.7477 -5
      vertex -86.7297 97.8354 -5
    endloop
  endfacet
  facet normal 0 0 -1
    outer loop
      vertex -59.397 69.2965 -5
      vertex -86.9741 97.6721 -5
      vertex -86.8479 97.7477 -5
    endloop
  endfacet
  facet normal 0 0 -1
    outer loop
      vertex -59.397 69.2965 -5
      vertex -87.1072 97.6091 -5
      vertex -86.9741 97.6721 -5
    endloop
  endfacet
  facet normal 0 0 -1
    outer loop
      vertex -97.6091 87.1072 -5
      vertex -87.1072 97.6091 -5
      vertex -69.2965 59.397 -5
    endloop
  endfacet
  facet normal 0 0 -1
    outer loop
      vertex -87.1072 97.6091 -5
      vertex -97.6091 87.1072 -5
      vertex -87.2458 97.5595 -5
    endloop
  endfacet
  facet normal 0 -0 -1
    outer loop
      vertex -97.5595 87.2458 -5
      vertex -87.2458 97.5595 -5
      vertex -97.6091 87.1072 -5
    endloop
  endfacet
  facet normal 0 0 -1
    outer loop
      vertex -87.2458 97.5595 -5
      vertex -97.5595 87.2458 -5
      vertex -87.3886 97.5238 -5
    endloop
  endfacet
  facet normal 0 -0 -1
    outer loop
      vertex -97.5238 87.3886 -5
      vertex -87.3886 97.5238 -5
      vertex -97.5595 87.2458 -5
    endloop
  endfacet
  facet normal 0 0 -1
    outer loop
      vertex -87.3886 97.5238 -5
      vertex -97.5238 87.3886 -5
      vertex -87.5342 97.5022 -5
    endloop
  endfacet
  facet normal 0 -0 -1
    outer loop
      vertex -97.5022 87.5342 -5
      vertex -87.5342 97.5022 -5
      vertex -97.5238 87.3886 -5
    endloop
  endfacet
  facet normal 0 0 -1
    outer loop
      vertex -87.5342 97.5022 -5
      vertex -97.5022 87.5342 -5
      vertex -87.6812 97.4949 -5
    endloop
  endfacet
  facet normal 0 -0 -1
    outer loop
      vertex -97.4949 87.6812 -5
      vertex -87.6812 97.4949 -5
      vertex -97.5022 87.5342 -5
    endloop
  endfacet
  facet normal -0 0 -1
    outer loop
      vertex -87.6812 97.4949 -5
      vertex -97.4949 87.6812 -5
      vertex -87.8283 97.5022 -5
    endloop
  endfacet
  facet normal 0 0 -1
    outer loop
      vertex -97.5022 87.8283 -5
      vertex -87.8283 97.5022 -5
      vertex -97.4949 87.6812 -5
    endloop
  endfacet
  facet normal -0 0 -1
    outer loop
      vertex -87.8283 97.5022 -5
      vertex -97.5022 87.8283 -5
      vertex -87.9739 97.5238 -5
    endloop
  endfacet
  facet normal 0 0 -1
    outer loop
      vertex -97.5238 87.9739 -5
      vertex -87.9739 97.5238 -5
      vertex -97.5022 87.8283 -5
    endloop
  endfacet
  facet normal 0 0 -1
    outer loop
      vertex -97.5595 88.1167 -5
      vertex -88.1167 97.5595 -5
      vertex -97.5238 87.9739 -5
    endloop
  endfacet
  facet normal -0 0 -1
    outer loop
      vertex -88.1167 97.5595 -5
      vertex -97.5595 88.1167 -5
      vertex -88.2553 97.6091 -5
    endloop
  endfacet
  facet normal 0 0 -1
    outer loop
      vertex -97.9343 88.7419 -5
      vertex -88.7419 97.9343 -5
      vertex -97.8354 88.6328 -5
    endloop
  endfacet
  facet normal -0 0 -1
    outer loop
      vertex -88.8447 111.363 -5
      vertex -97.4949 110.309 -5
      vertex -90.1058 112.298 -5
    endloop
  endfacet
  facet normal -0 0 -1
    outer loop
      vertex -88.6328 97.8354 -5
      vertex -97.8354 88.6328 -5
      vertex -88.7419 97.9343 -5
    endloop
  endfacet
  facet normal -0 0 -1
    outer loop
      vertex -90.1058 112.298 -5
      vertex -97.4949 110.309 -5
      vertex -91.4526 113.106 -5
    endloop
  endfacet
  facet normal -0 0 -1
    outer loop
      vertex -91.4526 113.106 -5
      vertex -97.4949 110.309 -5
      vertex -92.872 113.777 -5
    endloop
  endfacet
  facet normal 0 0 -1
    outer loop
      vertex -97.8354 88.6328 -5
      vertex -88.6328 97.8354 -5
      vertex -97.7477 88.5146 -5
    endloop
  endfacet
  facet normal 0 0 -1
    outer loop
      vertex -97.5022 110.456 -5
      vertex -92.872 113.777 -5
      vertex -97.4949 110.309 -5
    endloop
  endfacet
  facet normal -0 0 -1
    outer loop
      vertex -88.5146 97.7477 -5
      vertex -97.7477 88.5146 -5
      vertex -88.6328 97.8354 -5
    endloop
  endfacet
  facet normal 0 0 -1
    outer loop
      vertex -97.5238 110.601 -5
      vertex -92.872 113.777 -5
      vertex -97.5022 110.456 -5
    endloop
  endfacet
  facet normal 0 0 -1
    outer loop
      vertex -97.7477 88.5146 -5
      vertex -88.5146 97.7477 -5
      vertex -97.6721 88.3883 -5
    endloop
  endfacet
  facet normal 0 0 -1
    outer loop
      vertex -89.1812 98.9949 -5
      vertex -97.4949 110.309 -5
      vertex -89.174 99.142 -5
    endloop
  endfacet
  facet normal 0 0 -1
    outer loop
      vertex -97.6091 88.2553 -5
      vertex -88.2553 97.6091 -5
      vertex -97.5595 88.1167 -5
    endloop
  endfacet
  facet normal 0 0 -1
    outer loop
      vertex -111.363 88.8447 -5
      vertex -69.2965 59.397 -5
      vertex -30.9805 0 -5
    endloop
  endfacet
  facet normal -0 0 -1
    outer loop
      vertex -88.3883 97.6721 -5
      vertex -97.6721 88.3883 -5
      vertex -88.5146 97.7477 -5
    endloop
  endfacet
  facet normal 0 0 -1
    outer loop
      vertex -97.6721 88.3883 -5
      vertex -88.3883 97.6721 -5
      vertex -97.6091 88.2553 -5
    endloop
  endfacet
  facet normal -0 0 -1
    outer loop
      vertex -88.2553 97.6091 -5
      vertex -97.6091 88.2553 -5
      vertex -88.3883 97.6721 -5
    endloop
  endfacet
  facet normal -0 0 -1
    outer loop
      vertex -87.9739 97.5238 -5
      vertex -97.5238 87.9739 -5
      vertex -88.1167 97.5595 -5
    endloop
  endfacet
  facet normal 0 0 -1
    outer loop
      vertex -69.2965 59.397 -5
      vertex -97.6721 86.9741 -5
      vertex -97.6091 87.1072 -5
    endloop
  endfacet
  facet normal 0 0 -1
    outer loop
      vertex -69.2965 59.397 -5
      vertex -97.7477 86.8479 -5
      vertex -97.6721 86.9741 -5
    endloop
  endfacet
  facet normal 0 0 -1
    outer loop
      vertex -69.2965 59.397 -5
      vertex -97.8354 86.7297 -5
      vertex -97.7477 86.8479 -5
    endloop
  endfacet
  facet normal 0 0 -1
    outer loop
      vertex -69.2965 59.397 -5
      vertex -97.9343 86.6206 -5
      vertex -97.8354 86.7297 -5
    endloop
  endfacet
  facet normal 0 0 -1
    outer loop
      vertex -69.2965 59.397 -5
      vertex -98.0434 86.5217 -5
      vertex -97.9343 86.6206 -5
    endloop
  endfacet
  facet normal 0 0 -1
    outer loop
      vertex -69.2965 59.397 -5
      vertex -98.1616 86.434 -5
      vertex -98.0434 86.5217 -5
    endloop
  endfacet
  facet normal 0 0 -1
    outer loop
      vertex -69.2965 59.397 -5
      vertex -98.2879 86.3584 -5
      vertex -98.1616 86.434 -5
    endloop
  endfacet
  facet normal 0 0 -1
    outer loop
      vertex -69.2965 59.397 -5
      vertex -98.4209 86.2954 -5
      vertex -98.2879 86.3584 -5
    endloop
  endfacet
  facet normal 0 0 -1
    outer loop
      vertex -69.2965 59.397 -5
      vertex -98.5595 86.2458 -5
      vertex -98.4209 86.2954 -5
    endloop
  endfacet
  facet normal 0 0 -1
    outer loop
      vertex -69.2965 59.397 -5
      vertex -98.7023 86.2101 -5
      vertex -98.5595 86.2458 -5
    endloop
  endfacet
  facet normal 0 0 -1
    outer loop
      vertex -69.2965 59.397 -5
      vertex -98.8479 86.1885 -5
      vertex -98.7023 86.2101 -5
    endloop
  endfacet
  facet normal 0 0 -1
    outer loop
      vertex -69.2965 59.397 -5
      vertex -98.9949 86.1812 -5
      vertex -98.8479 86.1885 -5
    endloop
  endfacet
  facet normal 0 0 -1
    outer loop
      vertex -69.2965 59.397 -5
      vertex -99.142 86.1885 -5
      vertex -98.9949 86.1812 -5
    endloop
  endfacet
  facet normal 0 0 -1
    outer loop
      vertex -69.2965 59.397 -5
      vertex -99.2876 86.2101 -5
      vertex -99.142 86.1885 -5
    endloop
  endfacet
  facet normal 0 0 -1
    outer loop
      vertex -69.2965 59.397 -5
      vertex -99.4304 86.2458 -5
      vertex -99.2876 86.2101 -5
    endloop
  endfacet
  facet normal 0 0 -1
    outer loop
      vertex -69.2965 59.397 -5
      vertex -111.363 88.8447 -5
      vertex -99.4304 86.2458 -5
    endloop
  endfacet
  facet normal 0 0 -1
    outer loop
      vertex -99.4304 86.2458 -5
      vertex -111.363 88.8447 -5
      vertex -99.569 86.2954 -5
    endloop
  endfacet
  facet normal 0 0 -1
    outer loop
      vertex -99.569 86.2954 -5
      vertex -111.363 88.8447 -5
      vertex -99.702 86.3584 -5
    endloop
  endfacet
  facet normal 0 0 -1
    outer loop
      vertex -99.702 86.3584 -5
      vertex -111.363 88.8447 -5
      vertex -99.8283 86.434 -5
    endloop
  endfacet
  facet normal 0 0 -1
    outer loop
      vertex -99.8283 86.434 -5
      vertex -111.363 88.8447 -5
      vertex -99.9465 86.5217 -5
    endloop
  endfacet
  facet normal 0 0 -1
    outer loop
      vertex -99.9465 86.5217 -5
      vertex -111.363 88.8447 -5
      vertex -100.056 86.6206 -5
    endloop
  endfacet
  facet normal 0 -0 -1
    outer loop
      vertex -106.537 113.106 -5
      vertex -100.466 110.016 -5
      vertex -107.884 112.298 -5
    endloop
  endfacet
  facet normal 0 0 -1
    outer loop
      vertex -100.466 110.016 -5
      vertex -106.537 113.106 -5
      vertex -100.488 110.162 -5
    endloop
  endfacet
  facet normal 0 0 -1
    outer loop
      vertex -111.363 88.8447 -5
      vertex -100.495 87.6812 -5
      vertex -100.488 87.5342 -5
    endloop
  endfacet
  facet normal 0 0 -1
    outer loop
      vertex -99.9465 111.468 -5
      vertex -102.116 114.688 -5
      vertex -100.563 114.918 -5
    endloop
  endfacet
  facet normal 0 0 -1
    outer loop
      vertex -100.318 111.016 -5
      vertex -103.64 114.306 -5
      vertex -102.116 114.688 -5
    endloop
  endfacet
  facet normal 0 0 -1
    outer loop
      vertex -111.363 88.8447 -5
      vertex -100.488 87.5342 -5
      vertex -100.466 87.3886 -5
    endloop
  endfacet
  facet normal 0 0 -1
    outer loop
      vertex -100.466 110.601 -5
      vertex -105.118 113.777 -5
      vertex -103.64 114.306 -5
    endloop
  endfacet
  facet normal 0 0 -1
    outer loop
      vertex -100.495 110.309 -5
      vertex -106.537 113.106 -5
      vertex -105.118 113.777 -5
    endloop
  endfacet
  facet normal 0 0 -1
    outer loop
      vertex -111.363 88.8447 -5
      vertex -100.466 87.3886 -5
      vertex -100.43 87.2458 -5
    endloop
  endfacet
  facet normal 0 0 -1
    outer loop
      vertex -100.488 110.162 -5
      vertex -106.537 113.106 -5
      vertex -100.495 110.309 -5
    endloop
  endfacet
  facet normal 0 0 -1
    outer loop
      vertex -111.363 88.8447 -5
      vertex -100.43 87.2458 -5
      vertex -100.381 87.1072 -5
    endloop
  endfacet
  facet normal 0 0 -1
    outer loop
      vertex -111.363 88.8447 -5
      vertex -100.381 87.1072 -5
      vertex -100.318 86.9741 -5
    endloop
  endfacet
  facet normal 0 0 -1
    outer loop
      vertex -111.363 88.8447 -5
      vertex -100.318 86.9741 -5
      vertex -100.242 86.8479 -5
    endloop
  endfacet
  facet normal 0 0 -1
    outer loop
      vertex -99.142 89.174 -5
      vertex -108.816 98.8479 -5
      vertex -108.809 98.9949 -5
    endloop
  endfacet
  facet normal 0 0 -1
    outer loop
      vertex -99.2876 89.1524 -5
      vertex -108.837 98.7023 -5
      vertex -108.816 98.8479 -5
    endloop
  endfacet
  facet normal 0 0 -1
    outer loop
      vertex -99.4304 89.1167 -5
      vertex -108.873 98.5595 -5
      vertex -108.837 98.7023 -5
    endloop
  endfacet
  facet normal 0 0 -1
    outer loop
      vertex -99.569 89.0671 -5
      vertex -108.923 98.4209 -5
      vertex -108.873 98.5595 -5
    endloop
  endfacet
  facet normal 0 0 -1
    outer loop
      vertex -111.363 88.8447 -5
      vertex -100.242 86.8479 -5
      vertex -100.154 86.7297 -5
    endloop
  endfacet
  facet normal 0 0 -1
    outer loop
      vertex -99.702 89.0041 -5
      vertex -108.986 98.2879 -5
      vertex -108.923 98.4209 -5
    endloop
  endfacet
  facet normal 0 0 -1
    outer loop
      vertex -99.8283 88.9284 -5
      vertex -109.061 98.1616 -5
      vertex -108.986 98.2879 -5
    endloop
  endfacet
  facet normal 0 0 -1
    outer loop
      vertex -99.9465 88.8408 -5
      vertex -109.149 98.0434 -5
      vertex -109.061 98.1616 -5
    endloop
  endfacet
  facet normal 0 0 -1
    outer loop
      vertex -100.056 88.7419 -5
      vertex -109.248 97.9343 -5
      vertex -109.149 98.0434 -5
    endloop
  endfacet
  facet normal 0 0 -1
    outer loop
      vertex -100.056 86.6206 -5
      vertex -111.363 88.8447 -5
      vertex -100.154 86.7297 -5
    endloop
  endfacet
  facet normal 0 0 -1
    outer loop
      vertex -100.242 88.5146 -5
      vertex -111.363 88.8447 -5
      vertex -109.475 97.7477 -5
    endloop
  endfacet
  facet normal 0 0 -1
    outer loop
      vertex -100.154 88.6328 -5
      vertex -109.357 97.8354 -5
      vertex -109.248 97.9343 -5
    endloop
  endfacet
  facet normal 0 0 -1
    outer loop
      vertex -100.242 88.5146 -5
      vertex -109.475 97.7477 -5
      vertex -109.357 97.8354 -5
    endloop
  endfacet
  facet normal 0 0 -1
    outer loop
      vertex -109.475 97.7477 -5
      vertex -111.363 88.8447 -5
      vertex -109.602 97.6721 -5
    endloop
  endfacet
  facet normal 0 0 -1
    outer loop
      vertex -109.602 97.6721 -5
      vertex -111.363 88.8447 -5
      vertex -109.735 97.6091 -5
    endloop
  endfacet
  facet normal 0 0 -1
    outer loop
      vertex -112.298 90.1058 -5
      vertex -109.735 97.6091 -5
      vertex -111.363 88.8447 -5
    endloop
  endfacet
  facet normal 0 0 -1
    outer loop
      vertex -109.735 97.6091 -5
      vertex -112.298 90.1058 -5
      vertex -109.873 97.5595 -5
    endloop
  endfacet
  facet normal 0 0 -1
    outer loop
      vertex -109.873 97.5595 -5
      vertex -112.298 90.1058 -5
      vertex -110.016 97.5238 -5
    endloop
  endfacet
  facet normal 0 0 -1
    outer loop
      vertex -113.106 91.4526 -5
      vertex -110.016 97.5238 -5
      vertex -112.298 90.1058 -5
    endloop
  endfacet
  facet normal 0 0 -1
    outer loop
      vertex -110.016 97.5238 -5
      vertex -113.106 91.4526 -5
      vertex -110.162 97.5022 -5
    endloop
  endfacet
  facet normal 0 0 -1
    outer loop
      vertex -110.162 97.5022 -5
      vertex -113.106 91.4526 -5
      vertex -110.309 97.4949 -5
    endloop
  endfacet
  facet normal 0 0 -1
    outer loop
      vertex -113.777 92.872 -5
      vertex -110.309 97.4949 -5
      vertex -113.106 91.4526 -5
    endloop
  endfacet
  facet normal -0 0 -1
    outer loop
      vertex -110.309 97.4949 -5
      vertex -113.777 92.872 -5
      vertex -110.456 97.5022 -5
    endloop
  endfacet
  facet normal -0 0 -1
    outer loop
      vertex -110.456 97.5022 -5
      vertex -113.777 92.872 -5
      vertex -110.601 97.5238 -5
    endloop
  endfacet
  facet normal 0 0 -1
    outer loop
      vertex -114.306 94.3504 -5
      vertex -110.601 97.5238 -5
      vertex -113.777 92.872 -5
    endloop
  endfacet
  facet normal -0 0 -1
    outer loop
      vertex -110.601 97.5238 -5
      vertex -114.306 94.3504 -5
      vertex -110.744 97.5595 -5
    endloop
  endfacet
  facet normal -0 0 -1
    outer loop
      vertex -110.744 97.5595 -5
      vertex -114.306 94.3504 -5
      vertex -110.883 97.6091 -5
    endloop
  endfacet
  facet normal -0 0 -1
    outer loop
      vertex -110.883 97.6091 -5
      vertex -114.306 94.3504 -5
      vertex -111.016 97.6721 -5
    endloop
  endfacet
  facet normal -0 0 -1
    outer loop
      vertex -111.016 97.6721 -5
      vertex -114.306 94.3504 -5
      vertex -111.142 97.7477 -5
    endloop
  endfacet
  facet normal 0 0 -1
    outer loop
      vertex -114.688 95.8735 -5
      vertex -111.142 97.7477 -5
      vertex -114.306 94.3504 -5
    endloop
  endfacet
  facet normal -0 0 -1
    outer loop
      vertex -111.142 97.7477 -5
      vertex -114.688 95.8735 -5
      vertex -111.26 97.8354 -5
    endloop
  endfacet
  facet normal -0 0 -1
    outer loop
      vertex -111.26 97.8354 -5
      vertex -114.688 95.8735 -5
      vertex -111.369 97.9343 -5
    endloop
  endfacet
  facet normal -0 0 -1
    outer loop
      vertex -111.369 97.9343 -5
      vertex -114.688 95.8735 -5
      vertex -111.468 98.0434 -5
    endloop
  endfacet
  facet normal 0 0 -1
    outer loop
      vertex -114.918 97.4267 -5
      vertex -111.468 98.0434 -5
      vertex -114.688 95.8735 -5
    endloop
  endfacet
  facet normal -0 0 -1
    outer loop
      vertex -111.468 98.0434 -5
      vertex -114.918 97.4267 -5
      vertex -111.556 98.1616 -5
    endloop
  endfacet
  facet normal -0 0 -1
    outer loop
      vertex -111.556 98.1616 -5
      vertex -114.918 97.4267 -5
      vertex -111.632 98.2879 -5
    endloop
  endfacet
  facet normal 0 0 -1
    outer loop
      vertex 99.9465 -109.149 -5
      vertex 109.149 -99.9465 -5
      vertex 100.056 -109.248 -5
    endloop
  endfacet
  facet normal 0 0 -1
    outer loop
      vertex 108.809 -98.9949 -5
      vertex 100.488 -87.8283 -5
      vertex 100.495 -87.6812 -5
    endloop
  endfacet
  facet normal -0 0 -1
    outer loop
      vertex 109.149 -99.9465 -5
      vertex 99.9465 -109.149 -5
      vertex 109.061 -99.8283 -5
    endloop
  endfacet
  facet normal 0 0 -1
    outer loop
      vertex 108.809 -98.9949 -5
      vertex 100.466 -87.9739 -5
      vertex 100.488 -87.8283 -5
    endloop
  endfacet
  facet normal 0 0 -1
    outer loop
      vertex 99.8283 -109.061 -5
      vertex 109.061 -99.8283 -5
      vertex 99.9465 -109.149 -5
    endloop
  endfacet
  facet normal 0 0 -1
    outer loop
      vertex 108.809 -98.9949 -5
      vertex 100.43 -88.1167 -5
      vertex 100.466 -87.9739 -5
    endloop
  endfacet
  facet normal -0 0 -1
    outer loop
      vertex 109.061 -99.8283 -5
      vertex 99.8283 -109.061 -5
      vertex 108.986 -99.702 -5
    endloop
  endfacet
  facet normal 0 0 -1
    outer loop
      vertex 108.809 -98.9949 -5
      vertex 100.381 -88.2553 -5
      vertex 100.43 -88.1167 -5
    endloop
  endfacet
  facet normal 0 0 -1
    outer loop
      vertex 99.702 -108.986 -5
      vertex 108.986 -99.702 -5
      vertex 99.8283 -109.061 -5
    endloop
  endfacet
  facet normal 0 0 -1
    outer loop
      vertex 108.809 -98.9949 -5
      vertex 100.318 -88.3883 -5
      vertex 100.381 -88.2553 -5
    endloop
  endfacet
  facet normal -0 0 -1
    outer loop
      vertex 108.986 -99.702 -5
      vertex 99.702 -108.986 -5
      vertex 108.923 -99.569 -5
    endloop
  endfacet
  facet normal 0 0 -1
    outer loop
      vertex 108.809 -98.9949 -5
      vertex 100.242 -88.5146 -5
      vertex 100.318 -88.3883 -5
    endloop
  endfacet
  facet normal 0 0 -1
    outer loop
      vertex 99.569 -108.923 -5
      vertex 108.923 -99.569 -5
      vertex 99.702 -108.986 -5
    endloop
  endfacet
  facet normal 0 0 -1
    outer loop
      vertex 108.809 -98.9949 -5
      vertex 100.154 -88.6328 -5
      vertex 100.242 -88.5146 -5
    endloop
  endfacet
  facet normal -0 0 -1
    outer loop
      vertex 108.923 -99.569 -5
      vertex 99.569 -108.923 -5
      vertex 108.873 -99.4304 -5
    endloop
  endfacet
  facet normal 0 0 -1
    outer loop
      vertex 108.809 -98.9949 -5
      vertex 100.056 -88.7419 -5
      vertex 100.154 -88.6328 -5
    endloop
  endfacet
  facet normal 0 0 -1
    outer loop
      vertex 99.4304 -108.873 -5
      vertex 108.873 -99.4304 -5
      vertex 99.569 -108.923 -5
    endloop
  endfacet
  facet normal 0 0 -1
    outer loop
      vertex 108.809 -98.9949 -5
      vertex 99.9465 -88.8408 -5
      vertex 100.056 -88.7419 -5
    endloop
  endfacet
  facet normal -0 0 -1
    outer loop
      vertex 108.873 -99.4304 -5
      vertex 99.4304 -108.873 -5
      vertex 108.837 -99.2876 -5
    endloop
  endfacet
  facet normal 0 0 -1
    outer loop
      vertex 108.809 -98.9949 -5
      vertex 99.8283 -88.9284 -5
      vertex 99.9465 -88.8408 -5
    endloop
  endfacet
  facet normal 0 0 -1
    outer loop
      vertex 99.2876 -108.837 -5
      vertex 108.837 -99.2876 -5
      vertex 99.4304 -108.873 -5
    endloop
  endfacet
  facet normal 0 0 -1
    outer loop
      vertex 108.809 -98.9949 -5
      vertex 99.702 -89.0041 -5
      vertex 99.8283 -88.9284 -5
    endloop
  endfacet
  facet normal -0 0 -1
    outer loop
      vertex 108.837 -99.2876 -5
      vertex 99.2876 -108.837 -5
      vertex 108.816 -99.142 -5
    endloop
  endfacet
  facet normal 0 0 -1
    outer loop
      vertex 108.809 -98.9949 -5
      vertex 99.569 -89.0671 -5
      vertex 99.702 -89.0041 -5
    endloop
  endfacet
  facet normal 0 0 -1
    outer loop
      vertex 99.142 -108.816 -5
      vertex 108.816 -99.142 -5
      vertex 99.2876 -108.837 -5
    endloop
  endfacet
  facet normal 0 0 -1
    outer loop
      vertex 108.809 -98.9949 -5
      vertex 99.4304 -89.1167 -5
      vertex 99.569 -89.0671 -5
    endloop
  endfacet
  facet normal -0 0 -1
    outer loop
      vertex 108.816 -99.142 -5
      vertex 99.142 -108.816 -5
      vertex 108.809 -98.9949 -5
    endloop
  endfacet
  facet normal 0 0 -1
    outer loop
      vertex 108.809 -98.9949 -5
      vertex 99.2876 -89.1524 -5
      vertex 99.4304 -89.1167 -5
    endloop
  endfacet
  facet normal 0 0 -1
    outer loop
      vertex 98.9949 -108.809 -5
      vertex 108.809 -98.9949 -5
      vertex 99.142 -108.816 -5
    endloop
  endfacet
  facet normal 0 0 -1
    outer loop
      vertex 108.809 -98.9949 -5
      vertex 99.142 -89.174 -5
      vertex 99.2876 -89.1524 -5
    endloop
  endfacet
  facet normal 0 0 -1
    outer loop
      vertex 98.9949 -89.1812 -5
      vertex 108.809 -98.9949 -5
      vertex 98.9949 -108.809 -5
    endloop
  endfacet
  facet normal 0 0 -1
    outer loop
      vertex 108.809 -98.9949 -5
      vertex 98.9949 -89.1812 -5
      vertex 99.142 -89.174 -5
    endloop
  endfacet
  facet normal 0 0 -1
    outer loop
      vertex 89.1812 -98.9949 -5
      vertex 98.9949 -108.809 -5
      vertex 98.8479 -108.816 -5
    endloop
  endfacet
  facet normal 0 0 -1
    outer loop
      vertex 98.9949 -108.809 -5
      vertex 89.1812 -98.9949 -5
      vertex 98.9949 -89.1812 -5
    endloop
  endfacet
  facet normal 0 0 -1
    outer loop
      vertex 89.174 -99.142 -5
      vertex 98.8479 -108.816 -5
      vertex 98.7023 -108.837 -5
    endloop
  endfacet
  facet normal -0 0 -1
    outer loop
      vertex 98.9949 -89.1812 -5
      vertex 89.1812 -98.9949 -5
      vertex 98.8479 -89.174 -5
    endloop
  endfacet
  facet normal 0 0 -1
    outer loop
      vertex 89.174 -99.142 -5
      vertex 98.7023 -108.837 -5
      vertex 98.5595 -108.873 -5
    endloop
  endfacet
  facet normal 0 0 -1
    outer loop
      vertex 89.174 -98.8479 -5
      vertex 98.8479 -89.174 -5
      vertex 89.1812 -98.9949 -5
    endloop
  endfacet
  facet normal 0 0 -1
    outer loop
      vertex 89.174 -99.142 -5
      vertex 98.5595 -108.873 -5
      vertex 98.4209 -108.923 -5
    endloop
  endfacet
  facet normal -0 0 -1
    outer loop
      vertex 98.8479 -89.174 -5
      vertex 89.174 -98.8479 -5
      vertex 98.7023 -89.1524 -5
    endloop
  endfacet
  facet normal 0 0 -1
    outer loop
      vertex 89.174 -99.142 -5
      vertex 98.4209 -108.923 -5
      vertex 98.2879 -108.986 -5
    endloop
  endfacet
  facet normal 0 0 -1
    outer loop
      vertex 89.1524 -98.7023 -5
      vertex 98.7023 -89.1524 -5
      vertex 89.174 -98.8479 -5
    endloop
  endfacet
  facet normal 0 0 -1
    outer loop
      vertex 89.174 -99.142 -5
      vertex 98.2879 -108.986 -5
      vertex 98.1616 -109.061 -5
    endloop
  endfacet
  facet normal -0 0 -1
    outer loop
      vertex 98.7023 -89.1524 -5
      vertex 89.1524 -98.7023 -5
      vertex 98.5595 -89.1167 -5
    endloop
  endfacet
  facet normal 0 0 -1
    outer loop
      vertex 89.174 -99.142 -5
      vertex 98.1616 -109.061 -5
      vertex 98.0434 -109.149 -5
    endloop
  endfacet
  facet normal 0 0 -1
    outer loop
      vertex 89.1167 -98.5595 -5
      vertex 98.5595 -89.1167 -5
      vertex 89.1524 -98.7023 -5
    endloop
  endfacet
  facet normal 0 0 -1
    outer loop
      vertex 89.174 -99.142 -5
      vertex 98.0434 -109.149 -5
      vertex 97.9343 -109.248 -5
    endloop
  endfacet
  facet normal -0 0 -1
    outer loop
      vertex 98.5595 -89.1167 -5
      vertex 89.1167 -98.5595 -5
      vertex 98.4209 -89.0671 -5
    endloop
  endfacet
  facet normal 0 0 -1
    outer loop
      vertex 89.174 -99.142 -5
      vertex 97.9343 -109.248 -5
      vertex 97.8354 -109.357 -5
    endloop
  endfacet
  facet normal 0 0 -1
    outer loop
      vertex 89.0671 -98.4209 -5
      vertex 98.4209 -89.0671 -5
      vertex 89.1167 -98.5595 -5
    endloop
  endfacet
  facet normal 0 0 -1
    outer loop
      vertex 89.174 -99.142 -5
      vertex 97.8354 -109.357 -5
      vertex 97.7477 -109.475 -5
    endloop
  endfacet
  facet normal -0 0 -1
    outer loop
      vertex 98.4209 -89.0671 -5
      vertex 89.0671 -98.4209 -5
      vertex 98.2879 -89.0041 -5
    endloop
  endfacet
  facet normal -0 0 -1
    outer loop
      vertex 97.6091 -109.735 -5
      vertex 88.8447 -111.363 -5
      vertex 97.6721 -109.602 -5
    endloop
  endfacet
  facet normal 0 0 -1
    outer loop
      vertex 89.0041 -98.2879 -5
      vertex 98.2879 -89.0041 -5
      vertex 89.0671 -98.4209 -5
    endloop
  endfacet
  facet normal 0 0 -1
    outer loop
      vertex 88.8447 -111.363 -5
      vertex 97.6091 -109.735 -5
      vertex 90.1058 -112.298 -5
    endloop
  endfacet
  facet normal -0 0 -1
    outer loop
      vertex 98.2879 -89.0041 -5
      vertex 89.0041 -98.2879 -5
      vertex 98.1616 -88.9284 -5
    endloop
  endfacet
  facet normal 0 0 -1
    outer loop
      vertex 90.1058 -112.298 -5
      vertex 97.6091 -109.735 -5
      vertex 97.5595 -109.873 -5
    endloop
  endfacet
  facet normal 0 0 -1
    outer loop
      vertex 88.9284 -98.1616 -5
      vertex 98.1616 -88.9284 -5
      vertex 89.0041 -98.2879 -5
    endloop
  endfacet
  facet normal 0 0 -1
    outer loop
      vertex 90.1058 -112.298 -5
      vertex 97.5595 -109.873 -5
      vertex 97.5238 -110.016 -5
    endloop
  endfacet
  facet normal -0 0 -1
    outer loop
      vertex 98.1616 -88.9284 -5
      vertex 88.9284 -98.1616 -5
      vertex 98.0434 -88.8408 -5
    endloop
  endfacet
  facet normal 0 0 -1
    outer loop
      vertex 91.4526 -113.106 -5
      vertex 97.5238 -110.016 -5
      vertex 97.5022 -110.162 -5
    endloop
  endfacet
  facet normal 0 0 -1
    outer loop
      vertex 88.8408 -98.0434 -5
      vertex 98.0434 -88.8408 -5
      vertex 88.9284 -98.1616 -5
    endloop
  endfacet
  facet normal 0 0 -1
    outer loop
      vertex 91.4526 -113.106 -5
      vertex 97.5022 -110.162 -5
      vertex 97.4949 -110.309 -5
    endloop
  endfacet
  facet normal -0 0 -1
    outer loop
      vertex 98.0434 -88.8408 -5
      vertex 88.8408 -98.0434 -5
      vertex 97.9343 -88.7419 -5
    endloop
  endfacet
  facet normal 0 0 -1
    outer loop
      vertex 105.118 -113.777 -5
      vertex 100.488 -110.456 -5
      vertex 100.495 -110.309 -5
    endloop
  endfacet
  facet normal 0 0 -1
    outer loop
      vertex 102.116 -114.688 -5
      vertex 100.466 -110.601 -5
      vertex 100.488 -110.456 -5
    endloop
  endfacet
  facet normal 0 0 -1
    outer loop
      vertex 102.116 -114.688 -5
      vertex 100.43 -110.744 -5
      vertex 100.466 -110.601 -5
    endloop
  endfacet
  facet normal 0 0 -1
    outer loop
      vertex 102.116 -114.688 -5
      vertex 100.381 -110.883 -5
      vertex 100.43 -110.744 -5
    endloop
  endfacet
  facet normal 0 0 -1
    outer loop
      vertex 102.116 -114.688 -5
      vertex 100.318 -111.016 -5
      vertex 100.381 -110.883 -5
    endloop
  endfacet
  facet normal 0 0 -1
    outer loop
      vertex 102.116 -114.688 -5
      vertex 100.242 -111.142 -5
      vertex 100.318 -111.016 -5
    endloop
  endfacet
  facet normal 0 0 -1
    outer loop
      vertex 102.116 -114.688 -5
      vertex 100.154 -111.26 -5
      vertex 100.242 -111.142 -5
    endloop
  endfacet
  facet normal 0 0 -1
    outer loop
      vertex 102.116 -114.688 -5
      vertex 100.056 -111.369 -5
      vertex 100.154 -111.26 -5
    endloop
  endfacet
  facet normal 0 0 -1
    outer loop
      vertex 102.116 -114.688 -5
      vertex 99.9465 -111.468 -5
      vertex 100.056 -111.369 -5
    endloop
  endfacet
  facet normal 0 0 -1
    outer loop
      vertex 100.563 -114.918 -5
      vertex 99.8283 -111.556 -5
      vertex 99.9465 -111.468 -5
    endloop
  endfacet
  facet normal 0 0 -1
    outer loop
      vertex 100.563 -114.918 -5
      vertex 99.702 -111.632 -5
      vertex 99.8283 -111.556 -5
    endloop
  endfacet
  facet normal 0 0 -1
    outer loop
      vertex 100.563 -114.918 -5
      vertex 99.569 -111.694 -5
      vertex 99.702 -111.632 -5
    endloop
  endfacet
  facet normal 0 0 -1
    outer loop
      vertex 100.563 -114.918 -5
      vertex 99.4304 -111.744 -5
      vertex 99.569 -111.694 -5
    endloop
  endfacet
  facet normal 0 0 -1
    outer loop
      vertex 100.563 -114.918 -5
      vertex 99.2876 -111.78 -5
      vertex 99.4304 -111.744 -5
    endloop
  endfacet
  facet normal 0 0 -1
    outer loop
      vertex 98.9949 -114.995 -5
      vertex 99.2876 -111.78 -5
      vertex 100.563 -114.918 -5
    endloop
  endfacet
  facet normal 0 0 -1
    outer loop
      vertex 99.2876 -111.78 -5
      vertex 98.9949 -114.995 -5
      vertex 99.142 -111.801 -5
    endloop
  endfacet
  facet normal 0 0 -1
    outer loop
      vertex 98.9949 -114.995 -5
      vertex 98.9949 -111.809 -5
      vertex 99.142 -111.801 -5
    endloop
  endfacet
  facet normal 0 0 -1
    outer loop
      vertex 98.9949 -114.995 -5
      vertex 98.8479 -111.801 -5
      vertex 98.9949 -111.809 -5
    endloop
  endfacet
  facet normal 0 0 -1
    outer loop
      vertex 98.9949 -114.995 -5
      vertex 98.7023 -111.78 -5
      vertex 98.8479 -111.801 -5
    endloop
  endfacet
  facet normal 0 0 -1
    outer loop
      vertex 97.4267 -114.918 -5
      vertex 98.7023 -111.78 -5
      vertex 98.9949 -114.995 -5
    endloop
  endfacet
  facet normal -0 0 -1
    outer loop
      vertex 98.7023 -111.78 -5
      vertex 97.4267 -114.918 -5
      vertex 98.5595 -111.744 -5
    endloop
  endfacet
  facet normal -0 0 -1
    outer loop
      vertex 98.5595 -111.744 -5
      vertex 97.4267 -114.918 -5
      vertex 98.4209 -111.694 -5
    endloop
  endfacet
  facet normal -0 0 -1
    outer loop
      vertex 98.4209 -111.694 -5
      vertex 97.4267 -114.918 -5
      vertex 98.2879 -111.632 -5
    endloop
  endfacet
  facet normal -0 0 -1
    outer loop
      vertex 98.2879 -111.632 -5
      vertex 97.4267 -114.918 -5
      vertex 98.1616 -111.556 -5
    endloop
  endfacet
  facet normal -0 0 -1
    outer loop
      vertex 98.1616 -111.556 -5
      vertex 97.4267 -114.918 -5
      vertex 98.0434 -111.468 -5
    endloop
  endfacet
  facet normal 0 0 -1
    outer loop
      vertex 95.8735 -114.688 -5
      vertex 98.0434 -111.468 -5
      vertex 97.4267 -114.918 -5
    endloop
  endfacet
  facet normal -0 0 -1
    outer loop
      vertex 98.0434 -111.468 -5
      vertex 95.8735 -114.688 -5
      vertex 97.9343 -111.369 -5
    endloop
  endfacet
  facet normal -0 0 -1
    outer loop
      vertex 97.9343 -111.369 -5
      vertex 95.8735 -114.688 -5
      vertex 97.8354 -111.26 -5
    endloop
  endfacet
  facet normal -0 0 -1
    outer loop
      vertex 97.8354 -111.26 -5
      vertex 95.8735 -114.688 -5
      vertex 97.7477 -111.142 -5
    endloop
  endfacet
  facet normal -0 0 -1
    outer loop
      vertex 97.7477 -111.142 -5
      vertex 95.8735 -114.688 -5
      vertex 97.6721 -111.016 -5
    endloop
  endfacet
  facet normal 0 0 -1
    outer loop
      vertex 92.872 -113.777 -5
      vertex 97.5238 -110.601 -5
      vertex 94.3504 -114.306 -5
    endloop
  endfacet
  facet normal -0 0 -1
    outer loop
      vertex 97.5595 -110.744 -5
      vertex 94.3504 -114.306 -5
      vertex 97.5238 -110.601 -5
    endloop
  endfacet
  facet normal -0 0 -1
    outer loop
      vertex 97.6091 -110.883 -5
      vertex 94.3504 -114.306 -5
      vertex 97.5595 -110.744 -5
    endloop
  endfacet
  facet normal -0 0 -1
    outer loop
      vertex 97.6721 -111.016 -5
      vertex 94.3504 -114.306 -5
      vertex 97.6091 -110.883 -5
    endloop
  endfacet
  facet normal 0 0 -1
    outer loop
      vertex 94.3504 -114.306 -5
      vertex 97.6721 -111.016 -5
      vertex 95.8735 -114.688 -5
    endloop
  endfacet
  facet normal 0 0 -1
    outer loop
      vertex 111.78 -99.2876 -5
      vertex 114.995 -98.9949 -5
      vertex 114.918 -100.563 -5
    endloop
  endfacet
  facet normal 0 0 -1
    outer loop
      vertex 111.468 -99.9465 -5
      vertex 114.918 -100.563 -5
      vertex 114.688 -102.116 -5
    endloop
  endfacet
  facet normal 0 0 -1
    outer loop
      vertex 114.995 -98.9949 -5
      vertex 111.78 -99.2876 -5
      vertex 111.801 -99.142 -5
    endloop
  endfacet
  facet normal 0 0 -1
    outer loop
      vertex 111.142 -100.242 -5
      vertex 114.688 -102.116 -5
      vertex 114.306 -103.64 -5
    endloop
  endfacet
  facet normal 0 0 -1
    outer loop
      vertex 111.801 -98.8479 -5
      vertex 114.995 -98.9949 -5
      vertex 111.809 -98.9949 -5
    endloop
  endfacet
  facet normal 0 0 -1
    outer loop
      vertex 110.601 -100.466 -5
      vertex 114.306 -103.64 -5
      vertex 113.777 -105.118 -5
    endloop
  endfacet
  facet normal 0 0 -1
    outer loop
      vertex 111.78 -98.7023 -5
      vertex 114.995 -98.9949 -5
      vertex 111.801 -98.8479 -5
    endloop
  endfacet
  facet normal 0 0 -1
    outer loop
      vertex 110.309 -100.495 -5
      vertex 113.777 -105.118 -5
      vertex 113.106 -106.537 -5
    endloop
  endfacet
  facet normal 0 0 -1
    outer loop
      vertex 114.995 -98.9949 -5
      vertex 111.78 -98.7023 -5
      vertex 114.918 -97.4267 -5
    endloop
  endfacet
  facet normal 0 0 -1
    outer loop
      vertex 110.016 -100.466 -5
      vertex 113.106 -106.537 -5
      vertex 112.298 -107.884 -5
    endloop
  endfacet
  facet normal 0 0 -1
    outer loop
      vertex 111.744 -98.5595 -5
      vertex 114.918 -97.4267 -5
      vertex 111.78 -98.7023 -5
    endloop
  endfacet
  facet normal 0 0 -1
    outer loop
      vertex 111.632 -98.2879 -5
      vertex 114.918 -97.4267 -5
      vertex 111.694 -98.4209 -5
    endloop
  endfacet
  facet normal 0 0 -1
    outer loop
      vertex 111.694 -98.4209 -5
      vertex 114.918 -97.4267 -5
      vertex 111.744 -98.5595 -5
    endloop
  endfacet
  facet normal -0 0 -1
    outer loop
      vertex 114.995 -98.9949 -5
      vertex 111.801 -99.142 -5
      vertex 111.809 -98.9949 -5
    endloop
  endfacet
  facet normal 0 0 -1
    outer loop
      vertex 114.918 -100.563 -5
      vertex 111.744 -99.4304 -5
      vertex 111.78 -99.2876 -5
    endloop
  endfacet
  facet normal 0 0 -1
    outer loop
      vertex 114.918 -100.563 -5
      vertex 111.694 -99.569 -5
      vertex 111.744 -99.4304 -5
    endloop
  endfacet
  facet normal 0 0 -1
    outer loop
      vertex 114.918 -100.563 -5
      vertex 111.632 -99.702 -5
      vertex 111.694 -99.569 -5
    endloop
  endfacet
  facet normal 0 0 -1
    outer loop
      vertex 114.918 -100.563 -5
      vertex 111.556 -99.8283 -5
      vertex 111.632 -99.702 -5
    endloop
  endfacet
  facet normal 0 0 -1
    outer loop
      vertex 114.918 -100.563 -5
      vertex 111.468 -99.9465 -5
      vertex 111.556 -99.8283 -5
    endloop
  endfacet
  facet normal 0 0 -1
    outer loop
      vertex 114.688 -102.116 -5
      vertex 111.369 -100.056 -5
      vertex 111.468 -99.9465 -5
    endloop
  endfacet
  facet normal 0 0 -1
    outer loop
      vertex 109.735 -100.381 -5
      vertex 112.298 -107.884 -5
      vertex 111.363 -109.145 -5
    endloop
  endfacet
  facet normal 0 0 -1
    outer loop
      vertex 114.688 -102.116 -5
      vertex 111.26 -100.154 -5
      vertex 111.369 -100.056 -5
    endloop
  endfacet
  facet normal 0 0 -1
    outer loop
      vertex 114.688 -102.116 -5
      vertex 111.142 -100.242 -5
      vertex 111.26 -100.154 -5
    endloop
  endfacet
  facet normal 0 0 -1
    outer loop
      vertex 114.306 -103.64 -5
      vertex 111.016 -100.318 -5
      vertex 111.142 -100.242 -5
    endloop
  endfacet
  facet normal 0 0 -1
    outer loop
      vertex 114.306 -103.64 -5
      vertex 110.883 -100.381 -5
      vertex 111.016 -100.318 -5
    endloop
  endfacet
  facet normal 0 0 -1
    outer loop
      vertex 114.306 -103.64 -5
      vertex 110.744 -100.43 -5
      vertex 110.883 -100.381 -5
    endloop
  endfacet
  facet normal 0 0 -1
    outer loop
      vertex 114.306 -103.64 -5
      vertex 110.601 -100.466 -5
      vertex 110.744 -100.43 -5
    endloop
  endfacet
  facet normal 0 0 -1
    outer loop
      vertex 113.777 -105.118 -5
      vertex 110.456 -100.488 -5
      vertex 110.601 -100.466 -5
    endloop
  endfacet
  facet normal 0 0 -1
    outer loop
      vertex 109.475 -100.242 -5
      vertex 111.363 -109.145 -5
      vertex 110.309 -110.309 -5
    endloop
  endfacet
  facet normal 0 0 -1
    outer loop
      vertex 113.777 -105.118 -5
      vertex 110.309 -100.495 -5
      vertex 110.456 -100.488 -5
    endloop
  endfacet
  facet normal 0 0 -1
    outer loop
      vertex 113.106 -106.537 -5
      vertex 110.162 -100.488 -5
      vertex 110.309 -100.495 -5
    endloop
  endfacet
  facet normal 0 0 -1
    outer loop
      vertex 113.106 -106.537 -5
      vertex 110.016 -100.466 -5
      vertex 110.162 -100.488 -5
    endloop
  endfacet
  facet normal 0 0 -1
    outer loop
      vertex 112.298 -107.884 -5
      vertex 109.873 -100.43 -5
      vertex 110.016 -100.466 -5
    endloop
  endfacet
  facet normal 0 0 -1
    outer loop
      vertex 112.298 -107.884 -5
      vertex 109.735 -100.381 -5
      vertex 109.873 -100.43 -5
    endloop
  endfacet
  facet normal 0 0 -1
    outer loop
      vertex 111.363 -109.145 -5
      vertex 109.602 -100.318 -5
      vertex 109.735 -100.381 -5
    endloop
  endfacet
  facet normal 0 0 -1
    outer loop
      vertex 111.363 -109.145 -5
      vertex 109.475 -100.242 -5
      vertex 109.602 -100.318 -5
    endloop
  endfacet
  facet normal 0 0 -1
    outer loop
      vertex 100.381 -109.735 -5
      vertex 107.884 -112.298 -5
      vertex 100.43 -109.873 -5
    endloop
  endfacet
  facet normal 0 0 -1
    outer loop
      vertex 100.43 -109.873 -5
      vertex 107.884 -112.298 -5
      vertex 100.466 -110.016 -5
    endloop
  endfacet
  facet normal 0 0 -1
    outer loop
      vertex 107.884 -112.298 -5
      vertex 100.381 -109.735 -5
      vertex 109.145 -111.363 -5
    endloop
  endfacet
  facet normal 0 0 -1
    outer loop
      vertex 106.537 -113.106 -5
      vertex 100.466 -110.016 -5
      vertex 107.884 -112.298 -5
    endloop
  endfacet
  facet normal 0 0 -1
    outer loop
      vertex 100.318 -109.602 -5
      vertex 109.145 -111.363 -5
      vertex 100.381 -109.735 -5
    endloop
  endfacet
  facet normal 0 0 -1
    outer loop
      vertex 100.242 -109.475 -5
      vertex 109.145 -111.363 -5
      vertex 100.318 -109.602 -5
    endloop
  endfacet
  facet normal 0 0 -1
    outer loop
      vertex 109.145 -111.363 -5
      vertex 100.242 -109.475 -5
      vertex 110.309 -110.309 -5
    endloop
  endfacet
  facet normal 0 0 -1
    outer loop
      vertex 110.309 -110.309 -5
      vertex 100.242 -109.475 -5
      vertex 109.475 -100.242 -5
    endloop
  endfacet
  facet normal -0 0 -1
    outer loop
      vertex 109.475 -100.242 -5
      vertex 100.242 -109.475 -5
      vertex 109.357 -100.154 -5
    endloop
  endfacet
  facet normal 0 0 -1
    outer loop
      vertex 100.154 -109.357 -5
      vertex 109.357 -100.154 -5
      vertex 100.242 -109.475 -5
    endloop
  endfacet
  facet normal -0 0 -1
    outer loop
      vertex 109.357 -100.154 -5
      vertex 100.154 -109.357 -5
      vertex 109.248 -100.056 -5
    endloop
  endfacet
  facet normal 0 0 -1
    outer loop
      vertex 100.466 -110.016 -5
      vertex 106.537 -113.106 -5
      vertex 100.488 -110.162 -5
    endloop
  endfacet
  facet normal 0 0 -1
    outer loop
      vertex 111.556 -98.1616 -5
      vertex 114.918 -97.4267 -5
      vertex 111.632 -98.2879 -5
    endloop
  endfacet
  facet normal 0 0 -1
    outer loop
      vertex 111.468 -98.0434 -5
      vertex 114.918 -97.4267 -5
      vertex 111.556 -98.1616 -5
    endloop
  endfacet
  facet normal -0 0 -1
    outer loop
      vertex 114.918 -97.4267 -5
      vertex 111.468 -98.0434 -5
      vertex 114.688 -95.8735 -5
    endloop
  endfacet
  facet normal 0 0 -1
    outer loop
      vertex 111.369 -97.9343 -5
      vertex 114.688 -95.8735 -5
      vertex 111.468 -98.0434 -5
    endloop
  endfacet
  facet normal 0 0 -1
    outer loop
      vertex 111.26 -97.8354 -5
      vertex 114.688 -95.8735 -5
      vertex 111.369 -97.9343 -5
    endloop
  endfacet
  facet normal 0 0 -1
    outer loop
      vertex 111.142 -97.7477 -5
      vertex 114.688 -95.8735 -5
      vertex 111.26 -97.8354 -5
    endloop
  endfacet
  facet normal -0 0 -1
    outer loop
      vertex 114.688 -95.8735 -5
      vertex 111.142 -97.7477 -5
      vertex 114.306 -94.3504 -5
    endloop
  endfacet
  facet normal 0 0 -1
    outer loop
      vertex 111.016 -97.6721 -5
      vertex 114.306 -94.3504 -5
      vertex 111.142 -97.7477 -5
    endloop
  endfacet
  facet normal 0 0 -1
    outer loop
      vertex 110.883 -97.6091 -5
      vertex 114.306 -94.3504 -5
      vertex 111.016 -97.6721 -5
    endloop
  endfacet
  facet normal 0 0 -1
    outer loop
      vertex 110.744 -97.5595 -5
      vertex 114.306 -94.3504 -5
      vertex 110.883 -97.6091 -5
    endloop
  endfacet
  facet normal 0 0 -1
    outer loop
      vertex 110.601 -97.5238 -5
      vertex 114.306 -94.3504 -5
      vertex 110.744 -97.5595 -5
    endloop
  endfacet
  facet normal -0 0 -1
    outer loop
      vertex 114.306 -94.3504 -5
      vertex 110.601 -97.5238 -5
      vertex 113.777 -92.872 -5
    endloop
  endfacet
  facet normal 0 0 -1
    outer loop
      vertex 110.456 -97.5022 -5
      vertex 113.777 -92.872 -5
      vertex 110.601 -97.5238 -5
    endloop
  endfacet
  facet normal 0 0 -1
    outer loop
      vertex 110.309 -97.4949 -5
      vertex 113.777 -92.872 -5
      vertex 110.456 -97.5022 -5
    endloop
  endfacet
  facet normal -0 0 -1
    outer loop
      vertex 113.777 -92.872 -5
      vertex 110.309 -97.4949 -5
      vertex 113.106 -91.4526 -5
    endloop
  endfacet
  facet normal 0 0 -1
    outer loop
      vertex 110.162 -97.5022 -5
      vertex 113.106 -91.4526 -5
      vertex 110.309 -97.4949 -5
    endloop
  endfacet
  facet normal 0 0 -1
    outer loop
      vertex 110.016 -97.5238 -5
      vertex 113.106 -91.4526 -5
      vertex 110.162 -97.5022 -5
    endloop
  endfacet
  facet normal -0 0 -1
    outer loop
      vertex 113.106 -91.4526 -5
      vertex 110.016 -97.5238 -5
      vertex 112.298 -90.1058 -5
    endloop
  endfacet
  facet normal 0 0 -1
    outer loop
      vertex 109.873 -97.5595 -5
      vertex 112.298 -90.1058 -5
      vertex 110.016 -97.5238 -5
    endloop
  endfacet
  facet normal 0 0 -1
    outer loop
      vertex 109.735 -97.6091 -5
      vertex 112.298 -90.1058 -5
      vertex 109.873 -97.5595 -5
    endloop
  endfacet
  facet normal -0 0 -1
    outer loop
      vertex 112.298 -90.1058 -5
      vertex 109.735 -97.6091 -5
      vertex 111.363 -88.8447 -5
    endloop
  endfacet
  facet normal 0 0 -1
    outer loop
      vertex 109.602 -97.6721 -5
      vertex 111.363 -88.8447 -5
      vertex 109.735 -97.6091 -5
    endloop
  endfacet
  facet normal 0 0 -1
    outer loop
      vertex 109.475 -97.7477 -5
      vertex 111.363 -88.8447 -5
      vertex 109.602 -97.6721 -5
    endloop
  endfacet
  facet normal 0 0 -1
    outer loop
      vertex 100.495 -87.6812 -5
      vertex 109.475 -97.7477 -5
      vertex 109.357 -97.8354 -5
    endloop
  endfacet
  facet normal 0 0 -1
    outer loop
      vertex 100.495 -87.6812 -5
      vertex 109.357 -97.8354 -5
      vertex 109.248 -97.9343 -5
    endloop
  endfacet
  facet normal 0 0 -1
    outer loop
      vertex 100.495 -87.6812 -5
      vertex 109.248 -97.9343 -5
      vertex 109.149 -98.0434 -5
    endloop
  endfacet
  facet normal 0 0 -1
    outer loop
      vertex 100.495 -87.6812 -5
      vertex 109.149 -98.0434 -5
      vertex 109.061 -98.1616 -5
    endloop
  endfacet
  facet normal 0 0 -1
    outer loop
      vertex 100.495 -87.6812 -5
      vertex 109.061 -98.1616 -5
      vertex 108.986 -98.2879 -5
    endloop
  endfacet
  facet normal 0 0 -1
    outer loop
      vertex 100.495 -87.6812 -5
      vertex 108.986 -98.2879 -5
      vertex 108.923 -98.4209 -5
    endloop
  endfacet
  facet normal 0 0 -1
    outer loop
      vertex 100.495 -87.6812 -5
      vertex 108.923 -98.4209 -5
      vertex 108.873 -98.5595 -5
    endloop
  endfacet
  facet normal 0 0 -1
    outer loop
      vertex 100.056 -109.248 -5
      vertex 109.248 -100.056 -5
      vertex 100.154 -109.357 -5
    endloop
  endfacet
  facet normal 0 0 -1
    outer loop
      vertex 100.488 -110.162 -5
      vertex 106.537 -113.106 -5
      vertex 100.495 -110.309 -5
    endloop
  endfacet
  facet normal -0 0 -1
    outer loop
      vertex 109.248 -100.056 -5
      vertex 100.056 -109.248 -5
      vertex 109.149 -99.9465 -5
    endloop
  endfacet
  facet normal 0 0 -1
    outer loop
      vertex 100.495 -110.309 -5
      vertex 106.537 -113.106 -5
      vertex 105.118 -113.777 -5
    endloop
  endfacet
  facet normal 0 0 -1
    outer loop
      vertex 100.488 -110.456 -5
      vertex 105.118 -113.777 -5
      vertex 103.64 -114.306 -5
    endloop
  endfacet
  facet normal 0 0 -1
    outer loop
      vertex 108.809 -98.9949 -5
      vertex 100.495 -87.6812 -5
      vertex 108.816 -98.8479 -5
    endloop
  endfacet
  facet normal 0 0 -1
    outer loop
      vertex 108.816 -98.8479 -5
      vertex 100.495 -87.6812 -5
      vertex 108.837 -98.7023 -5
    endloop
  endfacet
  facet normal 0 0 -1
    outer loop
      vertex 100.488 -110.456 -5
      vertex 103.64 -114.306 -5
      vertex 102.116 -114.688 -5
    endloop
  endfacet
  facet normal 0 0 -1
    outer loop
      vertex 99.9465 -111.468 -5
      vertex 102.116 -114.688 -5
      vertex 100.563 -114.918 -5
    endloop
  endfacet
  facet normal 0 0 -1
    outer loop
      vertex 108.837 -98.7023 -5
      vertex 100.495 -87.6812 -5
      vertex 108.873 -98.5595 -5
    endloop
  endfacet
  facet normal 0 0 -1
    outer loop
      vertex 109.475 -97.7477 -5
      vertex 100.495 -87.6812 -5
      vertex 111.363 -88.8447 -5
    endloop
  endfacet
  facet normal 0 0 -1
    outer loop
      vertex 100.488 -87.5342 -5
      vertex 111.363 -88.8447 -5
      vertex 100.495 -87.6812 -5
    endloop
  endfacet
  facet normal 0 0 -1
    outer loop
      vertex 100.466 -87.3886 -5
      vertex 111.363 -88.8447 -5
      vertex 100.488 -87.5342 -5
    endloop
  endfacet
  facet normal 0 0 -1
    outer loop
      vertex 100.43 -87.2458 -5
      vertex 111.363 -88.8447 -5
      vertex 100.466 -87.3886 -5
    endloop
  endfacet
  facet normal 0 0 -1
    outer loop
      vertex 100.381 -87.1072 -5
      vertex 111.363 -88.8447 -5
      vertex 100.43 -87.2458 -5
    endloop
  endfacet
  facet normal 0 0 -1
    outer loop
      vertex 100.318 -86.9741 -5
      vertex 111.363 -88.8447 -5
      vertex 100.381 -87.1072 -5
    endloop
  endfacet
  facet normal 0 0 -1
    outer loop
      vertex 100.242 -86.8479 -5
      vertex 111.363 -88.8447 -5
      vertex 100.318 -86.9741 -5
    endloop
  endfacet
  facet normal 0 0 -1
    outer loop
      vertex 100.154 -86.7297 -5
      vertex 111.363 -88.8447 -5
      vertex 100.242 -86.8479 -5
    endloop
  endfacet
  facet normal 0 0 -1
    outer loop
      vertex 100.056 -86.6206 -5
      vertex 111.363 -88.8447 -5
      vertex 100.154 -86.7297 -5
    endloop
  endfacet
  facet normal 0 0 -1
    outer loop
      vertex 99.9465 -86.5217 -5
      vertex 111.363 -88.8447 -5
      vertex 100.056 -86.6206 -5
    endloop
  endfacet
  facet normal 0 0 -1
    outer loop
      vertex 99.8283 -86.434 -5
      vertex 111.363 -88.8447 -5
      vertex 99.9465 -86.5217 -5
    endloop
  endfacet
  facet normal 0 0 -1
    outer loop
      vertex 99.702 -86.3584 -5
      vertex 111.363 -88.8447 -5
      vertex 99.8283 -86.434 -5
    endloop
  endfacet
  facet normal 0 0 -1
    outer loop
      vertex 99.569 -86.2954 -5
      vertex 111.363 -88.8447 -5
      vertex 99.702 -86.3584 -5
    endloop
  endfacet
  facet normal 0 0 -1
    outer loop
      vertex 99.4304 -86.2458 -5
      vertex 111.363 -88.8447 -5
      vertex 99.569 -86.2954 -5
    endloop
  endfacet
  facet normal 0 0 -1
    outer loop
      vertex 69.2965 -59.397 -5
      vertex 99.4304 -86.2458 -5
      vertex 99.2876 -86.2101 -5
    endloop
  endfacet
  facet normal -0 0 -1
    outer loop
      vertex 97.5238 -110.601 -5
      vertex 92.872 -113.777 -5
      vertex 97.5022 -110.456 -5
    endloop
  endfacet
  facet normal 0 0 -1
    outer loop
      vertex 88.7419 -97.9343 -5
      vertex 97.9343 -88.7419 -5
      vertex 88.8408 -98.0434 -5
    endloop
  endfacet
  facet normal -0 0 -1
    outer loop
      vertex 97.5022 -110.456 -5
      vertex 92.872 -113.777 -5
      vertex 97.4949 -110.309 -5
    endloop
  endfacet
  facet normal 0 0 -1
    outer loop
      vertex 91.4526 -113.106 -5
      vertex 97.4949 -110.309 -5
      vertex 92.872 -113.777 -5
    endloop
  endfacet
  facet normal -0 0 -1
    outer loop
      vertex 97.9343 -88.7419 -5
      vertex 88.7419 -97.9343 -5
      vertex 97.8354 -88.6328 -5
    endloop
  endfacet
  facet normal 0 0 -1
    outer loop
      vertex 97.5238 -110.016 -5
      vertex 91.4526 -113.106 -5
      vertex 90.1058 -112.298 -5
    endloop
  endfacet
  facet normal -0 0 -1
    outer loop
      vertex 97.6721 -109.602 -5
      vertex 88.8447 -111.363 -5
      vertex 97.7477 -109.475 -5
    endloop
  endfacet
  facet normal 0 0 -1
    outer loop
      vertex 88.6328 -97.8354 -5
      vertex 97.8354 -88.6328 -5
      vertex 88.7419 -97.9343 -5
    endloop
  endfacet
  facet normal -0 0 -1
    outer loop
      vertex 97.8354 -88.6328 -5
      vertex 88.6328 -97.8354 -5
      vertex 97.7477 -88.5146 -5
    endloop
  endfacet
  facet normal 0 0 -1
    outer loop
      vertex 88.5146 -97.7477 -5
      vertex 97.7477 -88.5146 -5
      vertex 88.6328 -97.8354 -5
    endloop
  endfacet
  facet normal -0 0 -1
    outer loop
      vertex 97.7477 -88.5146 -5
      vertex 88.5146 -97.7477 -5
      vertex 97.6721 -88.3883 -5
    endloop
  endfacet
  facet normal 0 0 -1
    outer loop
      vertex 88.3883 -97.6721 -5
      vertex 97.6721 -88.3883 -5
      vertex 88.5146 -97.7477 -5
    endloop
  endfacet
  facet normal -0 0 -1
    outer loop
      vertex 97.6721 -88.3883 -5
      vertex 88.3883 -97.6721 -5
      vertex 97.6091 -88.2553 -5
    endloop
  endfacet
  facet normal 0 0 -1
    outer loop
      vertex 88.2553 -97.6091 -5
      vertex 97.6091 -88.2553 -5
      vertex 88.3883 -97.6721 -5
    endloop
  endfacet
  facet normal -0 0 -1
    outer loop
      vertex 97.6091 -88.2553 -5
      vertex 88.2553 -97.6091 -5
      vertex 97.5595 -88.1167 -5
    endloop
  endfacet
  facet normal 0 0 -1
    outer loop
      vertex 88.1167 -97.5595 -5
      vertex 97.5595 -88.1167 -5
      vertex 88.2553 -97.6091 -5
    endloop
  endfacet
  facet normal -0 0 -1
    outer loop
      vertex 97.5595 -88.1167 -5
      vertex 88.1167 -97.5595 -5
      vertex 97.5238 -87.9739 -5
    endloop
  endfacet
  facet normal 0 0 -1
    outer loop
      vertex 87.9739 -97.5238 -5
      vertex 97.5238 -87.9739 -5
      vertex 88.1167 -97.5595 -5
    endloop
  endfacet
  facet normal -0 0 -1
    outer loop
      vertex 97.5238 -87.9739 -5
      vertex 87.9739 -97.5238 -5
      vertex 97.5022 -87.8283 -5
    endloop
  endfacet
  facet normal 0 0 -1
    outer loop
      vertex 87.8283 -97.5022 -5
      vertex 97.5022 -87.8283 -5
      vertex 87.9739 -97.5238 -5
    endloop
  endfacet
  facet normal -0 0 -1
    outer loop
      vertex 97.5022 -87.8283 -5
      vertex 87.8283 -97.5022 -5
      vertex 97.4949 -87.6812 -5
    endloop
  endfacet
  facet normal 0 0 -1
    outer loop
      vertex 87.6812 -97.4949 -5
      vertex 97.4949 -87.6812 -5
      vertex 87.8283 -97.5022 -5
    endloop
  endfacet
  facet normal -0 0 -1
    outer loop
      vertex 97.4949 -87.6812 -5
      vertex 87.6812 -97.4949 -5
      vertex 97.5022 -87.5342 -5
    endloop
  endfacet
  facet normal 0 0 -1
    outer loop
      vertex 87.5342 -97.5022 -5
      vertex 97.5022 -87.5342 -5
      vertex 87.6812 -97.4949 -5
    endloop
  endfacet
  facet normal -0 0 -1
    outer loop
      vertex 97.5022 -87.5342 -5
      vertex 87.5342 -97.5022 -5
      vertex 97.5238 -87.3886 -5
    endloop
  endfacet
  facet normal 0 0 -1
    outer loop
      vertex 87.3886 -97.5238 -5
      vertex 97.5238 -87.3886 -5
      vertex 87.5342 -97.5022 -5
    endloop
  endfacet
  facet normal -0 0 -1
    outer loop
      vertex 97.5238 -87.3886 -5
      vertex 87.3886 -97.5238 -5
      vertex 97.5595 -87.2458 -5
    endloop
  endfacet
  facet normal 0 0 -1
    outer loop
      vertex 87.2458 -97.5595 -5
      vertex 97.5595 -87.2458 -5
      vertex 87.3886 -97.5238 -5
    endloop
  endfacet
  facet normal -0 0 -1
    outer loop
      vertex 97.5595 -87.2458 -5
      vertex 87.2458 -97.5595 -5
      vertex 97.6091 -87.1072 -5
    endloop
  endfacet
  facet normal 0 0 -1
    outer loop
      vertex 87.1072 -97.6091 -5
      vertex 97.6091 -87.1072 -5
      vertex 87.2458 -97.5595 -5
    endloop
  endfacet
  facet normal 0 0 -1
    outer loop
      vertex 69.2965 -59.397 -5
      vertex 97.6091 -87.1072 -5
      vertex 87.1072 -97.6091 -5
    endloop
  endfacet
  facet normal 0 0 -1
    outer loop
      vertex 97.6091 -87.1072 -5
      vertex 69.2965 -59.397 -5
      vertex 97.6721 -86.9741 -5
    endloop
  endfacet
  facet normal 0 0 -1
    outer loop
      vertex 97.6721 -86.9741 -5
      vertex 69.2965 -59.397 -5
      vertex 97.7477 -86.8479 -5
    endloop
  endfacet
  facet normal 0 0 -1
    outer loop
      vertex 97.7477 -86.8479 -5
      vertex 69.2965 -59.397 -5
      vertex 97.8354 -86.7297 -5
    endloop
  endfacet
  facet normal 0 0 -1
    outer loop
      vertex 69.2965 -59.397 -5
      vertex 87.1072 -97.6091 -5
      vertex 86.9741 -97.6721 -5
    endloop
  endfacet
  facet normal 0 0 -1
    outer loop
      vertex 69.2965 -59.397 -5
      vertex 86.9741 -97.6721 -5
      vertex 86.8479 -97.7477 -5
    endloop
  endfacet
  facet normal 0 0 -1
    outer loop
      vertex 69.2965 -59.397 -5
      vertex 86.8479 -97.7477 -5
      vertex 86.7297 -97.8354 -5
    endloop
  endfacet
  facet normal 0 0 -1
    outer loop
      vertex 69.2965 -59.397 -5
      vertex 86.7297 -97.8354 -5
      vertex 86.6206 -97.9343 -5
    endloop
  endfacet
  facet normal 0 0 -1
    outer loop
      vertex 69.2965 -59.397 -5
      vertex 86.1885 -98.8479 -5
      vertex 86.1812 -98.9949 -5
    endloop
  endfacet
  facet normal 0 0 -1
    outer loop
      vertex 69.2965 -59.397 -5
      vertex 86.2101 -98.7023 -5
      vertex 86.1885 -98.8479 -5
    endloop
  endfacet
  facet normal 0 0 -1
    outer loop
      vertex 69.2965 -59.397 -5
      vertex 86.2458 -98.5595 -5
      vertex 86.2101 -98.7023 -5
    endloop
  endfacet
  facet normal 0 0 -1
    outer loop
      vertex 69.2965 -59.397 -5
      vertex 86.2954 -98.4209 -5
      vertex 86.2458 -98.5595 -5
    endloop
  endfacet
  facet normal 0 0 -1
    outer loop
      vertex 69.2965 -59.397 -5
      vertex 86.3584 -98.2879 -5
      vertex 86.2954 -98.4209 -5
    endloop
  endfacet
  facet normal 0 0 -1
    outer loop
      vertex 69.2965 -59.397 -5
      vertex 86.434 -98.1616 -5
      vertex 86.3584 -98.2879 -5
    endloop
  endfacet
  facet normal 0 0 -1
    outer loop
      vertex 69.2965 -59.397 -5
      vertex 86.5217 -98.0434 -5
      vertex 86.434 -98.1616 -5
    endloop
  endfacet
  facet normal 0 0 -1
    outer loop
      vertex 69.2965 -59.397 -5
      vertex 86.6206 -97.9343 -5
      vertex 86.5217 -98.0434 -5
    endloop
  endfacet
  facet normal 0 0 -1
    outer loop
      vertex 97.8354 -86.7297 -5
      vertex 69.2965 -59.397 -5
      vertex 97.9343 -86.6206 -5
    endloop
  endfacet
  facet normal 0 0 -1
    outer loop
      vertex 69.2965 -59.397 -5
      vertex 98.0434 -86.5217 -5
      vertex 97.9343 -86.6206 -5
    endloop
  endfacet
  facet normal 0 0 -1
    outer loop
      vertex 69.2965 -59.397 -5
      vertex 98.1616 -86.434 -5
      vertex 98.0434 -86.5217 -5
    endloop
  endfacet
  facet normal 0 0 -1
    outer loop
      vertex 69.2965 -59.397 -5
      vertex 98.2879 -86.3584 -5
      vertex 98.1616 -86.434 -5
    endloop
  endfacet
  facet normal 0 0 -1
    outer loop
      vertex 69.2965 -59.397 -5
      vertex 98.4209 -86.2954 -5
      vertex 98.2879 -86.3584 -5
    endloop
  endfacet
  facet normal 0 0 -1
    outer loop
      vertex 69.2965 -59.397 -5
      vertex 98.5595 -86.2458 -5
      vertex 98.4209 -86.2954 -5
    endloop
  endfacet
  facet normal 0 0 -1
    outer loop
      vertex 69.2965 -59.397 -5
      vertex 98.7023 -86.2101 -5
      vertex 98.5595 -86.2458 -5
    endloop
  endfacet
  facet normal 0 0 -1
    outer loop
      vertex 69.2965 -59.397 -5
      vertex 98.8479 -86.1885 -5
      vertex 98.7023 -86.2101 -5
    endloop
  endfacet
  facet normal 0 0 -1
    outer loop
      vertex 69.2965 -59.397 -5
      vertex 98.9949 -86.1812 -5
      vertex 98.8479 -86.1885 -5
    endloop
  endfacet
  facet normal 0 0 -1
    outer loop
      vertex 69.2965 -59.397 -5
      vertex 99.142 -86.1885 -5
      vertex 98.9949 -86.1812 -5
    endloop
  endfacet
  facet normal 0 0 -1
    outer loop
      vertex 69.2965 -59.397 -5
      vertex 99.2876 -86.2101 -5
      vertex 99.142 -86.1885 -5
    endloop
  endfacet
  facet normal 0 0 -1
    outer loop
      vertex 99.4304 -86.2458 -5
      vertex 69.2965 -59.397 -5
      vertex 111.363 -88.8447 -5
    endloop
  endfacet
  facet normal 0 0 -1
    outer loop
      vertex 69.2965 -59.397 -5
      vertex 30.9805 0 -5
      vertex 111.363 -88.8447 -5
    endloop
  endfacet
  facet normal 0 -0 -1
    outer loop
      vertex 30.9805 0 -5
      vertex 69.2965 -59.397 -5
      vertex 26.4321 -16.5326 -5
    endloop
  endfacet
  facet normal -0.994641 -0.103386 0
    outer loop
      vertex -25.5 -25.5 -5
      vertex -26.4321 -16.5326 5
      vertex -26.4321 -16.5326 -5
    endloop
  endfacet
  facet normal -0.994641 -0.103386 0
    outer loop
      vertex -26.4321 -16.5326 5
      vertex -25.5 -25.5 -5
      vertex -25.5 -25.5 5
    endloop
  endfacet
  facet normal -0.103386 0.994641 0
    outer loop
      vertex -16.5326 26.4321 -5
      vertex -25.5 25.5 5
      vertex -16.5326 26.4321 5
    endloop
  endfacet
  facet normal -0.103386 0.994641 0
    outer loop
      vertex -25.5 25.5 5
      vertex -16.5326 26.4321 -5
      vertex -25.5 25.5 -5
    endloop
  endfacet
  facet normal 0.103386 -0.994641 0
    outer loop
      vertex 16.5326 -26.4321 -5
      vertex 25.5 -25.5 5
      vertex 16.5326 -26.4321 5
    endloop
  endfacet
  facet normal 0.103386 -0.994641 0
    outer loop
      vertex 25.5 -25.5 5
      vertex 16.5326 -26.4321 -5
      vertex 25.5 -25.5 -5
    endloop
  endfacet
  facet normal 0 0 1
    outer loop
      vertex 98.8479 108.816 5
      vertex 89.174 99.142 5
      vertex 89.1812 98.9949 5
    endloop
  endfacet
  facet normal 0 0 1
    outer loop
      vertex 97.7477 109.475 5
      vertex 89.1524 99.2876 5
      vertex 89.174 99.142 5
    endloop
  endfacet
  facet normal 0 0 1
    outer loop
      vertex 97.7477 109.475 5
      vertex 89.1167 99.4304 5
      vertex 89.1524 99.2876 5
    endloop
  endfacet
  facet normal 0 0 1
    outer loop
      vertex 97.7477 109.475 5
      vertex 89.0671 99.569 5
      vertex 89.1167 99.4304 5
    endloop
  endfacet
  facet normal 0 0 1
    outer loop
      vertex 97.7477 109.475 5
      vertex 89.0041 99.702 5
      vertex 89.0671 99.569 5
    endloop
  endfacet
  facet normal 0 0 1
    outer loop
      vertex 97.7477 109.475 5
      vertex 88.9284 99.8283 5
      vertex 89.0041 99.702 5
    endloop
  endfacet
  facet normal 0 0 1
    outer loop
      vertex 88.5146 100.242 5
      vertex 97.7477 109.475 5
      vertex 88.8447 111.363 5
    endloop
  endfacet
  facet normal 0 0 1
    outer loop
      vertex 97.7477 109.475 5
      vertex 88.8408 99.9465 5
      vertex 88.9284 99.8283 5
    endloop
  endfacet
  facet normal 0 0 1
    outer loop
      vertex 97.7477 109.475 5
      vertex 88.7419 100.056 5
      vertex 88.8408 99.9465 5
    endloop
  endfacet
  facet normal 0 0 1
    outer loop
      vertex 97.7477 109.475 5
      vertex 88.6328 100.154 5
      vertex 88.7419 100.056 5
    endloop
  endfacet
  facet normal 0 0 1
    outer loop
      vertex 97.7477 109.475 5
      vertex 88.5146 100.242 5
      vertex 88.6328 100.154 5
    endloop
  endfacet
  facet normal 0 0 1
    outer loop
      vertex 88.8447 111.363 5
      vertex 88.3883 100.318 5
      vertex 88.5146 100.242 5
    endloop
  endfacet
  facet normal 0 0 1
    outer loop
      vertex 88.8447 111.363 5
      vertex 88.2553 100.381 5
      vertex 88.3883 100.318 5
    endloop
  endfacet
  facet normal 0 0 1
    outer loop
      vertex 88.8447 111.363 5
      vertex 88.1167 100.43 5
      vertex 88.2553 100.381 5
    endloop
  endfacet
  facet normal 0 0 1
    outer loop
      vertex 88.8447 111.363 5
      vertex 87.9739 100.466 5
      vertex 88.1167 100.43 5
    endloop
  endfacet
  facet normal 0 0 1
    outer loop
      vertex 88.8447 111.363 5
      vertex 87.8283 100.488 5
      vertex 87.9739 100.466 5
    endloop
  endfacet
  facet normal 0 0 1
    outer loop
      vertex 88.8447 111.363 5
      vertex 87.6812 100.495 5
      vertex 87.8283 100.488 5
    endloop
  endfacet
  facet normal 0 0 1
    outer loop
      vertex 88.8447 111.363 5
      vertex 87.5342 100.488 5
      vertex 87.6812 100.495 5
    endloop
  endfacet
  facet normal 0 0 1
    outer loop
      vertex 88.8447 111.363 5
      vertex 87.3886 100.466 5
      vertex 87.5342 100.488 5
    endloop
  endfacet
  facet normal 0 0 1
    outer loop
      vertex 88.8447 111.363 5
      vertex 87.2458 100.43 5
      vertex 87.3886 100.466 5
    endloop
  endfacet
  facet normal 0 0 1
    outer loop
      vertex 88.8447 111.363 5
      vertex 87.1072 100.381 5
      vertex 87.2458 100.43 5
    endloop
  endfacet
  facet normal 0 0 1
    outer loop
      vertex 88.8447 111.363 5
      vertex 86.9741 100.318 5
      vertex 87.1072 100.381 5
    endloop
  endfacet
  facet normal 0 0 1
    outer loop
      vertex 88.8447 111.363 5
      vertex 86.8479 100.242 5
      vertex 86.9741 100.318 5
    endloop
  endfacet
  facet normal 0 0 1
    outer loop
      vertex 88.8447 111.363 5
      vertex 86.7297 100.154 5
      vertex 86.8479 100.242 5
    endloop
  endfacet
  facet normal 0 0 1
    outer loop
      vertex 88.8447 111.363 5
      vertex 86.6206 100.056 5
      vertex 86.7297 100.154 5
    endloop
  endfacet
  facet normal 0 0 1
    outer loop
      vertex 88.8447 111.363 5
      vertex 86.5217 99.9465 5
      vertex 86.6206 100.056 5
    endloop
  endfacet
  facet normal 0 0 1
    outer loop
      vertex 88.8447 111.363 5
      vertex 86.434 99.8283 5
      vertex 86.5217 99.9465 5
    endloop
  endfacet
  facet normal 0 0 1
    outer loop
      vertex 88.8447 111.363 5
      vertex 86.3584 99.702 5
      vertex 86.434 99.8283 5
    endloop
  endfacet
  facet normal 0 0 1
    outer loop
      vertex 88.8447 111.363 5
      vertex 86.2954 99.569 5
      vertex 86.3584 99.702 5
    endloop
  endfacet
  facet normal 0 0 1
    outer loop
      vertex 88.8447 111.363 5
      vertex 86.2458 99.4304 5
      vertex 86.2954 99.569 5
    endloop
  endfacet
  facet normal 0 0 1
    outer loop
      vertex 59.397 69.2965 5
      vertex 86.2458 99.4304 5
      vertex 88.8447 111.363 5
    endloop
  endfacet
  facet normal 0 0 1
    outer loop
      vertex 59.397 69.2965 5
      vertex 86.1812 98.9949 5
      vertex 86.1885 99.142 5
    endloop
  endfacet
  facet normal 0 0 1
    outer loop
      vertex 59.397 69.2965 5
      vertex 86.1885 99.142 5
      vertex 86.2101 99.2876 5
    endloop
  endfacet
  facet normal 0 0 1
    outer loop
      vertex 86.2458 99.4304 5
      vertex 59.397 69.2965 5
      vertex 86.2101 99.2876 5
    endloop
  endfacet
  facet normal 0 0 1
    outer loop
      vertex 86.1812 98.9949 5
      vertex 59.397 69.2965 5
      vertex 69.2965 59.397 5
    endloop
  endfacet
  facet normal 0 0 1
    outer loop
      vertex 0 30.9805 5
      vertex 59.397 69.2965 5
      vertex 88.8447 111.363 5
    endloop
  endfacet
  facet normal 0 0 1
    outer loop
      vertex 0 -30.9805 5
      vertex 30.9805 0 5
      vertex 0 30.9805 5
    endloop
  endfacet
  facet normal 0 0 1
    outer loop
      vertex 59.397 69.2965 5
      vertex 0 30.9805 5
      vertex 16.5326 26.4321 5
    endloop
  endfacet
  facet normal -0 0 1
    outer loop
      vertex 99.9465 -88.8408 5
      vertex 109.149 -98.0434 5
      vertex 100.056 -88.7419 5
    endloop
  endfacet
  facet normal 0 0 1
    outer loop
      vertex 108.809 -98.9949 5
      vertex 100.488 -110.162 5
      vertex 100.495 -110.309 5
    endloop
  endfacet
  facet normal 0 0 1
    outer loop
      vertex 109.149 -98.0434 5
      vertex 99.9465 -88.8408 5
      vertex 109.061 -98.1616 5
    endloop
  endfacet
  facet normal 0 0 1
    outer loop
      vertex 108.809 -98.9949 5
      vertex 100.466 -110.016 5
      vertex 100.488 -110.162 5
    endloop
  endfacet
  facet normal -0 0 1
    outer loop
      vertex 99.8283 -88.9284 5
      vertex 109.061 -98.1616 5
      vertex 99.9465 -88.8408 5
    endloop
  endfacet
  facet normal 0 0 1
    outer loop
      vertex 108.809 -98.9949 5
      vertex 100.43 -109.873 5
      vertex 100.466 -110.016 5
    endloop
  endfacet
  facet normal 0 0 1
    outer loop
      vertex 109.061 -98.1616 5
      vertex 99.8283 -88.9284 5
      vertex 108.986 -98.2879 5
    endloop
  endfacet
  facet normal 0 0 1
    outer loop
      vertex 108.809 -98.9949 5
      vertex 100.381 -109.735 5
      vertex 100.43 -109.873 5
    endloop
  endfacet
  facet normal -0 0 1
    outer loop
      vertex 99.702 -89.0041 5
      vertex 108.986 -98.2879 5
      vertex 99.8283 -88.9284 5
    endloop
  endfacet
  facet normal 0 0 1
    outer loop
      vertex 108.809 -98.9949 5
      vertex 100.318 -109.602 5
      vertex 100.381 -109.735 5
    endloop
  endfacet
  facet normal 0 0 1
    outer loop
      vertex 108.809 -98.9949 5
      vertex 100.242 -109.475 5
      vertex 100.318 -109.602 5
    endloop
  endfacet
  facet normal 0 0 1
    outer loop
      vertex 108.986 -98.2879 5
      vertex 99.702 -89.0041 5
      vertex 108.923 -98.4209 5
    endloop
  endfacet
  facet normal -0 0 1
    outer loop
      vertex 99.569 -89.0671 5
      vertex 108.923 -98.4209 5
      vertex 99.702 -89.0041 5
    endloop
  endfacet
  facet normal 0 0 1
    outer loop
      vertex 108.809 -98.9949 5
      vertex 100.154 -109.357 5
      vertex 100.242 -109.475 5
    endloop
  endfacet
  facet normal 0 0 1
    outer loop
      vertex 108.923 -98.4209 5
      vertex 99.569 -89.0671 5
      vertex 108.873 -98.5595 5
    endloop
  endfacet
  facet normal 0 0 1
    outer loop
      vertex 108.809 -98.9949 5
      vertex 100.056 -109.248 5
      vertex 100.154 -109.357 5
    endloop
  endfacet
  facet normal -0 0 1
    outer loop
      vertex 99.4304 -89.1167 5
      vertex 108.873 -98.5595 5
      vertex 99.569 -89.0671 5
    endloop
  endfacet
  facet normal 0 0 1
    outer loop
      vertex 108.809 -98.9949 5
      vertex 99.9465 -109.149 5
      vertex 100.056 -109.248 5
    endloop
  endfacet
  facet normal 0 0 1
    outer loop
      vertex 108.809 -98.9949 5
      vertex 99.8283 -109.061 5
      vertex 99.9465 -109.149 5
    endloop
  endfacet
  facet normal 0 0 1
    outer loop
      vertex 108.873 -98.5595 5
      vertex 99.4304 -89.1167 5
      vertex 108.837 -98.7023 5
    endloop
  endfacet
  facet normal -0 0 1
    outer loop
      vertex 99.2876 -89.1524 5
      vertex 108.837 -98.7023 5
      vertex 99.4304 -89.1167 5
    endloop
  endfacet
  facet normal 0 0 1
    outer loop
      vertex 108.809 -98.9949 5
      vertex 99.702 -108.986 5
      vertex 99.8283 -109.061 5
    endloop
  endfacet
  facet normal 0 0 1
    outer loop
      vertex 108.837 -98.7023 5
      vertex 99.2876 -89.1524 5
      vertex 108.816 -98.8479 5
    endloop
  endfacet
  facet normal 0 0 1
    outer loop
      vertex 108.809 -98.9949 5
      vertex 99.569 -108.923 5
      vertex 99.702 -108.986 5
    endloop
  endfacet
  facet normal -0 0 1
    outer loop
      vertex 99.142 -89.174 5
      vertex 108.816 -98.8479 5
      vertex 99.2876 -89.1524 5
    endloop
  endfacet
  facet normal 0 0 1
    outer loop
      vertex 108.809 -98.9949 5
      vertex 99.4304 -108.873 5
      vertex 99.569 -108.923 5
    endloop
  endfacet
  facet normal 0 0 1
    outer loop
      vertex 108.816 -98.8479 5
      vertex 99.142 -89.174 5
      vertex 108.809 -98.9949 5
    endloop
  endfacet
  facet normal 0 0 1
    outer loop
      vertex 108.809 -98.9949 5
      vertex 99.2876 -108.837 5
      vertex 99.4304 -108.873 5
    endloop
  endfacet
  facet normal -0 0 1
    outer loop
      vertex 98.9949 -89.1812 5
      vertex 108.809 -98.9949 5
      vertex 99.142 -89.174 5
    endloop
  endfacet
  facet normal 0 0 1
    outer loop
      vertex 108.809 -98.9949 5
      vertex 99.142 -108.816 5
      vertex 99.2876 -108.837 5
    endloop
  endfacet
  facet normal 0 0 1
    outer loop
      vertex 98.9949 -108.809 5
      vertex 108.809 -98.9949 5
      vertex 98.9949 -89.1812 5
    endloop
  endfacet
  facet normal 0 0 1
    outer loop
      vertex 108.809 -98.9949 5
      vertex 98.9949 -108.809 5
      vertex 99.142 -108.816 5
    endloop
  endfacet
  facet normal 0 0 1
    outer loop
      vertex 89.1812 -98.9949 5
      vertex 98.9949 -89.1812 5
      vertex 98.8479 -89.174 5
    endloop
  endfacet
  facet normal 0 0 1
    outer loop
      vertex 98.9949 -89.1812 5
      vertex 89.1812 -98.9949 5
      vertex 98.9949 -108.809 5
    endloop
  endfacet
  facet normal 0 0 1
    outer loop
      vertex 89.174 -98.8479 5
      vertex 98.8479 -89.174 5
      vertex 98.7023 -89.1524 5
    endloop
  endfacet
  facet normal 0 0 1
    outer loop
      vertex 98.9949 -108.809 5
      vertex 89.1812 -98.9949 5
      vertex 98.8479 -108.816 5
    endloop
  endfacet
  facet normal 0 0 1
    outer loop
      vertex 89.1524 -98.7023 5
      vertex 98.7023 -89.1524 5
      vertex 98.5595 -89.1167 5
    endloop
  endfacet
  facet normal -0 0 1
    outer loop
      vertex 89.174 -99.142 5
      vertex 98.8479 -108.816 5
      vertex 89.1812 -98.9949 5
    endloop
  endfacet
  facet normal 0 0 1
    outer loop
      vertex 89.1167 -98.5595 5
      vertex 98.5595 -89.1167 5
      vertex 98.4209 -89.0671 5
    endloop
  endfacet
  facet normal 0 0 1
    outer loop
      vertex 98.8479 -108.816 5
      vertex 89.174 -99.142 5
      vertex 98.7023 -108.837 5
    endloop
  endfacet
  facet normal 0 0 1
    outer loop
      vertex 89.0671 -98.4209 5
      vertex 98.4209 -89.0671 5
      vertex 98.2879 -89.0041 5
    endloop
  endfacet
  facet normal -0 0 1
    outer loop
      vertex 89.1524 -99.2876 5
      vertex 98.7023 -108.837 5
      vertex 89.174 -99.142 5
    endloop
  endfacet
  facet normal 0 0 1
    outer loop
      vertex 89.0041 -98.2879 5
      vertex 98.2879 -89.0041 5
      vertex 98.1616 -88.9284 5
    endloop
  endfacet
  facet normal 0 0 1
    outer loop
      vertex 98.7023 -108.837 5
      vertex 89.1524 -99.2876 5
      vertex 98.5595 -108.873 5
    endloop
  endfacet
  facet normal 0 0 1
    outer loop
      vertex 88.9284 -98.1616 5
      vertex 98.1616 -88.9284 5
      vertex 98.0434 -88.8408 5
    endloop
  endfacet
  facet normal -0 0 1
    outer loop
      vertex 89.1167 -99.4304 5
      vertex 98.5595 -108.873 5
      vertex 89.1524 -99.2876 5
    endloop
  endfacet
  facet normal 0 0 1
    outer loop
      vertex 88.8408 -98.0434 5
      vertex 98.0434 -88.8408 5
      vertex 97.9343 -88.7419 5
    endloop
  endfacet
  facet normal 0 0 1
    outer loop
      vertex 98.5595 -108.873 5
      vertex 89.1167 -99.4304 5
      vertex 98.4209 -108.923 5
    endloop
  endfacet
  facet normal 0 0 1
    outer loop
      vertex 88.7419 -97.9343 5
      vertex 97.9343 -88.7419 5
      vertex 97.8354 -88.6328 5
    endloop
  endfacet
  facet normal -0 0 1
    outer loop
      vertex 89.0671 -99.569 5
      vertex 98.4209 -108.923 5
      vertex 89.1167 -99.4304 5
    endloop
  endfacet
  facet normal 0 0 1
    outer loop
      vertex 88.6328 -97.8354 5
      vertex 97.8354 -88.6328 5
      vertex 97.7477 -88.5146 5
    endloop
  endfacet
  facet normal 0 0 1
    outer loop
      vertex 98.4209 -108.923 5
      vertex 89.0671 -99.569 5
      vertex 98.2879 -108.986 5
    endloop
  endfacet
  facet normal 0 0 1
    outer loop
      vertex 88.5146 -97.7477 5
      vertex 97.7477 -88.5146 5
      vertex 97.6721 -88.3883 5
    endloop
  endfacet
  facet normal -0 0 1
    outer loop
      vertex 89.0041 -99.702 5
      vertex 98.2879 -108.986 5
      vertex 89.0671 -99.569 5
    endloop
  endfacet
  facet normal 0 0 1
    outer loop
      vertex 88.3883 -97.6721 5
      vertex 97.6721 -88.3883 5
      vertex 97.6091 -88.2553 5
    endloop
  endfacet
  facet normal 0 0 1
    outer loop
      vertex 98.2879 -108.986 5
      vertex 89.0041 -99.702 5
      vertex 98.1616 -109.061 5
    endloop
  endfacet
  facet normal 0 0 1
    outer loop
      vertex 88.2553 -97.6091 5
      vertex 97.6091 -88.2553 5
      vertex 97.5595 -88.1167 5
    endloop
  endfacet
  facet normal -0 0 1
    outer loop
      vertex 88.9284 -99.8283 5
      vertex 98.1616 -109.061 5
      vertex 89.0041 -99.702 5
    endloop
  endfacet
  facet normal 0 0 1
    outer loop
      vertex 88.1167 -97.5595 5
      vertex 97.5595 -88.1167 5
      vertex 97.5238 -87.9739 5
    endloop
  endfacet
  facet normal 0 0 1
    outer loop
      vertex 98.1616 -109.061 5
      vertex 88.9284 -99.8283 5
      vertex 98.0434 -109.149 5
    endloop
  endfacet
  facet normal 0 0 1
    outer loop
      vertex 87.9739 -97.5238 5
      vertex 97.5238 -87.9739 5
      vertex 97.5022 -87.8283 5
    endloop
  endfacet
  facet normal -0 0 1
    outer loop
      vertex 88.8408 -99.9465 5
      vertex 98.0434 -109.149 5
      vertex 88.9284 -99.8283 5
    endloop
  endfacet
  facet normal 0 0 1
    outer loop
      vertex 87.8283 -97.5022 5
      vertex 97.5022 -87.8283 5
      vertex 97.4949 -87.6812 5
    endloop
  endfacet
  facet normal 0 0 1
    outer loop
      vertex 98.0434 -109.149 5
      vertex 88.8408 -99.9465 5
      vertex 97.9343 -109.248 5
    endloop
  endfacet
  facet normal -0 0 1
    outer loop
      vertex 111.78 -98.7023 5
      vertex 114.995 -98.9949 5
      vertex 114.918 -97.4267 5
    endloop
  endfacet
  facet normal 0 0 1
    outer loop
      vertex 111.468 -98.0434 5
      vertex 114.918 -97.4267 5
      vertex 114.688 -95.8735 5
    endloop
  endfacet
  facet normal 0 0 1
    outer loop
      vertex 114.995 -98.9949 5
      vertex 111.78 -98.7023 5
      vertex 111.801 -98.8479 5
    endloop
  endfacet
  facet normal 0 0 1
    outer loop
      vertex 111.142 -97.7477 5
      vertex 114.688 -95.8735 5
      vertex 114.306 -94.3504 5
    endloop
  endfacet
  facet normal 0 0 1
    outer loop
      vertex 111.801 -99.142 5
      vertex 114.995 -98.9949 5
      vertex 111.809 -98.9949 5
    endloop
  endfacet
  facet normal 0 0 1
    outer loop
      vertex 110.601 -97.5238 5
      vertex 114.306 -94.3504 5
      vertex 113.777 -92.872 5
    endloop
  endfacet
  facet normal 0 0 1
    outer loop
      vertex 111.78 -99.2876 5
      vertex 114.995 -98.9949 5
      vertex 111.801 -99.142 5
    endloop
  endfacet
  facet normal 0 0 1
    outer loop
      vertex 110.309 -97.4949 5
      vertex 113.777 -92.872 5
      vertex 113.106 -91.4526 5
    endloop
  endfacet
  facet normal 0 0 1
    outer loop
      vertex 114.995 -98.9949 5
      vertex 111.78 -99.2876 5
      vertex 114.918 -100.563 5
    endloop
  endfacet
  facet normal 0 0 1
    outer loop
      vertex 110.016 -97.5238 5
      vertex 113.106 -91.4526 5
      vertex 112.298 -90.1058 5
    endloop
  endfacet
  facet normal -0 0 1
    outer loop
      vertex 111.744 -99.4304 5
      vertex 114.918 -100.563 5
      vertex 111.78 -99.2876 5
    endloop
  endfacet
  facet normal -0 0 1
    outer loop
      vertex 111.632 -99.702 5
      vertex 114.918 -100.563 5
      vertex 111.694 -99.569 5
    endloop
  endfacet
  facet normal -0 0 1
    outer loop
      vertex 111.694 -99.569 5
      vertex 114.918 -100.563 5
      vertex 111.744 -99.4304 5
    endloop
  endfacet
  facet normal 0 0 1
    outer loop
      vertex 114.995 -98.9949 5
      vertex 111.801 -98.8479 5
      vertex 111.809 -98.9949 5
    endloop
  endfacet
  facet normal 0 0 1
    outer loop
      vertex 114.918 -97.4267 5
      vertex 111.744 -98.5595 5
      vertex 111.78 -98.7023 5
    endloop
  endfacet
  facet normal 0 0 1
    outer loop
      vertex 114.918 -97.4267 5
      vertex 111.694 -98.4209 5
      vertex 111.744 -98.5595 5
    endloop
  endfacet
  facet normal 0 0 1
    outer loop
      vertex 114.918 -97.4267 5
      vertex 111.632 -98.2879 5
      vertex 111.694 -98.4209 5
    endloop
  endfacet
  facet normal 0 0 1
    outer loop
      vertex 114.918 -97.4267 5
      vertex 111.556 -98.1616 5
      vertex 111.632 -98.2879 5
    endloop
  endfacet
  facet normal 0 0 1
    outer loop
      vertex 114.918 -97.4267 5
      vertex 111.468 -98.0434 5
      vertex 111.556 -98.1616 5
    endloop
  endfacet
  facet normal 0 0 1
    outer loop
      vertex 114.688 -95.8735 5
      vertex 111.369 -97.9343 5
      vertex 111.468 -98.0434 5
    endloop
  endfacet
  facet normal 0 0 1
    outer loop
      vertex 109.735 -97.6091 5
      vertex 112.298 -90.1058 5
      vertex 111.363 -88.8447 5
    endloop
  endfacet
  facet normal 0 0 1
    outer loop
      vertex 114.688 -95.8735 5
      vertex 111.26 -97.8354 5
      vertex 111.369 -97.9343 5
    endloop
  endfacet
  facet normal 0 0 1
    outer loop
      vertex 114.688 -95.8735 5
      vertex 111.142 -97.7477 5
      vertex 111.26 -97.8354 5
    endloop
  endfacet
  facet normal 0 0 1
    outer loop
      vertex 114.306 -94.3504 5
      vertex 111.016 -97.6721 5
      vertex 111.142 -97.7477 5
    endloop
  endfacet
  facet normal 0 0 1
    outer loop
      vertex 114.306 -94.3504 5
      vertex 110.883 -97.6091 5
      vertex 111.016 -97.6721 5
    endloop
  endfacet
  facet normal 0 0 1
    outer loop
      vertex 114.306 -94.3504 5
      vertex 110.744 -97.5595 5
      vertex 110.883 -97.6091 5
    endloop
  endfacet
  facet normal 0 0 1
    outer loop
      vertex 114.306 -94.3504 5
      vertex 110.601 -97.5238 5
      vertex 110.744 -97.5595 5
    endloop
  endfacet
  facet normal 0 0 1
    outer loop
      vertex 113.777 -92.872 5
      vertex 110.456 -97.5022 5
      vertex 110.601 -97.5238 5
    endloop
  endfacet
  facet normal 0 0 1
    outer loop
      vertex 113.777 -92.872 5
      vertex 110.309 -97.4949 5
      vertex 110.456 -97.5022 5
    endloop
  endfacet
  facet normal 0 0 1
    outer loop
      vertex 113.106 -91.4526 5
      vertex 110.162 -97.5022 5
      vertex 110.309 -97.4949 5
    endloop
  endfacet
  facet normal 0 0 1
    outer loop
      vertex 113.106 -91.4526 5
      vertex 110.016 -97.5238 5
      vertex 110.162 -97.5022 5
    endloop
  endfacet
  facet normal 0 0 1
    outer loop
      vertex 112.298 -90.1058 5
      vertex 109.873 -97.5595 5
      vertex 110.016 -97.5238 5
    endloop
  endfacet
  facet normal 0 0 1
    outer loop
      vertex 112.298 -90.1058 5
      vertex 109.735 -97.6091 5
      vertex 109.873 -97.5595 5
    endloop
  endfacet
  facet normal 0 0 1
    outer loop
      vertex 111.363 -88.8447 5
      vertex 109.602 -97.6721 5
      vertex 109.735 -97.6091 5
    endloop
  endfacet
  facet normal 0 0 1
    outer loop
      vertex 111.363 -88.8447 5
      vertex 109.475 -97.7477 5
      vertex 109.602 -97.6721 5
    endloop
  endfacet
  facet normal -0 0 1
    outer loop
      vertex 100.488 -87.8283 5
      vertex 111.363 -88.8447 5
      vertex 100.495 -87.6812 5
    endloop
  endfacet
  facet normal -0 0 1
    outer loop
      vertex 100.466 -87.9739 5
      vertex 111.363 -88.8447 5
      vertex 100.488 -87.8283 5
    endloop
  endfacet
  facet normal -0 0 1
    outer loop
      vertex 100.43 -88.1167 5
      vertex 111.363 -88.8447 5
      vertex 100.466 -87.9739 5
    endloop
  endfacet
  facet normal -0 0 1
    outer loop
      vertex 100.381 -88.2553 5
      vertex 111.363 -88.8447 5
      vertex 100.43 -88.1167 5
    endloop
  endfacet
  facet normal -0 0 1
    outer loop
      vertex 100.318 -88.3883 5
      vertex 111.363 -88.8447 5
      vertex 100.381 -88.2553 5
    endloop
  endfacet
  facet normal -0 0 1
    outer loop
      vertex 100.242 -88.5146 5
      vertex 111.363 -88.8447 5
      vertex 100.318 -88.3883 5
    endloop
  endfacet
  facet normal 0 0 1
    outer loop
      vertex 111.363 -88.8447 5
      vertex 100.242 -88.5146 5
      vertex 109.475 -97.7477 5
    endloop
  endfacet
  facet normal -0 0 1
    outer loop
      vertex 100.056 -88.7419 5
      vertex 109.248 -97.9343 5
      vertex 100.154 -88.6328 5
    endloop
  endfacet
  facet normal 0 0 1
    outer loop
      vertex 108.809 -98.9949 5
      vertex 100.495 -110.309 5
      vertex 107.884 -112.298 5
    endloop
  endfacet
  facet normal 0 0 1
    outer loop
      vertex 109.357 -97.8354 5
      vertex 100.154 -88.6328 5
      vertex 109.248 -97.9343 5
    endloop
  endfacet
  facet normal 0 0 1
    outer loop
      vertex 107.884 -112.298 5
      vertex 100.495 -110.309 5
      vertex 106.537 -113.106 5
    endloop
  endfacet
  facet normal 0 0 1
    outer loop
      vertex 106.537 -113.106 5
      vertex 100.495 -110.309 5
      vertex 105.118 -113.777 5
    endloop
  endfacet
  facet normal -0 0 1
    outer loop
      vertex 100.154 -88.6328 5
      vertex 109.357 -97.8354 5
      vertex 100.242 -88.5146 5
    endloop
  endfacet
  facet normal 0 0 1
    outer loop
      vertex 109.475 -97.7477 5
      vertex 100.242 -88.5146 5
      vertex 109.357 -97.8354 5
    endloop
  endfacet
  facet normal -0 0 1
    outer loop
      vertex 100.488 -110.456 5
      vertex 105.118 -113.777 5
      vertex 100.495 -110.309 5
    endloop
  endfacet
  facet normal -0 0 1
    outer loop
      vertex 100.466 -110.601 5
      vertex 105.118 -113.777 5
      vertex 100.488 -110.456 5
    endloop
  endfacet
  facet normal 0 0 1
    outer loop
      vertex 109.248 -97.9343 5
      vertex 100.056 -88.7419 5
      vertex 109.149 -98.0434 5
    endloop
  endfacet
  facet normal 0 0 1
    outer loop
      vertex 111.363 -88.8447 5
      vertex 100.488 -87.5342 5
      vertex 100.495 -87.6812 5
    endloop
  endfacet
  facet normal 0 0 1
    outer loop
      vertex 111.363 -88.8447 5
      vertex 100.466 -87.3886 5
      vertex 100.488 -87.5342 5
    endloop
  endfacet
  facet normal 0 0 1
    outer loop
      vertex 111.363 -88.8447 5
      vertex 100.43 -87.2458 5
      vertex 100.466 -87.3886 5
    endloop
  endfacet
  facet normal 0 0 1
    outer loop
      vertex 111.363 -88.8447 5
      vertex 100.381 -87.1072 5
      vertex 100.43 -87.2458 5
    endloop
  endfacet
  facet normal 0 0 1
    outer loop
      vertex 111.363 -88.8447 5
      vertex 100.318 -86.9741 5
      vertex 100.381 -87.1072 5
    endloop
  endfacet
  facet normal 0 0 1
    outer loop
      vertex 111.363 -88.8447 5
      vertex 100.242 -86.8479 5
      vertex 100.318 -86.9741 5
    endloop
  endfacet
  facet normal 0 0 1
    outer loop
      vertex 111.363 -88.8447 5
      vertex 100.154 -86.7297 5
      vertex 100.242 -86.8479 5
    endloop
  endfacet
  facet normal 0 0 1
    outer loop
      vertex 111.363 -88.8447 5
      vertex 100.056 -86.6206 5
      vertex 100.154 -86.7297 5
    endloop
  endfacet
  facet normal 0 0 1
    outer loop
      vertex 111.363 -88.8447 5
      vertex 99.9465 -86.5217 5
      vertex 100.056 -86.6206 5
    endloop
  endfacet
  facet normal 0 0 1
    outer loop
      vertex 111.363 -88.8447 5
      vertex 99.8283 -86.434 5
      vertex 99.9465 -86.5217 5
    endloop
  endfacet
  facet normal 0 0 1
    outer loop
      vertex 111.363 -88.8447 5
      vertex 99.702 -86.3584 5
      vertex 99.8283 -86.434 5
    endloop
  endfacet
  facet normal 0 0 1
    outer loop
      vertex 111.363 -88.8447 5
      vertex 99.569 -86.2954 5
      vertex 99.702 -86.3584 5
    endloop
  endfacet
  facet normal 0 0 1
    outer loop
      vertex 111.363 -88.8447 5
      vertex 99.4304 -86.2458 5
      vertex 99.569 -86.2954 5
    endloop
  endfacet
  facet normal 0 0 1
    outer loop
      vertex 69.2965 -59.397 5
      vertex 99.4304 -86.2458 5
      vertex 111.363 -88.8447 5
    endloop
  endfacet
  facet normal -0 0 1
    outer loop
      vertex 88.7419 -100.056 5
      vertex 97.9343 -109.248 5
      vertex 88.8408 -99.9465 5
    endloop
  endfacet
  facet normal 0 0 1
    outer loop
      vertex 97.8354 -109.357 5
      vertex 88.6328 -100.154 5
      vertex 97.7477 -109.475 5
    endloop
  endfacet
  facet normal 0 0 1
    outer loop
      vertex 87.6812 -97.4949 5
      vertex 97.4949 -87.6812 5
      vertex 97.5022 -87.5342 5
    endloop
  endfacet
  facet normal -0 0 1
    outer loop
      vertex 88.5146 -100.242 5
      vertex 97.7477 -109.475 5
      vertex 88.6328 -100.154 5
    endloop
  endfacet
  facet normal 0 -0 1
    outer loop
      vertex 88.8447 -111.363 5
      vertex 97.7477 -109.475 5
      vertex 88.5146 -100.242 5
    endloop
  endfacet
  facet normal 0 0 1
    outer loop
      vertex 87.5342 -97.5022 5
      vertex 97.5022 -87.5342 5
      vertex 97.5238 -87.3886 5
    endloop
  endfacet
  facet normal 0 0 1
    outer loop
      vertex 97.7477 -109.475 5
      vertex 88.8447 -111.363 5
      vertex 97.6721 -109.602 5
    endloop
  endfacet
  facet normal 0 0 1
    outer loop
      vertex 97.4949 -110.309 5
      vertex 95.8735 -114.688 5
      vertex 97.4267 -114.918 5
    endloop
  endfacet
  facet normal 0 0 1
    outer loop
      vertex 87.3886 -97.5238 5
      vertex 97.5238 -87.3886 5
      vertex 97.5595 -87.2458 5
    endloop
  endfacet
  facet normal 0 0 1
    outer loop
      vertex 97.9343 -109.248 5
      vertex 88.7419 -100.056 5
      vertex 97.8354 -109.357 5
    endloop
  endfacet
  facet normal 0 0 1
    outer loop
      vertex 87.2458 -97.5595 5
      vertex 97.5595 -87.2458 5
      vertex 97.6091 -87.1072 5
    endloop
  endfacet
  facet normal 0 0 1
    outer loop
      vertex 69.2965 -59.397 5
      vertex 97.6091 -87.1072 5
      vertex 97.6721 -86.9741 5
    endloop
  endfacet
  facet normal 0 0 1
    outer loop
      vertex 69.2965 -59.397 5
      vertex 97.6721 -86.9741 5
      vertex 97.7477 -86.8479 5
    endloop
  endfacet
  facet normal 0 0 1
    outer loop
      vertex 98.8479 -89.174 5
      vertex 89.174 -98.8479 5
      vertex 89.1812 -98.9949 5
    endloop
  endfacet
  facet normal 0 0 1
    outer loop
      vertex 98.7023 -89.1524 5
      vertex 89.1524 -98.7023 5
      vertex 89.174 -98.8479 5
    endloop
  endfacet
  facet normal 0 0 1
    outer loop
      vertex 98.5595 -89.1167 5
      vertex 89.1167 -98.5595 5
      vertex 89.1524 -98.7023 5
    endloop
  endfacet
  facet normal 0 0 1
    outer loop
      vertex 98.4209 -89.0671 5
      vertex 89.0671 -98.4209 5
      vertex 89.1167 -98.5595 5
    endloop
  endfacet
  facet normal 0 0 1
    outer loop
      vertex 69.2965 -59.397 5
      vertex 97.7477 -86.8479 5
      vertex 97.8354 -86.7297 5
    endloop
  endfacet
  facet normal 0 0 1
    outer loop
      vertex 98.2879 -89.0041 5
      vertex 89.0041 -98.2879 5
      vertex 89.0671 -98.4209 5
    endloop
  endfacet
  facet normal 0 0 1
    outer loop
      vertex 98.1616 -88.9284 5
      vertex 88.9284 -98.1616 5
      vertex 89.0041 -98.2879 5
    endloop
  endfacet
  facet normal 0 0 1
    outer loop
      vertex 98.0434 -88.8408 5
      vertex 88.8408 -98.0434 5
      vertex 88.9284 -98.1616 5
    endloop
  endfacet
  facet normal 0 0 1
    outer loop
      vertex 97.9343 -88.7419 5
      vertex 88.7419 -97.9343 5
      vertex 88.8408 -98.0434 5
    endloop
  endfacet
  facet normal 0 0 1
    outer loop
      vertex 97.8354 -88.6328 5
      vertex 88.6328 -97.8354 5
      vertex 88.7419 -97.9343 5
    endloop
  endfacet
  facet normal 0 0 1
    outer loop
      vertex 97.7477 -88.5146 5
      vertex 88.5146 -97.7477 5
      vertex 88.6328 -97.8354 5
    endloop
  endfacet
  facet normal 0 0 1
    outer loop
      vertex 97.6721 -88.3883 5
      vertex 88.3883 -97.6721 5
      vertex 88.5146 -97.7477 5
    endloop
  endfacet
  facet normal 0 0 1
    outer loop
      vertex 97.6091 -88.2553 5
      vertex 88.2553 -97.6091 5
      vertex 88.3883 -97.6721 5
    endloop
  endfacet
  facet normal 0 0 1
    outer loop
      vertex 97.5595 -88.1167 5
      vertex 88.1167 -97.5595 5
      vertex 88.2553 -97.6091 5
    endloop
  endfacet
  facet normal 0 0 1
    outer loop
      vertex 97.5238 -87.9739 5
      vertex 87.9739 -97.5238 5
      vertex 88.1167 -97.5595 5
    endloop
  endfacet
  facet normal 0 0 1
    outer loop
      vertex 69.2965 -59.397 5
      vertex 97.8354 -86.7297 5
      vertex 97.9343 -86.6206 5
    endloop
  endfacet
  facet normal 0 0 1
    outer loop
      vertex 97.5022 -87.8283 5
      vertex 87.8283 -97.5022 5
      vertex 87.9739 -97.5238 5
    endloop
  endfacet
  facet normal 0 0 1
    outer loop
      vertex 97.4949 -87.6812 5
      vertex 87.6812 -97.4949 5
      vertex 87.8283 -97.5022 5
    endloop
  endfacet
  facet normal 0 0 1
    outer loop
      vertex 97.5022 -87.5342 5
      vertex 87.5342 -97.5022 5
      vertex 87.6812 -97.4949 5
    endloop
  endfacet
  facet normal 0 0 1
    outer loop
      vertex 97.5238 -87.3886 5
      vertex 87.3886 -97.5238 5
      vertex 87.5342 -97.5022 5
    endloop
  endfacet
  facet normal 0 0 1
    outer loop
      vertex 97.5595 -87.2458 5
      vertex 87.2458 -97.5595 5
      vertex 87.3886 -97.5238 5
    endloop
  endfacet
  facet normal 0 0 1
    outer loop
      vertex 97.6091 -87.1072 5
      vertex 87.1072 -97.6091 5
      vertex 87.2458 -97.5595 5
    endloop
  endfacet
  facet normal 0 0 1
    outer loop
      vertex 97.6091 -87.1072 5
      vertex 69.2965 -59.397 5
      vertex 87.1072 -97.6091 5
    endloop
  endfacet
  facet normal -0 0 1
    outer loop
      vertex 59.397 -69.2965 5
      vertex 87.1072 -97.6091 5
      vertex 69.2965 -59.397 5
    endloop
  endfacet
  facet normal 0 0 1
    outer loop
      vertex 87.1072 -97.6091 5
      vertex 59.397 -69.2965 5
      vertex 86.9741 -97.6721 5
    endloop
  endfacet
  facet normal 0 0 1
    outer loop
      vertex 86.9741 -97.6721 5
      vertex 59.397 -69.2965 5
      vertex 86.8479 -97.7477 5
    endloop
  endfacet
  facet normal 0 0 1
    outer loop
      vertex 86.2101 -98.7023 5
      vertex 59.397 -69.2965 5
      vertex 86.1885 -98.8479 5
    endloop
  endfacet
  facet normal 0 0 1
    outer loop
      vertex 86.2458 -98.5595 5
      vertex 59.397 -69.2965 5
      vertex 86.2101 -98.7023 5
    endloop
  endfacet
  facet normal 0 0 1
    outer loop
      vertex 86.2954 -98.4209 5
      vertex 59.397 -69.2965 5
      vertex 86.2458 -98.5595 5
    endloop
  endfacet
  facet normal 0 0 1
    outer loop
      vertex 86.3584 -98.2879 5
      vertex 59.397 -69.2965 5
      vertex 86.2954 -98.4209 5
    endloop
  endfacet
  facet normal 0 0 1
    outer loop
      vertex 86.434 -98.1616 5
      vertex 59.397 -69.2965 5
      vertex 86.3584 -98.2879 5
    endloop
  endfacet
  facet normal 0 0 1
    outer loop
      vertex 86.5217 -98.0434 5
      vertex 59.397 -69.2965 5
      vertex 86.434 -98.1616 5
    endloop
  endfacet
  facet normal 0 0 1
    outer loop
      vertex 86.6206 -97.9343 5
      vertex 59.397 -69.2965 5
      vertex 86.5217 -98.0434 5
    endloop
  endfacet
  facet normal 0 0 1
    outer loop
      vertex 86.7297 -97.8354 5
      vertex 59.397 -69.2965 5
      vertex 86.6206 -97.9343 5
    endloop
  endfacet
  facet normal 0 0 1
    outer loop
      vertex 86.8479 -97.7477 5
      vertex 59.397 -69.2965 5
      vertex 86.7297 -97.8354 5
    endloop
  endfacet
  facet normal 0 0 1
    outer loop
      vertex 98.0434 -86.5217 5
      vertex 69.2965 -59.397 5
      vertex 97.9343 -86.6206 5
    endloop
  endfacet
  facet normal 0 0 1
    outer loop
      vertex 98.1616 -86.434 5
      vertex 69.2965 -59.397 5
      vertex 98.0434 -86.5217 5
    endloop
  endfacet
  facet normal 0 0 1
    outer loop
      vertex 98.2879 -86.3584 5
      vertex 69.2965 -59.397 5
      vertex 98.1616 -86.434 5
    endloop
  endfacet
  facet normal 0 0 1
    outer loop
      vertex 98.4209 -86.2954 5
      vertex 69.2965 -59.397 5
      vertex 98.2879 -86.3584 5
    endloop
  endfacet
  facet normal 0 0 1
    outer loop
      vertex 98.5595 -86.2458 5
      vertex 69.2965 -59.397 5
      vertex 98.4209 -86.2954 5
    endloop
  endfacet
  facet normal 0 0 1
    outer loop
      vertex 98.7023 -86.2101 5
      vertex 69.2965 -59.397 5
      vertex 98.5595 -86.2458 5
    endloop
  endfacet
  facet normal 0 0 1
    outer loop
      vertex 98.8479 -86.1885 5
      vertex 69.2965 -59.397 5
      vertex 98.7023 -86.2101 5
    endloop
  endfacet
  facet normal 0 0 1
    outer loop
      vertex 98.9949 -86.1812 5
      vertex 69.2965 -59.397 5
      vertex 98.8479 -86.1885 5
    endloop
  endfacet
  facet normal 0 0 1
    outer loop
      vertex 99.142 -86.1885 5
      vertex 69.2965 -59.397 5
      vertex 98.9949 -86.1812 5
    endloop
  endfacet
  facet normal 0 0 1
    outer loop
      vertex 99.2876 -86.2101 5
      vertex 69.2965 -59.397 5
      vertex 99.142 -86.1885 5
    endloop
  endfacet
  facet normal 0 0 1
    outer loop
      vertex 99.4304 -86.2458 5
      vertex 69.2965 -59.397 5
      vertex 99.2876 -86.2101 5
    endloop
  endfacet
  facet normal 0 0 1
    outer loop
      vertex 30.9805 0 5
      vertex 69.2965 -59.397 5
      vertex 111.363 -88.8447 5
    endloop
  endfacet
  facet normal 0 0 1
    outer loop
      vertex 30.9805 0 5
      vertex 26.4321 -16.5326 5
      vertex 69.2965 -59.397 5
    endloop
  endfacet
  facet normal 0 0 1
    outer loop
      vertex 16.5326 26.4321 5
      vertex 30.9805 0 5
      vertex 26.4321 16.5326 5
    endloop
  endfacet
  facet normal 0 0 1
    outer loop
      vertex 16.5326 26.4321 5
      vertex 26.4321 16.5326 5
      vertex 25.5 25.5 5
    endloop
  endfacet
  facet normal 0 0 1
    outer loop
      vertex 0 30.9805 5
      vertex 30.9805 0 5
      vertex 16.5326 26.4321 5
    endloop
  endfacet
  facet normal 0 0 1
    outer loop
      vertex 30.9805 0 5
      vertex 16.5326 -26.4321 5
      vertex 26.4321 -16.5326 5
    endloop
  endfacet
  facet normal 0 0 1
    outer loop
      vertex 26.4321 -16.5326 5
      vertex 16.5326 -26.4321 5
      vertex 25.5 -25.5 5
    endloop
  endfacet
  facet normal -0 0 1
    outer loop
      vertex 111.556 -99.8283 5
      vertex 114.918 -100.563 5
      vertex 111.632 -99.702 5
    endloop
  endfacet
  facet normal -0 0 1
    outer loop
      vertex 111.468 -99.9465 5
      vertex 114.918 -100.563 5
      vertex 111.556 -99.8283 5
    endloop
  endfacet
  facet normal 0 0 1
    outer loop
      vertex 114.918 -100.563 5
      vertex 111.468 -99.9465 5
      vertex 114.688 -102.116 5
    endloop
  endfacet
  facet normal -0 0 1
    outer loop
      vertex 111.369 -100.056 5
      vertex 114.688 -102.116 5
      vertex 111.468 -99.9465 5
    endloop
  endfacet
  facet normal -0 0 1
    outer loop
      vertex 111.26 -100.154 5
      vertex 114.688 -102.116 5
      vertex 111.369 -100.056 5
    endloop
  endfacet
  facet normal -0 0 1
    outer loop
      vertex 111.142 -100.242 5
      vertex 114.688 -102.116 5
      vertex 111.26 -100.154 5
    endloop
  endfacet
  facet normal 0 0 1
    outer loop
      vertex 114.688 -102.116 5
      vertex 111.142 -100.242 5
      vertex 114.306 -103.64 5
    endloop
  endfacet
  facet normal -0 0 1
    outer loop
      vertex 111.016 -100.318 5
      vertex 114.306 -103.64 5
      vertex 111.142 -100.242 5
    endloop
  endfacet
  facet normal -0 0 1
    outer loop
      vertex 110.883 -100.381 5
      vertex 114.306 -103.64 5
      vertex 111.016 -100.318 5
    endloop
  endfacet
  facet normal -0 0 1
    outer loop
      vertex 110.744 -100.43 5
      vertex 114.306 -103.64 5
      vertex 110.883 -100.381 5
    endloop
  endfacet
  facet normal -0 0 1
    outer loop
      vertex 110.601 -100.466 5
      vertex 114.306 -103.64 5
      vertex 110.744 -100.43 5
    endloop
  endfacet
  facet normal 0 0 1
    outer loop
      vertex 114.306 -103.64 5
      vertex 110.601 -100.466 5
      vertex 113.777 -105.118 5
    endloop
  endfacet
  facet normal -0 0 1
    outer loop
      vertex 110.456 -100.488 5
      vertex 113.777 -105.118 5
      vertex 110.601 -100.466 5
    endloop
  endfacet
  facet normal -0 0 1
    outer loop
      vertex 110.309 -100.495 5
      vertex 113.777 -105.118 5
      vertex 110.456 -100.488 5
    endloop
  endfacet
  facet normal 0 0 1
    outer loop
      vertex 113.777 -105.118 5
      vertex 110.309 -100.495 5
      vertex 113.106 -106.537 5
    endloop
  endfacet
  facet normal 0 0 1
    outer loop
      vertex 110.162 -100.488 5
      vertex 113.106 -106.537 5
      vertex 110.309 -100.495 5
    endloop
  endfacet
  facet normal 0 0 1
    outer loop
      vertex 110.016 -100.466 5
      vertex 113.106 -106.537 5
      vertex 110.162 -100.488 5
    endloop
  endfacet
  facet normal 0 0 1
    outer loop
      vertex 113.106 -106.537 5
      vertex 110.016 -100.466 5
      vertex 112.298 -107.884 5
    endloop
  endfacet
  facet normal 0 0 1
    outer loop
      vertex 109.873 -100.43 5
      vertex 112.298 -107.884 5
      vertex 110.016 -100.466 5
    endloop
  endfacet
  facet normal 0 0 1
    outer loop
      vertex 109.735 -100.381 5
      vertex 112.298 -107.884 5
      vertex 109.873 -100.43 5
    endloop
  endfacet
  facet normal 0 0 1
    outer loop
      vertex 112.298 -107.884 5
      vertex 109.735 -100.381 5
      vertex 111.363 -109.145 5
    endloop
  endfacet
  facet normal 0 0 1
    outer loop
      vertex 109.602 -100.318 5
      vertex 111.363 -109.145 5
      vertex 109.735 -100.381 5
    endloop
  endfacet
  facet normal 0 0 1
    outer loop
      vertex 109.475 -100.242 5
      vertex 111.363 -109.145 5
      vertex 109.602 -100.318 5
    endloop
  endfacet
  facet normal 0 0 1
    outer loop
      vertex 111.363 -109.145 5
      vertex 109.475 -100.242 5
      vertex 110.309 -110.309 5
    endloop
  endfacet
  facet normal 0 0 1
    outer loop
      vertex 109.357 -100.154 5
      vertex 110.309 -110.309 5
      vertex 109.475 -100.242 5
    endloop
  endfacet
  facet normal 0 0 1
    outer loop
      vertex 109.145 -111.363 5
      vertex 109.357 -100.154 5
      vertex 109.248 -100.056 5
    endloop
  endfacet
  facet normal 0 0 1
    outer loop
      vertex 107.884 -112.298 5
      vertex 109.248 -100.056 5
      vertex 109.149 -99.9465 5
    endloop
  endfacet
  facet normal 0 0 1
    outer loop
      vertex 109.357 -100.154 5
      vertex 109.145 -111.363 5
      vertex 110.309 -110.309 5
    endloop
  endfacet
  facet normal 0 0 1
    outer loop
      vertex 107.884 -112.298 5
      vertex 109.149 -99.9465 5
      vertex 109.061 -99.8283 5
    endloop
  endfacet
  facet normal 0 0 1
    outer loop
      vertex 107.884 -112.298 5
      vertex 109.061 -99.8283 5
      vertex 108.986 -99.702 5
    endloop
  endfacet
  facet normal 0 0 1
    outer loop
      vertex 107.884 -112.298 5
      vertex 108.986 -99.702 5
      vertex 108.923 -99.569 5
    endloop
  endfacet
  facet normal 0 0 1
    outer loop
      vertex 107.884 -112.298 5
      vertex 108.923 -99.569 5
      vertex 108.873 -99.4304 5
    endloop
  endfacet
  facet normal 0 0 1
    outer loop
      vertex 107.884 -112.298 5
      vertex 108.873 -99.4304 5
      vertex 108.837 -99.2876 5
    endloop
  endfacet
  facet normal 0 0 1
    outer loop
      vertex 107.884 -112.298 5
      vertex 108.837 -99.2876 5
      vertex 108.816 -99.142 5
    endloop
  endfacet
  facet normal 0 0 1
    outer loop
      vertex 107.884 -112.298 5
      vertex 108.816 -99.142 5
      vertex 108.809 -98.9949 5
    endloop
  endfacet
  facet normal 0 0 1
    outer loop
      vertex 109.248 -100.056 5
      vertex 107.884 -112.298 5
      vertex 109.145 -111.363 5
    endloop
  endfacet
  facet normal 0 0 1
    outer loop
      vertex 105.118 -113.777 5
      vertex 100.466 -110.601 5
      vertex 103.64 -114.306 5
    endloop
  endfacet
  facet normal -0 0 1
    outer loop
      vertex 100.43 -110.744 5
      vertex 103.64 -114.306 5
      vertex 100.466 -110.601 5
    endloop
  endfacet
  facet normal -0 0 1
    outer loop
      vertex 100.381 -110.883 5
      vertex 103.64 -114.306 5
      vertex 100.43 -110.744 5
    endloop
  endfacet
  facet normal -0 0 1
    outer loop
      vertex 100.318 -111.016 5
      vertex 103.64 -114.306 5
      vertex 100.381 -110.883 5
    endloop
  endfacet
  facet normal 0 0 1
    outer loop
      vertex 103.64 -114.306 5
      vertex 100.318 -111.016 5
      vertex 102.116 -114.688 5
    endloop
  endfacet
  facet normal -0 0 1
    outer loop
      vertex 100.242 -111.142 5
      vertex 102.116 -114.688 5
      vertex 100.318 -111.016 5
    endloop
  endfacet
  facet normal -0 0 1
    outer loop
      vertex 100.154 -111.26 5
      vertex 102.116 -114.688 5
      vertex 100.242 -111.142 5
    endloop
  endfacet
  facet normal -0 0 1
    outer loop
      vertex 100.056 -111.369 5
      vertex 102.116 -114.688 5
      vertex 100.154 -111.26 5
    endloop
  endfacet
  facet normal -0 0 1
    outer loop
      vertex 99.9465 -111.468 5
      vertex 102.116 -114.688 5
      vertex 100.056 -111.369 5
    endloop
  endfacet
  facet normal 0 0 1
    outer loop
      vertex 102.116 -114.688 5
      vertex 99.9465 -111.468 5
      vertex 100.563 -114.918 5
    endloop
  endfacet
  facet normal -0 0 1
    outer loop
      vertex 99.8283 -111.556 5
      vertex 100.563 -114.918 5
      vertex 99.9465 -111.468 5
    endloop
  endfacet
  facet normal -0 0 1
    outer loop
      vertex 99.702 -111.632 5
      vertex 100.563 -114.918 5
      vertex 99.8283 -111.556 5
    endloop
  endfacet
  facet normal -0 0 1
    outer loop
      vertex 99.569 -111.694 5
      vertex 100.563 -114.918 5
      vertex 99.702 -111.632 5
    endloop
  endfacet
  facet normal -0 0 1
    outer loop
      vertex 99.4304 -111.744 5
      vertex 100.563 -114.918 5
      vertex 99.569 -111.694 5
    endloop
  endfacet
  facet normal -0 0 1
    outer loop
      vertex 99.2876 -111.78 5
      vertex 100.563 -114.918 5
      vertex 99.4304 -111.744 5
    endloop
  endfacet
  facet normal 0 0 1
    outer loop
      vertex 98.9949 -114.995 5
      vertex 99.2876 -111.78 5
      vertex 99.142 -111.801 5
    endloop
  endfacet
  facet normal 0 0 1
    outer loop
      vertex 98.9949 -114.995 5
      vertex 99.142 -111.801 5
      vertex 98.9949 -111.809 5
    endloop
  endfacet
  facet normal 0 0 1
    outer loop
      vertex 99.2876 -111.78 5
      vertex 98.9949 -114.995 5
      vertex 100.563 -114.918 5
    endloop
  endfacet
  facet normal 0 0 1
    outer loop
      vertex 98.8479 -111.801 5
      vertex 98.9949 -114.995 5
      vertex 98.9949 -111.809 5
    endloop
  endfacet
  facet normal 0 0 1
    outer loop
      vertex 98.7023 -111.78 5
      vertex 98.9949 -114.995 5
      vertex 98.8479 -111.801 5
    endloop
  endfacet
  facet normal 0 0 1
    outer loop
      vertex 97.4267 -114.918 5
      vertex 98.7023 -111.78 5
      vertex 98.5595 -111.744 5
    endloop
  endfacet
  facet normal 0 0 1
    outer loop
      vertex 97.4267 -114.918 5
      vertex 98.5595 -111.744 5
      vertex 98.4209 -111.694 5
    endloop
  endfacet
  facet normal 0 0 1
    outer loop
      vertex 97.4267 -114.918 5
      vertex 98.4209 -111.694 5
      vertex 98.2879 -111.632 5
    endloop
  endfacet
  facet normal 0 0 1
    outer loop
      vertex 97.4267 -114.918 5
      vertex 98.2879 -111.632 5
      vertex 98.1616 -111.556 5
    endloop
  endfacet
  facet normal 0 0 1
    outer loop
      vertex 97.4267 -114.918 5
      vertex 98.1616 -111.556 5
      vertex 98.0434 -111.468 5
    endloop
  endfacet
  facet normal 0 0 1
    outer loop
      vertex 97.4267 -114.918 5
      vertex 98.0434 -111.468 5
      vertex 97.9343 -111.369 5
    endloop
  endfacet
  facet normal 0 0 1
    outer loop
      vertex 97.4267 -114.918 5
      vertex 97.9343 -111.369 5
      vertex 97.8354 -111.26 5
    endloop
  endfacet
  facet normal 0 0 1
    outer loop
      vertex 97.4267 -114.918 5
      vertex 97.8354 -111.26 5
      vertex 97.7477 -111.142 5
    endloop
  endfacet
  facet normal 0 0 1
    outer loop
      vertex 97.4267 -114.918 5
      vertex 97.7477 -111.142 5
      vertex 97.6721 -111.016 5
    endloop
  endfacet
  facet normal 0 0 1
    outer loop
      vertex 97.4267 -114.918 5
      vertex 97.6721 -111.016 5
      vertex 97.6091 -110.883 5
    endloop
  endfacet
  facet normal 0 0 1
    outer loop
      vertex 97.4267 -114.918 5
      vertex 97.6091 -110.883 5
      vertex 97.5595 -110.744 5
    endloop
  endfacet
  facet normal 0 0 1
    outer loop
      vertex 98.7023 -111.78 5
      vertex 97.4267 -114.918 5
      vertex 98.9949 -114.995 5
    endloop
  endfacet
  facet normal 0 0 1
    outer loop
      vertex 97.5238 -110.601 5
      vertex 97.4267 -114.918 5
      vertex 97.5595 -110.744 5
    endloop
  endfacet
  facet normal 0 0 1
    outer loop
      vertex 97.5022 -110.456 5
      vertex 97.4267 -114.918 5
      vertex 97.5238 -110.601 5
    endloop
  endfacet
  facet normal 0 0 1
    outer loop
      vertex 97.4267 -114.918 5
      vertex 97.5022 -110.456 5
      vertex 97.4949 -110.309 5
    endloop
  endfacet
  facet normal -0 0 1
    outer loop
      vertex 88.6328 -100.154 5
      vertex 97.8354 -109.357 5
      vertex 88.7419 -100.056 5
    endloop
  endfacet
  facet normal 0 0 1
    outer loop
      vertex 97.4949 -110.309 5
      vertex 94.3504 -114.306 5
      vertex 95.8735 -114.688 5
    endloop
  endfacet
  facet normal 0 0 1
    outer loop
      vertex 97.6721 -109.602 5
      vertex 88.8447 -111.363 5
      vertex 97.6091 -109.735 5
    endloop
  endfacet
  facet normal 0 0 1
    outer loop
      vertex 97.4949 -110.309 5
      vertex 92.872 -113.777 5
      vertex 94.3504 -114.306 5
    endloop
  endfacet
  facet normal 0 -0 1
    outer loop
      vertex 90.1058 -112.298 5
      vertex 97.6091 -109.735 5
      vertex 88.8447 -111.363 5
    endloop
  endfacet
  facet normal 0 0 1
    outer loop
      vertex 97.4949 -110.309 5
      vertex 91.4526 -113.106 5
      vertex 92.872 -113.777 5
    endloop
  endfacet
  facet normal 0 0 1
    outer loop
      vertex 97.5022 -110.162 5
      vertex 91.4526 -113.106 5
      vertex 97.4949 -110.309 5
    endloop
  endfacet
  facet normal 0 0 1
    outer loop
      vertex 97.6091 -109.735 5
      vertex 90.1058 -112.298 5
      vertex 97.5595 -109.873 5
    endloop
  endfacet
  facet normal 0 0 1
    outer loop
      vertex 97.5238 -110.016 5
      vertex 91.4526 -113.106 5
      vertex 97.5022 -110.162 5
    endloop
  endfacet
  facet normal 0 0 1
    outer loop
      vertex 97.5595 -109.873 5
      vertex 90.1058 -112.298 5
      vertex 97.5238 -110.016 5
    endloop
  endfacet
  facet normal 0 -0 1
    outer loop
      vertex 91.4526 -113.106 5
      vertex 97.5238 -110.016 5
      vertex 90.1058 -112.298 5
    endloop
  endfacet
  facet normal -0 0 1
    outer loop
      vertex 88.3883 -100.318 5
      vertex 88.8447 -111.363 5
      vertex 88.5146 -100.242 5
    endloop
  endfacet
  facet normal -0 0 1
    outer loop
      vertex 88.2553 -100.381 5
      vertex 88.8447 -111.363 5
      vertex 88.3883 -100.318 5
    endloop
  endfacet
  facet normal -0 0 1
    outer loop
      vertex 88.1167 -100.43 5
      vertex 88.8447 -111.363 5
      vertex 88.2553 -100.381 5
    endloop
  endfacet
  facet normal -0 0 1
    outer loop
      vertex 87.9739 -100.466 5
      vertex 88.8447 -111.363 5
      vertex 88.1167 -100.43 5
    endloop
  endfacet
  facet normal -0 0 1
    outer loop
      vertex 87.8283 -100.488 5
      vertex 88.8447 -111.363 5
      vertex 87.9739 -100.466 5
    endloop
  endfacet
  facet normal -0 0 1
    outer loop
      vertex 87.6812 -100.495 5
      vertex 88.8447 -111.363 5
      vertex 87.8283 -100.488 5
    endloop
  endfacet
  facet normal 0 0 1
    outer loop
      vertex 87.5342 -100.488 5
      vertex 88.8447 -111.363 5
      vertex 87.6812 -100.495 5
    endloop
  endfacet
  facet normal 0 0 1
    outer loop
      vertex 87.3886 -100.466 5
      vertex 88.8447 -111.363 5
      vertex 87.5342 -100.488 5
    endloop
  endfacet
  facet normal 0 0 1
    outer loop
      vertex 87.2458 -100.43 5
      vertex 88.8447 -111.363 5
      vertex 87.3886 -100.466 5
    endloop
  endfacet
  facet normal 0 0 1
    outer loop
      vertex 87.1072 -100.381 5
      vertex 88.8447 -111.363 5
      vertex 87.2458 -100.43 5
    endloop
  endfacet
  facet normal 0 0 1
    outer loop
      vertex 86.9741 -100.318 5
      vertex 88.8447 -111.363 5
      vertex 87.1072 -100.381 5
    endloop
  endfacet
  facet normal 0 0 1
    outer loop
      vertex 86.8479 -100.242 5
      vertex 88.8447 -111.363 5
      vertex 86.9741 -100.318 5
    endloop
  endfacet
  facet normal 0 0 1
    outer loop
      vertex 86.7297 -100.154 5
      vertex 88.8447 -111.363 5
      vertex 86.8479 -100.242 5
    endloop
  endfacet
  facet normal 0 0 1
    outer loop
      vertex 86.6206 -100.056 5
      vertex 88.8447 -111.363 5
      vertex 86.7297 -100.154 5
    endloop
  endfacet
  facet normal 0 0 1
    outer loop
      vertex 86.5217 -99.9465 5
      vertex 88.8447 -111.363 5
      vertex 86.6206 -100.056 5
    endloop
  endfacet
  facet normal 0 0 1
    outer loop
      vertex 86.434 -99.8283 5
      vertex 88.8447 -111.363 5
      vertex 86.5217 -99.9465 5
    endloop
  endfacet
  facet normal 0 0 1
    outer loop
      vertex 86.3584 -99.702 5
      vertex 88.8447 -111.363 5
      vertex 86.434 -99.8283 5
    endloop
  endfacet
  facet normal 0 0 1
    outer loop
      vertex 86.2954 -99.569 5
      vertex 88.8447 -111.363 5
      vertex 86.3584 -99.702 5
    endloop
  endfacet
  facet normal 0 0 1
    outer loop
      vertex 86.2458 -99.4304 5
      vertex 88.8447 -111.363 5
      vertex 86.2954 -99.569 5
    endloop
  endfacet
  facet normal 0 0 1
    outer loop
      vertex 59.397 -69.2965 5
      vertex 86.2458 -99.4304 5
      vertex 86.2101 -99.2876 5
    endloop
  endfacet
  facet normal 0 0 1
    outer loop
      vertex 86.1885 -98.8479 5
      vertex 59.397 -69.2965 5
      vertex 86.1812 -98.9949 5
    endloop
  endfacet
  facet normal 0 0 1
    outer loop
      vertex 86.1812 -98.9949 5
      vertex 59.397 -69.2965 5
      vertex 86.1885 -99.142 5
    endloop
  endfacet
  facet normal 0 0 1
    outer loop
      vertex 86.1885 -99.142 5
      vertex 59.397 -69.2965 5
      vertex 86.2101 -99.2876 5
    endloop
  endfacet
  facet normal 0 0 1
    outer loop
      vertex 86.2458 -99.4304 5
      vertex 59.397 -69.2965 5
      vertex 88.8447 -111.363 5
    endloop
  endfacet
  facet normal -0 0 1
    outer loop
      vertex 0 -30.9805 5
      vertex 59.397 -69.2965 5
      vertex 16.5326 -26.4321 5
    endloop
  endfacet
  facet normal 0 0 1
    outer loop
      vertex 59.397 -69.2965 5
      vertex 0 -30.9805 5
      vertex 88.8447 -111.363 5
    endloop
  endfacet
  facet normal 0 0 1
    outer loop
      vertex 30.9805 0 5
      vertex 0 -30.9805 5
      vertex 16.5326 -26.4321 5
    endloop
  endfacet
  facet normal 0 0 1
    outer loop
      vertex 0 30.9805 5
      vertex -16.5326 26.4321 5
      vertex 0 -30.9805 5
    endloop
  endfacet
  facet normal 0 0 1
    outer loop
      vertex 0 30.9805 5
      vertex -59.397 69.2965 5
      vertex -16.5326 26.4321 5
    endloop
  endfacet
  facet normal -0 0 1
    outer loop
      vertex -86.1885 98.8479 5
      vertex -59.397 69.2965 5
      vertex -86.1812 98.9949 5
    endloop
  endfacet
  facet normal 0 0 1
    outer loop
      vertex -88.8447 111.363 5
      vertex -59.397 69.2965 5
      vertex 0 30.9805 5
    endloop
  endfacet
  facet normal 0 0 1
    outer loop
      vertex -59.397 69.2965 5
      vertex -86.1885 99.142 5
      vertex -86.1812 98.9949 5
    endloop
  endfacet
  facet normal 0 0 1
    outer loop
      vertex -59.397 69.2965 5
      vertex -86.2101 99.2876 5
      vertex -86.1885 99.142 5
    endloop
  endfacet
  facet normal 0 0 1
    outer loop
      vertex -59.397 69.2965 5
      vertex -86.2458 99.4304 5
      vertex -86.2101 99.2876 5
    endloop
  endfacet
  facet normal 0 0 1
    outer loop
      vertex -59.397 69.2965 5
      vertex -88.8447 111.363 5
      vertex -86.2458 99.4304 5
    endloop
  endfacet
  facet normal 0 0 1
    outer loop
      vertex -86.2458 99.4304 5
      vertex -88.8447 111.363 5
      vertex -86.2954 99.569 5
    endloop
  endfacet
  facet normal 0 0 1
    outer loop
      vertex -86.2954 99.569 5
      vertex -88.8447 111.363 5
      vertex -86.3584 99.702 5
    endloop
  endfacet
  facet normal 0 0 1
    outer loop
      vertex -86.3584 99.702 5
      vertex -88.8447 111.363 5
      vertex -86.434 99.8283 5
    endloop
  endfacet
  facet normal 0 0 1
    outer loop
      vertex -86.434 99.8283 5
      vertex -88.8447 111.363 5
      vertex -86.5217 99.9465 5
    endloop
  endfacet
  facet normal 0 0 1
    outer loop
      vertex -86.5217 99.9465 5
      vertex -88.8447 111.363 5
      vertex -86.6206 100.056 5
    endloop
  endfacet
  facet normal 0 0 1
    outer loop
      vertex -86.6206 100.056 5
      vertex -88.8447 111.363 5
      vertex -86.7297 100.154 5
    endloop
  endfacet
  facet normal 0 0 1
    outer loop
      vertex -88.8447 111.363 5
      vertex -86.8479 100.242 5
      vertex -86.7297 100.154 5
    endloop
  endfacet
  facet normal 0 0 1
    outer loop
      vertex -88.8447 111.363 5
      vertex -86.9741 100.318 5
      vertex -86.8479 100.242 5
    endloop
  endfacet
  facet normal 0 0 1
    outer loop
      vertex -88.8447 111.363 5
      vertex -87.1072 100.381 5
      vertex -86.9741 100.318 5
    endloop
  endfacet
  facet normal 0 0 1
    outer loop
      vertex -88.8447 111.363 5
      vertex -87.2458 100.43 5
      vertex -87.1072 100.381 5
    endloop
  endfacet
  facet normal 0 0 1
    outer loop
      vertex -88.8447 111.363 5
      vertex -87.3886 100.466 5
      vertex -87.2458 100.43 5
    endloop
  endfacet
  facet normal 0 0 1
    outer loop
      vertex -88.8447 111.363 5
      vertex -87.5342 100.488 5
      vertex -87.3886 100.466 5
    endloop
  endfacet
  facet normal 0 0 1
    outer loop
      vertex -88.8447 111.363 5
      vertex -87.6812 100.495 5
      vertex -87.5342 100.488 5
    endloop
  endfacet
  facet normal 0 0 1
    outer loop
      vertex -88.8447 111.363 5
      vertex -87.8283 100.488 5
      vertex -87.6812 100.495 5
    endloop
  endfacet
  facet normal 0 0 1
    outer loop
      vertex -88.8447 111.363 5
      vertex -87.9739 100.466 5
      vertex -87.8283 100.488 5
    endloop
  endfacet
  facet normal 0 0 1
    outer loop
      vertex -88.8447 111.363 5
      vertex -88.1167 100.43 5
      vertex -87.9739 100.466 5
    endloop
  endfacet
  facet normal 0 0 1
    outer loop
      vertex -88.8447 111.363 5
      vertex -88.2553 100.381 5
      vertex -88.1167 100.43 5
    endloop
  endfacet
  facet normal 0 0 1
    outer loop
      vertex -88.8447 111.363 5
      vertex -88.3883 100.318 5
      vertex -88.2553 100.381 5
    endloop
  endfacet
  facet normal 0 0 1
    outer loop
      vertex -88.8447 111.363 5
      vertex -88.5146 100.242 5
      vertex -88.3883 100.318 5
    endloop
  endfacet
  facet normal -0 0 1
    outer loop
      vertex -97.7477 109.475 5
      vertex -88.5146 100.242 5
      vertex -88.8447 111.363 5
    endloop
  endfacet
  facet normal 0 0 1
    outer loop
      vertex -88.5146 100.242 5
      vertex -97.7477 109.475 5
      vertex -88.6328 100.154 5
    endloop
  endfacet
  facet normal -0 0 1
    outer loop
      vertex -97.8354 109.357 5
      vertex -88.6328 100.154 5
      vertex -97.7477 109.475 5
    endloop
  endfacet
  facet normal 0 0 1
    outer loop
      vertex -88.6328 100.154 5
      vertex -97.8354 109.357 5
      vertex -88.7419 100.056 5
    endloop
  endfacet
  facet normal -0 0 1
    outer loop
      vertex -97.9343 109.248 5
      vertex -88.7419 100.056 5
      vertex -97.8354 109.357 5
    endloop
  endfacet
  facet normal 0 0 1
    outer loop
      vertex -88.7419 100.056 5
      vertex -97.9343 109.248 5
      vertex -88.8408 99.9465 5
    endloop
  endfacet
  facet normal -0 0 1
    outer loop
      vertex -98.0434 109.149 5
      vertex -88.8408 99.9465 5
      vertex -97.9343 109.248 5
    endloop
  endfacet
  facet normal 0 0 1
    outer loop
      vertex -88.8408 99.9465 5
      vertex -98.0434 109.149 5
      vertex -88.9284 99.8283 5
    endloop
  endfacet
  facet normal -0 0 1
    outer loop
      vertex -98.1616 109.061 5
      vertex -88.9284 99.8283 5
      vertex -98.0434 109.149 5
    endloop
  endfacet
  facet normal 0 0 1
    outer loop
      vertex -88.9284 99.8283 5
      vertex -98.1616 109.061 5
      vertex -89.0041 99.702 5
    endloop
  endfacet
  facet normal 0 0 1
    outer loop
      vertex -97.6091 109.735 5
      vertex -88.8447 111.363 5
      vertex -90.1058 112.298 5
    endloop
  endfacet
  facet normal 0 0 1
    outer loop
      vertex -99.142 108.816 5
      vertex -108.816 99.142 5
      vertex -108.809 98.9949 5
    endloop
  endfacet
  facet normal 0 0 1
    outer loop
      vertex -100.242 109.475 5
      vertex -108.837 99.2876 5
      vertex -108.816 99.142 5
    endloop
  endfacet
  facet normal 0 0 1
    outer loop
      vertex -100.242 109.475 5
      vertex -108.873 99.4304 5
      vertex -108.837 99.2876 5
    endloop
  endfacet
  facet normal 0 0 1
    outer loop
      vertex -100.242 109.475 5
      vertex -108.923 99.569 5
      vertex -108.873 99.4304 5
    endloop
  endfacet
  facet normal 0 0 1
    outer loop
      vertex -100.242 109.475 5
      vertex -108.986 99.702 5
      vertex -108.923 99.569 5
    endloop
  endfacet
  facet normal 0 0 1
    outer loop
      vertex -100.242 109.475 5
      vertex -109.061 99.8283 5
      vertex -108.986 99.702 5
    endloop
  endfacet
  facet normal -0 0 1
    outer loop
      vertex -110.309 110.309 5
      vertex -100.242 109.475 5
      vertex -109.145 111.363 5
    endloop
  endfacet
  facet normal 0 0 1
    outer loop
      vertex -100.242 109.475 5
      vertex -109.149 99.9465 5
      vertex -109.061 99.8283 5
    endloop
  endfacet
  facet normal 0 0 1
    outer loop
      vertex -100.242 109.475 5
      vertex -109.248 100.056 5
      vertex -109.149 99.9465 5
    endloop
  endfacet
  facet normal 0 0 1
    outer loop
      vertex -100.242 109.475 5
      vertex -109.357 100.154 5
      vertex -109.248 100.056 5
    endloop
  endfacet
  facet normal 0 -0 1
    outer loop
      vertex -109.475 100.242 5
      vertex -100.242 109.475 5
      vertex -110.309 110.309 5
    endloop
  endfacet
  facet normal 0 0 1
    outer loop
      vertex -100.242 109.475 5
      vertex -109.475 100.242 5
      vertex -109.357 100.154 5
    endloop
  endfacet
  facet normal -0 0 1
    outer loop
      vertex -111.363 109.145 5
      vertex -109.475 100.242 5
      vertex -110.309 110.309 5
    endloop
  endfacet
  facet normal 0 0 1
    outer loop
      vertex -109.475 100.242 5
      vertex -111.363 109.145 5
      vertex -109.602 100.318 5
    endloop
  endfacet
  facet normal 0 0 1
    outer loop
      vertex -109.602 100.318 5
      vertex -111.363 109.145 5
      vertex -109.735 100.381 5
    endloop
  endfacet
  facet normal -0 0 1
    outer loop
      vertex -112.298 107.884 5
      vertex -109.735 100.381 5
      vertex -111.363 109.145 5
    endloop
  endfacet
  facet normal 0 0 1
    outer loop
      vertex -109.735 100.381 5
      vertex -112.298 107.884 5
      vertex -109.873 100.43 5
    endloop
  endfacet
  facet normal 0 0 1
    outer loop
      vertex -109.873 100.43 5
      vertex -112.298 107.884 5
      vertex -110.016 100.466 5
    endloop
  endfacet
  facet normal -0 0 1
    outer loop
      vertex -113.106 106.537 5
      vertex -110.016 100.466 5
      vertex -112.298 107.884 5
    endloop
  endfacet
  facet normal 0 0 1
    outer loop
      vertex -110.016 100.466 5
      vertex -113.106 106.537 5
      vertex -110.162 100.488 5
    endloop
  endfacet
  facet normal 0 0 1
    outer loop
      vertex -110.162 100.488 5
      vertex -113.106 106.537 5
      vertex -110.309 100.495 5
    endloop
  endfacet
  facet normal -0 0 1
    outer loop
      vertex -113.777 105.118 5
      vertex -110.309 100.495 5
      vertex -113.106 106.537 5
    endloop
  endfacet
  facet normal 0 0 1
    outer loop
      vertex -110.309 100.495 5
      vertex -113.777 105.118 5
      vertex -110.456 100.488 5
    endloop
  endfacet
  facet normal 0 0 1
    outer loop
      vertex -110.456 100.488 5
      vertex -113.777 105.118 5
      vertex -110.601 100.466 5
    endloop
  endfacet
  facet normal -0 0 1
    outer loop
      vertex -114.306 103.64 5
      vertex -110.601 100.466 5
      vertex -113.777 105.118 5
    endloop
  endfacet
  facet normal 0 0 1
    outer loop
      vertex -110.601 100.466 5
      vertex -114.306 103.64 5
      vertex -110.744 100.43 5
    endloop
  endfacet
  facet normal 0 0 1
    outer loop
      vertex -110.744 100.43 5
      vertex -114.306 103.64 5
      vertex -110.883 100.381 5
    endloop
  endfacet
  facet normal 0 0 1
    outer loop
      vertex -110.883 100.381 5
      vertex -114.306 103.64 5
      vertex -111.016 100.318 5
    endloop
  endfacet
  facet normal 0 0 1
    outer loop
      vertex -111.016 100.318 5
      vertex -114.306 103.64 5
      vertex -111.142 100.242 5
    endloop
  endfacet
  facet normal -0 0 1
    outer loop
      vertex -114.688 102.116 5
      vertex -111.142 100.242 5
      vertex -114.306 103.64 5
    endloop
  endfacet
  facet normal 0 0 1
    outer loop
      vertex -111.142 100.242 5
      vertex -114.688 102.116 5
      vertex -111.26 100.154 5
    endloop
  endfacet
  facet normal 0 0 1
    outer loop
      vertex -111.26 100.154 5
      vertex -114.688 102.116 5
      vertex -111.369 100.056 5
    endloop
  endfacet
  facet normal 0 0 1
    outer loop
      vertex -111.369 100.056 5
      vertex -114.688 102.116 5
      vertex -111.468 99.9465 5
    endloop
  endfacet
  facet normal -0 0 1
    outer loop
      vertex -114.918 100.563 5
      vertex -111.468 99.9465 5
      vertex -114.688 102.116 5
    endloop
  endfacet
  facet normal 0 0 1
    outer loop
      vertex -111.468 99.9465 5
      vertex -114.918 100.563 5
      vertex -111.556 99.8283 5
    endloop
  endfacet
  facet normal 0 0 1
    outer loop
      vertex -111.556 99.8283 5
      vertex -114.918 100.563 5
      vertex -111.632 99.702 5
    endloop
  endfacet
  facet normal -0 0 1
    outer loop
      vertex -109.061 -99.8283 5
      vertex -99.8283 -109.061 5
      vertex -108.986 -99.702 5
    endloop
  endfacet
  facet normal 0 0 1
    outer loop
      vertex -99.8283 -109.061 5
      vertex -109.061 -99.8283 5
      vertex -99.9465 -109.149 5
    endloop
  endfacet
  facet normal -0 0 1
    outer loop
      vertex -109.149 -99.9465 5
      vertex -99.9465 -109.149 5
      vertex -109.061 -99.8283 5
    endloop
  endfacet
  facet normal 0 0 1
    outer loop
      vertex -99.9465 -109.149 5
      vertex -109.149 -99.9465 5
      vertex -100.056 -109.248 5
    endloop
  endfacet
  facet normal -0 0 1
    outer loop
      vertex -109.248 -100.056 5
      vertex -100.056 -109.248 5
      vertex -109.149 -99.9465 5
    endloop
  endfacet
  facet normal 0 0 1
    outer loop
      vertex -100.056 -109.248 5
      vertex -109.248 -100.056 5
      vertex -100.154 -109.357 5
    endloop
  endfacet
  facet normal -0 0 1
    outer loop
      vertex -109.357 -100.154 5
      vertex -100.154 -109.357 5
      vertex -109.248 -100.056 5
    endloop
  endfacet
  facet normal 0 0 1
    outer loop
      vertex -100.154 -109.357 5
      vertex -109.357 -100.154 5
      vertex -100.242 -109.475 5
    endloop
  endfacet
  facet normal 0 0 1
    outer loop
      vertex -100.242 -109.475 5
      vertex -109.145 -111.363 5
      vertex -107.884 -112.298 5
    endloop
  endfacet
  facet normal -0 0 1
    outer loop
      vertex -109.475 -100.242 5
      vertex -100.242 -109.475 5
      vertex -109.357 -100.154 5
    endloop
  endfacet
  facet normal 0 0 1
    outer loop
      vertex -100.242 -109.475 5
      vertex -109.475 -100.242 5
      vertex -110.309 -110.309 5
    endloop
  endfacet
  facet normal 0 0 1
    outer loop
      vertex -111.363 -109.145 5
      vertex -109.475 -100.242 5
      vertex -109.602 -100.318 5
    endloop
  endfacet
  facet normal 0 0 1
    outer loop
      vertex -111.363 -109.145 5
      vertex -109.602 -100.318 5
      vertex -109.735 -100.381 5
    endloop
  endfacet
  facet normal 0 0 1
    outer loop
      vertex -112.298 -107.884 5
      vertex -109.735 -100.381 5
      vertex -109.873 -100.43 5
    endloop
  endfacet
  facet normal 0 0 1
    outer loop
      vertex -112.298 -107.884 5
      vertex -109.873 -100.43 5
      vertex -110.016 -100.466 5
    endloop
  endfacet
  facet normal 0 0 1
    outer loop
      vertex -113.106 -106.537 5
      vertex -110.016 -100.466 5
      vertex -110.162 -100.488 5
    endloop
  endfacet
  facet normal 0 0 1
    outer loop
      vertex -113.106 -106.537 5
      vertex -110.162 -100.488 5
      vertex -110.309 -100.495 5
    endloop
  endfacet
  facet normal 0 0 1
    outer loop
      vertex -100.242 -109.475 5
      vertex -110.309 -110.309 5
      vertex -109.145 -111.363 5
    endloop
  endfacet
  facet normal 0 0 1
    outer loop
      vertex -113.777 -105.118 5
      vertex -110.309 -100.495 5
      vertex -110.456 -100.488 5
    endloop
  endfacet
  facet normal 0 0 1
    outer loop
      vertex -113.777 -105.118 5
      vertex -110.456 -100.488 5
      vertex -110.601 -100.466 5
    endloop
  endfacet
  facet normal 0 0 1
    outer loop
      vertex -114.306 -103.64 5
      vertex -110.601 -100.466 5
      vertex -110.744 -100.43 5
    endloop
  endfacet
  facet normal 0 0 1
    outer loop
      vertex -114.306 -103.64 5
      vertex -110.744 -100.43 5
      vertex -110.883 -100.381 5
    endloop
  endfacet
  facet normal 0 0 1
    outer loop
      vertex -114.306 -103.64 5
      vertex -110.883 -100.381 5
      vertex -111.016 -100.318 5
    endloop
  endfacet
  facet normal 0 0 1
    outer loop
      vertex -114.306 -103.64 5
      vertex -111.016 -100.318 5
      vertex -111.142 -100.242 5
    endloop
  endfacet
  facet normal 0 0 1
    outer loop
      vertex -114.688 -102.116 5
      vertex -111.142 -100.242 5
      vertex -111.26 -100.154 5
    endloop
  endfacet
  facet normal 0 0 1
    outer loop
      vertex -109.475 -100.242 5
      vertex -111.363 -109.145 5
      vertex -110.309 -110.309 5
    endloop
  endfacet
  facet normal 0 0 1
    outer loop
      vertex -114.688 -102.116 5
      vertex -111.26 -100.154 5
      vertex -111.369 -100.056 5
    endloop
  endfacet
  facet normal 0 0 1
    outer loop
      vertex -114.688 -102.116 5
      vertex -111.369 -100.056 5
      vertex -111.468 -99.9465 5
    endloop
  endfacet
  facet normal 0 0 1
    outer loop
      vertex -114.918 -100.563 5
      vertex -111.468 -99.9465 5
      vertex -111.556 -99.8283 5
    endloop
  endfacet
  facet normal 0 0 1
    outer loop
      vertex -114.918 -100.563 5
      vertex -111.556 -99.8283 5
      vertex -111.632 -99.702 5
    endloop
  endfacet
  facet normal 0 0 1
    outer loop
      vertex -114.918 -100.563 5
      vertex -111.632 -99.702 5
      vertex -111.694 -99.569 5
    endloop
  endfacet
  facet normal 0 0 1
    outer loop
      vertex -114.918 -100.563 5
      vertex -111.694 -99.569 5
      vertex -111.744 -99.4304 5
    endloop
  endfacet
  facet normal 0 0 1
    outer loop
      vertex -114.918 -100.563 5
      vertex -111.744 -99.4304 5
      vertex -111.78 -99.2876 5
    endloop
  endfacet
  facet normal 0 0 1
    outer loop
      vertex -114.995 -98.9949 5
      vertex -111.78 -99.2876 5
      vertex -111.801 -99.142 5
    endloop
  endfacet
  facet normal -0 0 1
    outer loop
      vertex -114.995 -98.9949 5
      vertex -111.801 -99.142 5
      vertex -111.809 -98.9949 5
    endloop
  endfacet
  facet normal 0 0 1
    outer loop
      vertex -111.632 -98.2879 5
      vertex -114.918 -97.4267 5
      vertex -111.694 -98.4209 5
    endloop
  endfacet
  facet normal 0 0 1
    outer loop
      vertex -109.735 -100.381 5
      vertex -112.298 -107.884 5
      vertex -111.363 -109.145 5
    endloop
  endfacet
  facet normal 0 0 1
    outer loop
      vertex -111.694 -98.4209 5
      vertex -114.918 -97.4267 5
      vertex -111.744 -98.5595 5
    endloop
  endfacet
  facet normal 0 0 1
    outer loop
      vertex -110.016 -100.466 5
      vertex -113.106 -106.537 5
      vertex -112.298 -107.884 5
    endloop
  endfacet
  facet normal 0 0 1
    outer loop
      vertex -111.744 -98.5595 5
      vertex -114.918 -97.4267 5
      vertex -111.78 -98.7023 5
    endloop
  endfacet
  facet normal 0 0 1
    outer loop
      vertex -110.309 -100.495 5
      vertex -113.777 -105.118 5
      vertex -113.106 -106.537 5
    endloop
  endfacet
  facet normal 0 0 1
    outer loop
      vertex -114.995 -98.9949 5
      vertex -111.78 -98.7023 5
      vertex -114.918 -97.4267 5
    endloop
  endfacet
  facet normal 0 0 1
    outer loop
      vertex -110.601 -100.466 5
      vertex -114.306 -103.64 5
      vertex -113.777 -105.118 5
    endloop
  endfacet
  facet normal 0 0 1
    outer loop
      vertex -111.78 -98.7023 5
      vertex -114.995 -98.9949 5
      vertex -111.801 -98.8479 5
    endloop
  endfacet
  facet normal 0 0 1
    outer loop
      vertex -111.142 -100.242 5
      vertex -114.688 -102.116 5
      vertex -114.306 -103.64 5
    endloop
  endfacet
  facet normal 0 0 1
    outer loop
      vertex -111.801 -98.8479 5
      vertex -114.995 -98.9949 5
      vertex -111.809 -98.9949 5
    endloop
  endfacet
  facet normal 0 0 1
    outer loop
      vertex -111.468 -99.9465 5
      vertex -114.918 -100.563 5
      vertex -114.688 -102.116 5
    endloop
  endfacet
  facet normal 0 0 1
    outer loop
      vertex -111.78 -99.2876 5
      vertex -114.995 -98.9949 5
      vertex -114.918 -100.563 5
    endloop
  endfacet
  facet normal -0 0 1
    outer loop
      vertex -98.0434 -88.8408 5
      vertex -88.8408 -98.0434 5
      vertex -97.9343 -88.7419 5
    endloop
  endfacet
  facet normal 0 0 1
    outer loop
      vertex -89.1812 -98.9949 5
      vertex -97.5022 -110.162 5
      vertex -97.4949 -110.309 5
    endloop
  endfacet
  facet normal 0 0 1
    outer loop
      vertex -88.8408 -98.0434 5
      vertex -98.0434 -88.8408 5
      vertex -88.9284 -98.1616 5
    endloop
  endfacet
  facet normal 0 0 1
    outer loop
      vertex -89.1812 -98.9949 5
      vertex -97.5238 -110.016 5
      vertex -97.5022 -110.162 5
    endloop
  endfacet
  facet normal -0 0 1
    outer loop
      vertex -98.1616 -88.9284 5
      vertex -88.9284 -98.1616 5
      vertex -98.0434 -88.8408 5
    endloop
  endfacet
  facet normal 0 0 1
    outer loop
      vertex -89.1812 -98.9949 5
      vertex -97.5595 -109.873 5
      vertex -97.5238 -110.016 5
    endloop
  endfacet
  facet normal 0 0 1
    outer loop
      vertex -88.9284 -98.1616 5
      vertex -98.1616 -88.9284 5
      vertex -89.0041 -98.2879 5
    endloop
  endfacet
  facet normal 0 0 1
    outer loop
      vertex -89.1812 -98.9949 5
      vertex -97.6091 -109.735 5
      vertex -97.5595 -109.873 5
    endloop
  endfacet
  facet normal -0 0 1
    outer loop
      vertex -98.2879 -89.0041 5
      vertex -89.0041 -98.2879 5
      vertex -98.1616 -88.9284 5
    endloop
  endfacet
  facet normal 0 0 1
    outer loop
      vertex -89.1812 -98.9949 5
      vertex -97.6721 -109.602 5
      vertex -97.6091 -109.735 5
    endloop
  endfacet
  facet normal 0 0 1
    outer loop
      vertex -89.0041 -98.2879 5
      vertex -98.2879 -89.0041 5
      vertex -89.0671 -98.4209 5
    endloop
  endfacet
  facet normal 0 0 1
    outer loop
      vertex -89.1812 -98.9949 5
      vertex -97.7477 -109.475 5
      vertex -97.6721 -109.602 5
    endloop
  endfacet
  facet normal -0 0 1
    outer loop
      vertex -98.4209 -89.0671 5
      vertex -89.0671 -98.4209 5
      vertex -98.2879 -89.0041 5
    endloop
  endfacet
  facet normal 0 0 1
    outer loop
      vertex -89.1812 -98.9949 5
      vertex -97.8354 -109.357 5
      vertex -97.7477 -109.475 5
    endloop
  endfacet
  facet normal 0 0 1
    outer loop
      vertex -89.0671 -98.4209 5
      vertex -98.4209 -89.0671 5
      vertex -89.1167 -98.5595 5
    endloop
  endfacet
  facet normal 0 0 1
    outer loop
      vertex -89.1812 -98.9949 5
      vertex -97.9343 -109.248 5
      vertex -97.8354 -109.357 5
    endloop
  endfacet
  facet normal -0 0 1
    outer loop
      vertex -98.5595 -89.1167 5
      vertex -89.1167 -98.5595 5
      vertex -98.4209 -89.0671 5
    endloop
  endfacet
  facet normal 0 0 1
    outer loop
      vertex -89.1812 -98.9949 5
      vertex -98.0434 -109.149 5
      vertex -97.9343 -109.248 5
    endloop
  endfacet
  facet normal 0 0 1
    outer loop
      vertex -89.1167 -98.5595 5
      vertex -98.5595 -89.1167 5
      vertex -89.1524 -98.7023 5
    endloop
  endfacet
  facet normal 0 0 1
    outer loop
      vertex -89.1812 -98.9949 5
      vertex -98.1616 -109.061 5
      vertex -98.0434 -109.149 5
    endloop
  endfacet
  facet normal -0 0 1
    outer loop
      vertex -98.7023 -89.1524 5
      vertex -89.1524 -98.7023 5
      vertex -98.5595 -89.1167 5
    endloop
  endfacet
  facet normal 0 0 1
    outer loop
      vertex -89.1812 -98.9949 5
      vertex -98.2879 -108.986 5
      vertex -98.1616 -109.061 5
    endloop
  endfacet
  facet normal 0 0 1
    outer loop
      vertex -89.1524 -98.7023 5
      vertex -98.7023 -89.1524 5
      vertex -89.174 -98.8479 5
    endloop
  endfacet
  facet normal 0 0 1
    outer loop
      vertex -89.1812 -98.9949 5
      vertex -98.4209 -108.923 5
      vertex -98.2879 -108.986 5
    endloop
  endfacet
  facet normal -0 0 1
    outer loop
      vertex -98.8479 -89.174 5
      vertex -89.174 -98.8479 5
      vertex -98.7023 -89.1524 5
    endloop
  endfacet
  facet normal 0 0 1
    outer loop
      vertex -89.1812 -98.9949 5
      vertex -98.5595 -108.873 5
      vertex -98.4209 -108.923 5
    endloop
  endfacet
  facet normal 0 0 1
    outer loop
      vertex -89.174 -98.8479 5
      vertex -98.8479 -89.174 5
      vertex -89.1812 -98.9949 5
    endloop
  endfacet
  facet normal 0 0 1
    outer loop
      vertex -89.1812 -98.9949 5
      vertex -98.7023 -108.837 5
      vertex -98.5595 -108.873 5
    endloop
  endfacet
  facet normal -0 0 1
    outer loop
      vertex -98.9949 -89.1812 5
      vertex -89.1812 -98.9949 5
      vertex -98.8479 -89.174 5
    endloop
  endfacet
  facet normal 0 0 1
    outer loop
      vertex -89.1812 -98.9949 5
      vertex -98.8479 -108.816 5
      vertex -98.7023 -108.837 5
    endloop
  endfacet
  facet normal 0 0 1
    outer loop
      vertex -98.9949 -108.809 5
      vertex -89.1812 -98.9949 5
      vertex -98.9949 -89.1812 5
    endloop
  endfacet
  facet normal 0 0 1
    outer loop
      vertex -89.1812 -98.9949 5
      vertex -98.9949 -108.809 5
      vertex -98.8479 -108.816 5
    endloop
  endfacet
  facet normal 0 0 1
    outer loop
      vertex -108.809 -98.9949 5
      vertex -98.9949 -89.1812 5
      vertex -99.142 -89.174 5
    endloop
  endfacet
  facet normal 0 0 1
    outer loop
      vertex -98.9949 -89.1812 5
      vertex -108.809 -98.9949 5
      vertex -98.9949 -108.809 5
    endloop
  endfacet
  facet normal 0 0 1
    outer loop
      vertex -108.816 -98.8479 5
      vertex -99.142 -89.174 5
      vertex -99.2876 -89.1524 5
    endloop
  endfacet
  facet normal 0 0 1
    outer loop
      vertex -98.9949 -108.809 5
      vertex -108.809 -98.9949 5
      vertex -99.142 -108.816 5
    endloop
  endfacet
  facet normal 0 0 1
    outer loop
      vertex -108.837 -98.7023 5
      vertex -99.2876 -89.1524 5
      vertex -99.4304 -89.1167 5
    endloop
  endfacet
  facet normal -0 0 1
    outer loop
      vertex -108.816 -99.142 5
      vertex -99.142 -108.816 5
      vertex -108.809 -98.9949 5
    endloop
  endfacet
  facet normal 0 0 1
    outer loop
      vertex -108.873 -98.5595 5
      vertex -99.4304 -89.1167 5
      vertex -99.569 -89.0671 5
    endloop
  endfacet
  facet normal 0 0 1
    outer loop
      vertex -99.142 -108.816 5
      vertex -108.816 -99.142 5
      vertex -99.2876 -108.837 5
    endloop
  endfacet
  facet normal 0 0 1
    outer loop
      vertex -108.923 -98.4209 5
      vertex -99.569 -89.0671 5
      vertex -99.702 -89.0041 5
    endloop
  endfacet
  facet normal -0 0 1
    outer loop
      vertex -108.837 -99.2876 5
      vertex -99.2876 -108.837 5
      vertex -108.816 -99.142 5
    endloop
  endfacet
  facet normal 0 0 1
    outer loop
      vertex -108.986 -98.2879 5
      vertex -99.702 -89.0041 5
      vertex -99.8283 -88.9284 5
    endloop
  endfacet
  facet normal 0 0 1
    outer loop
      vertex -99.2876 -108.837 5
      vertex -108.837 -99.2876 5
      vertex -99.4304 -108.873 5
    endloop
  endfacet
  facet normal 0 0 1
    outer loop
      vertex -109.061 -98.1616 5
      vertex -99.8283 -88.9284 5
      vertex -99.9465 -88.8408 5
    endloop
  endfacet
  facet normal -0 0 1
    outer loop
      vertex -108.873 -99.4304 5
      vertex -99.4304 -108.873 5
      vertex -108.837 -99.2876 5
    endloop
  endfacet
  facet normal 0 0 1
    outer loop
      vertex -109.149 -98.0434 5
      vertex -99.9465 -88.8408 5
      vertex -100.056 -88.7419 5
    endloop
  endfacet
  facet normal 0 0 1
    outer loop
      vertex -99.4304 -108.873 5
      vertex -108.873 -99.4304 5
      vertex -99.569 -108.923 5
    endloop
  endfacet
  facet normal 0 0 1
    outer loop
      vertex -109.248 -97.9343 5
      vertex -100.056 -88.7419 5
      vertex -100.154 -88.6328 5
    endloop
  endfacet
  facet normal -0 0 1
    outer loop
      vertex -108.923 -99.569 5
      vertex -99.569 -108.923 5
      vertex -108.873 -99.4304 5
    endloop
  endfacet
  facet normal 0 0 1
    outer loop
      vertex -109.357 -97.8354 5
      vertex -100.154 -88.6328 5
      vertex -100.242 -88.5146 5
    endloop
  endfacet
  facet normal 0 0 1
    outer loop
      vertex -99.569 -108.923 5
      vertex -108.923 -99.569 5
      vertex -99.702 -108.986 5
    endloop
  endfacet
  facet normal 0 0 1
    outer loop
      vertex -111.363 -88.8447 5
      vertex -100.242 -88.5146 5
      vertex -100.318 -88.3883 5
    endloop
  endfacet
  facet normal -0 0 1
    outer loop
      vertex -108.986 -99.702 5
      vertex -99.702 -108.986 5
      vertex -108.923 -99.569 5
    endloop
  endfacet
  facet normal 0 0 1
    outer loop
      vertex -111.363 -88.8447 5
      vertex -100.318 -88.3883 5
      vertex -100.381 -88.2553 5
    endloop
  endfacet
  facet normal 0 0 1
    outer loop
      vertex -99.702 -108.986 5
      vertex -108.986 -99.702 5
      vertex -99.8283 -109.061 5
    endloop
  endfacet
  facet normal 0 0 1
    outer loop
      vertex -111.363 -88.8447 5
      vertex -100.381 -88.2553 5
      vertex -100.43 -88.1167 5
    endloop
  endfacet
  facet normal 0 0 1
    outer loop
      vertex -100.242 -109.475 5
      vertex -107.884 -112.298 5
      vertex -100.318 -109.602 5
    endloop
  endfacet
  facet normal 0 0 1
    outer loop
      vertex -111.363 -88.8447 5
      vertex -100.43 -88.1167 5
      vertex -100.466 -87.9739 5
    endloop
  endfacet
  facet normal 0 0 1
    outer loop
      vertex -100.318 -109.602 5
      vertex -107.884 -112.298 5
      vertex -100.381 -109.735 5
    endloop
  endfacet
  facet normal 0 0 1
    outer loop
      vertex -111.363 -88.8447 5
      vertex -100.466 -87.9739 5
      vertex -100.488 -87.8283 5
    endloop
  endfacet
  facet normal 0 0 1
    outer loop
      vertex -100.381 -109.735 5
      vertex -107.884 -112.298 5
      vertex -100.43 -109.873 5
    endloop
  endfacet
  facet normal 0 0 1
    outer loop
      vertex -111.363 -88.8447 5
      vertex -100.488 -87.8283 5
      vertex -100.495 -87.6812 5
    endloop
  endfacet
  facet normal 0 0 1
    outer loop
      vertex -100.43 -109.873 5
      vertex -107.884 -112.298 5
      vertex -100.466 -110.016 5
    endloop
  endfacet
  facet normal 0 0 1
    outer loop
      vertex -97.5595 109.873 5
      vertex -90.1058 112.298 5
      vertex -97.5238 110.016 5
    endloop
  endfacet
  facet normal 0 0 1
    outer loop
      vertex -89.1812 98.9949 5
      vertex -97.5022 87.8283 5
      vertex -97.4949 87.6812 5
    endloop
  endfacet
  facet normal 0 0 1
    outer loop
      vertex -97.6091 109.735 5
      vertex -90.1058 112.298 5
      vertex -97.5595 109.873 5
    endloop
  endfacet
  facet normal 0 0 1
    outer loop
      vertex -89.1812 98.9949 5
      vertex -97.5238 87.9739 5
      vertex -97.5022 87.8283 5
    endloop
  endfacet
  facet normal 0 0 1
    outer loop
      vertex -88.8447 111.363 5
      vertex -97.6091 109.735 5
      vertex -97.6721 109.602 5
    endloop
  endfacet
  facet normal 0 0 1
    outer loop
      vertex -89.1812 98.9949 5
      vertex -97.5595 88.1167 5
      vertex -97.5238 87.9739 5
    endloop
  endfacet
  facet normal 0 0 1
    outer loop
      vertex -88.8447 111.363 5
      vertex -97.6721 109.602 5
      vertex -97.7477 109.475 5
    endloop
  endfacet
  facet normal 0 0 1
    outer loop
      vertex -89.1812 98.9949 5
      vertex -97.6091 88.2553 5
      vertex -97.5595 88.1167 5
    endloop
  endfacet
  facet normal -0 0 1
    outer loop
      vertex -98.2879 108.986 5
      vertex -89.0041 99.702 5
      vertex -98.1616 109.061 5
    endloop
  endfacet
  facet normal 0 0 1
    outer loop
      vertex -89.1812 98.9949 5
      vertex -97.6721 88.3883 5
      vertex -97.6091 88.2553 5
    endloop
  endfacet
  facet normal 0 0 1
    outer loop
      vertex -89.0041 99.702 5
      vertex -98.2879 108.986 5
      vertex -89.0671 99.569 5
    endloop
  endfacet
  facet normal 0 0 1
    outer loop
      vertex -89.1812 98.9949 5
      vertex -97.7477 88.5146 5
      vertex -97.6721 88.3883 5
    endloop
  endfacet
  facet normal -0 0 1
    outer loop
      vertex -98.4209 108.923 5
      vertex -89.0671 99.569 5
      vertex -98.2879 108.986 5
    endloop
  endfacet
  facet normal 0 0 1
    outer loop
      vertex -89.1812 98.9949 5
      vertex -97.8354 88.6328 5
      vertex -97.7477 88.5146 5
    endloop
  endfacet
  facet normal 0 0 1
    outer loop
      vertex -89.0671 99.569 5
      vertex -98.4209 108.923 5
      vertex -89.1167 99.4304 5
    endloop
  endfacet
  facet normal 0 0 1
    outer loop
      vertex -89.1812 98.9949 5
      vertex -97.9343 88.7419 5
      vertex -97.8354 88.6328 5
    endloop
  endfacet
  facet normal -0 0 1
    outer loop
      vertex -98.5595 108.873 5
      vertex -89.1167 99.4304 5
      vertex -98.4209 108.923 5
    endloop
  endfacet
  facet normal 0 0 1
    outer loop
      vertex -89.1812 98.9949 5
      vertex -98.0434 88.8408 5
      vertex -97.9343 88.7419 5
    endloop
  endfacet
  facet normal 0 0 1
    outer loop
      vertex -89.1167 99.4304 5
      vertex -98.5595 108.873 5
      vertex -89.1524 99.2876 5
    endloop
  endfacet
  facet normal 0 0 1
    outer loop
      vertex -89.1812 98.9949 5
      vertex -98.1616 88.9284 5
      vertex -98.0434 88.8408 5
    endloop
  endfacet
  facet normal -0 0 1
    outer loop
      vertex -98.7023 108.837 5
      vertex -89.1524 99.2876 5
      vertex -98.5595 108.873 5
    endloop
  endfacet
  facet normal 0 0 1
    outer loop
      vertex -89.1812 98.9949 5
      vertex -98.2879 89.0041 5
      vertex -98.1616 88.9284 5
    endloop
  endfacet
  facet normal 0 0 1
    outer loop
      vertex -89.1524 99.2876 5
      vertex -98.7023 108.837 5
      vertex -89.174 99.142 5
    endloop
  endfacet
  facet normal 0 0 1
    outer loop
      vertex -89.1812 98.9949 5
      vertex -98.4209 89.0671 5
      vertex -98.2879 89.0041 5
    endloop
  endfacet
  facet normal -0 0 1
    outer loop
      vertex -98.8479 108.816 5
      vertex -89.174 99.142 5
      vertex -98.7023 108.837 5
    endloop
  endfacet
  facet normal 0 0 1
    outer loop
      vertex -89.1812 98.9949 5
      vertex -98.5595 89.1167 5
      vertex -98.4209 89.0671 5
    endloop
  endfacet
  facet normal 0 0 1
    outer loop
      vertex -89.174 99.142 5
      vertex -98.8479 108.816 5
      vertex -89.1812 98.9949 5
    endloop
  endfacet
  facet normal 0 0 1
    outer loop
      vertex -89.1812 98.9949 5
      vertex -98.7023 89.1524 5
      vertex -98.5595 89.1167 5
    endloop
  endfacet
  facet normal -0 0 1
    outer loop
      vertex -98.9949 108.809 5
      vertex -89.1812 98.9949 5
      vertex -98.8479 108.816 5
    endloop
  endfacet
  facet normal 0 0 1
    outer loop
      vertex -89.1812 98.9949 5
      vertex -98.8479 89.174 5
      vertex -98.7023 89.1524 5
    endloop
  endfacet
  facet normal 0 0 1
    outer loop
      vertex -98.9949 89.1812 5
      vertex -89.1812 98.9949 5
      vertex -98.9949 108.809 5
    endloop
  endfacet
  facet normal 0 0 1
    outer loop
      vertex -89.1812 98.9949 5
      vertex -98.9949 89.1812 5
      vertex -98.8479 89.174 5
    endloop
  endfacet
  facet normal 0 0 1
    outer loop
      vertex -108.809 98.9949 5
      vertex -98.9949 108.809 5
      vertex -99.142 108.816 5
    endloop
  endfacet
  facet normal 0 0 1
    outer loop
      vertex -98.9949 108.809 5
      vertex -108.809 98.9949 5
      vertex -98.9949 89.1812 5
    endloop
  endfacet
  facet normal 0 0 1
    outer loop
      vertex -108.816 99.142 5
      vertex -99.142 108.816 5
      vertex -99.2876 108.837 5
    endloop
  endfacet
  facet normal 0 0 1
    outer loop
      vertex -98.9949 89.1812 5
      vertex -108.809 98.9949 5
      vertex -99.142 89.174 5
    endloop
  endfacet
  facet normal 0 0 1
    outer loop
      vertex -108.816 99.142 5
      vertex -99.2876 108.837 5
      vertex -99.4304 108.873 5
    endloop
  endfacet
  facet normal -0 0 1
    outer loop
      vertex -108.816 98.8479 5
      vertex -99.142 89.174 5
      vertex -108.809 98.9949 5
    endloop
  endfacet
  facet normal 0 0 1
    outer loop
      vertex -108.816 99.142 5
      vertex -99.4304 108.873 5
      vertex -99.569 108.923 5
    endloop
  endfacet
  facet normal 0 0 1
    outer loop
      vertex -99.142 89.174 5
      vertex -108.816 98.8479 5
      vertex -99.2876 89.1524 5
    endloop
  endfacet
  facet normal 0 0 1
    outer loop
      vertex -108.816 99.142 5
      vertex -99.569 108.923 5
      vertex -99.702 108.986 5
    endloop
  endfacet
  facet normal -0 0 1
    outer loop
      vertex -108.837 98.7023 5
      vertex -99.2876 89.1524 5
      vertex -108.816 98.8479 5
    endloop
  endfacet
  facet normal 0 0 1
    outer loop
      vertex -99.2876 89.1524 5
      vertex -108.837 98.7023 5
      vertex -99.4304 89.1167 5
    endloop
  endfacet
  facet normal 0 0 1
    outer loop
      vertex -108.816 99.142 5
      vertex -99.702 108.986 5
      vertex -99.8283 109.061 5
    endloop
  endfacet
  facet normal 0 0 1
    outer loop
      vertex -108.816 99.142 5
      vertex -99.8283 109.061 5
      vertex -99.9465 109.149 5
    endloop
  endfacet
  facet normal -0 0 1
    outer loop
      vertex -108.873 98.5595 5
      vertex -99.4304 89.1167 5
      vertex -108.837 98.7023 5
    endloop
  endfacet
  facet normal 0 0 1
    outer loop
      vertex -108.816 99.142 5
      vertex -99.9465 109.149 5
      vertex -100.056 109.248 5
    endloop
  endfacet
  facet normal 0 0 1
    outer loop
      vertex -99.4304 89.1167 5
      vertex -108.873 98.5595 5
      vertex -99.569 89.0671 5
    endloop
  endfacet
  facet normal 0 0 1
    outer loop
      vertex -108.816 99.142 5
      vertex -100.056 109.248 5
      vertex -100.154 109.357 5
    endloop
  endfacet
  facet normal -0 0 1
    outer loop
      vertex -108.923 98.4209 5
      vertex -99.569 89.0671 5
      vertex -108.873 98.5595 5
    endloop
  endfacet
  facet normal 0 0 1
    outer loop
      vertex -99.569 89.0671 5
      vertex -108.923 98.4209 5
      vertex -99.702 89.0041 5
    endloop
  endfacet
  facet normal 0 0 1
    outer loop
      vertex -108.816 99.142 5
      vertex -100.154 109.357 5
      vertex -100.242 109.475 5
    endloop
  endfacet
  facet normal 0 0 1
    outer loop
      vertex -100.381 109.735 5
      vertex -109.145 111.363 5
      vertex -100.318 109.602 5
    endloop
  endfacet
  facet normal -0 0 1
    outer loop
      vertex -108.986 98.2879 5
      vertex -99.702 89.0041 5
      vertex -108.923 98.4209 5
    endloop
  endfacet
  facet normal -0 0 1
    outer loop
      vertex -109.145 111.363 5
      vertex -100.381 109.735 5
      vertex -107.884 112.298 5
    endloop
  endfacet
  facet normal 0 0 1
    outer loop
      vertex -99.702 89.0041 5
      vertex -108.986 98.2879 5
      vertex -99.8283 88.9284 5
    endloop
  endfacet
  facet normal 0 0 1
    outer loop
      vertex -107.884 112.298 5
      vertex -100.381 109.735 5
      vertex -100.43 109.873 5
    endloop
  endfacet
  facet normal -0 0 1
    outer loop
      vertex -109.061 98.1616 5
      vertex -99.8283 88.9284 5
      vertex -108.986 98.2879 5
    endloop
  endfacet
  facet normal 0 0 1
    outer loop
      vertex -107.884 112.298 5
      vertex -100.43 109.873 5
      vertex -100.466 110.016 5
    endloop
  endfacet
  facet normal 0 0 1
    outer loop
      vertex -99.8283 88.9284 5
      vertex -109.061 98.1616 5
      vertex -99.9465 88.8408 5
    endloop
  endfacet
  facet normal 0 0 1
    outer loop
      vertex -106.537 113.106 5
      vertex -100.466 110.016 5
      vertex -100.488 110.162 5
    endloop
  endfacet
  facet normal -0 0 1
    outer loop
      vertex -109.149 98.0434 5
      vertex -99.9465 88.8408 5
      vertex -109.061 98.1616 5
    endloop
  endfacet
  facet normal 0 0 1
    outer loop
      vertex -106.537 113.106 5
      vertex -100.488 110.162 5
      vertex -100.495 110.309 5
    endloop
  endfacet
  facet normal 0 0 1
    outer loop
      vertex -99.9465 88.8408 5
      vertex -109.149 98.0434 5
      vertex -100.056 88.7419 5
    endloop
  endfacet
  facet normal 0 0 1
    outer loop
      vertex -92.872 113.777 5
      vertex -97.5022 110.456 5
      vertex -97.4949 110.309 5
    endloop
  endfacet
  facet normal 0 0 1
    outer loop
      vertex -95.8735 114.688 5
      vertex -97.5238 110.601 5
      vertex -97.5022 110.456 5
    endloop
  endfacet
  facet normal 0 0 1
    outer loop
      vertex -95.8735 114.688 5
      vertex -97.5595 110.744 5
      vertex -97.5238 110.601 5
    endloop
  endfacet
  facet normal 0 0 1
    outer loop
      vertex -95.8735 114.688 5
      vertex -97.6091 110.883 5
      vertex -97.5595 110.744 5
    endloop
  endfacet
  facet normal 0 0 1
    outer loop
      vertex -95.8735 114.688 5
      vertex -97.6721 111.016 5
      vertex -97.6091 110.883 5
    endloop
  endfacet
  facet normal 0 0 1
    outer loop
      vertex -95.8735 114.688 5
      vertex -97.7477 111.142 5
      vertex -97.6721 111.016 5
    endloop
  endfacet
  facet normal 0 0 1
    outer loop
      vertex -95.8735 114.688 5
      vertex -97.8354 111.26 5
      vertex -97.7477 111.142 5
    endloop
  endfacet
  facet normal 0 0 1
    outer loop
      vertex -95.8735 114.688 5
      vertex -97.9343 111.369 5
      vertex -97.8354 111.26 5
    endloop
  endfacet
  facet normal 0 0 1
    outer loop
      vertex -95.8735 114.688 5
      vertex -98.0434 111.468 5
      vertex -97.9343 111.369 5
    endloop
  endfacet
  facet normal 0 0 1
    outer loop
      vertex -97.4267 114.918 5
      vertex -98.1616 111.556 5
      vertex -98.0434 111.468 5
    endloop
  endfacet
  facet normal 0 0 1
    outer loop
      vertex -97.4267 114.918 5
      vertex -98.2879 111.632 5
      vertex -98.1616 111.556 5
    endloop
  endfacet
  facet normal 0 0 1
    outer loop
      vertex -97.4267 114.918 5
      vertex -98.4209 111.694 5
      vertex -98.2879 111.632 5
    endloop
  endfacet
  facet normal 0 0 1
    outer loop
      vertex -97.4267 114.918 5
      vertex -98.5595 111.744 5
      vertex -98.4209 111.694 5
    endloop
  endfacet
  facet normal 0 0 1
    outer loop
      vertex -97.4267 114.918 5
      vertex -98.7023 111.78 5
      vertex -98.5595 111.744 5
    endloop
  endfacet
  facet normal 0 0 1
    outer loop
      vertex -98.9949 114.995 5
      vertex -98.7023 111.78 5
      vertex -97.4267 114.918 5
    endloop
  endfacet
  facet normal 0 0 1
    outer loop
      vertex -98.7023 111.78 5
      vertex -98.9949 114.995 5
      vertex -98.8479 111.801 5
    endloop
  endfacet
  facet normal 0 0 1
    outer loop
      vertex -98.9949 114.995 5
      vertex -98.9949 111.809 5
      vertex -98.8479 111.801 5
    endloop
  endfacet
  facet normal 0 0 1
    outer loop
      vertex -98.9949 114.995 5
      vertex -99.142 111.801 5
      vertex -98.9949 111.809 5
    endloop
  endfacet
  facet normal 0 0 1
    outer loop
      vertex -98.9949 114.995 5
      vertex -99.2876 111.78 5
      vertex -99.142 111.801 5
    endloop
  endfacet
  facet normal -0 0 1
    outer loop
      vertex -100.563 114.918 5
      vertex -99.2876 111.78 5
      vertex -98.9949 114.995 5
    endloop
  endfacet
  facet normal 0 0 1
    outer loop
      vertex -99.2876 111.78 5
      vertex -100.563 114.918 5
      vertex -99.4304 111.744 5
    endloop
  endfacet
  facet normal 0 0 1
    outer loop
      vertex -99.4304 111.744 5
      vertex -100.563 114.918 5
      vertex -99.569 111.694 5
    endloop
  endfacet
  facet normal 0 0 1
    outer loop
      vertex -99.569 111.694 5
      vertex -100.563 114.918 5
      vertex -99.702 111.632 5
    endloop
  endfacet
  facet normal 0 0 1
    outer loop
      vertex -99.702 111.632 5
      vertex -100.563 114.918 5
      vertex -99.8283 111.556 5
    endloop
  endfacet
  facet normal 0 0 1
    outer loop
      vertex -99.8283 111.556 5
      vertex -100.563 114.918 5
      vertex -99.9465 111.468 5
    endloop
  endfacet
  facet normal -0 0 1
    outer loop
      vertex -102.116 114.688 5
      vertex -99.9465 111.468 5
      vertex -100.563 114.918 5
    endloop
  endfacet
  facet normal 0 0 1
    outer loop
      vertex -99.9465 111.468 5
      vertex -102.116 114.688 5
      vertex -100.056 111.369 5
    endloop
  endfacet
  facet normal 0 0 1
    outer loop
      vertex -100.056 111.369 5
      vertex -102.116 114.688 5
      vertex -100.154 111.26 5
    endloop
  endfacet
  facet normal 0 0 1
    outer loop
      vertex -100.154 111.26 5
      vertex -102.116 114.688 5
      vertex -100.242 111.142 5
    endloop
  endfacet
  facet normal 0 0 1
    outer loop
      vertex -100.242 111.142 5
      vertex -102.116 114.688 5
      vertex -100.318 111.016 5
    endloop
  endfacet
  facet normal -0 0 1
    outer loop
      vertex -105.118 113.777 5
      vertex -100.466 110.601 5
      vertex -103.64 114.306 5
    endloop
  endfacet
  facet normal 0 0 1
    outer loop
      vertex -100.43 110.744 5
      vertex -103.64 114.306 5
      vertex -100.466 110.601 5
    endloop
  endfacet
  facet normal 0 0 1
    outer loop
      vertex -100.381 110.883 5
      vertex -103.64 114.306 5
      vertex -100.43 110.744 5
    endloop
  endfacet
  facet normal 0 0 1
    outer loop
      vertex -100.318 111.016 5
      vertex -103.64 114.306 5
      vertex -100.381 110.883 5
    endloop
  endfacet
  facet normal -0 0 1
    outer loop
      vertex -103.64 114.306 5
      vertex -100.318 111.016 5
      vertex -102.116 114.688 5
    endloop
  endfacet
  facet normal 0 0 1
    outer loop
      vertex -92.872 -113.777 5
      vertex -97.5238 -110.601 5
      vertex -94.3504 -114.306 5
    endloop
  endfacet
  facet normal -0 0 1
    outer loop
      vertex -97.5595 -110.744 5
      vertex -94.3504 -114.306 5
      vertex -97.5238 -110.601 5
    endloop
  endfacet
  facet normal -0 0 1
    outer loop
      vertex -97.6091 -110.883 5
      vertex -94.3504 -114.306 5
      vertex -97.5595 -110.744 5
    endloop
  endfacet
  facet normal -0 0 1
    outer loop
      vertex -97.6721 -111.016 5
      vertex -94.3504 -114.306 5
      vertex -97.6091 -110.883 5
    endloop
  endfacet
  facet normal 0 0 1
    outer loop
      vertex -94.3504 -114.306 5
      vertex -97.6721 -111.016 5
      vertex -95.8735 -114.688 5
    endloop
  endfacet
  facet normal -0 0 1
    outer loop
      vertex -97.7477 -111.142 5
      vertex -95.8735 -114.688 5
      vertex -97.6721 -111.016 5
    endloop
  endfacet
  facet normal -0 0 1
    outer loop
      vertex -97.8354 -111.26 5
      vertex -95.8735 -114.688 5
      vertex -97.7477 -111.142 5
    endloop
  endfacet
  facet normal -0 0 1
    outer loop
      vertex -97.9343 -111.369 5
      vertex -95.8735 -114.688 5
      vertex -97.8354 -111.26 5
    endloop
  endfacet
  facet normal -0 0 1
    outer loop
      vertex -98.0434 -111.468 5
      vertex -95.8735 -114.688 5
      vertex -97.9343 -111.369 5
    endloop
  endfacet
  facet normal 0 0 1
    outer loop
      vertex -95.8735 -114.688 5
      vertex -98.0434 -111.468 5
      vertex -97.4267 -114.918 5
    endloop
  endfacet
  facet normal -0 0 1
    outer loop
      vertex -98.1616 -111.556 5
      vertex -97.4267 -114.918 5
      vertex -98.0434 -111.468 5
    endloop
  endfacet
  facet normal -0 0 1
    outer loop
      vertex -98.2879 -111.632 5
      vertex -97.4267 -114.918 5
      vertex -98.1616 -111.556 5
    endloop
  endfacet
  facet normal -0 0 1
    outer loop
      vertex -98.4209 -111.694 5
      vertex -97.4267 -114.918 5
      vertex -98.2879 -111.632 5
    endloop
  endfacet
  facet normal -0 0 1
    outer loop
      vertex -98.5595 -111.744 5
      vertex -97.4267 -114.918 5
      vertex -98.4209 -111.694 5
    endloop
  endfacet
  facet normal -0 0 1
    outer loop
      vertex -98.7023 -111.78 5
      vertex -97.4267 -114.918 5
      vertex -98.5595 -111.744 5
    endloop
  endfacet
  facet normal 0 0 1
    outer loop
      vertex -98.9949 -114.995 5
      vertex -98.7023 -111.78 5
      vertex -98.8479 -111.801 5
    endloop
  endfacet
  facet normal 0 0 1
    outer loop
      vertex -98.9949 -114.995 5
      vertex -98.8479 -111.801 5
      vertex -98.9949 -111.809 5
    endloop
  endfacet
  facet normal 0 0 1
    outer loop
      vertex -98.7023 -111.78 5
      vertex -98.9949 -114.995 5
      vertex -97.4267 -114.918 5
    endloop
  endfacet
  facet normal 0 0 1
    outer loop
      vertex -99.142 -111.801 5
      vertex -98.9949 -114.995 5
      vertex -98.9949 -111.809 5
    endloop
  endfacet
  facet normal 0 0 1
    outer loop
      vertex -99.2876 -111.78 5
      vertex -98.9949 -114.995 5
      vertex -99.142 -111.801 5
    endloop
  endfacet
  facet normal 0 0 1
    outer loop
      vertex -100.563 -114.918 5
      vertex -99.2876 -111.78 5
      vertex -99.4304 -111.744 5
    endloop
  endfacet
  facet normal 0 0 1
    outer loop
      vertex -100.563 -114.918 5
      vertex -99.4304 -111.744 5
      vertex -99.569 -111.694 5
    endloop
  endfacet
  facet normal 0 0 1
    outer loop
      vertex -100.563 -114.918 5
      vertex -99.569 -111.694 5
      vertex -99.702 -111.632 5
    endloop
  endfacet
  facet normal 0 0 1
    outer loop
      vertex -100.563 -114.918 5
      vertex -99.702 -111.632 5
      vertex -99.8283 -111.556 5
    endloop
  endfacet
  facet normal 0 0 1
    outer loop
      vertex -100.563 -114.918 5
      vertex -99.8283 -111.556 5
      vertex -99.9465 -111.468 5
    endloop
  endfacet
  facet normal 0 0 1
    outer loop
      vertex -102.116 -114.688 5
      vertex -99.9465 -111.468 5
      vertex -100.056 -111.369 5
    endloop
  endfacet
  facet normal 0 0 1
    outer loop
      vertex -102.116 -114.688 5
      vertex -100.056 -111.369 5
      vertex -100.154 -111.26 5
    endloop
  endfacet
  facet normal 0 0 1
    outer loop
      vertex -102.116 -114.688 5
      vertex -100.154 -111.26 5
      vertex -100.242 -111.142 5
    endloop
  endfacet
  facet normal 0 0 1
    outer loop
      vertex -102.116 -114.688 5
      vertex -100.242 -111.142 5
      vertex -100.318 -111.016 5
    endloop
  endfacet
  facet normal 0 0 1
    outer loop
      vertex -103.64 -114.306 5
      vertex -100.318 -111.016 5
      vertex -100.381 -110.883 5
    endloop
  endfacet
  facet normal 0 0 1
    outer loop
      vertex -103.64 -114.306 5
      vertex -100.381 -110.883 5
      vertex -100.43 -110.744 5
    endloop
  endfacet
  facet normal 0 0 1
    outer loop
      vertex -99.2876 -111.78 5
      vertex -100.563 -114.918 5
      vertex -98.9949 -114.995 5
    endloop
  endfacet
  facet normal 0 0 1
    outer loop
      vertex -103.64 -114.306 5
      vertex -100.43 -110.744 5
      vertex -100.466 -110.601 5
    endloop
  endfacet
  facet normal 0 0 1
    outer loop
      vertex -105.118 -113.777 5
      vertex -100.466 -110.601 5
      vertex -100.488 -110.456 5
    endloop
  endfacet
  facet normal 0 0 1
    outer loop
      vertex -105.118 -113.777 5
      vertex -100.488 -110.456 5
      vertex -100.495 -110.309 5
    endloop
  endfacet
  facet normal 0 0 1
    outer loop
      vertex -26.4321 16.5326 5
      vertex -16.5326 26.4321 5
      vertex -25.5 25.5 5
    endloop
  endfacet
  facet normal 0 0 1
    outer loop
      vertex -30.9805 0 5
      vertex -16.5326 26.4321 5
      vertex -26.4321 16.5326 5
    endloop
  endfacet
  facet normal 0 0 1
    outer loop
      vertex -16.5326 26.4321 5
      vertex -30.9805 0 5
      vertex -16.5326 -26.4321 5
    endloop
  endfacet
  facet normal 0 0 1
    outer loop
      vertex -16.5326 -26.4321 5
      vertex -26.4321 -16.5326 5
      vertex -25.5 -25.5 5
    endloop
  endfacet
  facet normal 0 0 1
    outer loop
      vertex -16.5326 -26.4321 5
      vertex -30.9805 0 5
      vertex -26.4321 -16.5326 5
    endloop
  endfacet
  facet normal 0 0 1
    outer loop
      vertex -69.2965 59.397 5
      vertex -30.9805 0 5
      vertex -26.4321 16.5326 5
    endloop
  endfacet
  facet normal -0 0 1
    outer loop
      vertex -86.2101 98.7023 5
      vertex -59.397 69.2965 5
      vertex -86.1885 98.8479 5
    endloop
  endfacet
  facet normal -0 0 1
    outer loop
      vertex -86.2458 98.5595 5
      vertex -59.397 69.2965 5
      vertex -86.2101 98.7023 5
    endloop
  endfacet
  facet normal -0 0 1
    outer loop
      vertex -86.2954 98.4209 5
      vertex -59.397 69.2965 5
      vertex -86.2458 98.5595 5
    endloop
  endfacet
  facet normal -0 0 1
    outer loop
      vertex -86.3584 98.2879 5
      vertex -59.397 69.2965 5
      vertex -86.2954 98.4209 5
    endloop
  endfacet
  facet normal -0 0 1
    outer loop
      vertex -86.434 98.1616 5
      vertex -59.397 69.2965 5
      vertex -86.3584 98.2879 5
    endloop
  endfacet
  facet normal -0 0 1
    outer loop
      vertex -86.5217 98.0434 5
      vertex -59.397 69.2965 5
      vertex -86.434 98.1616 5
    endloop
  endfacet
  facet normal -0 0 1
    outer loop
      vertex -86.6206 97.9343 5
      vertex -59.397 69.2965 5
      vertex -86.5217 98.0434 5
    endloop
  endfacet
  facet normal -0 0 1
    outer loop
      vertex -86.7297 97.8354 5
      vertex -59.397 69.2965 5
      vertex -86.6206 97.9343 5
    endloop
  endfacet
  facet normal -0 0 1
    outer loop
      vertex -86.8479 97.7477 5
      vertex -59.397 69.2965 5
      vertex -86.7297 97.8354 5
    endloop
  endfacet
  facet normal -0 0 1
    outer loop
      vertex -86.9741 97.6721 5
      vertex -59.397 69.2965 5
      vertex -86.8479 97.7477 5
    endloop
  endfacet
  facet normal -0 0 1
    outer loop
      vertex -87.1072 97.6091 5
      vertex -59.397 69.2965 5
      vertex -86.9741 97.6721 5
    endloop
  endfacet
  facet normal 0 0 1
    outer loop
      vertex -59.397 69.2965 5
      vertex -87.1072 97.6091 5
      vertex -69.2965 59.397 5
    endloop
  endfacet
  facet normal 0 0 1
    outer loop
      vertex -97.6091 87.1072 5
      vertex -87.1072 97.6091 5
      vertex -87.2458 97.5595 5
    endloop
  endfacet
  facet normal 0 0 1
    outer loop
      vertex -97.5595 87.2458 5
      vertex -87.2458 97.5595 5
      vertex -87.3886 97.5238 5
    endloop
  endfacet
  facet normal 0 0 1
    outer loop
      vertex -97.5238 87.3886 5
      vertex -87.3886 97.5238 5
      vertex -87.5342 97.5022 5
    endloop
  endfacet
  facet normal 0 0 1
    outer loop
      vertex -97.5022 87.5342 5
      vertex -87.5342 97.5022 5
      vertex -87.6812 97.4949 5
    endloop
  endfacet
  facet normal 0 0 1
    outer loop
      vertex -97.4949 87.6812 5
      vertex -87.6812 97.4949 5
      vertex -87.8283 97.5022 5
    endloop
  endfacet
  facet normal 0 0 1
    outer loop
      vertex -97.4949 87.6812 5
      vertex -87.8283 97.5022 5
      vertex -87.9739 97.5238 5
    endloop
  endfacet
  facet normal 0 0 1
    outer loop
      vertex -97.4949 87.6812 5
      vertex -87.9739 97.5238 5
      vertex -88.1167 97.5595 5
    endloop
  endfacet
  facet normal 0 0 1
    outer loop
      vertex -97.4949 87.6812 5
      vertex -88.1167 97.5595 5
      vertex -88.2553 97.6091 5
    endloop
  endfacet
  facet normal 0 0 1
    outer loop
      vertex -97.4949 87.6812 5
      vertex -88.2553 97.6091 5
      vertex -88.3883 97.6721 5
    endloop
  endfacet
  facet normal 0 0 1
    outer loop
      vertex -97.4949 87.6812 5
      vertex -88.3883 97.6721 5
      vertex -88.5146 97.7477 5
    endloop
  endfacet
  facet normal 0 0 1
    outer loop
      vertex -97.4949 87.6812 5
      vertex -88.5146 97.7477 5
      vertex -88.6328 97.8354 5
    endloop
  endfacet
  facet normal 0 0 1
    outer loop
      vertex -97.4949 87.6812 5
      vertex -88.6328 97.8354 5
      vertex -88.7419 97.9343 5
    endloop
  endfacet
  facet normal 0 0 1
    outer loop
      vertex -97.4949 87.6812 5
      vertex -88.7419 97.9343 5
      vertex -88.8408 98.0434 5
    endloop
  endfacet
  facet normal 0 0 1
    outer loop
      vertex -97.4949 87.6812 5
      vertex -88.8408 98.0434 5
      vertex -88.9284 98.1616 5
    endloop
  endfacet
  facet normal 0 0 1
    outer loop
      vertex -97.4949 87.6812 5
      vertex -88.9284 98.1616 5
      vertex -89.0041 98.2879 5
    endloop
  endfacet
  facet normal 0 0 1
    outer loop
      vertex -97.5238 110.016 5
      vertex -91.4526 113.106 5
      vertex -97.5022 110.162 5
    endloop
  endfacet
  facet normal 0 0 1
    outer loop
      vertex -97.5022 110.162 5
      vertex -91.4526 113.106 5
      vertex -97.4949 110.309 5
    endloop
  endfacet
  facet normal 0 0 1
    outer loop
      vertex -91.4526 113.106 5
      vertex -97.5238 110.016 5
      vertex -90.1058 112.298 5
    endloop
  endfacet
  facet normal 0 0 1
    outer loop
      vertex -97.4949 110.309 5
      vertex -91.4526 113.106 5
      vertex -92.872 113.777 5
    endloop
  endfacet
  facet normal 0 0 1
    outer loop
      vertex -97.5022 110.456 5
      vertex -92.872 113.777 5
      vertex -94.3504 114.306 5
    endloop
  endfacet
  facet normal 0 0 1
    outer loop
      vertex -89.1812 98.9949 5
      vertex -97.4949 87.6812 5
      vertex -89.174 98.8479 5
    endloop
  endfacet
  facet normal 0 0 1
    outer loop
      vertex -97.5022 110.456 5
      vertex -94.3504 114.306 5
      vertex -95.8735 114.688 5
    endloop
  endfacet
  facet normal 0 0 1
    outer loop
      vertex -89.174 98.8479 5
      vertex -97.4949 87.6812 5
      vertex -89.1524 98.7023 5
    endloop
  endfacet
  facet normal 0 0 1
    outer loop
      vertex -98.0434 111.468 5
      vertex -95.8735 114.688 5
      vertex -97.4267 114.918 5
    endloop
  endfacet
  facet normal 0 0 1
    outer loop
      vertex -89.1524 98.7023 5
      vertex -97.4949 87.6812 5
      vertex -89.1167 98.5595 5
    endloop
  endfacet
  facet normal 0 0 1
    outer loop
      vertex -89.1167 98.5595 5
      vertex -97.4949 87.6812 5
      vertex -89.0671 98.4209 5
    endloop
  endfacet
  facet normal 0 0 1
    outer loop
      vertex -89.0671 98.4209 5
      vertex -97.4949 87.6812 5
      vertex -89.0041 98.2879 5
    endloop
  endfacet
  facet normal 0 0 1
    outer loop
      vertex -87.6812 97.4949 5
      vertex -97.4949 87.6812 5
      vertex -97.5022 87.5342 5
    endloop
  endfacet
  facet normal 0 0 1
    outer loop
      vertex -87.5342 97.5022 5
      vertex -97.5022 87.5342 5
      vertex -97.5238 87.3886 5
    endloop
  endfacet
  facet normal 0 0 1
    outer loop
      vertex -87.3886 97.5238 5
      vertex -97.5238 87.3886 5
      vertex -97.5595 87.2458 5
    endloop
  endfacet
  facet normal 0 0 1
    outer loop
      vertex -87.2458 97.5595 5
      vertex -97.5595 87.2458 5
      vertex -97.6091 87.1072 5
    endloop
  endfacet
  facet normal 0 0 1
    outer loop
      vertex -87.1072 97.6091 5
      vertex -97.6091 87.1072 5
      vertex -69.2965 59.397 5
    endloop
  endfacet
  facet normal -0 0 1
    outer loop
      vertex -97.6721 86.9741 5
      vertex -69.2965 59.397 5
      vertex -97.6091 87.1072 5
    endloop
  endfacet
  facet normal -0 0 1
    outer loop
      vertex -97.7477 86.8479 5
      vertex -69.2965 59.397 5
      vertex -97.6721 86.9741 5
    endloop
  endfacet
  facet normal -0 0 1
    outer loop
      vertex -97.8354 86.7297 5
      vertex -69.2965 59.397 5
      vertex -97.7477 86.8479 5
    endloop
  endfacet
  facet normal -0 0 1
    outer loop
      vertex -97.9343 86.6206 5
      vertex -69.2965 59.397 5
      vertex -97.8354 86.7297 5
    endloop
  endfacet
  facet normal -0 0 1
    outer loop
      vertex -98.0434 86.5217 5
      vertex -69.2965 59.397 5
      vertex -97.9343 86.6206 5
    endloop
  endfacet
  facet normal -0 0 1
    outer loop
      vertex -98.1616 86.434 5
      vertex -69.2965 59.397 5
      vertex -98.0434 86.5217 5
    endloop
  endfacet
  facet normal -0 0 1
    outer loop
      vertex -98.2879 86.3584 5
      vertex -69.2965 59.397 5
      vertex -98.1616 86.434 5
    endloop
  endfacet
  facet normal -0 0 1
    outer loop
      vertex -98.4209 86.2954 5
      vertex -69.2965 59.397 5
      vertex -98.2879 86.3584 5
    endloop
  endfacet
  facet normal -0 0 1
    outer loop
      vertex -98.5595 86.2458 5
      vertex -69.2965 59.397 5
      vertex -98.4209 86.2954 5
    endloop
  endfacet
  facet normal -0 0 1
    outer loop
      vertex -98.7023 86.2101 5
      vertex -69.2965 59.397 5
      vertex -98.5595 86.2458 5
    endloop
  endfacet
  facet normal -0 0 1
    outer loop
      vertex -98.8479 86.1885 5
      vertex -69.2965 59.397 5
      vertex -98.7023 86.2101 5
    endloop
  endfacet
  facet normal -0 0 1
    outer loop
      vertex -98.9949 86.1812 5
      vertex -69.2965 59.397 5
      vertex -98.8479 86.1885 5
    endloop
  endfacet
  facet normal 0 0 1
    outer loop
      vertex -99.142 86.1885 5
      vertex -69.2965 59.397 5
      vertex -98.9949 86.1812 5
    endloop
  endfacet
  facet normal 0 0 1
    outer loop
      vertex -99.2876 86.2101 5
      vertex -69.2965 59.397 5
      vertex -99.142 86.1885 5
    endloop
  endfacet
  facet normal 0 0 1
    outer loop
      vertex -99.4304 86.2458 5
      vertex -69.2965 59.397 5
      vertex -99.2876 86.2101 5
    endloop
  endfacet
  facet normal 0 0 1
    outer loop
      vertex -111.363 88.8447 5
      vertex -69.2965 59.397 5
      vertex -99.4304 86.2458 5
    endloop
  endfacet
  facet normal 0 0 1
    outer loop
      vertex -111.363 88.8447 5
      vertex -99.4304 86.2458 5
      vertex -99.569 86.2954 5
    endloop
  endfacet
  facet normal 0 0 1
    outer loop
      vertex -111.363 88.8447 5
      vertex -99.569 86.2954 5
      vertex -99.702 86.3584 5
    endloop
  endfacet
  facet normal 0 0 1
    outer loop
      vertex -111.363 88.8447 5
      vertex -99.702 86.3584 5
      vertex -99.8283 86.434 5
    endloop
  endfacet
  facet normal 0 0 1
    outer loop
      vertex -111.363 88.8447 5
      vertex -99.8283 86.434 5
      vertex -99.9465 86.5217 5
    endloop
  endfacet
  facet normal 0 0 1
    outer loop
      vertex -111.363 88.8447 5
      vertex -99.9465 86.5217 5
      vertex -100.056 86.6206 5
    endloop
  endfacet
  facet normal 0 0 1
    outer loop
      vertex -111.363 88.8447 5
      vertex -100.056 86.6206 5
      vertex -100.154 86.7297 5
    endloop
  endfacet
  facet normal 0 0 1
    outer loop
      vertex -100.466 110.601 5
      vertex -105.118 113.777 5
      vertex -100.488 110.456 5
    endloop
  endfacet
  facet normal -0 0 1
    outer loop
      vertex -109.248 97.9343 5
      vertex -100.056 88.7419 5
      vertex -109.149 98.0434 5
    endloop
  endfacet
  facet normal 0 0 1
    outer loop
      vertex -100.488 110.456 5
      vertex -105.118 113.777 5
      vertex -100.495 110.309 5
    endloop
  endfacet
  facet normal -0 0 1
    outer loop
      vertex -106.537 113.106 5
      vertex -100.495 110.309 5
      vertex -105.118 113.777 5
    endloop
  endfacet
  facet normal 0 0 1
    outer loop
      vertex -100.056 88.7419 5
      vertex -109.248 97.9343 5
      vertex -100.154 88.6328 5
    endloop
  endfacet
  facet normal 0 0 1
    outer loop
      vertex -100.466 110.016 5
      vertex -106.537 113.106 5
      vertex -107.884 112.298 5
    endloop
  endfacet
  facet normal 0 0 1
    outer loop
      vertex -100.318 109.602 5
      vertex -109.145 111.363 5
      vertex -100.242 109.475 5
    endloop
  endfacet
  facet normal -0 0 1
    outer loop
      vertex -109.357 97.8354 5
      vertex -100.154 88.6328 5
      vertex -109.248 97.9343 5
    endloop
  endfacet
  facet normal 0 0 1
    outer loop
      vertex -100.154 88.6328 5
      vertex -109.357 97.8354 5
      vertex -100.242 88.5146 5
    endloop
  endfacet
  facet normal -0 0 1
    outer loop
      vertex -109.475 97.7477 5
      vertex -100.242 88.5146 5
      vertex -109.357 97.8354 5
    endloop
  endfacet
  facet normal -0 0 1
    outer loop
      vertex -111.363 88.8447 5
      vertex -100.242 88.5146 5
      vertex -109.475 97.7477 5
    endloop
  endfacet
  facet normal 0 0 1
    outer loop
      vertex -100.242 88.5146 5
      vertex -111.363 88.8447 5
      vertex -100.318 88.3883 5
    endloop
  endfacet
  facet normal 0 0 1
    outer loop
      vertex -100.318 88.3883 5
      vertex -111.363 88.8447 5
      vertex -100.381 88.2553 5
    endloop
  endfacet
  facet normal 0 0 1
    outer loop
      vertex -100.381 88.2553 5
      vertex -111.363 88.8447 5
      vertex -100.43 88.1167 5
    endloop
  endfacet
  facet normal 0 0 1
    outer loop
      vertex -100.43 88.1167 5
      vertex -111.363 88.8447 5
      vertex -100.466 87.9739 5
    endloop
  endfacet
  facet normal 0 0 1
    outer loop
      vertex -100.466 87.9739 5
      vertex -111.363 88.8447 5
      vertex -100.488 87.8283 5
    endloop
  endfacet
  facet normal 0 0 1
    outer loop
      vertex -100.488 87.8283 5
      vertex -111.363 88.8447 5
      vertex -100.495 87.6812 5
    endloop
  endfacet
  facet normal 0 0 1
    outer loop
      vertex -100.488 87.5342 5
      vertex -111.363 88.8447 5
      vertex -100.466 87.3886 5
    endloop
  endfacet
  facet normal 0 0 1
    outer loop
      vertex -100.466 87.3886 5
      vertex -111.363 88.8447 5
      vertex -100.43 87.2458 5
    endloop
  endfacet
  facet normal 0 0 1
    outer loop
      vertex -100.43 87.2458 5
      vertex -111.363 88.8447 5
      vertex -100.381 87.1072 5
    endloop
  endfacet
  facet normal 0 0 1
    outer loop
      vertex -100.381 87.1072 5
      vertex -111.363 88.8447 5
      vertex -100.318 86.9741 5
    endloop
  endfacet
  facet normal 0 0 1
    outer loop
      vertex -100.318 86.9741 5
      vertex -111.363 88.8447 5
      vertex -100.242 86.8479 5
    endloop
  endfacet
  facet normal 0 0 1
    outer loop
      vertex -100.242 86.8479 5
      vertex -111.363 88.8447 5
      vertex -100.154 86.7297 5
    endloop
  endfacet
  facet normal 0 0 1
    outer loop
      vertex -100.495 87.6812 5
      vertex -111.363 88.8447 5
      vertex -100.488 87.5342 5
    endloop
  endfacet
  facet normal 0 0 1
    outer loop
      vertex -111.363 88.8447 5
      vertex -109.475 97.7477 5
      vertex -109.602 97.6721 5
    endloop
  endfacet
  facet normal 0 0 1
    outer loop
      vertex -111.363 88.8447 5
      vertex -109.602 97.6721 5
      vertex -109.735 97.6091 5
    endloop
  endfacet
  facet normal 0 0 1
    outer loop
      vertex -112.298 90.1058 5
      vertex -109.735 97.6091 5
      vertex -109.873 97.5595 5
    endloop
  endfacet
  facet normal 0 0 1
    outer loop
      vertex -112.298 90.1058 5
      vertex -109.873 97.5595 5
      vertex -110.016 97.5238 5
    endloop
  endfacet
  facet normal 0 0 1
    outer loop
      vertex -113.106 91.4526 5
      vertex -110.016 97.5238 5
      vertex -110.162 97.5022 5
    endloop
  endfacet
  facet normal 0 0 1
    outer loop
      vertex -113.106 91.4526 5
      vertex -110.162 97.5022 5
      vertex -110.309 97.4949 5
    endloop
  endfacet
  facet normal 0 0 1
    outer loop
      vertex -113.777 92.872 5
      vertex -110.309 97.4949 5
      vertex -110.456 97.5022 5
    endloop
  endfacet
  facet normal 0 0 1
    outer loop
      vertex -113.777 92.872 5
      vertex -110.456 97.5022 5
      vertex -110.601 97.5238 5
    endloop
  endfacet
  facet normal 0 0 1
    outer loop
      vertex -114.306 94.3504 5
      vertex -110.601 97.5238 5
      vertex -110.744 97.5595 5
    endloop
  endfacet
  facet normal 0 0 1
    outer loop
      vertex -114.306 94.3504 5
      vertex -110.744 97.5595 5
      vertex -110.883 97.6091 5
    endloop
  endfacet
  facet normal 0 0 1
    outer loop
      vertex -114.306 94.3504 5
      vertex -110.883 97.6091 5
      vertex -111.016 97.6721 5
    endloop
  endfacet
  facet normal 0 0 1
    outer loop
      vertex -114.306 94.3504 5
      vertex -111.016 97.6721 5
      vertex -111.142 97.7477 5
    endloop
  endfacet
  facet normal 0 0 1
    outer loop
      vertex -114.688 95.8735 5
      vertex -111.142 97.7477 5
      vertex -111.26 97.8354 5
    endloop
  endfacet
  facet normal 0 0 1
    outer loop
      vertex -69.2965 59.397 5
      vertex -111.363 88.8447 5
      vertex -30.9805 0 5
    endloop
  endfacet
  facet normal 0 0 1
    outer loop
      vertex -114.688 95.8735 5
      vertex -111.26 97.8354 5
      vertex -111.369 97.9343 5
    endloop
  endfacet
  facet normal 0 0 1
    outer loop
      vertex -114.688 95.8735 5
      vertex -111.369 97.9343 5
      vertex -111.468 98.0434 5
    endloop
  endfacet
  facet normal 0 0 1
    outer loop
      vertex -114.918 97.4267 5
      vertex -111.468 98.0434 5
      vertex -111.556 98.1616 5
    endloop
  endfacet
  facet normal 0 0 1
    outer loop
      vertex -114.918 97.4267 5
      vertex -111.556 98.1616 5
      vertex -111.632 98.2879 5
    endloop
  endfacet
  facet normal 0 0 1
    outer loop
      vertex -114.918 97.4267 5
      vertex -111.632 98.2879 5
      vertex -111.694 98.4209 5
    endloop
  endfacet
  facet normal 0 0 1
    outer loop
      vertex -114.918 97.4267 5
      vertex -111.694 98.4209 5
      vertex -111.744 98.5595 5
    endloop
  endfacet
  facet normal 0 0 1
    outer loop
      vertex -114.918 97.4267 5
      vertex -111.744 98.5595 5
      vertex -111.78 98.7023 5
    endloop
  endfacet
  facet normal 0 0 1
    outer loop
      vertex -114.995 98.9949 5
      vertex -111.78 98.7023 5
      vertex -111.801 98.8479 5
    endloop
  endfacet
  facet normal -0 0 1
    outer loop
      vertex -114.995 98.9949 5
      vertex -111.801 98.8479 5
      vertex -111.809 98.9949 5
    endloop
  endfacet
  facet normal 0 0 1
    outer loop
      vertex -111.632 99.702 5
      vertex -114.918 100.563 5
      vertex -111.694 99.569 5
    endloop
  endfacet
  facet normal 0 0 1
    outer loop
      vertex -109.735 97.6091 5
      vertex -112.298 90.1058 5
      vertex -111.363 88.8447 5
    endloop
  endfacet
  facet normal 0 0 1
    outer loop
      vertex -111.694 99.569 5
      vertex -114.918 100.563 5
      vertex -111.744 99.4304 5
    endloop
  endfacet
  facet normal 0 0 1
    outer loop
      vertex -110.016 97.5238 5
      vertex -113.106 91.4526 5
      vertex -112.298 90.1058 5
    endloop
  endfacet
  facet normal 0 0 1
    outer loop
      vertex -111.744 99.4304 5
      vertex -114.918 100.563 5
      vertex -111.78 99.2876 5
    endloop
  endfacet
  facet normal 0 0 1
    outer loop
      vertex -110.309 97.4949 5
      vertex -113.777 92.872 5
      vertex -113.106 91.4526 5
    endloop
  endfacet
  facet normal 0 0 1
    outer loop
      vertex -114.995 98.9949 5
      vertex -111.78 99.2876 5
      vertex -114.918 100.563 5
    endloop
  endfacet
  facet normal 0 0 1
    outer loop
      vertex -110.601 97.5238 5
      vertex -114.306 94.3504 5
      vertex -113.777 92.872 5
    endloop
  endfacet
  facet normal 0 0 1
    outer loop
      vertex -111.78 99.2876 5
      vertex -114.995 98.9949 5
      vertex -111.801 99.142 5
    endloop
  endfacet
  facet normal 0 0 1
    outer loop
      vertex -111.142 97.7477 5
      vertex -114.688 95.8735 5
      vertex -114.306 94.3504 5
    endloop
  endfacet
  facet normal 0 0 1
    outer loop
      vertex -111.801 99.142 5
      vertex -114.995 98.9949 5
      vertex -111.809 98.9949 5
    endloop
  endfacet
  facet normal 0 0 1
    outer loop
      vertex -111.468 98.0434 5
      vertex -114.918 97.4267 5
      vertex -114.688 95.8735 5
    endloop
  endfacet
  facet normal 0 0 1
    outer loop
      vertex -111.78 98.7023 5
      vertex -114.995 98.9949 5
      vertex -114.918 97.4267 5
    endloop
  endfacet
  facet normal -0 0 1
    outer loop
      vertex -16.5326 -26.4321 5
      vertex 0 -30.9805 5
      vertex -16.5326 26.4321 5
    endloop
  endfacet
  facet normal 0 0 1
    outer loop
      vertex -59.397 -69.2965 5
      vertex 0 -30.9805 5
      vertex -16.5326 -26.4321 5
    endloop
  endfacet
  facet normal 0 0 1
    outer loop
      vertex -87.1072 -97.6091 5
      vertex -59.397 -69.2965 5
      vertex -69.2965 -59.397 5
    endloop
  endfacet
  facet normal 0 0 1
    outer loop
      vertex -86.1885 -99.142 5
      vertex -59.397 -69.2965 5
      vertex -86.1812 -98.9949 5
    endloop
  endfacet
  facet normal 0 0 1
    outer loop
      vertex -86.2101 -99.2876 5
      vertex -59.397 -69.2965 5
      vertex -86.1885 -99.142 5
    endloop
  endfacet
  facet normal 0 0 1
    outer loop
      vertex -86.2458 -99.4304 5
      vertex -59.397 -69.2965 5
      vertex -86.2101 -99.2876 5
    endloop
  endfacet
  facet normal 0 0 1
    outer loop
      vertex -88.8447 -111.363 5
      vertex -59.397 -69.2965 5
      vertex -86.2458 -99.4304 5
    endloop
  endfacet
  facet normal 0 0 1
    outer loop
      vertex -88.8447 -111.363 5
      vertex -86.2458 -99.4304 5
      vertex -86.2954 -99.569 5
    endloop
  endfacet
  facet normal 0 0 1
    outer loop
      vertex -88.8447 -111.363 5
      vertex -86.2954 -99.569 5
      vertex -86.3584 -99.702 5
    endloop
  endfacet
  facet normal 0 0 1
    outer loop
      vertex -88.8447 -111.363 5
      vertex -86.3584 -99.702 5
      vertex -86.434 -99.8283 5
    endloop
  endfacet
  facet normal 0 0 1
    outer loop
      vertex -88.8447 -111.363 5
      vertex -86.434 -99.8283 5
      vertex -86.5217 -99.9465 5
    endloop
  endfacet
  facet normal 0 0 1
    outer loop
      vertex -88.8447 -111.363 5
      vertex -86.5217 -99.9465 5
      vertex -86.6206 -100.056 5
    endloop
  endfacet
  facet normal 0 0 1
    outer loop
      vertex -88.8447 -111.363 5
      vertex -86.6206 -100.056 5
      vertex -86.7297 -100.154 5
    endloop
  endfacet
  facet normal -0 0 1
    outer loop
      vertex -59.397 -69.2965 5
      vertex -88.8447 -111.363 5
      vertex 0 -30.9805 5
    endloop
  endfacet
  facet normal -0 0 1
    outer loop
      vertex -86.8479 -100.242 5
      vertex -88.8447 -111.363 5
      vertex -86.7297 -100.154 5
    endloop
  endfacet
  facet normal -0 0 1
    outer loop
      vertex -86.9741 -100.318 5
      vertex -88.8447 -111.363 5
      vertex -86.8479 -100.242 5
    endloop
  endfacet
  facet normal -0 0 1
    outer loop
      vertex -87.1072 -100.381 5
      vertex -88.8447 -111.363 5
      vertex -86.9741 -100.318 5
    endloop
  endfacet
  facet normal -0 0 1
    outer loop
      vertex -87.2458 -100.43 5
      vertex -88.8447 -111.363 5
      vertex -87.1072 -100.381 5
    endloop
  endfacet
  facet normal -0 0 1
    outer loop
      vertex -87.3886 -100.466 5
      vertex -88.8447 -111.363 5
      vertex -87.2458 -100.43 5
    endloop
  endfacet
  facet normal -0 0 1
    outer loop
      vertex -87.5342 -100.488 5
      vertex -88.8447 -111.363 5
      vertex -87.3886 -100.466 5
    endloop
  endfacet
  facet normal -0 0 1
    outer loop
      vertex -87.6812 -100.495 5
      vertex -88.8447 -111.363 5
      vertex -87.5342 -100.488 5
    endloop
  endfacet
  facet normal 0 0 1
    outer loop
      vertex -87.8283 -100.488 5
      vertex -88.8447 -111.363 5
      vertex -87.6812 -100.495 5
    endloop
  endfacet
  facet normal 0 0 1
    outer loop
      vertex -87.9739 -100.466 5
      vertex -88.8447 -111.363 5
      vertex -87.8283 -100.488 5
    endloop
  endfacet
  facet normal 0 0 1
    outer loop
      vertex -88.1167 -100.43 5
      vertex -88.8447 -111.363 5
      vertex -87.9739 -100.466 5
    endloop
  endfacet
  facet normal 0 0 1
    outer loop
      vertex -88.2553 -100.381 5
      vertex -88.8447 -111.363 5
      vertex -88.1167 -100.43 5
    endloop
  endfacet
  facet normal 0 0 1
    outer loop
      vertex -88.3883 -100.318 5
      vertex -88.8447 -111.363 5
      vertex -88.2553 -100.381 5
    endloop
  endfacet
  facet normal 0 0 1
    outer loop
      vertex -88.5146 -100.242 5
      vertex -88.8447 -111.363 5
      vertex -88.3883 -100.318 5
    endloop
  endfacet
  facet normal 0 0 1
    outer loop
      vertex -97.4949 -110.309 5
      vertex -88.5146 -100.242 5
      vertex -88.6328 -100.154 5
    endloop
  endfacet
  facet normal 0 0 1
    outer loop
      vertex -97.4949 -110.309 5
      vertex -88.6328 -100.154 5
      vertex -88.7419 -100.056 5
    endloop
  endfacet
  facet normal 0 0 1
    outer loop
      vertex -97.4949 -110.309 5
      vertex -88.7419 -100.056 5
      vertex -88.8408 -99.9465 5
    endloop
  endfacet
  facet normal 0 0 1
    outer loop
      vertex -97.4949 -110.309 5
      vertex -88.8408 -99.9465 5
      vertex -88.9284 -99.8283 5
    endloop
  endfacet
  facet normal 0 0 1
    outer loop
      vertex -97.4949 -110.309 5
      vertex -88.9284 -99.8283 5
      vertex -89.0041 -99.702 5
    endloop
  endfacet
  facet normal 0 0 1
    outer loop
      vertex -97.4949 -110.309 5
      vertex -89.0041 -99.702 5
      vertex -89.0671 -99.569 5
    endloop
  endfacet
  facet normal 0 0 1
    outer loop
      vertex -97.4949 -110.309 5
      vertex -89.0671 -99.569 5
      vertex -89.1167 -99.4304 5
    endloop
  endfacet
  facet normal 0 0 1
    outer loop
      vertex -97.4949 -110.309 5
      vertex -89.1167 -99.4304 5
      vertex -89.1524 -99.2876 5
    endloop
  endfacet
  facet normal 0 0 1
    outer loop
      vertex -97.4949 -110.309 5
      vertex -89.1524 -99.2876 5
      vertex -89.174 -99.142 5
    endloop
  endfacet
  facet normal 0 0 1
    outer loop
      vertex -88.7419 -97.9343 5
      vertex -97.9343 -88.7419 5
      vertex -88.8408 -98.0434 5
    endloop
  endfacet
  facet normal 0 0 1
    outer loop
      vertex -88.5146 -100.242 5
      vertex -97.4949 -110.309 5
      vertex -88.8447 -111.363 5
    endloop
  endfacet
  facet normal 0 0 1
    outer loop
      vertex -30.9805 0 5
      vertex -69.2965 -59.397 5
      vertex -26.4321 -16.5326 5
    endloop
  endfacet
  facet normal 0 0 1
    outer loop
      vertex -59.397 -69.2965 5
      vertex -86.1885 -98.8479 5
      vertex -86.1812 -98.9949 5
    endloop
  endfacet
  facet normal 0 0 1
    outer loop
      vertex -59.397 -69.2965 5
      vertex -86.2101 -98.7023 5
      vertex -86.1885 -98.8479 5
    endloop
  endfacet
  facet normal 0 0 1
    outer loop
      vertex -59.397 -69.2965 5
      vertex -86.2458 -98.5595 5
      vertex -86.2101 -98.7023 5
    endloop
  endfacet
  facet normal 0 0 1
    outer loop
      vertex -59.397 -69.2965 5
      vertex -86.2954 -98.4209 5
      vertex -86.2458 -98.5595 5
    endloop
  endfacet
  facet normal 0 0 1
    outer loop
      vertex -59.397 -69.2965 5
      vertex -86.3584 -98.2879 5
      vertex -86.2954 -98.4209 5
    endloop
  endfacet
  facet normal 0 0 1
    outer loop
      vertex -59.397 -69.2965 5
      vertex -86.434 -98.1616 5
      vertex -86.3584 -98.2879 5
    endloop
  endfacet
  facet normal 0 0 1
    outer loop
      vertex -59.397 -69.2965 5
      vertex -86.5217 -98.0434 5
      vertex -86.434 -98.1616 5
    endloop
  endfacet
  facet normal 0 0 1
    outer loop
      vertex -59.397 -69.2965 5
      vertex -86.6206 -97.9343 5
      vertex -86.5217 -98.0434 5
    endloop
  endfacet
  facet normal 0 0 1
    outer loop
      vertex -59.397 -69.2965 5
      vertex -86.7297 -97.8354 5
      vertex -86.6206 -97.9343 5
    endloop
  endfacet
  facet normal 0 0 1
    outer loop
      vertex -59.397 -69.2965 5
      vertex -86.8479 -97.7477 5
      vertex -86.7297 -97.8354 5
    endloop
  endfacet
  facet normal 0 0 1
    outer loop
      vertex -59.397 -69.2965 5
      vertex -86.9741 -97.6721 5
      vertex -86.8479 -97.7477 5
    endloop
  endfacet
  facet normal 0 0 1
    outer loop
      vertex -59.397 -69.2965 5
      vertex -87.1072 -97.6091 5
      vertex -86.9741 -97.6721 5
    endloop
  endfacet
  facet normal -0 0 1
    outer loop
      vertex -97.6091 -87.1072 5
      vertex -87.1072 -97.6091 5
      vertex -69.2965 -59.397 5
    endloop
  endfacet
  facet normal 0 0 1
    outer loop
      vertex -87.1072 -97.6091 5
      vertex -97.6091 -87.1072 5
      vertex -87.2458 -97.5595 5
    endloop
  endfacet
  facet normal -0 -0 1
    outer loop
      vertex -97.5595 -87.2458 5
      vertex -87.2458 -97.5595 5
      vertex -97.6091 -87.1072 5
    endloop
  endfacet
  facet normal 0 0 1
    outer loop
      vertex -87.2458 -97.5595 5
      vertex -97.5595 -87.2458 5
      vertex -87.3886 -97.5238 5
    endloop
  endfacet
  facet normal -0 -0 1
    outer loop
      vertex -97.5238 -87.3886 5
      vertex -87.3886 -97.5238 5
      vertex -97.5595 -87.2458 5
    endloop
  endfacet
  facet normal 0 0 1
    outer loop
      vertex -87.3886 -97.5238 5
      vertex -97.5238 -87.3886 5
      vertex -87.5342 -97.5022 5
    endloop
  endfacet
  facet normal -0 -0 1
    outer loop
      vertex -97.5022 -87.5342 5
      vertex -87.5342 -97.5022 5
      vertex -97.5238 -87.3886 5
    endloop
  endfacet
  facet normal 0 0 1
    outer loop
      vertex -87.5342 -97.5022 5
      vertex -97.5022 -87.5342 5
      vertex -87.6812 -97.4949 5
    endloop
  endfacet
  facet normal -0 -0 1
    outer loop
      vertex -97.4949 -87.6812 5
      vertex -87.6812 -97.4949 5
      vertex -97.5022 -87.5342 5
    endloop
  endfacet
  facet normal 0 0 1
    outer loop
      vertex -87.6812 -97.4949 5
      vertex -97.4949 -87.6812 5
      vertex -87.8283 -97.5022 5
    endloop
  endfacet
  facet normal -0 0 1
    outer loop
      vertex -97.5022 -87.8283 5
      vertex -87.8283 -97.5022 5
      vertex -97.4949 -87.6812 5
    endloop
  endfacet
  facet normal 0 0 1
    outer loop
      vertex -87.8283 -97.5022 5
      vertex -97.5022 -87.8283 5
      vertex -87.9739 -97.5238 5
    endloop
  endfacet
  facet normal -0 0 1
    outer loop
      vertex -97.5238 -87.9739 5
      vertex -87.9739 -97.5238 5
      vertex -97.5022 -87.8283 5
    endloop
  endfacet
  facet normal -0 0 1
    outer loop
      vertex -97.5595 -88.1167 5
      vertex -88.1167 -97.5595 5
      vertex -97.5238 -87.9739 5
    endloop
  endfacet
  facet normal 0 0 1
    outer loop
      vertex -88.1167 -97.5595 5
      vertex -97.5595 -88.1167 5
      vertex -88.2553 -97.6091 5
    endloop
  endfacet
  facet normal -0 0 1
    outer loop
      vertex -97.9343 -88.7419 5
      vertex -88.7419 -97.9343 5
      vertex -97.8354 -88.6328 5
    endloop
  endfacet
  facet normal 0 0 1
    outer loop
      vertex -88.8447 -111.363 5
      vertex -97.4949 -110.309 5
      vertex -90.1058 -112.298 5
    endloop
  endfacet
  facet normal 0 0 1
    outer loop
      vertex -88.6328 -97.8354 5
      vertex -97.8354 -88.6328 5
      vertex -88.7419 -97.9343 5
    endloop
  endfacet
  facet normal 0 0 1
    outer loop
      vertex -90.1058 -112.298 5
      vertex -97.4949 -110.309 5
      vertex -91.4526 -113.106 5
    endloop
  endfacet
  facet normal 0 0 1
    outer loop
      vertex -91.4526 -113.106 5
      vertex -97.4949 -110.309 5
      vertex -92.872 -113.777 5
    endloop
  endfacet
  facet normal -0 0 1
    outer loop
      vertex -97.8354 -88.6328 5
      vertex -88.6328 -97.8354 5
      vertex -97.7477 -88.5146 5
    endloop
  endfacet
  facet normal -0 0 1
    outer loop
      vertex -97.5022 -110.456 5
      vertex -92.872 -113.777 5
      vertex -97.4949 -110.309 5
    endloop
  endfacet
  facet normal 0 0 1
    outer loop
      vertex -88.5146 -97.7477 5
      vertex -97.7477 -88.5146 5
      vertex -88.6328 -97.8354 5
    endloop
  endfacet
  facet normal -0 0 1
    outer loop
      vertex -97.5238 -110.601 5
      vertex -92.872 -113.777 5
      vertex -97.5022 -110.456 5
    endloop
  endfacet
  facet normal -0 0 1
    outer loop
      vertex -97.7477 -88.5146 5
      vertex -88.5146 -97.7477 5
      vertex -97.6721 -88.3883 5
    endloop
  endfacet
  facet normal 0 0 1
    outer loop
      vertex -89.1812 -98.9949 5
      vertex -97.4949 -110.309 5
      vertex -89.174 -99.142 5
    endloop
  endfacet
  facet normal -0 0 1
    outer loop
      vertex -97.6091 -88.2553 5
      vertex -88.2553 -97.6091 5
      vertex -97.5595 -88.1167 5
    endloop
  endfacet
  facet normal 0 0 1
    outer loop
      vertex -111.363 -88.8447 5
      vertex -69.2965 -59.397 5
      vertex -30.9805 0 5
    endloop
  endfacet
  facet normal 0 0 1
    outer loop
      vertex -88.3883 -97.6721 5
      vertex -97.6721 -88.3883 5
      vertex -88.5146 -97.7477 5
    endloop
  endfacet
  facet normal -0 0 1
    outer loop
      vertex -97.6721 -88.3883 5
      vertex -88.3883 -97.6721 5
      vertex -97.6091 -88.2553 5
    endloop
  endfacet
  facet normal 0 0 1
    outer loop
      vertex -88.2553 -97.6091 5
      vertex -97.6091 -88.2553 5
      vertex -88.3883 -97.6721 5
    endloop
  endfacet
  facet normal 0 0 1
    outer loop
      vertex -87.9739 -97.5238 5
      vertex -97.5238 -87.9739 5
      vertex -88.1167 -97.5595 5
    endloop
  endfacet
  facet normal 0 0 1
    outer loop
      vertex -69.2965 -59.397 5
      vertex -97.6721 -86.9741 5
      vertex -97.6091 -87.1072 5
    endloop
  endfacet
  facet normal 0 0 1
    outer loop
      vertex -69.2965 -59.397 5
      vertex -97.7477 -86.8479 5
      vertex -97.6721 -86.9741 5
    endloop
  endfacet
  facet normal 0 0 1
    outer loop
      vertex -69.2965 -59.397 5
      vertex -97.8354 -86.7297 5
      vertex -97.7477 -86.8479 5
    endloop
  endfacet
  facet normal 0 0 1
    outer loop
      vertex -69.2965 -59.397 5
      vertex -97.9343 -86.6206 5
      vertex -97.8354 -86.7297 5
    endloop
  endfacet
  facet normal 0 0 1
    outer loop
      vertex -69.2965 -59.397 5
      vertex -98.0434 -86.5217 5
      vertex -97.9343 -86.6206 5
    endloop
  endfacet
  facet normal 0 0 1
    outer loop
      vertex -69.2965 -59.397 5
      vertex -98.1616 -86.434 5
      vertex -98.0434 -86.5217 5
    endloop
  endfacet
  facet normal 0 0 1
    outer loop
      vertex -69.2965 -59.397 5
      vertex -98.2879 -86.3584 5
      vertex -98.1616 -86.434 5
    endloop
  endfacet
  facet normal 0 0 1
    outer loop
      vertex -69.2965 -59.397 5
      vertex -98.4209 -86.2954 5
      vertex -98.2879 -86.3584 5
    endloop
  endfacet
  facet normal 0 0 1
    outer loop
      vertex -69.2965 -59.397 5
      vertex -98.5595 -86.2458 5
      vertex -98.4209 -86.2954 5
    endloop
  endfacet
  facet normal 0 0 1
    outer loop
      vertex -69.2965 -59.397 5
      vertex -98.7023 -86.2101 5
      vertex -98.5595 -86.2458 5
    endloop
  endfacet
  facet normal 0 0 1
    outer loop
      vertex -69.2965 -59.397 5
      vertex -98.8479 -86.1885 5
      vertex -98.7023 -86.2101 5
    endloop
  endfacet
  facet normal 0 0 1
    outer loop
      vertex -69.2965 -59.397 5
      vertex -98.9949 -86.1812 5
      vertex -98.8479 -86.1885 5
    endloop
  endfacet
  facet normal 0 0 1
    outer loop
      vertex -69.2965 -59.397 5
      vertex -99.142 -86.1885 5
      vertex -98.9949 -86.1812 5
    endloop
  endfacet
  facet normal 0 0 1
    outer loop
      vertex -69.2965 -59.397 5
      vertex -99.2876 -86.2101 5
      vertex -99.142 -86.1885 5
    endloop
  endfacet
  facet normal 0 0 1
    outer loop
      vertex -69.2965 -59.397 5
      vertex -99.4304 -86.2458 5
      vertex -99.2876 -86.2101 5
    endloop
  endfacet
  facet normal 0 0 1
    outer loop
      vertex -69.2965 -59.397 5
      vertex -111.363 -88.8447 5
      vertex -99.4304 -86.2458 5
    endloop
  endfacet
  facet normal 0 0 1
    outer loop
      vertex -99.4304 -86.2458 5
      vertex -111.363 -88.8447 5
      vertex -99.569 -86.2954 5
    endloop
  endfacet
  facet normal 0 0 1
    outer loop
      vertex -99.569 -86.2954 5
      vertex -111.363 -88.8447 5
      vertex -99.702 -86.3584 5
    endloop
  endfacet
  facet normal 0 0 1
    outer loop
      vertex -99.702 -86.3584 5
      vertex -111.363 -88.8447 5
      vertex -99.8283 -86.434 5
    endloop
  endfacet
  facet normal 0 0 1
    outer loop
      vertex -99.8283 -86.434 5
      vertex -111.363 -88.8447 5
      vertex -99.9465 -86.5217 5
    endloop
  endfacet
  facet normal 0 0 1
    outer loop
      vertex -99.9465 -86.5217 5
      vertex -111.363 -88.8447 5
      vertex -100.056 -86.6206 5
    endloop
  endfacet
  facet normal 0 -0 1
    outer loop
      vertex -106.537 -113.106 5
      vertex -100.466 -110.016 5
      vertex -107.884 -112.298 5
    endloop
  endfacet
  facet normal 0 0 1
    outer loop
      vertex -100.466 -110.016 5
      vertex -106.537 -113.106 5
      vertex -100.488 -110.162 5
    endloop
  endfacet
  facet normal 0 0 1
    outer loop
      vertex -111.363 -88.8447 5
      vertex -100.495 -87.6812 5
      vertex -100.488 -87.5342 5
    endloop
  endfacet
  facet normal 0 0 1
    outer loop
      vertex -99.9465 -111.468 5
      vertex -102.116 -114.688 5
      vertex -100.563 -114.918 5
    endloop
  endfacet
  facet normal 0 0 1
    outer loop
      vertex -100.318 -111.016 5
      vertex -103.64 -114.306 5
      vertex -102.116 -114.688 5
    endloop
  endfacet
  facet normal 0 0 1
    outer loop
      vertex -111.363 -88.8447 5
      vertex -100.488 -87.5342 5
      vertex -100.466 -87.3886 5
    endloop
  endfacet
  facet normal 0 0 1
    outer loop
      vertex -100.466 -110.601 5
      vertex -105.118 -113.777 5
      vertex -103.64 -114.306 5
    endloop
  endfacet
  facet normal 0 0 1
    outer loop
      vertex -100.495 -110.309 5
      vertex -106.537 -113.106 5
      vertex -105.118 -113.777 5
    endloop
  endfacet
  facet normal 0 0 1
    outer loop
      vertex -111.363 -88.8447 5
      vertex -100.466 -87.3886 5
      vertex -100.43 -87.2458 5
    endloop
  endfacet
  facet normal 0 0 1
    outer loop
      vertex -100.488 -110.162 5
      vertex -106.537 -113.106 5
      vertex -100.495 -110.309 5
    endloop
  endfacet
  facet normal 0 0 1
    outer loop
      vertex -111.363 -88.8447 5
      vertex -100.43 -87.2458 5
      vertex -100.381 -87.1072 5
    endloop
  endfacet
  facet normal 0 0 1
    outer loop
      vertex -111.363 -88.8447 5
      vertex -100.381 -87.1072 5
      vertex -100.318 -86.9741 5
    endloop
  endfacet
  facet normal 0 0 1
    outer loop
      vertex -111.363 -88.8447 5
      vertex -100.318 -86.9741 5
      vertex -100.242 -86.8479 5
    endloop
  endfacet
  facet normal 0 0 1
    outer loop
      vertex -99.142 -89.174 5
      vertex -108.816 -98.8479 5
      vertex -108.809 -98.9949 5
    endloop
  endfacet
  facet normal 0 0 1
    outer loop
      vertex -99.2876 -89.1524 5
      vertex -108.837 -98.7023 5
      vertex -108.816 -98.8479 5
    endloop
  endfacet
  facet normal 0 0 1
    outer loop
      vertex -99.4304 -89.1167 5
      vertex -108.873 -98.5595 5
      vertex -108.837 -98.7023 5
    endloop
  endfacet
  facet normal 0 0 1
    outer loop
      vertex -99.569 -89.0671 5
      vertex -108.923 -98.4209 5
      vertex -108.873 -98.5595 5
    endloop
  endfacet
  facet normal 0 0 1
    outer loop
      vertex -111.363 -88.8447 5
      vertex -100.242 -86.8479 5
      vertex -100.154 -86.7297 5
    endloop
  endfacet
  facet normal 0 0 1
    outer loop
      vertex -99.702 -89.0041 5
      vertex -108.986 -98.2879 5
      vertex -108.923 -98.4209 5
    endloop
  endfacet
  facet normal 0 0 1
    outer loop
      vertex -99.8283 -88.9284 5
      vertex -109.061 -98.1616 5
      vertex -108.986 -98.2879 5
    endloop
  endfacet
  facet normal 0 0 1
    outer loop
      vertex -99.9465 -88.8408 5
      vertex -109.149 -98.0434 5
      vertex -109.061 -98.1616 5
    endloop
  endfacet
  facet normal 0 0 1
    outer loop
      vertex -100.056 -88.7419 5
      vertex -109.248 -97.9343 5
      vertex -109.149 -98.0434 5
    endloop
  endfacet
  facet normal 0 0 1
    outer loop
      vertex -100.056 -86.6206 5
      vertex -111.363 -88.8447 5
      vertex -100.154 -86.7297 5
    endloop
  endfacet
  facet normal 0 0 1
    outer loop
      vertex -100.242 -88.5146 5
      vertex -111.363 -88.8447 5
      vertex -109.475 -97.7477 5
    endloop
  endfacet
  facet normal 0 0 1
    outer loop
      vertex -100.154 -88.6328 5
      vertex -109.357 -97.8354 5
      vertex -109.248 -97.9343 5
    endloop
  endfacet
  facet normal 0 0 1
    outer loop
      vertex -100.242 -88.5146 5
      vertex -109.475 -97.7477 5
      vertex -109.357 -97.8354 5
    endloop
  endfacet
  facet normal 0 0 1
    outer loop
      vertex -109.475 -97.7477 5
      vertex -111.363 -88.8447 5
      vertex -109.602 -97.6721 5
    endloop
  endfacet
  facet normal 0 0 1
    outer loop
      vertex -109.602 -97.6721 5
      vertex -111.363 -88.8447 5
      vertex -109.735 -97.6091 5
    endloop
  endfacet
  facet normal -0 0 1
    outer loop
      vertex -112.298 -90.1058 5
      vertex -109.735 -97.6091 5
      vertex -111.363 -88.8447 5
    endloop
  endfacet
  facet normal 0 0 1
    outer loop
      vertex -109.735 -97.6091 5
      vertex -112.298 -90.1058 5
      vertex -109.873 -97.5595 5
    endloop
  endfacet
  facet normal 0 0 1
    outer loop
      vertex -109.873 -97.5595 5
      vertex -112.298 -90.1058 5
      vertex -110.016 -97.5238 5
    endloop
  endfacet
  facet normal -0 0 1
    outer loop
      vertex -113.106 -91.4526 5
      vertex -110.016 -97.5238 5
      vertex -112.298 -90.1058 5
    endloop
  endfacet
  facet normal 0 0 1
    outer loop
      vertex -110.016 -97.5238 5
      vertex -113.106 -91.4526 5
      vertex -110.162 -97.5022 5
    endloop
  endfacet
  facet normal 0 0 1
    outer loop
      vertex -110.162 -97.5022 5
      vertex -113.106 -91.4526 5
      vertex -110.309 -97.4949 5
    endloop
  endfacet
  facet normal -0 0 1
    outer loop
      vertex -113.777 -92.872 5
      vertex -110.309 -97.4949 5
      vertex -113.106 -91.4526 5
    endloop
  endfacet
  facet normal 0 0 1
    outer loop
      vertex -110.309 -97.4949 5
      vertex -113.777 -92.872 5
      vertex -110.456 -97.5022 5
    endloop
  endfacet
  facet normal 0 0 1
    outer loop
      vertex -110.456 -97.5022 5
      vertex -113.777 -92.872 5
      vertex -110.601 -97.5238 5
    endloop
  endfacet
  facet normal -0 0 1
    outer loop
      vertex -114.306 -94.3504 5
      vertex -110.601 -97.5238 5
      vertex -113.777 -92.872 5
    endloop
  endfacet
  facet normal 0 0 1
    outer loop
      vertex -110.601 -97.5238 5
      vertex -114.306 -94.3504 5
      vertex -110.744 -97.5595 5
    endloop
  endfacet
  facet normal 0 0 1
    outer loop
      vertex -110.744 -97.5595 5
      vertex -114.306 -94.3504 5
      vertex -110.883 -97.6091 5
    endloop
  endfacet
  facet normal 0 0 1
    outer loop
      vertex -110.883 -97.6091 5
      vertex -114.306 -94.3504 5
      vertex -111.016 -97.6721 5
    endloop
  endfacet
  facet normal 0 0 1
    outer loop
      vertex -111.016 -97.6721 5
      vertex -114.306 -94.3504 5
      vertex -111.142 -97.7477 5
    endloop
  endfacet
  facet normal -0 0 1
    outer loop
      vertex -114.688 -95.8735 5
      vertex -111.142 -97.7477 5
      vertex -114.306 -94.3504 5
    endloop
  endfacet
  facet normal 0 0 1
    outer loop
      vertex -111.142 -97.7477 5
      vertex -114.688 -95.8735 5
      vertex -111.26 -97.8354 5
    endloop
  endfacet
  facet normal 0 0 1
    outer loop
      vertex -111.26 -97.8354 5
      vertex -114.688 -95.8735 5
      vertex -111.369 -97.9343 5
    endloop
  endfacet
  facet normal 0 0 1
    outer loop
      vertex -111.369 -97.9343 5
      vertex -114.688 -95.8735 5
      vertex -111.468 -98.0434 5
    endloop
  endfacet
  facet normal -0 0 1
    outer loop
      vertex -114.918 -97.4267 5
      vertex -111.468 -98.0434 5
      vertex -114.688 -95.8735 5
    endloop
  endfacet
  facet normal 0 0 1
    outer loop
      vertex -111.468 -98.0434 5
      vertex -114.918 -97.4267 5
      vertex -111.556 -98.1616 5
    endloop
  endfacet
  facet normal 0 0 1
    outer loop
      vertex -111.556 -98.1616 5
      vertex -114.918 -97.4267 5
      vertex -111.632 -98.2879 5
    endloop
  endfacet
  facet normal -0 0 1
    outer loop
      vertex 99.9465 109.149 5
      vertex 109.149 99.9465 5
      vertex 100.056 109.248 5
    endloop
  endfacet
  facet normal 0 0 1
    outer loop
      vertex 108.809 98.9949 5
      vertex 100.488 87.8283 5
      vertex 100.495 87.6812 5
    endloop
  endfacet
  facet normal 0 0 1
    outer loop
      vertex 109.149 99.9465 5
      vertex 99.9465 109.149 5
      vertex 109.061 99.8283 5
    endloop
  endfacet
  facet normal 0 0 1
    outer loop
      vertex 108.809 98.9949 5
      vertex 100.466 87.9739 5
      vertex 100.488 87.8283 5
    endloop
  endfacet
  facet normal -0 0 1
    outer loop
      vertex 99.8283 109.061 5
      vertex 109.061 99.8283 5
      vertex 99.9465 109.149 5
    endloop
  endfacet
  facet normal 0 0 1
    outer loop
      vertex 108.809 98.9949 5
      vertex 100.43 88.1167 5
      vertex 100.466 87.9739 5
    endloop
  endfacet
  facet normal 0 0 1
    outer loop
      vertex 109.061 99.8283 5
      vertex 99.8283 109.061 5
      vertex 108.986 99.702 5
    endloop
  endfacet
  facet normal 0 0 1
    outer loop
      vertex 108.809 98.9949 5
      vertex 100.381 88.2553 5
      vertex 100.43 88.1167 5
    endloop
  endfacet
  facet normal -0 0 1
    outer loop
      vertex 99.702 108.986 5
      vertex 108.986 99.702 5
      vertex 99.8283 109.061 5
    endloop
  endfacet
  facet normal 0 0 1
    outer loop
      vertex 108.809 98.9949 5
      vertex 100.318 88.3883 5
      vertex 100.381 88.2553 5
    endloop
  endfacet
  facet normal 0 0 1
    outer loop
      vertex 108.986 99.702 5
      vertex 99.702 108.986 5
      vertex 108.923 99.569 5
    endloop
  endfacet
  facet normal 0 0 1
    outer loop
      vertex 108.809 98.9949 5
      vertex 100.242 88.5146 5
      vertex 100.318 88.3883 5
    endloop
  endfacet
  facet normal -0 0 1
    outer loop
      vertex 99.569 108.923 5
      vertex 108.923 99.569 5
      vertex 99.702 108.986 5
    endloop
  endfacet
  facet normal 0 0 1
    outer loop
      vertex 108.809 98.9949 5
      vertex 100.154 88.6328 5
      vertex 100.242 88.5146 5
    endloop
  endfacet
  facet normal 0 0 1
    outer loop
      vertex 108.923 99.569 5
      vertex 99.569 108.923 5
      vertex 108.873 99.4304 5
    endloop
  endfacet
  facet normal 0 0 1
    outer loop
      vertex 108.809 98.9949 5
      vertex 100.056 88.7419 5
      vertex 100.154 88.6328 5
    endloop
  endfacet
  facet normal -0 0 1
    outer loop
      vertex 99.4304 108.873 5
      vertex 108.873 99.4304 5
      vertex 99.569 108.923 5
    endloop
  endfacet
  facet normal 0 0 1
    outer loop
      vertex 108.809 98.9949 5
      vertex 99.9465 88.8408 5
      vertex 100.056 88.7419 5
    endloop
  endfacet
  facet normal 0 0 1
    outer loop
      vertex 108.873 99.4304 5
      vertex 99.4304 108.873 5
      vertex 108.837 99.2876 5
    endloop
  endfacet
  facet normal 0 0 1
    outer loop
      vertex 108.809 98.9949 5
      vertex 99.8283 88.9284 5
      vertex 99.9465 88.8408 5
    endloop
  endfacet
  facet normal -0 0 1
    outer loop
      vertex 99.2876 108.837 5
      vertex 108.837 99.2876 5
      vertex 99.4304 108.873 5
    endloop
  endfacet
  facet normal 0 0 1
    outer loop
      vertex 108.809 98.9949 5
      vertex 99.702 89.0041 5
      vertex 99.8283 88.9284 5
    endloop
  endfacet
  facet normal 0 0 1
    outer loop
      vertex 108.837 99.2876 5
      vertex 99.2876 108.837 5
      vertex 108.816 99.142 5
    endloop
  endfacet
  facet normal 0 0 1
    outer loop
      vertex 108.809 98.9949 5
      vertex 99.569 89.0671 5
      vertex 99.702 89.0041 5
    endloop
  endfacet
  facet normal -0 0 1
    outer loop
      vertex 99.142 108.816 5
      vertex 108.816 99.142 5
      vertex 99.2876 108.837 5
    endloop
  endfacet
  facet normal 0 0 1
    outer loop
      vertex 108.809 98.9949 5
      vertex 99.4304 89.1167 5
      vertex 99.569 89.0671 5
    endloop
  endfacet
  facet normal 0 0 1
    outer loop
      vertex 108.816 99.142 5
      vertex 99.142 108.816 5
      vertex 108.809 98.9949 5
    endloop
  endfacet
  facet normal 0 0 1
    outer loop
      vertex 108.809 98.9949 5
      vertex 99.2876 89.1524 5
      vertex 99.4304 89.1167 5
    endloop
  endfacet
  facet normal -0 0 1
    outer loop
      vertex 98.9949 108.809 5
      vertex 108.809 98.9949 5
      vertex 99.142 108.816 5
    endloop
  endfacet
  facet normal 0 0 1
    outer loop
      vertex 108.809 98.9949 5
      vertex 99.142 89.174 5
      vertex 99.2876 89.1524 5
    endloop
  endfacet
  facet normal 0 0 1
    outer loop
      vertex 98.9949 89.1812 5
      vertex 108.809 98.9949 5
      vertex 98.9949 108.809 5
    endloop
  endfacet
  facet normal 0 0 1
    outer loop
      vertex 108.809 98.9949 5
      vertex 98.9949 89.1812 5
      vertex 99.142 89.174 5
    endloop
  endfacet
  facet normal 0 0 1
    outer loop
      vertex 89.1812 98.9949 5
      vertex 98.9949 108.809 5
      vertex 98.8479 108.816 5
    endloop
  endfacet
  facet normal 0 0 1
    outer loop
      vertex 98.9949 108.809 5
      vertex 89.1812 98.9949 5
      vertex 98.9949 89.1812 5
    endloop
  endfacet
  facet normal 0 0 1
    outer loop
      vertex 89.174 99.142 5
      vertex 98.8479 108.816 5
      vertex 98.7023 108.837 5
    endloop
  endfacet
  facet normal 0 0 1
    outer loop
      vertex 98.9949 89.1812 5
      vertex 89.1812 98.9949 5
      vertex 98.8479 89.174 5
    endloop
  endfacet
  facet normal 0 0 1
    outer loop
      vertex 89.174 99.142 5
      vertex 98.7023 108.837 5
      vertex 98.5595 108.873 5
    endloop
  endfacet
  facet normal -0 0 1
    outer loop
      vertex 89.174 98.8479 5
      vertex 98.8479 89.174 5
      vertex 89.1812 98.9949 5
    endloop
  endfacet
  facet normal 0 0 1
    outer loop
      vertex 89.174 99.142 5
      vertex 98.5595 108.873 5
      vertex 98.4209 108.923 5
    endloop
  endfacet
  facet normal 0 0 1
    outer loop
      vertex 98.8479 89.174 5
      vertex 89.174 98.8479 5
      vertex 98.7023 89.1524 5
    endloop
  endfacet
  facet normal 0 0 1
    outer loop
      vertex 89.174 99.142 5
      vertex 98.4209 108.923 5
      vertex 98.2879 108.986 5
    endloop
  endfacet
  facet normal -0 0 1
    outer loop
      vertex 89.1524 98.7023 5
      vertex 98.7023 89.1524 5
      vertex 89.174 98.8479 5
    endloop
  endfacet
  facet normal 0 0 1
    outer loop
      vertex 89.174 99.142 5
      vertex 98.2879 108.986 5
      vertex 98.1616 109.061 5
    endloop
  endfacet
  facet normal 0 0 1
    outer loop
      vertex 98.7023 89.1524 5
      vertex 89.1524 98.7023 5
      vertex 98.5595 89.1167 5
    endloop
  endfacet
  facet normal 0 0 1
    outer loop
      vertex 89.174 99.142 5
      vertex 98.1616 109.061 5
      vertex 98.0434 109.149 5
    endloop
  endfacet
  facet normal -0 0 1
    outer loop
      vertex 89.1167 98.5595 5
      vertex 98.5595 89.1167 5
      vertex 89.1524 98.7023 5
    endloop
  endfacet
  facet normal 0 0 1
    outer loop
      vertex 89.174 99.142 5
      vertex 98.0434 109.149 5
      vertex 97.9343 109.248 5
    endloop
  endfacet
  facet normal 0 0 1
    outer loop
      vertex 98.5595 89.1167 5
      vertex 89.1167 98.5595 5
      vertex 98.4209 89.0671 5
    endloop
  endfacet
  facet normal 0 0 1
    outer loop
      vertex 89.174 99.142 5
      vertex 97.9343 109.248 5
      vertex 97.8354 109.357 5
    endloop
  endfacet
  facet normal -0 0 1
    outer loop
      vertex 89.0671 98.4209 5
      vertex 98.4209 89.0671 5
      vertex 89.1167 98.5595 5
    endloop
  endfacet
  facet normal 0 0 1
    outer loop
      vertex 89.174 99.142 5
      vertex 97.8354 109.357 5
      vertex 97.7477 109.475 5
    endloop
  endfacet
  facet normal 0 0 1
    outer loop
      vertex 98.4209 89.0671 5
      vertex 89.0671 98.4209 5
      vertex 98.2879 89.0041 5
    endloop
  endfacet
  facet normal 0 0 1
    outer loop
      vertex 97.6091 109.735 5
      vertex 88.8447 111.363 5
      vertex 97.6721 109.602 5
    endloop
  endfacet
  facet normal -0 0 1
    outer loop
      vertex 89.0041 98.2879 5
      vertex 98.2879 89.0041 5
      vertex 89.0671 98.4209 5
    endloop
  endfacet
  facet normal -0 0 1
    outer loop
      vertex 88.8447 111.363 5
      vertex 97.6091 109.735 5
      vertex 90.1058 112.298 5
    endloop
  endfacet
  facet normal 0 0 1
    outer loop
      vertex 98.2879 89.0041 5
      vertex 89.0041 98.2879 5
      vertex 98.1616 88.9284 5
    endloop
  endfacet
  facet normal 0 0 1
    outer loop
      vertex 90.1058 112.298 5
      vertex 97.6091 109.735 5
      vertex 97.5595 109.873 5
    endloop
  endfacet
  facet normal -0 0 1
    outer loop
      vertex 88.9284 98.1616 5
      vertex 98.1616 88.9284 5
      vertex 89.0041 98.2879 5
    endloop
  endfacet
  facet normal 0 0 1
    outer loop
      vertex 90.1058 112.298 5
      vertex 97.5595 109.873 5
      vertex 97.5238 110.016 5
    endloop
  endfacet
  facet normal 0 0 1
    outer loop
      vertex 98.1616 88.9284 5
      vertex 88.9284 98.1616 5
      vertex 98.0434 88.8408 5
    endloop
  endfacet
  facet normal 0 0 1
    outer loop
      vertex 91.4526 113.106 5
      vertex 97.5238 110.016 5
      vertex 97.5022 110.162 5
    endloop
  endfacet
  facet normal -0 0 1
    outer loop
      vertex 88.8408 98.0434 5
      vertex 98.0434 88.8408 5
      vertex 88.9284 98.1616 5
    endloop
  endfacet
  facet normal 0 0 1
    outer loop
      vertex 91.4526 113.106 5
      vertex 97.5022 110.162 5
      vertex 97.4949 110.309 5
    endloop
  endfacet
  facet normal 0 0 1
    outer loop
      vertex 98.0434 88.8408 5
      vertex 88.8408 98.0434 5
      vertex 97.9343 88.7419 5
    endloop
  endfacet
  facet normal 0 0 1
    outer loop
      vertex 105.118 113.777 5
      vertex 100.488 110.456 5
      vertex 100.495 110.309 5
    endloop
  endfacet
  facet normal 0 0 1
    outer loop
      vertex 102.116 114.688 5
      vertex 100.466 110.601 5
      vertex 100.488 110.456 5
    endloop
  endfacet
  facet normal 0 0 1
    outer loop
      vertex 102.116 114.688 5
      vertex 100.43 110.744 5
      vertex 100.466 110.601 5
    endloop
  endfacet
  facet normal 0 0 1
    outer loop
      vertex 102.116 114.688 5
      vertex 100.381 110.883 5
      vertex 100.43 110.744 5
    endloop
  endfacet
  facet normal 0 0 1
    outer loop
      vertex 102.116 114.688 5
      vertex 100.318 111.016 5
      vertex 100.381 110.883 5
    endloop
  endfacet
  facet normal 0 0 1
    outer loop
      vertex 102.116 114.688 5
      vertex 100.242 111.142 5
      vertex 100.318 111.016 5
    endloop
  endfacet
  facet normal 0 0 1
    outer loop
      vertex 102.116 114.688 5
      vertex 100.154 111.26 5
      vertex 100.242 111.142 5
    endloop
  endfacet
  facet normal 0 0 1
    outer loop
      vertex 102.116 114.688 5
      vertex 100.056 111.369 5
      vertex 100.154 111.26 5
    endloop
  endfacet
  facet normal 0 0 1
    outer loop
      vertex 102.116 114.688 5
      vertex 99.9465 111.468 5
      vertex 100.056 111.369 5
    endloop
  endfacet
  facet normal 0 0 1
    outer loop
      vertex 100.563 114.918 5
      vertex 99.8283 111.556 5
      vertex 99.9465 111.468 5
    endloop
  endfacet
  facet normal 0 0 1
    outer loop
      vertex 100.563 114.918 5
      vertex 99.702 111.632 5
      vertex 99.8283 111.556 5
    endloop
  endfacet
  facet normal 0 0 1
    outer loop
      vertex 100.563 114.918 5
      vertex 99.569 111.694 5
      vertex 99.702 111.632 5
    endloop
  endfacet
  facet normal 0 0 1
    outer loop
      vertex 100.563 114.918 5
      vertex 99.4304 111.744 5
      vertex 99.569 111.694 5
    endloop
  endfacet
  facet normal 0 0 1
    outer loop
      vertex 100.563 114.918 5
      vertex 99.2876 111.78 5
      vertex 99.4304 111.744 5
    endloop
  endfacet
  facet normal 0 0 1
    outer loop
      vertex 98.9949 114.995 5
      vertex 99.2876 111.78 5
      vertex 100.563 114.918 5
    endloop
  endfacet
  facet normal 0 0 1
    outer loop
      vertex 99.2876 111.78 5
      vertex 98.9949 114.995 5
      vertex 99.142 111.801 5
    endloop
  endfacet
  facet normal 0 0 1
    outer loop
      vertex 98.9949 114.995 5
      vertex 98.9949 111.809 5
      vertex 99.142 111.801 5
    endloop
  endfacet
  facet normal 0 0 1
    outer loop
      vertex 98.9949 114.995 5
      vertex 98.8479 111.801 5
      vertex 98.9949 111.809 5
    endloop
  endfacet
  facet normal 0 0 1
    outer loop
      vertex 98.9949 114.995 5
      vertex 98.7023 111.78 5
      vertex 98.8479 111.801 5
    endloop
  endfacet
  facet normal -0 0 1
    outer loop
      vertex 97.4267 114.918 5
      vertex 98.7023 111.78 5
      vertex 98.9949 114.995 5
    endloop
  endfacet
  facet normal 0 0 1
    outer loop
      vertex 98.7023 111.78 5
      vertex 97.4267 114.918 5
      vertex 98.5595 111.744 5
    endloop
  endfacet
  facet normal 0 0 1
    outer loop
      vertex 98.5595 111.744 5
      vertex 97.4267 114.918 5
      vertex 98.4209 111.694 5
    endloop
  endfacet
  facet normal 0 0 1
    outer loop
      vertex 98.4209 111.694 5
      vertex 97.4267 114.918 5
      vertex 98.2879 111.632 5
    endloop
  endfacet
  facet normal 0 0 1
    outer loop
      vertex 98.2879 111.632 5
      vertex 97.4267 114.918 5
      vertex 98.1616 111.556 5
    endloop
  endfacet
  facet normal 0 0 1
    outer loop
      vertex 98.1616 111.556 5
      vertex 97.4267 114.918 5
      vertex 98.0434 111.468 5
    endloop
  endfacet
  facet normal -0 0 1
    outer loop
      vertex 95.8735 114.688 5
      vertex 98.0434 111.468 5
      vertex 97.4267 114.918 5
    endloop
  endfacet
  facet normal 0 0 1
    outer loop
      vertex 98.0434 111.468 5
      vertex 95.8735 114.688 5
      vertex 97.9343 111.369 5
    endloop
  endfacet
  facet normal 0 0 1
    outer loop
      vertex 97.9343 111.369 5
      vertex 95.8735 114.688 5
      vertex 97.8354 111.26 5
    endloop
  endfacet
  facet normal 0 0 1
    outer loop
      vertex 97.8354 111.26 5
      vertex 95.8735 114.688 5
      vertex 97.7477 111.142 5
    endloop
  endfacet
  facet normal 0 0 1
    outer loop
      vertex 97.7477 111.142 5
      vertex 95.8735 114.688 5
      vertex 97.6721 111.016 5
    endloop
  endfacet
  facet normal -0 0 1
    outer loop
      vertex 92.872 113.777 5
      vertex 97.5238 110.601 5
      vertex 94.3504 114.306 5
    endloop
  endfacet
  facet normal 0 0 1
    outer loop
      vertex 97.5595 110.744 5
      vertex 94.3504 114.306 5
      vertex 97.5238 110.601 5
    endloop
  endfacet
  facet normal 0 0 1
    outer loop
      vertex 97.6091 110.883 5
      vertex 94.3504 114.306 5
      vertex 97.5595 110.744 5
    endloop
  endfacet
  facet normal 0 0 1
    outer loop
      vertex 97.6721 111.016 5
      vertex 94.3504 114.306 5
      vertex 97.6091 110.883 5
    endloop
  endfacet
  facet normal -0 0 1
    outer loop
      vertex 94.3504 114.306 5
      vertex 97.6721 111.016 5
      vertex 95.8735 114.688 5
    endloop
  endfacet
  facet normal -0 0 1
    outer loop
      vertex 111.78 99.2876 5
      vertex 114.995 98.9949 5
      vertex 114.918 100.563 5
    endloop
  endfacet
  facet normal 0 0 1
    outer loop
      vertex 111.468 99.9465 5
      vertex 114.918 100.563 5
      vertex 114.688 102.116 5
    endloop
  endfacet
  facet normal 0 0 1
    outer loop
      vertex 114.995 98.9949 5
      vertex 111.78 99.2876 5
      vertex 111.801 99.142 5
    endloop
  endfacet
  facet normal 0 0 1
    outer loop
      vertex 111.142 100.242 5
      vertex 114.688 102.116 5
      vertex 114.306 103.64 5
    endloop
  endfacet
  facet normal 0 0 1
    outer loop
      vertex 111.801 98.8479 5
      vertex 114.995 98.9949 5
      vertex 111.809 98.9949 5
    endloop
  endfacet
  facet normal 0 0 1
    outer loop
      vertex 110.601 100.466 5
      vertex 114.306 103.64 5
      vertex 113.777 105.118 5
    endloop
  endfacet
  facet normal 0 0 1
    outer loop
      vertex 111.78 98.7023 5
      vertex 114.995 98.9949 5
      vertex 111.801 98.8479 5
    endloop
  endfacet
  facet normal 0 0 1
    outer loop
      vertex 110.309 100.495 5
      vertex 113.777 105.118 5
      vertex 113.106 106.537 5
    endloop
  endfacet
  facet normal 0 0 1
    outer loop
      vertex 114.995 98.9949 5
      vertex 111.78 98.7023 5
      vertex 114.918 97.4267 5
    endloop
  endfacet
  facet normal 0 0 1
    outer loop
      vertex 110.016 100.466 5
      vertex 113.106 106.537 5
      vertex 112.298 107.884 5
    endloop
  endfacet
  facet normal -0 0 1
    outer loop
      vertex 111.744 98.5595 5
      vertex 114.918 97.4267 5
      vertex 111.78 98.7023 5
    endloop
  endfacet
  facet normal -0 0 1
    outer loop
      vertex 111.632 98.2879 5
      vertex 114.918 97.4267 5
      vertex 111.694 98.4209 5
    endloop
  endfacet
  facet normal -0 0 1
    outer loop
      vertex 111.694 98.4209 5
      vertex 114.918 97.4267 5
      vertex 111.744 98.5595 5
    endloop
  endfacet
  facet normal 0 0 1
    outer loop
      vertex 114.995 98.9949 5
      vertex 111.801 99.142 5
      vertex 111.809 98.9949 5
    endloop
  endfacet
  facet normal 0 0 1
    outer loop
      vertex 114.918 100.563 5
      vertex 111.744 99.4304 5
      vertex 111.78 99.2876 5
    endloop
  endfacet
  facet normal 0 0 1
    outer loop
      vertex 114.918 100.563 5
      vertex 111.694 99.569 5
      vertex 111.744 99.4304 5
    endloop
  endfacet
  facet normal 0 0 1
    outer loop
      vertex 114.918 100.563 5
      vertex 111.632 99.702 5
      vertex 111.694 99.569 5
    endloop
  endfacet
  facet normal 0 0 1
    outer loop
      vertex 114.918 100.563 5
      vertex 111.556 99.8283 5
      vertex 111.632 99.702 5
    endloop
  endfacet
  facet normal 0 0 1
    outer loop
      vertex 114.918 100.563 5
      vertex 111.468 99.9465 5
      vertex 111.556 99.8283 5
    endloop
  endfacet
  facet normal 0 0 1
    outer loop
      vertex 114.688 102.116 5
      vertex 111.369 100.056 5
      vertex 111.468 99.9465 5
    endloop
  endfacet
  facet normal 0 0 1
    outer loop
      vertex 109.735 100.381 5
      vertex 112.298 107.884 5
      vertex 111.363 109.145 5
    endloop
  endfacet
  facet normal 0 0 1
    outer loop
      vertex 114.688 102.116 5
      vertex 111.26 100.154 5
      vertex 111.369 100.056 5
    endloop
  endfacet
  facet normal 0 0 1
    outer loop
      vertex 114.688 102.116 5
      vertex 111.142 100.242 5
      vertex 111.26 100.154 5
    endloop
  endfacet
  facet normal 0 0 1
    outer loop
      vertex 114.306 103.64 5
      vertex 111.016 100.318 5
      vertex 111.142 100.242 5
    endloop
  endfacet
  facet normal 0 0 1
    outer loop
      vertex 114.306 103.64 5
      vertex 110.883 100.381 5
      vertex 111.016 100.318 5
    endloop
  endfacet
  facet normal 0 0 1
    outer loop
      vertex 114.306 103.64 5
      vertex 110.744 100.43 5
      vertex 110.883 100.381 5
    endloop
  endfacet
  facet normal 0 0 1
    outer loop
      vertex 114.306 103.64 5
      vertex 110.601 100.466 5
      vertex 110.744 100.43 5
    endloop
  endfacet
  facet normal 0 0 1
    outer loop
      vertex 113.777 105.118 5
      vertex 110.456 100.488 5
      vertex 110.601 100.466 5
    endloop
  endfacet
  facet normal 0 0 1
    outer loop
      vertex 109.475 100.242 5
      vertex 111.363 109.145 5
      vertex 110.309 110.309 5
    endloop
  endfacet
  facet normal 0 0 1
    outer loop
      vertex 113.777 105.118 5
      vertex 110.309 100.495 5
      vertex 110.456 100.488 5
    endloop
  endfacet
  facet normal 0 0 1
    outer loop
      vertex 113.106 106.537 5
      vertex 110.162 100.488 5
      vertex 110.309 100.495 5
    endloop
  endfacet
  facet normal 0 0 1
    outer loop
      vertex 113.106 106.537 5
      vertex 110.016 100.466 5
      vertex 110.162 100.488 5
    endloop
  endfacet
  facet normal 0 0 1
    outer loop
      vertex 112.298 107.884 5
      vertex 109.873 100.43 5
      vertex 110.016 100.466 5
    endloop
  endfacet
  facet normal 0 0 1
    outer loop
      vertex 112.298 107.884 5
      vertex 109.735 100.381 5
      vertex 109.873 100.43 5
    endloop
  endfacet
  facet normal 0 0 1
    outer loop
      vertex 111.363 109.145 5
      vertex 109.602 100.318 5
      vertex 109.735 100.381 5
    endloop
  endfacet
  facet normal 0 0 1
    outer loop
      vertex 111.363 109.145 5
      vertex 109.475 100.242 5
      vertex 109.602 100.318 5
    endloop
  endfacet
  facet normal 0 0 1
    outer loop
      vertex 100.381 109.735 5
      vertex 107.884 112.298 5
      vertex 100.43 109.873 5
    endloop
  endfacet
  facet normal 0 0 1
    outer loop
      vertex 100.43 109.873 5
      vertex 107.884 112.298 5
      vertex 100.466 110.016 5
    endloop
  endfacet
  facet normal 0 0 1
    outer loop
      vertex 107.884 112.298 5
      vertex 100.381 109.735 5
      vertex 109.145 111.363 5
    endloop
  endfacet
  facet normal 0 0 1
    outer loop
      vertex 106.537 113.106 5
      vertex 100.466 110.016 5
      vertex 107.884 112.298 5
    endloop
  endfacet
  facet normal 0 0 1
    outer loop
      vertex 100.318 109.602 5
      vertex 109.145 111.363 5
      vertex 100.381 109.735 5
    endloop
  endfacet
  facet normal 0 0 1
    outer loop
      vertex 100.242 109.475 5
      vertex 109.145 111.363 5
      vertex 100.318 109.602 5
    endloop
  endfacet
  facet normal 0 0 1
    outer loop
      vertex 109.145 111.363 5
      vertex 100.242 109.475 5
      vertex 110.309 110.309 5
    endloop
  endfacet
  facet normal 0 0 1
    outer loop
      vertex 110.309 110.309 5
      vertex 100.242 109.475 5
      vertex 109.475 100.242 5
    endloop
  endfacet
  facet normal 0 0 1
    outer loop
      vertex 109.475 100.242 5
      vertex 100.242 109.475 5
      vertex 109.357 100.154 5
    endloop
  endfacet
  facet normal -0 0 1
    outer loop
      vertex 100.154 109.357 5
      vertex 109.357 100.154 5
      vertex 100.242 109.475 5
    endloop
  endfacet
  facet normal 0 0 1
    outer loop
      vertex 109.357 100.154 5
      vertex 100.154 109.357 5
      vertex 109.248 100.056 5
    endloop
  endfacet
  facet normal 0 0 1
    outer loop
      vertex 100.466 110.016 5
      vertex 106.537 113.106 5
      vertex 100.488 110.162 5
    endloop
  endfacet
  facet normal -0 0 1
    outer loop
      vertex 111.556 98.1616 5
      vertex 114.918 97.4267 5
      vertex 111.632 98.2879 5
    endloop
  endfacet
  facet normal -0 0 1
    outer loop
      vertex 111.468 98.0434 5
      vertex 114.918 97.4267 5
      vertex 111.556 98.1616 5
    endloop
  endfacet
  facet normal 0 0 1
    outer loop
      vertex 114.918 97.4267 5
      vertex 111.468 98.0434 5
      vertex 114.688 95.8735 5
    endloop
  endfacet
  facet normal -0 0 1
    outer loop
      vertex 111.369 97.9343 5
      vertex 114.688 95.8735 5
      vertex 111.468 98.0434 5
    endloop
  endfacet
  facet normal -0 0 1
    outer loop
      vertex 111.26 97.8354 5
      vertex 114.688 95.8735 5
      vertex 111.369 97.9343 5
    endloop
  endfacet
  facet normal -0 0 1
    outer loop
      vertex 111.142 97.7477 5
      vertex 114.688 95.8735 5
      vertex 111.26 97.8354 5
    endloop
  endfacet
  facet normal 0 0 1
    outer loop
      vertex 114.688 95.8735 5
      vertex 111.142 97.7477 5
      vertex 114.306 94.3504 5
    endloop
  endfacet
  facet normal -0 0 1
    outer loop
      vertex 111.016 97.6721 5
      vertex 114.306 94.3504 5
      vertex 111.142 97.7477 5
    endloop
  endfacet
  facet normal -0 0 1
    outer loop
      vertex 110.883 97.6091 5
      vertex 114.306 94.3504 5
      vertex 111.016 97.6721 5
    endloop
  endfacet
  facet normal -0 0 1
    outer loop
      vertex 110.744 97.5595 5
      vertex 114.306 94.3504 5
      vertex 110.883 97.6091 5
    endloop
  endfacet
  facet normal -0 0 1
    outer loop
      vertex 110.601 97.5238 5
      vertex 114.306 94.3504 5
      vertex 110.744 97.5595 5
    endloop
  endfacet
  facet normal 0 0 1
    outer loop
      vertex 114.306 94.3504 5
      vertex 110.601 97.5238 5
      vertex 113.777 92.872 5
    endloop
  endfacet
  facet normal -0 0 1
    outer loop
      vertex 110.456 97.5022 5
      vertex 113.777 92.872 5
      vertex 110.601 97.5238 5
    endloop
  endfacet
  facet normal -0 0 1
    outer loop
      vertex 110.309 97.4949 5
      vertex 113.777 92.872 5
      vertex 110.456 97.5022 5
    endloop
  endfacet
  facet normal 0 0 1
    outer loop
      vertex 113.777 92.872 5
      vertex 110.309 97.4949 5
      vertex 113.106 91.4526 5
    endloop
  endfacet
  facet normal 0 0 1
    outer loop
      vertex 110.162 97.5022 5
      vertex 113.106 91.4526 5
      vertex 110.309 97.4949 5
    endloop
  endfacet
  facet normal 0 0 1
    outer loop
      vertex 110.016 97.5238 5
      vertex 113.106 91.4526 5
      vertex 110.162 97.5022 5
    endloop
  endfacet
  facet normal 0 0 1
    outer loop
      vertex 113.106 91.4526 5
      vertex 110.016 97.5238 5
      vertex 112.298 90.1058 5
    endloop
  endfacet
  facet normal 0 0 1
    outer loop
      vertex 109.873 97.5595 5
      vertex 112.298 90.1058 5
      vertex 110.016 97.5238 5
    endloop
  endfacet
  facet normal 0 0 1
    outer loop
      vertex 109.735 97.6091 5
      vertex 112.298 90.1058 5
      vertex 109.873 97.5595 5
    endloop
  endfacet
  facet normal 0 0 1
    outer loop
      vertex 112.298 90.1058 5
      vertex 109.735 97.6091 5
      vertex 111.363 88.8447 5
    endloop
  endfacet
  facet normal 0 0 1
    outer loop
      vertex 109.602 97.6721 5
      vertex 111.363 88.8447 5
      vertex 109.735 97.6091 5
    endloop
  endfacet
  facet normal 0 0 1
    outer loop
      vertex 109.475 97.7477 5
      vertex 111.363 88.8447 5
      vertex 109.602 97.6721 5
    endloop
  endfacet
  facet normal 0 0 1
    outer loop
      vertex 100.495 87.6812 5
      vertex 109.475 97.7477 5
      vertex 109.357 97.8354 5
    endloop
  endfacet
  facet normal 0 0 1
    outer loop
      vertex 100.495 87.6812 5
      vertex 109.357 97.8354 5
      vertex 109.248 97.9343 5
    endloop
  endfacet
  facet normal 0 0 1
    outer loop
      vertex 100.495 87.6812 5
      vertex 109.248 97.9343 5
      vertex 109.149 98.0434 5
    endloop
  endfacet
  facet normal 0 0 1
    outer loop
      vertex 100.495 87.6812 5
      vertex 109.149 98.0434 5
      vertex 109.061 98.1616 5
    endloop
  endfacet
  facet normal 0 0 1
    outer loop
      vertex 100.495 87.6812 5
      vertex 109.061 98.1616 5
      vertex 108.986 98.2879 5
    endloop
  endfacet
  facet normal 0 0 1
    outer loop
      vertex 100.495 87.6812 5
      vertex 108.986 98.2879 5
      vertex 108.923 98.4209 5
    endloop
  endfacet
  facet normal 0 0 1
    outer loop
      vertex 100.495 87.6812 5
      vertex 108.923 98.4209 5
      vertex 108.873 98.5595 5
    endloop
  endfacet
  facet normal -0 0 1
    outer loop
      vertex 100.056 109.248 5
      vertex 109.248 100.056 5
      vertex 100.154 109.357 5
    endloop
  endfacet
  facet normal 0 0 1
    outer loop
      vertex 100.488 110.162 5
      vertex 106.537 113.106 5
      vertex 100.495 110.309 5
    endloop
  endfacet
  facet normal 0 0 1
    outer loop
      vertex 109.248 100.056 5
      vertex 100.056 109.248 5
      vertex 109.149 99.9465 5
    endloop
  endfacet
  facet normal 0 0 1
    outer loop
      vertex 100.495 110.309 5
      vertex 106.537 113.106 5
      vertex 105.118 113.777 5
    endloop
  endfacet
  facet normal 0 0 1
    outer loop
      vertex 100.488 110.456 5
      vertex 105.118 113.777 5
      vertex 103.64 114.306 5
    endloop
  endfacet
  facet normal 0 0 1
    outer loop
      vertex 108.809 98.9949 5
      vertex 100.495 87.6812 5
      vertex 108.816 98.8479 5
    endloop
  endfacet
  facet normal 0 0 1
    outer loop
      vertex 108.816 98.8479 5
      vertex 100.495 87.6812 5
      vertex 108.837 98.7023 5
    endloop
  endfacet
  facet normal 0 0 1
    outer loop
      vertex 100.488 110.456 5
      vertex 103.64 114.306 5
      vertex 102.116 114.688 5
    endloop
  endfacet
  facet normal 0 0 1
    outer loop
      vertex 99.9465 111.468 5
      vertex 102.116 114.688 5
      vertex 100.563 114.918 5
    endloop
  endfacet
  facet normal 0 0 1
    outer loop
      vertex 108.837 98.7023 5
      vertex 100.495 87.6812 5
      vertex 108.873 98.5595 5
    endloop
  endfacet
  facet normal 0 0 1
    outer loop
      vertex 109.475 97.7477 5
      vertex 100.495 87.6812 5
      vertex 111.363 88.8447 5
    endloop
  endfacet
  facet normal 0 0 1
    outer loop
      vertex 100.488 87.5342 5
      vertex 111.363 88.8447 5
      vertex 100.495 87.6812 5
    endloop
  endfacet
  facet normal 0 0 1
    outer loop
      vertex 100.466 87.3886 5
      vertex 111.363 88.8447 5
      vertex 100.488 87.5342 5
    endloop
  endfacet
  facet normal 0 0 1
    outer loop
      vertex 100.43 87.2458 5
      vertex 111.363 88.8447 5
      vertex 100.466 87.3886 5
    endloop
  endfacet
  facet normal 0 0 1
    outer loop
      vertex 100.381 87.1072 5
      vertex 111.363 88.8447 5
      vertex 100.43 87.2458 5
    endloop
  endfacet
  facet normal 0 0 1
    outer loop
      vertex 100.318 86.9741 5
      vertex 111.363 88.8447 5
      vertex 100.381 87.1072 5
    endloop
  endfacet
  facet normal 0 0 1
    outer loop
      vertex 100.242 86.8479 5
      vertex 111.363 88.8447 5
      vertex 100.318 86.9741 5
    endloop
  endfacet
  facet normal 0 0 1
    outer loop
      vertex 100.154 86.7297 5
      vertex 111.363 88.8447 5
      vertex 100.242 86.8479 5
    endloop
  endfacet
  facet normal 0 0 1
    outer loop
      vertex 100.056 86.6206 5
      vertex 111.363 88.8447 5
      vertex 100.154 86.7297 5
    endloop
  endfacet
  facet normal 0 0 1
    outer loop
      vertex 99.9465 86.5217 5
      vertex 111.363 88.8447 5
      vertex 100.056 86.6206 5
    endloop
  endfacet
  facet normal 0 0 1
    outer loop
      vertex 99.8283 86.434 5
      vertex 111.363 88.8447 5
      vertex 99.9465 86.5217 5
    endloop
  endfacet
  facet normal 0 0 1
    outer loop
      vertex 99.702 86.3584 5
      vertex 111.363 88.8447 5
      vertex 99.8283 86.434 5
    endloop
  endfacet
  facet normal 0 0 1
    outer loop
      vertex 99.569 86.2954 5
      vertex 111.363 88.8447 5
      vertex 99.702 86.3584 5
    endloop
  endfacet
  facet normal 0 0 1
    outer loop
      vertex 99.4304 86.2458 5
      vertex 111.363 88.8447 5
      vertex 99.569 86.2954 5
    endloop
  endfacet
  facet normal 0 0 1
    outer loop
      vertex 69.2965 59.397 5
      vertex 99.4304 86.2458 5
      vertex 99.2876 86.2101 5
    endloop
  endfacet
  facet normal 0 0 1
    outer loop
      vertex 97.5238 110.601 5
      vertex 92.872 113.777 5
      vertex 97.5022 110.456 5
    endloop
  endfacet
  facet normal -0 0 1
    outer loop
      vertex 88.7419 97.9343 5
      vertex 97.9343 88.7419 5
      vertex 88.8408 98.0434 5
    endloop
  endfacet
  facet normal 0 0 1
    outer loop
      vertex 97.5022 110.456 5
      vertex 92.872 113.777 5
      vertex 97.4949 110.309 5
    endloop
  endfacet
  facet normal -0 0 1
    outer loop
      vertex 91.4526 113.106 5
      vertex 97.4949 110.309 5
      vertex 92.872 113.777 5
    endloop
  endfacet
  facet normal 0 0 1
    outer loop
      vertex 97.9343 88.7419 5
      vertex 88.7419 97.9343 5
      vertex 97.8354 88.6328 5
    endloop
  endfacet
  facet normal 0 0 1
    outer loop
      vertex 97.5238 110.016 5
      vertex 91.4526 113.106 5
      vertex 90.1058 112.298 5
    endloop
  endfacet
  facet normal 0 0 1
    outer loop
      vertex 97.6721 109.602 5
      vertex 88.8447 111.363 5
      vertex 97.7477 109.475 5
    endloop
  endfacet
  facet normal -0 0 1
    outer loop
      vertex 88.6328 97.8354 5
      vertex 97.8354 88.6328 5
      vertex 88.7419 97.9343 5
    endloop
  endfacet
  facet normal 0 0 1
    outer loop
      vertex 97.8354 88.6328 5
      vertex 88.6328 97.8354 5
      vertex 97.7477 88.5146 5
    endloop
  endfacet
  facet normal -0 0 1
    outer loop
      vertex 88.5146 97.7477 5
      vertex 97.7477 88.5146 5
      vertex 88.6328 97.8354 5
    endloop
  endfacet
  facet normal 0 0 1
    outer loop
      vertex 97.7477 88.5146 5
      vertex 88.5146 97.7477 5
      vertex 97.6721 88.3883 5
    endloop
  endfacet
  facet normal -0 0 1
    outer loop
      vertex 88.3883 97.6721 5
      vertex 97.6721 88.3883 5
      vertex 88.5146 97.7477 5
    endloop
  endfacet
  facet normal 0 0 1
    outer loop
      vertex 97.6721 88.3883 5
      vertex 88.3883 97.6721 5
      vertex 97.6091 88.2553 5
    endloop
  endfacet
  facet normal -0 0 1
    outer loop
      vertex 88.2553 97.6091 5
      vertex 97.6091 88.2553 5
      vertex 88.3883 97.6721 5
    endloop
  endfacet
  facet normal 0 0 1
    outer loop
      vertex 97.6091 88.2553 5
      vertex 88.2553 97.6091 5
      vertex 97.5595 88.1167 5
    endloop
  endfacet
  facet normal -0 0 1
    outer loop
      vertex 88.1167 97.5595 5
      vertex 97.5595 88.1167 5
      vertex 88.2553 97.6091 5
    endloop
  endfacet
  facet normal 0 0 1
    outer loop
      vertex 97.5595 88.1167 5
      vertex 88.1167 97.5595 5
      vertex 97.5238 87.9739 5
    endloop
  endfacet
  facet normal -0 0 1
    outer loop
      vertex 87.9739 97.5238 5
      vertex 97.5238 87.9739 5
      vertex 88.1167 97.5595 5
    endloop
  endfacet
  facet normal 0 0 1
    outer loop
      vertex 97.5238 87.9739 5
      vertex 87.9739 97.5238 5
      vertex 97.5022 87.8283 5
    endloop
  endfacet
  facet normal -0 0 1
    outer loop
      vertex 87.8283 97.5022 5
      vertex 97.5022 87.8283 5
      vertex 87.9739 97.5238 5
    endloop
  endfacet
  facet normal 0 0 1
    outer loop
      vertex 97.5022 87.8283 5
      vertex 87.8283 97.5022 5
      vertex 97.4949 87.6812 5
    endloop
  endfacet
  facet normal -0 0 1
    outer loop
      vertex 87.6812 97.4949 5
      vertex 97.4949 87.6812 5
      vertex 87.8283 97.5022 5
    endloop
  endfacet
  facet normal 0 0 1
    outer loop
      vertex 97.4949 87.6812 5
      vertex 87.6812 97.4949 5
      vertex 97.5022 87.5342 5
    endloop
  endfacet
  facet normal 0 0 1
    outer loop
      vertex 87.5342 97.5022 5
      vertex 97.5022 87.5342 5
      vertex 87.6812 97.4949 5
    endloop
  endfacet
  facet normal 0 0 1
    outer loop
      vertex 97.5022 87.5342 5
      vertex 87.5342 97.5022 5
      vertex 97.5238 87.3886 5
    endloop
  endfacet
  facet normal 0 0 1
    outer loop
      vertex 87.3886 97.5238 5
      vertex 97.5238 87.3886 5
      vertex 87.5342 97.5022 5
    endloop
  endfacet
  facet normal 0 0 1
    outer loop
      vertex 97.5238 87.3886 5
      vertex 87.3886 97.5238 5
      vertex 97.5595 87.2458 5
    endloop
  endfacet
  facet normal 0 0 1
    outer loop
      vertex 87.2458 97.5595 5
      vertex 97.5595 87.2458 5
      vertex 87.3886 97.5238 5
    endloop
  endfacet
  facet normal 0 0 1
    outer loop
      vertex 97.5595 87.2458 5
      vertex 87.2458 97.5595 5
      vertex 97.6091 87.1072 5
    endloop
  endfacet
  facet normal 0 0 1
    outer loop
      vertex 87.1072 97.6091 5
      vertex 97.6091 87.1072 5
      vertex 87.2458 97.5595 5
    endloop
  endfacet
  facet normal 0 0 1
    outer loop
      vertex 69.2965 59.397 5
      vertex 97.6091 87.1072 5
      vertex 87.1072 97.6091 5
    endloop
  endfacet
  facet normal 0 0 1
    outer loop
      vertex 97.6091 87.1072 5
      vertex 69.2965 59.397 5
      vertex 97.6721 86.9741 5
    endloop
  endfacet
  facet normal 0 0 1
    outer loop
      vertex 97.6721 86.9741 5
      vertex 69.2965 59.397 5
      vertex 97.7477 86.8479 5
    endloop
  endfacet
  facet normal 0 0 1
    outer loop
      vertex 97.7477 86.8479 5
      vertex 69.2965 59.397 5
      vertex 97.8354 86.7297 5
    endloop
  endfacet
  facet normal 0 0 1
    outer loop
      vertex 69.2965 59.397 5
      vertex 87.1072 97.6091 5
      vertex 86.9741 97.6721 5
    endloop
  endfacet
  facet normal 0 0 1
    outer loop
      vertex 69.2965 59.397 5
      vertex 86.9741 97.6721 5
      vertex 86.8479 97.7477 5
    endloop
  endfacet
  facet normal 0 0 1
    outer loop
      vertex 69.2965 59.397 5
      vertex 86.8479 97.7477 5
      vertex 86.7297 97.8354 5
    endloop
  endfacet
  facet normal 0 0 1
    outer loop
      vertex 69.2965 59.397 5
      vertex 86.7297 97.8354 5
      vertex 86.6206 97.9343 5
    endloop
  endfacet
  facet normal 0 0 1
    outer loop
      vertex 69.2965 59.397 5
      vertex 86.1885 98.8479 5
      vertex 86.1812 98.9949 5
    endloop
  endfacet
  facet normal 0 0 1
    outer loop
      vertex 69.2965 59.397 5
      vertex 86.2101 98.7023 5
      vertex 86.1885 98.8479 5
    endloop
  endfacet
  facet normal 0 0 1
    outer loop
      vertex 69.2965 59.397 5
      vertex 86.2458 98.5595 5
      vertex 86.2101 98.7023 5
    endloop
  endfacet
  facet normal 0 0 1
    outer loop
      vertex 69.2965 59.397 5
      vertex 86.2954 98.4209 5
      vertex 86.2458 98.5595 5
    endloop
  endfacet
  facet normal 0 0 1
    outer loop
      vertex 69.2965 59.397 5
      vertex 86.3584 98.2879 5
      vertex 86.2954 98.4209 5
    endloop
  endfacet
  facet normal 0 0 1
    outer loop
      vertex 69.2965 59.397 5
      vertex 86.434 98.1616 5
      vertex 86.3584 98.2879 5
    endloop
  endfacet
  facet normal 0 0 1
    outer loop
      vertex 69.2965 59.397 5
      vertex 86.5217 98.0434 5
      vertex 86.434 98.1616 5
    endloop
  endfacet
  facet normal 0 0 1
    outer loop
      vertex 69.2965 59.397 5
      vertex 86.6206 97.9343 5
      vertex 86.5217 98.0434 5
    endloop
  endfacet
  facet normal 0 0 1
    outer loop
      vertex 97.8354 86.7297 5
      vertex 69.2965 59.397 5
      vertex 97.9343 86.6206 5
    endloop
  endfacet
  facet normal 0 0 1
    outer loop
      vertex 69.2965 59.397 5
      vertex 98.0434 86.5217 5
      vertex 97.9343 86.6206 5
    endloop
  endfacet
  facet normal 0 0 1
    outer loop
      vertex 69.2965 59.397 5
      vertex 98.1616 86.434 5
      vertex 98.0434 86.5217 5
    endloop
  endfacet
  facet normal 0 0 1
    outer loop
      vertex 69.2965 59.397 5
      vertex 98.2879 86.3584 5
      vertex 98.1616 86.434 5
    endloop
  endfacet
  facet normal 0 0 1
    outer loop
      vertex 69.2965 59.397 5
      vertex 98.4209 86.2954 5
      vertex 98.2879 86.3584 5
    endloop
  endfacet
  facet normal 0 0 1
    outer loop
      vertex 69.2965 59.397 5
      vertex 98.5595 86.2458 5
      vertex 98.4209 86.2954 5
    endloop
  endfacet
  facet normal 0 0 1
    outer loop
      vertex 69.2965 59.397 5
      vertex 98.7023 86.2101 5
      vertex 98.5595 86.2458 5
    endloop
  endfacet
  facet normal 0 0 1
    outer loop
      vertex 69.2965 59.397 5
      vertex 98.8479 86.1885 5
      vertex 98.7023 86.2101 5
    endloop
  endfacet
  facet normal 0 0 1
    outer loop
      vertex 69.2965 59.397 5
      vertex 98.9949 86.1812 5
      vertex 98.8479 86.1885 5
    endloop
  endfacet
  facet normal 0 0 1
    outer loop
      vertex 69.2965 59.397 5
      vertex 99.142 86.1885 5
      vertex 98.9949 86.1812 5
    endloop
  endfacet
  facet normal 0 0 1
    outer loop
      vertex 69.2965 59.397 5
      vertex 99.2876 86.2101 5
      vertex 99.142 86.1885 5
    endloop
  endfacet
  facet normal -0 0 1
    outer loop
      vertex 99.4304 86.2458 5
      vertex 69.2965 59.397 5
      vertex 111.363 88.8447 5
    endloop
  endfacet
  facet normal -0 0 1
    outer loop
      vertex 69.2965 59.397 5
      vertex 30.9805 0 5
      vertex 111.363 88.8447 5
    endloop
  endfacet
  facet normal 0 -0 1
    outer loop
      vertex 30.9805 0 5
      vertex 69.2965 59.397 5
      vertex 26.4321 16.5326 5
    endloop
  endfacet
  facet normal -0.994641 0.103386 0
    outer loop
      vertex -26.4321 16.5326 -5
      vertex -25.5 25.5 5
      vertex -25.5 25.5 -5
    endloop
  endfacet
  facet normal -0.994641 0.103386 0
    outer loop
      vertex -25.5 25.5 5
      vertex -26.4321 16.5326 -5
      vertex -26.4321 16.5326 5
    endloop
  endfacet
  facet normal -0.514458 0.857515 0
    outer loop
      vertex 91.4526 113.106 -5
      vertex 90.1058 112.298 5
      vertex 91.4526 113.106 5
    endloop
  endfacet
  facet normal -0.514458 0.857515 0
    outer loop
      vertex 90.1058 112.298 5
      vertex 91.4526 113.106 -5
      vertex 90.1058 112.298 -5
    endloop
  endfacet
  facet normal -0.595578 0.803298 0
    outer loop
      vertex 90.1058 112.298 -5
      vertex 88.8447 111.363 5
      vertex 90.1058 112.298 5
    endloop
  endfacet
  facet normal -0.595578 0.803298 0
    outer loop
      vertex 88.8447 111.363 5
      vertex 90.1058 112.298 -5
      vertex 88.8447 111.363 -5
    endloop
  endfacet
  facet normal 0.741539 -0.67091 0
    outer loop
      vertex 30.9805 0 5
      vertex 111.363 88.8447 -5
      vertex 111.363 88.8447 5
    endloop
  endfacet
  facet normal 0.741539 -0.67091 0
    outer loop
      vertex 111.363 88.8447 -5
      vertex 30.9805 0 5
      vertex 30.9805 0 -5
    endloop
  endfacet
  facet normal 0.146502 0.98921 -0
    outer loop
      vertex 102.116 114.688 -5
      vertex 100.563 114.918 5
      vertex 102.116 114.688 5
    endloop
  endfacet
  facet normal 0.146502 0.98921 0
    outer loop
      vertex 100.563 114.918 5
      vertex 102.116 114.688 -5
      vertex 100.563 114.918 -5
    endloop
  endfacet
  facet normal -0.67091 0.741539 0
    outer loop
      vertex 88.8447 111.363 -5
      vertex 0 30.9805 5
      vertex 88.8447 111.363 5
    endloop
  endfacet
  facet normal -0.67091 0.741539 0
    outer loop
      vertex 0 30.9805 5
      vertex 88.8447 111.363 -5
      vertex 0 30.9805 -5
    endloop
  endfacet
  facet normal 0.94154 -0.336901 0
    outer loop
      vertex 113.777 92.872 5
      vertex 114.306 94.3504 -5
      vertex 114.306 94.3504 5
    endloop
  endfacet
  facet normal 0.94154 -0.336901 0
    outer loop
      vertex 114.306 94.3504 -5
      vertex 113.777 92.872 5
      vertex 113.777 92.872 -5
    endloop
  endfacet
  facet normal 0.998797 -0.0490418 0
    outer loop
      vertex 114.918 97.4267 5
      vertex 114.995 98.9949 -5
      vertex 114.995 98.9949 5
    endloop
  endfacet
  facet normal 0.998797 -0.0490418 0
    outer loop
      vertex 114.995 98.9949 -5
      vertex 114.918 97.4267 5
      vertex 114.918 97.4267 -5
    endloop
  endfacet
  facet normal 0.803275 0.595608 0
    outer loop
      vertex 112.298 107.884 5
      vertex 111.363 109.145 -5
      vertex 111.363 109.145 5
    endloop
  endfacet
  facet normal 0.803275 0.595608 0
    outer loop
      vertex 111.363 109.145 -5
      vertex 112.298 107.884 5
      vertex 112.298 107.884 -5
    endloop
  endfacet
  facet normal -0.146484 0.989213 0
    outer loop
      vertex 97.4267 114.918 -5
      vertex 95.8735 114.688 5
      vertex 97.4267 114.918 5
    endloop
  endfacet
  facet normal -0.146484 0.989213 0
    outer loop
      vertex 95.8735 114.688 5
      vertex 97.4267 114.918 -5
      vertex 95.8735 114.688 -5
    endloop
  endfacet
  facet normal 0.514402 0.857549 -0
    outer loop
      vertex 107.884 112.298 -5
      vertex 106.537 113.106 5
      vertex 107.884 112.298 5
    endloop
  endfacet
  facet normal 0.514402 0.857549 0
    outer loop
      vertex 106.537 113.106 5
      vertex 107.884 112.298 -5
      vertex 106.537 113.106 -5
    endloop
  endfacet
  facet normal 0.989213 -0.146484 0
    outer loop
      vertex 114.688 95.8735 5
      vertex 114.918 97.4267 -5
      vertex 114.918 97.4267 5
    endloop
  endfacet
  facet normal 0.989213 -0.146484 0
    outer loop
      vertex 114.918 97.4267 -5
      vertex 114.688 95.8735 5
      vertex 114.688 95.8735 -5
    endloop
  endfacet
  facet normal 0.90407 -0.427385 0
    outer loop
      vertex 113.106 91.4526 5
      vertex 113.777 92.872 -5
      vertex 113.777 92.872 5
    endloop
  endfacet
  facet normal 0.90407 -0.427385 0
    outer loop
      vertex 113.777 92.872 -5
      vertex 113.106 91.4526 5
      vertex 113.106 91.4526 -5
    endloop
  endfacet
  facet normal 0.857515 -0.514458 0
    outer loop
      vertex 112.298 90.1058 5
      vertex 113.106 91.4526 -5
      vertex 113.106 91.4526 5
    endloop
  endfacet
  facet normal 0.857515 -0.514458 0
    outer loop
      vertex 113.106 91.4526 -5
      vertex 112.298 90.1058 5
      vertex 112.298 90.1058 -5
    endloop
  endfacet
  facet normal 0.803298 -0.595578 0
    outer loop
      vertex 111.363 88.8447 5
      vertex 112.298 90.1058 -5
      vertex 112.298 90.1058 5
    endloop
  endfacet
  facet normal 0.803298 -0.595578 0
    outer loop
      vertex 112.298 90.1058 -5
      vertex 111.363 88.8447 5
      vertex 111.363 88.8447 -5
    endloop
  endfacet
  facet normal 0.969993 0.243135 0
    outer loop
      vertex 114.688 102.116 5
      vertex 114.306 103.64 -5
      vertex 114.306 103.64 5
    endloop
  endfacet
  facet normal 0.969993 0.243135 0
    outer loop
      vertex 114.306 103.64 -5
      vertex 114.688 102.116 5
      vertex 114.688 102.116 -5
    endloop
  endfacet
  facet normal 0.941511 0.336982 0
    outer loop
      vertex 114.306 103.64 5
      vertex 113.777 105.118 -5
      vertex 113.777 105.118 5
    endloop
  endfacet
  facet normal 0.941511 0.336982 0
    outer loop
      vertex 113.777 105.118 -5
      vertex 114.306 103.64 5
      vertex 114.306 103.64 -5
    endloop
  endfacet
  facet normal -0.427385 0.90407 0
    outer loop
      vertex 92.872 113.777 -5
      vertex 91.4526 113.106 5
      vertex 92.872 113.777 5
    endloop
  endfacet
  facet normal -0.427385 0.90407 0
    outer loop
      vertex 91.4526 113.106 5
      vertex 92.872 113.777 -5
      vertex 91.4526 113.106 -5
    endloop
  endfacet
  facet normal -0.336901 0.94154 0
    outer loop
      vertex 94.3504 114.306 -5
      vertex 92.872 113.777 5
      vertex 94.3504 114.306 5
    endloop
  endfacet
  facet normal -0.336901 0.94154 0
    outer loop
      vertex 92.872 113.777 5
      vertex 94.3504 114.306 -5
      vertex 92.872 113.777 -5
    endloop
  endfacet
  facet normal -0.24327 0.969959 0
    outer loop
      vertex 95.8735 114.688 -5
      vertex 94.3504 114.306 5
      vertex 95.8735 114.688 5
    endloop
  endfacet
  facet normal -0.24327 0.969959 0
    outer loop
      vertex 94.3504 114.306 5
      vertex 95.8735 114.688 -5
      vertex 94.3504 114.306 -5
    endloop
  endfacet
  facet normal -0.0490418 0.998797 0
    outer loop
      vertex 98.9949 114.995 -5
      vertex 97.4267 114.918 5
      vertex 98.9949 114.995 5
    endloop
  endfacet
  facet normal -0.0490418 0.998797 0
    outer loop
      vertex 97.4267 114.918 5
      vertex 98.9949 114.995 -5
      vertex 97.4267 114.918 -5
    endloop
  endfacet
  facet normal 0.0490449 0.998797 -0
    outer loop
      vertex 100.563 114.918 -5
      vertex 98.9949 114.995 5
      vertex 100.563 114.918 5
    endloop
  endfacet
  facet normal 0.0490449 0.998797 0
    outer loop
      vertex 98.9949 114.995 5
      vertex 100.563 114.918 -5
      vertex 98.9949 114.995 -5
    endloop
  endfacet
  facet normal 0.243135 0.969993 -0
    outer loop
      vertex 103.64 114.306 -5
      vertex 102.116 114.688 5
      vertex 103.64 114.306 5
    endloop
  endfacet
  facet normal 0.243135 0.969993 0
    outer loop
      vertex 102.116 114.688 5
      vertex 103.64 114.306 -5
      vertex 102.116 114.688 -5
    endloop
  endfacet
  facet normal 0.336982 0.941511 -0
    outer loop
      vertex 105.118 113.777 -5
      vertex 103.64 114.306 5
      vertex 105.118 113.777 5
    endloop
  endfacet
  facet normal 0.336982 0.941511 0
    outer loop
      vertex 103.64 114.306 5
      vertex 105.118 113.777 -5
      vertex 103.64 114.306 -5
    endloop
  endfacet
  facet normal 0.427484 0.904023 -0
    outer loop
      vertex 106.537 113.106 -5
      vertex 105.118 113.777 5
      vertex 106.537 113.106 5
    endloop
  endfacet
  facet normal 0.427484 0.904023 0
    outer loop
      vertex 105.118 113.777 5
      vertex 106.537 113.106 -5
      vertex 105.118 113.777 -5
    endloop
  endfacet
  facet normal 0.595608 0.803275 -0
    outer loop
      vertex 109.145 111.363 -5
      vertex 107.884 112.298 5
      vertex 109.145 111.363 5
    endloop
  endfacet
  facet normal 0.595608 0.803275 0
    outer loop
      vertex 107.884 112.298 5
      vertex 109.145 111.363 -5
      vertex 107.884 112.298 -5
    endloop
  endfacet
  facet normal 0.671213 0.741264 -0
    outer loop
      vertex 110.309 110.309 -5
      vertex 109.145 111.363 5
      vertex 110.309 110.309 5
    endloop
  endfacet
  facet normal 0.671213 0.741264 0
    outer loop
      vertex 109.145 111.363 5
      vertex 110.309 110.309 -5
      vertex 109.145 111.363 -5
    endloop
  endfacet
  facet normal 0.741264 0.671213 0
    outer loop
      vertex 111.363 109.145 5
      vertex 110.309 110.309 -5
      vertex 110.309 110.309 5
    endloop
  endfacet
  facet normal 0.741264 0.671213 0
    outer loop
      vertex 110.309 110.309 -5
      vertex 111.363 109.145 5
      vertex 111.363 109.145 -5
    endloop
  endfacet
  facet normal 0.969959 -0.24327 0
    outer loop
      vertex 114.306 94.3504 5
      vertex 114.688 95.8735 -5
      vertex 114.688 95.8735 5
    endloop
  endfacet
  facet normal 0.969959 -0.24327 0
    outer loop
      vertex 114.688 95.8735 -5
      vertex 114.306 94.3504 5
      vertex 114.306 94.3504 -5
    endloop
  endfacet
  facet normal 0.98921 0.146502 0
    outer loop
      vertex 114.918 100.563 5
      vertex 114.688 102.116 -5
      vertex 114.688 102.116 5
    endloop
  endfacet
  facet normal 0.98921 0.146502 0
    outer loop
      vertex 114.688 102.116 -5
      vertex 114.918 100.563 5
      vertex 114.918 100.563 -5
    endloop
  endfacet
  facet normal 0.998797 0.0490449 0
    outer loop
      vertex 114.995 98.9949 5
      vertex 114.918 100.563 -5
      vertex 114.918 100.563 5
    endloop
  endfacet
  facet normal 0.998797 0.0490449 0
    outer loop
      vertex 114.918 100.563 -5
      vertex 114.995 98.9949 5
      vertex 114.995 98.9949 -5
    endloop
  endfacet
  facet normal 0.857549 0.514402 0
    outer loop
      vertex 113.106 106.537 5
      vertex 112.298 107.884 -5
      vertex 112.298 107.884 5
    endloop
  endfacet
  facet normal 0.857549 0.514402 0
    outer loop
      vertex 112.298 107.884 -5
      vertex 113.106 106.537 5
      vertex 113.106 106.537 -5
    endloop
  endfacet
  facet normal 0.904023 0.427484 0
    outer loop
      vertex 113.777 105.118 5
      vertex 113.106 106.537 -5
      vertex 113.106 106.537 5
    endloop
  endfacet
  facet normal 0.904023 0.427484 0
    outer loop
      vertex 113.106 106.537 -5
      vertex 113.777 105.118 5
      vertex 113.777 105.118 -5
    endloop
  endfacet
  facet normal -0.707107 -0.707107 0
    outer loop
      vertex 69.2965 59.397 -5
      vertex 59.397 69.2965 5
      vertex 59.397 69.2965 -5
    endloop
  endfacet
  facet normal -0.707107 -0.707107 0
    outer loop
      vertex 59.397 69.2965 5
      vertex 69.2965 59.397 -5
      vertex 69.2965 59.397 5
    endloop
  endfacet
  facet normal 0.707107 -0.707107 0
    outer loop
      vertex 16.5326 26.4321 5
      vertex 59.397 69.2965 -5
      vertex 59.397 69.2965 5
    endloop
  endfacet
  facet normal 0.707107 -0.707107 0
    outer loop
      vertex 59.397 69.2965 -5
      vertex 16.5326 26.4321 5
      vertex 16.5326 26.4321 -5
    endloop
  endfacet
  facet normal -0.707107 0.707107 0
    outer loop
      vertex 26.4321 16.5326 -5
      vertex 69.2965 59.397 5
      vertex 69.2965 59.397 -5
    endloop
  endfacet
  facet normal -0.707107 0.707107 0
    outer loop
      vertex 69.2965 59.397 5
      vertex 26.4321 16.5326 -5
      vertex 26.4321 16.5326 5
    endloop
  endfacet
  facet normal -0.242536 -0.970143 0
    outer loop
      vertex 99.2876 89.1524 -5
      vertex 99.4304 89.1167 5
      vertex 99.2876 89.1524 5
    endloop
  endfacet
  facet normal -0.242536 -0.970143 -0
    outer loop
      vertex 99.4304 89.1167 5
      vertex 99.2876 89.1524 -5
      vertex 99.4304 89.1167 -5
    endloop
  endfacet
  facet normal 0.428086 -0.903738 0
    outer loop
      vertex 98.2879 89.0041 -5
      vertex 98.4209 89.0671 5
      vertex 98.2879 89.0041 5
    endloop
  endfacet
  facet normal 0.428086 -0.903738 0
    outer loop
      vertex 98.4209 89.0671 5
      vertex 98.2879 89.0041 -5
      vertex 98.4209 89.0671 -5
    endloop
  endfacet
  facet normal 0.941527 -0.336939 0
    outer loop
      vertex 97.5595 88.1167 5
      vertex 97.6091 88.2553 -5
      vertex 97.6091 88.2553 5
    endloop
  endfacet
  facet normal 0.941527 -0.336939 0
    outer loop
      vertex 97.6091 88.2553 -5
      vertex 97.5595 88.1167 5
      vertex 97.5595 88.1167 -5
    endloop
  endfacet
  facet normal 0.903862 0.427824 0
    outer loop
      vertex 97.6721 86.9741 5
      vertex 97.6091 87.1072 -5
      vertex 97.6091 87.1072 5
    endloop
  endfacet
  facet normal 0.903862 0.427824 0
    outer loop
      vertex 97.6091 87.1072 -5
      vertex 97.6721 86.9741 5
      vertex 97.6721 86.9741 -5
    endloop
  endfacet
  facet normal -0.743938 -0.668249 0
    outer loop
      vertex 100.154 88.6328 -5
      vertex 100.056 88.7419 5
      vertex 100.056 88.7419 -5
    endloop
  endfacet
  facet normal -0.743938 -0.668249 0
    outer loop
      vertex 100.056 88.7419 5
      vertex 100.154 88.6328 -5
      vertex 100.154 88.6328 5
    endloop
  endfacet
  facet normal 0.242536 -0.970143 0
    outer loop
      vertex 98.5595 89.1167 -5
      vertex 98.7023 89.1524 5
      vertex 98.5595 89.1167 5
    endloop
  endfacet
  facet normal 0.242536 -0.970143 0
    outer loop
      vertex 98.7023 89.1524 5
      vertex 98.5595 89.1167 -5
      vertex 98.7023 89.1524 -5
    endloop
  endfacet
  facet normal 0.989174 0.146746 0
    outer loop
      vertex 97.5238 87.3886 5
      vertex 97.5022 87.5342 -5
      vertex 97.5022 87.5342 5
    endloop
  endfacet
  facet normal 0.989174 0.146746 0
    outer loop
      vertex 97.5022 87.5342 -5
      vertex 97.5238 87.3886 5
      vertex 97.5238 87.3886 -5
    endloop
  endfacet
  facet normal 0.858032 -0.513596 0
    outer loop
      vertex 97.6721 88.3883 5
      vertex 97.7477 88.5146 -5
      vertex 97.7477 88.5146 5
    endloop
  endfacet
  facet normal 0.858032 -0.513596 0
    outer loop
      vertex 97.7477 88.5146 -5
      vertex 97.6721 88.3883 5
      vertex 97.6721 88.3883 -5
    endloop
  endfacet
  facet normal 0.242536 0.970143 -0
    outer loop
      vertex 98.7023 86.2101 -5
      vertex 98.5595 86.2458 5
      vertex 98.7023 86.2101 5
    endloop
  endfacet
  facet normal 0.242536 0.970143 0
    outer loop
      vertex 98.5595 86.2458 5
      vertex 98.7023 86.2101 -5
      vertex 98.5595 86.2458 -5
    endloop
  endfacet
  facet normal -0.146746 -0.989174 0
    outer loop
      vertex 99.142 89.174 -5
      vertex 99.2876 89.1524 5
      vertex 99.142 89.174 5
    endloop
  endfacet
  facet normal -0.146746 -0.989174 -0
    outer loop
      vertex 99.2876 89.1524 5
      vertex 99.142 89.174 -5
      vertex 99.2876 89.1524 -5
    endloop
  endfacet
  facet normal 0.0489209 -0.998803 0
    outer loop
      vertex 98.8479 89.174 -5
      vertex 98.9949 89.1812 5
      vertex 98.8479 89.174 5
    endloop
  endfacet
  facet normal 0.0489209 -0.998803 0
    outer loop
      vertex 98.9949 89.1812 5
      vertex 98.8479 89.174 -5
      vertex 98.9949 89.1812 -5
    endloop
  endfacet
  facet normal 0.740892 -0.671624 0
    outer loop
      vertex 97.8354 88.6328 5
      vertex 97.9343 88.7419 -5
      vertex 97.9343 88.7419 5
    endloop
  endfacet
  facet normal 0.740892 -0.671624 0
    outer loop
      vertex 97.9343 88.7419 -5
      vertex 97.8354 88.6328 5
      vertex 97.8354 88.6328 -5
    endloop
  endfacet
  facet normal 0.514096 -0.857733 0
    outer loop
      vertex 98.1616 88.9284 -5
      vertex 98.2879 89.0041 5
      vertex 98.1616 88.9284 5
    endloop
  endfacet
  facet normal 0.514096 -0.857733 0
    outer loop
      vertex 98.2879 89.0041 5
      vertex 98.1616 88.9284 -5
      vertex 98.2879 89.0041 -5
    endloop
  endfacet
  facet normal 0.595423 -0.803413 0
    outer loop
      vertex 98.0434 88.8408 -5
      vertex 98.1616 88.9284 5
      vertex 98.0434 88.8408 5
    endloop
  endfacet
  facet normal 0.595423 -0.803413 0
    outer loop
      vertex 98.1616 88.9284 5
      vertex 98.0434 88.8408 -5
      vertex 98.1616 88.9284 -5
    endloop
  endfacet
  facet normal 0.336939 -0.941527 0
    outer loop
      vertex 98.4209 89.0671 -5
      vertex 98.5595 89.1167 5
      vertex 98.4209 89.0671 5
    endloop
  endfacet
  facet normal 0.336939 -0.941527 0
    outer loop
      vertex 98.5595 89.1167 5
      vertex 98.4209 89.0671 -5
      vertex 98.5595 89.1167 -5
    endloop
  endfacet
  facet normal 0.146746 -0.989174 0
    outer loop
      vertex 98.7023 89.1524 -5
      vertex 98.8479 89.174 5
      vertex 98.7023 89.1524 5
    endloop
  endfacet
  facet normal 0.146746 -0.989174 0
    outer loop
      vertex 98.8479 89.174 5
      vertex 98.7023 89.1524 -5
      vertex 98.8479 89.174 -5
    endloop
  endfacet
  facet normal 0.671624 0.740892 -0
    outer loop
      vertex 98.0434 86.5217 -5
      vertex 97.9343 86.6206 5
      vertex 98.0434 86.5217 5
    endloop
  endfacet
  facet normal 0.671624 0.740892 0
    outer loop
      vertex 97.9343 86.6206 5
      vertex 98.0434 86.5217 -5
      vertex 97.9343 86.6206 -5
    endloop
  endfacet
  facet normal 0.857853 0.513896 0
    outer loop
      vertex 97.7477 86.8479 5
      vertex 97.6721 86.9741 -5
      vertex 97.6721 86.9741 5
    endloop
  endfacet
  facet normal 0.857853 0.513896 0
    outer loop
      vertex 97.6721 86.9741 -5
      vertex 97.7477 86.8479 5
      vertex 97.7477 86.8479 -5
    endloop
  endfacet
  facet normal 0.803088 0.595861 0
    outer loop
      vertex 97.8354 86.7297 5
      vertex 97.7477 86.8479 -5
      vertex 97.7477 86.8479 5
    endloop
  endfacet
  facet normal 0.803088 0.595861 0
    outer loop
      vertex 97.7477 86.8479 -5
      vertex 97.8354 86.7297 5
      vertex 97.8354 86.7297 -5
    endloop
  endfacet
  facet normal 0.941527 0.336939 0
    outer loop
      vertex 97.6091 87.1072 5
      vertex 97.5595 87.2458 -5
      vertex 97.5595 87.2458 5
    endloop
  endfacet
  facet normal 0.941527 0.336939 0
    outer loop
      vertex 97.5595 87.2458 -5
      vertex 97.6091 87.1072 5
      vertex 97.6091 87.1072 -5
    endloop
  endfacet
  facet normal 0.970143 0.242536 0
    outer loop
      vertex 97.5595 87.2458 5
      vertex 97.5238 87.3886 -5
      vertex 97.5238 87.3886 5
    endloop
  endfacet
  facet normal 0.970143 0.242536 0
    outer loop
      vertex 97.5238 87.3886 -5
      vertex 97.5595 87.2458 5
      vertex 97.5595 87.2458 -5
    endloop
  endfacet
  facet normal 0.903738 -0.428086 0
    outer loop
      vertex 97.6091 88.2553 5
      vertex 97.6721 88.3883 -5
      vertex 97.6721 88.3883 5
    endloop
  endfacet
  facet normal 0.903738 -0.428086 0
    outer loop
      vertex 97.6721 88.3883 -5
      vertex 97.6091 88.2553 5
      vertex 97.6091 88.2553 -5
    endloop
  endfacet
  facet normal 0.803088 -0.595861 0
    outer loop
      vertex 97.7477 88.5146 5
      vertex 97.8354 88.6328 -5
      vertex 97.8354 88.6328 5
    endloop
  endfacet
  facet normal 0.803088 -0.595861 0
    outer loop
      vertex 97.8354 88.6328 -5
      vertex 97.7477 88.5146 5
      vertex 97.7477 88.5146 -5
    endloop
  endfacet
  facet normal 0.989174 -0.146746 0
    outer loop
      vertex 97.5022 87.8283 5
      vertex 97.5238 87.9739 -5
      vertex 97.5238 87.9739 5
    endloop
  endfacet
  facet normal 0.989174 -0.146746 0
    outer loop
      vertex 97.5238 87.9739 -5
      vertex 97.5022 87.8283 5
      vertex 97.5022 87.8283 -5
    endloop
  endfacet
  facet normal 0.998771 -0.0495651 0
    outer loop
      vertex 97.4949 87.6812 5
      vertex 97.5022 87.8283 -5
      vertex 97.5022 87.8283 5
    endloop
  endfacet
  facet normal 0.998771 -0.0495651 0
    outer loop
      vertex 97.5022 87.8283 -5
      vertex 97.4949 87.6812 5
      vertex 97.4949 87.6812 -5
    endloop
  endfacet
  facet normal 0.970143 -0.242536 0
    outer loop
      vertex 97.5238 87.9739 5
      vertex 97.5595 88.1167 -5
      vertex 97.5595 88.1167 5
    endloop
  endfacet
  facet normal 0.970143 -0.242536 0
    outer loop
      vertex 97.5595 88.1167 -5
      vertex 97.5238 87.9739 5
      vertex 97.5238 87.9739 -5
    endloop
  endfacet
  facet normal 0.998769 0.0495987 0
    outer loop
      vertex 97.5022 87.5342 5
      vertex 97.4949 87.6812 -5
      vertex 97.4949 87.6812 5
    endloop
  endfacet
  facet normal 0.998769 0.0495987 0
    outer loop
      vertex 97.4949 87.6812 -5
      vertex 97.5022 87.5342 5
      vertex 97.5022 87.5342 -5
    endloop
  endfacet
  facet normal -0.670274 -0.742114 0
    outer loop
      vertex 99.9465 88.8408 -5
      vertex 100.056 88.7419 5
      vertex 99.9465 88.8408 5
    endloop
  endfacet
  facet normal -0.670274 -0.742114 -0
    outer loop
      vertex 100.056 88.7419 5
      vertex 99.9465 88.8408 -5
      vertex 100.056 88.7419 -5
    endloop
  endfacet
  facet normal -0.856834 -0.515593 0
    outer loop
      vertex 100.318 88.3883 -5
      vertex 100.242 88.5146 5
      vertex 100.242 88.5146 -5
    endloop
  endfacet
  facet normal -0.856834 -0.515593 0
    outer loop
      vertex 100.242 88.5146 5
      vertex 100.318 88.3883 -5
      vertex 100.318 88.3883 5
    endloop
  endfacet
  facet normal -0.988776 -0.149403 0
    outer loop
      vertex 100.488 87.8283 -5
      vertex 100.466 87.9739 5
      vertex 100.466 87.9739 -5
    endloop
  endfacet
  facet normal -0.988776 -0.149403 0
    outer loop
      vertex 100.466 87.9739 5
      vertex 100.488 87.8283 -5
      vertex 100.488 87.8283 5
    endloop
  endfacet
  facet normal -0.336939 -0.941527 0
    outer loop
      vertex 99.4304 89.1167 -5
      vertex 99.569 89.0671 5
      vertex 99.4304 89.1167 5
    endloop
  endfacet
  facet normal -0.336939 -0.941527 -0
    outer loop
      vertex 99.569 89.0671 5
      vertex 99.4304 89.1167 -5
      vertex 99.569 89.0671 -5
    endloop
  endfacet
  facet normal -0.428086 -0.903738 0
    outer loop
      vertex 99.569 89.0671 -5
      vertex 99.702 89.0041 5
      vertex 99.569 89.0671 5
    endloop
  endfacet
  facet normal -0.428086 -0.903738 -0
    outer loop
      vertex 99.702 89.0041 5
      vertex 99.569 89.0671 -5
      vertex 99.702 89.0041 -5
    endloop
  endfacet
  facet normal -0.514096 -0.857733 0
    outer loop
      vertex 99.702 89.0041 -5
      vertex 99.8283 88.9284 5
      vertex 99.702 89.0041 5
    endloop
  endfacet
  facet normal -0.514096 -0.857733 -0
    outer loop
      vertex 99.8283 88.9284 5
      vertex 99.702 89.0041 -5
      vertex 99.8283 88.9284 -5
    endloop
  endfacet
  facet normal -0.0488878 -0.998804 0
    outer loop
      vertex 98.9949 89.1812 -5
      vertex 99.142 89.174 5
      vertex 98.9949 89.1812 5
    endloop
  endfacet
  facet normal -0.0488878 -0.998804 -0
    outer loop
      vertex 99.142 89.174 5
      vertex 98.9949 89.1812 -5
      vertex 99.142 89.174 -5
    endloop
  endfacet
  facet normal 0.671624 -0.740892 0
    outer loop
      vertex 97.9343 88.7419 -5
      vertex 98.0434 88.8408 5
      vertex 97.9343 88.7419 5
    endloop
  endfacet
  facet normal 0.671624 -0.740892 0
    outer loop
      vertex 98.0434 88.8408 5
      vertex 97.9343 88.7419 -5
      vertex 98.0434 88.8408 -5
    endloop
  endfacet
  facet normal 0.740892 0.671624 0
    outer loop
      vertex 97.9343 86.6206 5
      vertex 97.8354 86.7297 -5
      vertex 97.8354 86.7297 5
    endloop
  endfacet
  facet normal 0.740892 0.671624 0
    outer loop
      vertex 97.8354 86.7297 -5
      vertex 97.9343 86.6206 5
      vertex 97.9343 86.6206 -5
    endloop
  endfacet
  facet normal -0.903738 -0.428086 0
    outer loop
      vertex 100.381 88.2553 -5
      vertex 100.318 88.3883 5
      vertex 100.318 88.3883 -5
    endloop
  endfacet
  facet normal -0.903738 -0.428086 0
    outer loop
      vertex 100.318 88.3883 5
      vertex 100.381 88.2553 -5
      vertex 100.381 88.2553 5
    endloop
  endfacet
  facet normal -0.942814 -0.333318 0
    outer loop
      vertex 100.43 88.1167 -5
      vertex 100.381 88.2553 5
      vertex 100.381 88.2553 -5
    endloop
  endfacet
  facet normal -0.942814 -0.333318 0
    outer loop
      vertex 100.381 88.2553 5
      vertex 100.43 88.1167 -5
      vertex 100.43 88.1167 5
    endloop
  endfacet
  facet normal -0.670274 0.742114 0
    outer loop
      vertex 100.056 86.6206 -5
      vertex 99.9465 86.5217 5
      vertex 100.056 86.6206 5
    endloop
  endfacet
  facet normal -0.670274 0.742114 0
    outer loop
      vertex 99.9465 86.5217 5
      vertex 100.056 86.6206 -5
      vertex 99.9465 86.5217 -5
    endloop
  endfacet
  facet normal -0.336939 0.941527 0
    outer loop
      vertex 99.569 86.2954 -5
      vertex 99.4304 86.2458 5
      vertex 99.569 86.2954 5
    endloop
  endfacet
  facet normal -0.336939 0.941527 0
    outer loop
      vertex 99.4304 86.2458 5
      vertex 99.569 86.2954 -5
      vertex 99.4304 86.2458 -5
    endloop
  endfacet
  facet normal 0.595861 0.803088 -0
    outer loop
      vertex 98.1616 86.434 -5
      vertex 98.0434 86.5217 5
      vertex 98.1616 86.434 5
    endloop
  endfacet
  facet normal 0.595861 0.803088 0
    outer loop
      vertex 98.0434 86.5217 5
      vertex 98.1616 86.434 -5
      vertex 98.0434 86.5217 -5
    endloop
  endfacet
  facet normal 0.428086 0.903738 -0
    outer loop
      vertex 98.4209 86.2954 -5
      vertex 98.2879 86.3584 5
      vertex 98.4209 86.2954 5
    endloop
  endfacet
  facet normal 0.428086 0.903738 0
    outer loop
      vertex 98.2879 86.3584 5
      vertex 98.4209 86.2954 -5
      vertex 98.2879 86.3584 -5
    endloop
  endfacet
  facet normal -0.802112 0.597173 0
    outer loop
      vertex 100.154 86.7297 -5
      vertex 100.242 86.8479 5
      vertex 100.242 86.8479 -5
    endloop
  endfacet
  facet normal -0.802112 0.597173 0
    outer loop
      vertex 100.242 86.8479 5
      vertex 100.154 86.7297 -5
      vertex 100.154 86.7297 5
    endloop
  endfacet
  facet normal -0.942814 0.333318 0
    outer loop
      vertex 100.381 87.1072 -5
      vertex 100.43 87.2458 5
      vertex 100.43 87.2458 -5
    endloop
  endfacet
  facet normal -0.942814 0.333318 0
    outer loop
      vertex 100.43 87.2458 5
      vertex 100.381 87.1072 -5
      vertex 100.381 87.1072 5
    endloop
  endfacet
  facet normal -0.903862 0.427824 0
    outer loop
      vertex 100.318 86.9741 -5
      vertex 100.381 87.1072 5
      vertex 100.381 87.1072 -5
    endloop
  endfacet
  facet normal -0.903862 0.427824 0
    outer loop
      vertex 100.381 87.1072 5
      vertex 100.318 86.9741 -5
      vertex 100.318 86.9741 5
    endloop
  endfacet
  facet normal -0.595423 -0.803413 0
    outer loop
      vertex 99.8283 88.9284 -5
      vertex 99.9465 88.8408 5
      vertex 99.8283 88.9284 5
    endloop
  endfacet
  facet normal -0.595423 -0.803413 -0
    outer loop
      vertex 99.9465 88.8408 5
      vertex 99.8283 88.9284 -5
      vertex 99.9465 88.8408 -5
    endloop
  endfacet
  facet normal -0.802112 -0.597173 0
    outer loop
      vertex 100.242 88.5146 -5
      vertex 100.154 88.6328 5
      vertex 100.154 88.6328 -5
    endloop
  endfacet
  facet normal -0.802112 -0.597173 0
    outer loop
      vertex 100.154 88.6328 5
      vertex 100.242 88.5146 -5
      vertex 100.242 88.5146 5
    endloop
  endfacet
  facet normal -0.969661 0.244452 0
    outer loop
      vertex 100.43 87.2458 -5
      vertex 100.466 87.3886 5
      vertex 100.466 87.3886 -5
    endloop
  endfacet
  facet normal -0.969661 0.244452 0
    outer loop
      vertex 100.466 87.3886 5
      vertex 100.43 87.2458 -5
      vertex 100.43 87.2458 5
    endloop
  endfacet
  facet normal -0.969661 -0.244452 0
    outer loop
      vertex 100.466 87.9739 -5
      vertex 100.43 88.1167 5
      vertex 100.43 88.1167 -5
    endloop
  endfacet
  facet normal -0.969661 -0.244452 0
    outer loop
      vertex 100.43 88.1167 5
      vertex 100.466 87.9739 -5
      vertex 100.466 87.9739 5
    endloop
  endfacet
  facet normal -0.146746 0.989174 0
    outer loop
      vertex 99.2876 86.2101 -5
      vertex 99.142 86.1885 5
      vertex 99.2876 86.2101 5
    endloop
  endfacet
  facet normal -0.146746 0.989174 0
    outer loop
      vertex 99.142 86.1885 5
      vertex 99.2876 86.2101 -5
      vertex 99.142 86.1885 -5
    endloop
  endfacet
  facet normal -0.743938 0.668249 0
    outer loop
      vertex 100.056 86.6206 -5
      vertex 100.154 86.7297 5
      vertex 100.154 86.7297 -5
    endloop
  endfacet
  facet normal -0.743938 0.668249 0
    outer loop
      vertex 100.154 86.7297 5
      vertex 100.056 86.6206 -5
      vertex 100.056 86.6206 5
    endloop
  endfacet
  facet normal -0.428086 0.903738 0
    outer loop
      vertex 99.702 86.3584 -5
      vertex 99.569 86.2954 5
      vertex 99.702 86.3584 5
    endloop
  endfacet
  facet normal -0.428086 0.903738 0
    outer loop
      vertex 99.569 86.2954 5
      vertex 99.702 86.3584 -5
      vertex 99.569 86.2954 -5
    endloop
  endfacet
  facet normal -0.513596 0.858032 0
    outer loop
      vertex 99.8283 86.434 -5
      vertex 99.702 86.3584 5
      vertex 99.8283 86.434 5
    endloop
  endfacet
  facet normal -0.513596 0.858032 0
    outer loop
      vertex 99.702 86.3584 5
      vertex 99.8283 86.434 -5
      vertex 99.702 86.3584 -5
    endloop
  endfacet
  facet normal -0.595861 0.803088 0
    outer loop
      vertex 99.9465 86.5217 -5
      vertex 99.8283 86.434 5
      vertex 99.9465 86.5217 5
    endloop
  endfacet
  facet normal -0.595861 0.803088 0
    outer loop
      vertex 99.8283 86.434 5
      vertex 99.9465 86.5217 -5
      vertex 99.8283 86.434 -5
    endloop
  endfacet
  facet normal -0.242536 0.970143 0
    outer loop
      vertex 99.4304 86.2458 -5
      vertex 99.2876 86.2101 5
      vertex 99.4304 86.2458 5
    endloop
  endfacet
  facet normal -0.242536 0.970143 0
    outer loop
      vertex 99.2876 86.2101 5
      vertex 99.4304 86.2458 -5
      vertex 99.2876 86.2101 -5
    endloop
  endfacet
  facet normal 0.513596 0.858032 -0
    outer loop
      vertex 98.2879 86.3584 -5
      vertex 98.1616 86.434 5
      vertex 98.2879 86.3584 5
    endloop
  endfacet
  facet normal 0.513596 0.858032 0
    outer loop
      vertex 98.1616 86.434 5
      vertex 98.2879 86.3584 -5
      vertex 98.1616 86.434 -5
    endloop
  endfacet
  facet normal 0.336939 0.941527 -0
    outer loop
      vertex 98.5595 86.2458 -5
      vertex 98.4209 86.2954 5
      vertex 98.5595 86.2458 5
    endloop
  endfacet
  facet normal 0.336939 0.941527 0
    outer loop
      vertex 98.4209 86.2954 5
      vertex 98.5595 86.2458 -5
      vertex 98.4209 86.2954 -5
    endloop
  endfacet
  facet normal 0.146746 0.989174 -0
    outer loop
      vertex 98.8479 86.1885 -5
      vertex 98.7023 86.2101 5
      vertex 98.8479 86.1885 5
    endloop
  endfacet
  facet normal 0.146746 0.989174 0
    outer loop
      vertex 98.7023 86.2101 5
      vertex 98.8479 86.1885 -5
      vertex 98.7023 86.2101 -5
    endloop
  endfacet
  facet normal -0.0495651 0.998771 0
    outer loop
      vertex 99.142 86.1885 -5
      vertex 98.9949 86.1812 5
      vertex 99.142 86.1885 5
    endloop
  endfacet
  facet normal -0.0495651 0.998771 0
    outer loop
      vertex 98.9949 86.1812 5
      vertex 99.142 86.1885 -5
      vertex 98.9949 86.1812 -5
    endloop
  endfacet
  facet normal 0.0495987 0.998769 -0
    outer loop
      vertex 98.9949 86.1812 -5
      vertex 98.8479 86.1885 5
      vertex 98.9949 86.1812 5
    endloop
  endfacet
  facet normal 0.0495987 0.998769 0
    outer loop
      vertex 98.8479 86.1885 5
      vertex 98.9949 86.1812 -5
      vertex 98.8479 86.1885 -5
    endloop
  endfacet
  facet normal -0.856653 0.515893 0
    outer loop
      vertex 100.242 86.8479 -5
      vertex 100.318 86.9741 5
      vertex 100.318 86.9741 -5
    endloop
  endfacet
  facet normal -0.856653 0.515893 0
    outer loop
      vertex 100.318 86.9741 5
      vertex 100.242 86.8479 -5
      vertex 100.242 86.8479 5
    endloop
  endfacet
  facet normal -0.988776 0.149403 0
    outer loop
      vertex 100.466 87.3886 -5
      vertex 100.488 87.5342 5
      vertex 100.488 87.5342 -5
    endloop
  endfacet
  facet normal -0.988776 0.149403 0
    outer loop
      vertex 100.488 87.5342 5
      vertex 100.466 87.3886 -5
      vertex 100.466 87.3886 5
    endloop
  endfacet
  facet normal -0.99887 -0.0475329 0
    outer loop
      vertex 100.495 87.6812 -5
      vertex 100.488 87.8283 5
      vertex 100.488 87.8283 -5
    endloop
  endfacet
  facet normal -0.99887 -0.0475329 0
    outer loop
      vertex 100.488 87.8283 5
      vertex 100.495 87.6812 -5
      vertex 100.495 87.6812 5
    endloop
  endfacet
  facet normal -0.998868 0.0475651 0
    outer loop
      vertex 100.488 87.5342 -5
      vertex 100.495 87.6812 5
      vertex 100.495 87.6812 -5
    endloop
  endfacet
  facet normal -0.998868 0.0475651 0
    outer loop
      vertex 100.495 87.6812 5
      vertex 100.488 87.5342 -5
      vertex 100.488 87.5342 5
    endloop
  endfacet
  facet normal -0.244131 -0.969742 0
    outer loop
      vertex 110.601 100.466 -5
      vertex 110.744 100.43 5
      vertex 110.601 100.466 5
    endloop
  endfacet
  facet normal -0.244131 -0.969742 -0
    outer loop
      vertex 110.744 100.43 5
      vertex 110.601 100.466 -5
      vertex 110.744 100.43 -5
    endloop
  endfacet
  facet normal 0.428086 -0.903738 0
    outer loop
      vertex 109.602 100.318 -5
      vertex 109.735 100.381 5
      vertex 109.602 100.318 5
    endloop
  endfacet
  facet normal 0.428086 -0.903738 0
    outer loop
      vertex 109.735 100.381 5
      vertex 109.602 100.318 -5
      vertex 109.735 100.381 -5
    endloop
  endfacet
  facet normal 0.940662 -0.339344 0
    outer loop
      vertex 108.873 99.4304 5
      vertex 108.923 99.569 -5
      vertex 108.923 99.569 5
    endloop
  endfacet
  facet normal 0.940662 -0.339344 0
    outer loop
      vertex 108.923 99.569 -5
      vertex 108.873 99.4304 5
      vertex 108.873 99.4304 -5
    endloop
  endfacet
  facet normal 0.903738 0.428086 0
    outer loop
      vertex 108.986 98.2879 5
      vertex 108.923 98.4209 -5
      vertex 108.923 98.4209 5
    endloop
  endfacet
  facet normal 0.903738 0.428086 0
    outer loop
      vertex 108.923 98.4209 -5
      vertex 108.986 98.2879 5
      vertex 108.986 98.2879 -5
    endloop
  endfacet
  facet normal -0.741776 -0.670647 0
    outer loop
      vertex 111.468 99.9465 -5
      vertex 111.369 100.056 5
      vertex 111.369 100.056 -5
    endloop
  endfacet
  facet normal -0.741776 -0.670647 0
    outer loop
      vertex 111.369 100.056 5
      vertex 111.468 99.9465 -5
      vertex 111.468 99.9465 5
    endloop
  endfacet
  facet normal -0.940662 0.339344 0
    outer loop
      vertex 111.694 98.4209 -5
      vertex 111.744 98.5595 5
      vertex 111.744 98.5595 -5
    endloop
  endfacet
  facet normal -0.940662 0.339344 0
    outer loop
      vertex 111.744 98.5595 5
      vertex 111.694 98.4209 -5
      vertex 111.694 98.4209 5
    endloop
  endfacet
  facet normal 0.671962 0.740585 -0
    outer loop
      vertex 109.357 97.8354 -5
      vertex 109.248 97.9343 5
      vertex 109.357 97.8354 5
    endloop
  endfacet
  facet normal 0.671962 0.740585 0
    outer loop
      vertex 109.248 97.9343 5
      vertex 109.357 97.8354 -5
      vertex 109.248 97.9343 -5
    endloop
  endfacet
  facet normal 0.99887 -0.0475329 0
    outer loop
      vertex 108.809 98.9949 5
      vertex 108.816 99.142 -5
      vertex 108.816 99.142 5
    endloop
  endfacet
  facet normal 0.99887 -0.0475329 0
    outer loop
      vertex 108.816 99.142 -5
      vertex 108.809 98.9949 5
      vertex 108.809 98.9949 -5
    endloop
  endfacet
  facet normal -0.671962 0.740585 0
    outer loop
      vertex 111.369 97.9343 -5
      vertex 111.26 97.8354 5
      vertex 111.369 97.9343 5
    endloop
  endfacet
  facet normal -0.671962 0.740585 0
    outer loop
      vertex 111.26 97.8354 5
      vertex 111.369 97.9343 -5
      vertex 111.26 97.8354 -5
    endloop
  endfacet
  facet normal -0.597824 -0.801627 0
    outer loop
      vertex 111.142 100.242 -5
      vertex 111.26 100.154 5
      vertex 111.142 100.242 5
    endloop
  endfacet
  facet normal -0.597824 -0.801627 -0
    outer loop
      vertex 111.26 100.154 5
      vertex 111.142 100.242 -5
      vertex 111.26 100.154 -5
    endloop
  endfacet
  facet normal -0.150007 -0.988685 0
    outer loop
      vertex 110.456 100.488 -5
      vertex 110.601 100.466 5
      vertex 110.456 100.488 5
    endloop
  endfacet
  facet normal -0.150007 -0.988685 -0
    outer loop
      vertex 110.601 100.466 5
      vertex 110.456 100.488 -5
      vertex 110.601 100.466 -5
    endloop
  endfacet
  facet normal 0.0475651 -0.998868 0
    outer loop
      vertex 110.162 100.488 -5
      vertex 110.309 100.495 5
      vertex 110.162 100.488 5
    endloop
  endfacet
  facet normal 0.0475651 -0.998868 0
    outer loop
      vertex 110.309 100.495 5
      vertex 110.162 100.488 -5
      vertex 110.309 100.495 -5
    endloop
  endfacet
  facet normal -0.0475651 -0.998868 0
    outer loop
      vertex 110.309 100.495 -5
      vertex 110.456 100.488 5
      vertex 110.309 100.495 5
    endloop
  endfacet
  facet normal -0.0475651 -0.998868 -0
    outer loop
      vertex 110.456 100.488 5
      vertex 110.309 100.495 -5
      vertex 110.456 100.488 -5
    endloop
  endfacet
  facet normal 0.741776 -0.670647 0
    outer loop
      vertex 109.149 99.9465 5
      vertex 109.248 100.056 -5
      vertex 109.248 100.056 5
    endloop
  endfacet
  facet normal 0.741776 -0.670647 0
    outer loop
      vertex 109.248 100.056 -5
      vertex 109.149 99.9465 5
      vertex 109.149 99.9465 -5
    endloop
  endfacet
  facet normal 0.513502 -0.858089 0
    outer loop
      vertex 109.475 100.242 -5
      vertex 109.602 100.318 5
      vertex 109.475 100.242 5
    endloop
  endfacet
  facet normal 0.513502 -0.858089 0
    outer loop
      vertex 109.602 100.318 5
      vertex 109.475 100.242 -5
      vertex 109.602 100.318 -5
    endloop
  endfacet
  facet normal 0.597824 -0.801627 0
    outer loop
      vertex 109.357 100.154 -5
      vertex 109.475 100.242 5
      vertex 109.357 100.154 5
    endloop
  endfacet
  facet normal 0.597824 -0.801627 0
    outer loop
      vertex 109.475 100.242 5
      vertex 109.357 100.154 -5
      vertex 109.475 100.242 -5
    endloop
  endfacet
  facet normal 0.668588 -0.743633 0
    outer loop
      vertex 109.248 100.056 -5
      vertex 109.357 100.154 5
      vertex 109.248 100.056 5
    endloop
  endfacet
  facet normal 0.668588 -0.743633 0
    outer loop
      vertex 109.357 100.154 5
      vertex 109.248 100.056 -5
      vertex 109.357 100.154 -5
    endloop
  endfacet
  facet normal 0.149003 -0.988837 0
    outer loop
      vertex 110.016 100.466 -5
      vertex 110.162 100.488 5
      vertex 110.016 100.466 5
    endloop
  endfacet
  facet normal 0.149003 -0.988837 0
    outer loop
      vertex 110.162 100.488 5
      vertex 110.016 100.466 -5
      vertex 110.162 100.488 -5
    endloop
  endfacet
  facet normal 0.244131 -0.969742 0
    outer loop
      vertex 109.873 100.43 -5
      vertex 110.016 100.466 5
      vertex 109.873 100.43 5
    endloop
  endfacet
  facet normal 0.244131 -0.969742 0
    outer loop
      vertex 110.016 100.466 5
      vertex 109.873 100.43 -5
      vertex 110.016 100.466 -5
    endloop
  endfacet
  facet normal 0.802112 0.597173 0
    outer loop
      vertex 109.149 98.0434 5
      vertex 109.061 98.1616 -5
      vertex 109.061 98.1616 5
    endloop
  endfacet
  facet normal 0.802112 0.597173 0
    outer loop
      vertex 109.061 98.1616 -5
      vertex 109.149 98.0434 5
      vertex 109.149 98.0434 -5
    endloop
  endfacet
  facet normal 0.989758 0.142754 0
    outer loop
      vertex 108.837 98.7023 5
      vertex 108.816 98.8479 -5
      vertex 108.816 98.8479 5
    endloop
  endfacet
  facet normal 0.989758 0.142754 0
    outer loop
      vertex 108.816 98.8479 -5
      vertex 108.837 98.7023 5
      vertex 108.837 98.7023 -5
    endloop
  endfacet
  facet normal 0.969661 0.244452 0
    outer loop
      vertex 108.873 98.5595 5
      vertex 108.837 98.7023 -5
      vertex 108.837 98.7023 5
    endloop
  endfacet
  facet normal 0.969661 0.244452 0
    outer loop
      vertex 108.837 98.7023 -5
      vertex 108.873 98.5595 5
      vertex 108.873 98.5595 -5
    endloop
  endfacet
  facet normal 0.802112 -0.597173 0
    outer loop
      vertex 109.061 99.8283 5
      vertex 109.149 99.9465 -5
      vertex 109.149 99.9465 5
    endloop
  endfacet
  facet normal 0.802112 -0.597173 0
    outer loop
      vertex 109.149 99.9465 -5
      vertex 109.061 99.8283 5
      vertex 109.061 99.8283 -5
    endloop
  endfacet
  facet normal 0.859827 -0.510586 0
    outer loop
      vertex 108.986 99.702 5
      vertex 109.061 99.8283 -5
      vertex 109.061 99.8283 5
    endloop
  endfacet
  facet normal 0.859827 -0.510586 0
    outer loop
      vertex 109.061 99.8283 -5
      vertex 108.986 99.702 5
      vertex 108.986 99.702 -5
    endloop
  endfacet
  facet normal 0.969661 -0.244452 0
    outer loop
      vertex 108.837 99.2876 5
      vertex 108.873 99.4304 -5
      vertex 108.873 99.4304 5
    endloop
  endfacet
  facet normal 0.969661 -0.244452 0
    outer loop
      vertex 108.873 99.4304 -5
      vertex 108.837 99.2876 5
      vertex 108.837 99.2876 -5
    endloop
  endfacet
  facet normal 0.989758 -0.142754 0
    outer loop
      vertex 108.816 99.142 5
      vertex 108.837 99.2876 -5
      vertex 108.837 99.2876 5
    endloop
  endfacet
  facet normal 0.989758 -0.142754 0
    outer loop
      vertex 108.837 99.2876 -5
      vertex 108.816 99.142 5
      vertex 108.816 99.142 -5
    endloop
  endfacet
  facet normal 0.998868 0.0475651 0
    outer loop
      vertex 108.816 98.8479 5
      vertex 108.809 98.9949 -5
      vertex 108.809 98.9949 5
    endloop
  endfacet
  facet normal 0.998868 0.0475651 0
    outer loop
      vertex 108.809 98.9949 -5
      vertex 108.816 98.8479 5
      vertex 108.816 98.8479 -5
    endloop
  endfacet
  facet normal -0.668588 -0.743633 0
    outer loop
      vertex 111.26 100.154 -5
      vertex 111.369 100.056 5
      vertex 111.26 100.154 5
    endloop
  endfacet
  facet normal -0.668588 -0.743633 -0
    outer loop
      vertex 111.369 100.056 5
      vertex 111.26 100.154 -5
      vertex 111.369 100.056 -5
    endloop
  endfacet
  facet normal -0.989758 -0.142754 0
    outer loop
      vertex 111.801 99.142 -5
      vertex 111.78 99.2876 5
      vertex 111.78 99.2876 -5
    endloop
  endfacet
  facet normal -0.989758 -0.142754 0
    outer loop
      vertex 111.78 99.2876 5
      vertex 111.801 99.142 -5
      vertex 111.801 99.142 5
    endloop
  endfacet
  facet normal -0.802112 0.597173 0
    outer loop
      vertex 111.468 98.0434 -5
      vertex 111.556 98.1616 5
      vertex 111.556 98.1616 -5
    endloop
  endfacet
  facet normal -0.802112 0.597173 0
    outer loop
      vertex 111.556 98.1616 5
      vertex 111.468 98.0434 -5
      vertex 111.468 98.0434 5
    endloop
  endfacet
  facet normal -0.332465 -0.943116 0
    outer loop
      vertex 110.744 100.43 -5
      vertex 110.883 100.381 5
      vertex 110.744 100.43 5
    endloop
  endfacet
  facet normal -0.332465 -0.943116 -0
    outer loop
      vertex 110.883 100.381 5
      vertex 110.744 100.43 -5
      vertex 110.883 100.381 -5
    endloop
  endfacet
  facet normal -0.428086 -0.903738 0
    outer loop
      vertex 110.883 100.381 -5
      vertex 111.016 100.318 5
      vertex 110.883 100.381 5
    endloop
  endfacet
  facet normal -0.428086 -0.903738 -0
    outer loop
      vertex 111.016 100.318 5
      vertex 110.883 100.381 -5
      vertex 111.016 100.318 -5
    endloop
  endfacet
  facet normal -0.516493 -0.856291 0
    outer loop
      vertex 111.016 100.318 -5
      vertex 111.142 100.242 5
      vertex 111.016 100.318 5
    endloop
  endfacet
  facet normal -0.516493 -0.856291 -0
    outer loop
      vertex 111.142 100.242 5
      vertex 111.016 100.318 -5
      vertex 111.142 100.242 -5
    endloop
  endfacet
  facet normal 0.334605 -0.942358 0
    outer loop
      vertex 109.735 100.381 -5
      vertex 109.873 100.43 5
      vertex 109.735 100.381 5
    endloop
  endfacet
  facet normal 0.334605 -0.942358 0
    outer loop
      vertex 109.873 100.43 5
      vertex 109.735 100.381 -5
      vertex 109.873 100.43 -5
    endloop
  endfacet
  facet normal 0.740554 0.671997 0
    outer loop
      vertex 109.248 97.9343 5
      vertex 109.149 98.0434 -5
      vertex 109.149 98.0434 5
    endloop
  endfacet
  facet normal 0.740554 0.671997 0
    outer loop
      vertex 109.149 98.0434 -5
      vertex 109.248 97.9343 5
      vertex 109.248 97.9343 -5
    endloop
  endfacet
  facet normal 0.859827 0.510586 0
    outer loop
      vertex 109.061 98.1616 5
      vertex 108.986 98.2879 -5
      vertex 108.986 98.2879 5
    endloop
  endfacet
  facet normal 0.859827 0.510586 0
    outer loop
      vertex 108.986 98.2879 -5
      vertex 109.061 98.1616 5
      vertex 109.061 98.1616 -5
    endloop
  endfacet
  facet normal 0.940662 0.339344 0
    outer loop
      vertex 108.923 98.4209 5
      vertex 108.873 98.5595 -5
      vertex 108.873 98.5595 5
    endloop
  endfacet
  facet normal 0.940662 0.339344 0
    outer loop
      vertex 108.873 98.5595 -5
      vertex 108.923 98.4209 5
      vertex 108.923 98.4209 -5
    endloop
  endfacet
  facet normal 0.903738 -0.428086 0
    outer loop
      vertex 108.923 99.569 5
      vertex 108.986 99.702 -5
      vertex 108.986 99.702 5
    endloop
  endfacet
  facet normal 0.903738 -0.428086 0
    outer loop
      vertex 108.986 99.702 -5
      vertex 108.923 99.569 5
      vertex 108.923 99.569 -5
    endloop
  endfacet
  facet normal -0.802112 -0.597173 0
    outer loop
      vertex 111.556 99.8283 -5
      vertex 111.468 99.9465 5
      vertex 111.468 99.9465 -5
    endloop
  endfacet
  facet normal -0.802112 -0.597173 0
    outer loop
      vertex 111.468 99.9465 5
      vertex 111.556 99.8283 -5
      vertex 111.556 99.8283 5
    endloop
  endfacet
  facet normal -0.856834 -0.515593 0
    outer loop
      vertex 111.632 99.702 -5
      vertex 111.556 99.8283 5
      vertex 111.556 99.8283 -5
    endloop
  endfacet
  facet normal -0.856834 -0.515593 0
    outer loop
      vertex 111.556 99.8283 5
      vertex 111.632 99.702 -5
      vertex 111.632 99.702 5
    endloop
  endfacet
  facet normal -0.906357 -0.422512 0
    outer loop
      vertex 111.694 99.569 -5
      vertex 111.632 99.702 5
      vertex 111.632 99.702 -5
    endloop
  endfacet
  facet normal -0.906357 -0.422512 0
    outer loop
      vertex 111.632 99.702 5
      vertex 111.694 99.569 -5
      vertex 111.694 99.569 5
    endloop
  endfacet
  facet normal -0.940662 -0.339344 0
    outer loop
      vertex 111.744 99.4304 -5
      vertex 111.694 99.569 5
      vertex 111.694 99.569 -5
    endloop
  endfacet
  facet normal -0.940662 -0.339344 0
    outer loop
      vertex 111.694 99.569 5
      vertex 111.744 99.4304 -5
      vertex 111.744 99.4304 5
    endloop
  endfacet
  facet normal -0.336079 0.941834 0
    outer loop
      vertex 110.883 97.6091 -5
      vertex 110.744 97.5595 5
      vertex 110.883 97.6091 5
    endloop
  endfacet
  facet normal -0.336079 0.941834 0
    outer loop
      vertex 110.744 97.5595 5
      vertex 110.883 97.6091 -5
      vertex 110.744 97.5595 -5
    endloop
  endfacet
  facet normal 0.596512 0.802604 -0
    outer loop
      vertex 109.475 97.7477 -5
      vertex 109.357 97.8354 5
      vertex 109.475 97.7477 5
    endloop
  endfacet
  facet normal 0.596512 0.802604 0
    outer loop
      vertex 109.357 97.8354 5
      vertex 109.475 97.7477 -5
      vertex 109.357 97.8354 -5
    endloop
  endfacet
  facet normal 0.0495987 0.998769 -0
    outer loop
      vertex 110.309 97.4949 -5
      vertex 110.162 97.5022 5
      vertex 110.309 97.4949 5
    endloop
  endfacet
  facet normal 0.0495987 0.998769 0
    outer loop
      vertex 110.162 97.5022 5
      vertex 110.309 97.4949 -5
      vertex 110.162 97.5022 -5
    endloop
  endfacet
  facet normal 0.242216 0.970222 -0
    outer loop
      vertex 110.016 97.5238 -5
      vertex 109.873 97.5595 5
      vertex 110.016 97.5238 5
    endloop
  endfacet
  facet normal 0.242216 0.970222 0
    outer loop
      vertex 109.873 97.5595 5
      vertex 110.016 97.5238 -5
      vertex 109.873 97.5595 -5
    endloop
  endfacet
  facet normal 0.146352 0.989233 -0
    outer loop
      vertex 110.162 97.5022 -5
      vertex 110.016 97.5238 5
      vertex 110.162 97.5022 5
    endloop
  endfacet
  facet normal 0.146352 0.989233 0
    outer loop
      vertex 110.016 97.5238 5
      vertex 110.162 97.5022 -5
      vertex 110.016 97.5238 -5
    endloop
  endfacet
  facet normal -0.906357 0.422512 0
    outer loop
      vertex 111.632 98.2879 -5
      vertex 111.694 98.4209 5
      vertex 111.694 98.4209 -5
    endloop
  endfacet
  facet normal -0.906357 0.422512 0
    outer loop
      vertex 111.694 98.4209 5
      vertex 111.632 98.2879 -5
      vertex 111.632 98.2879 5
    endloop
  endfacet
  facet normal -0.969661 0.244452 0
    outer loop
      vertex 111.744 98.5595 -5
      vertex 111.78 98.7023 5
      vertex 111.78 98.7023 -5
    endloop
  endfacet
  facet normal -0.969661 0.244452 0
    outer loop
      vertex 111.78 98.7023 5
      vertex 111.744 98.5595 -5
      vertex 111.744 98.5595 5
    endloop
  endfacet
  facet normal -0.969661 -0.244452 0
    outer loop
      vertex 111.78 99.2876 -5
      vertex 111.744 99.4304 5
      vertex 111.744 99.4304 -5
    endloop
  endfacet
  facet normal -0.969661 -0.244452 0
    outer loop
      vertex 111.744 99.4304 5
      vertex 111.78 99.2876 -5
      vertex 111.78 99.2876 5
    endloop
  endfacet
  facet normal -0.14734 0.989086 0
    outer loop
      vertex 110.601 97.5238 -5
      vertex 110.456 97.5022 5
      vertex 110.601 97.5238 5
    endloop
  endfacet
  facet normal -0.14734 0.989086 0
    outer loop
      vertex 110.456 97.5022 5
      vertex 110.601 97.5238 -5
      vertex 110.456 97.5022 -5
    endloop
  endfacet
  facet normal -0.740554 0.671997 0
    outer loop
      vertex 111.369 97.9343 -5
      vertex 111.468 98.0434 5
      vertex 111.468 98.0434 -5
    endloop
  endfacet
  facet normal -0.740554 0.671997 0
    outer loop
      vertex 111.468 98.0434 5
      vertex 111.369 97.9343 -5
      vertex 111.369 97.9343 5
    endloop
  endfacet
  facet normal -0.428086 0.903738 0
    outer loop
      vertex 111.016 97.6721 -5
      vertex 110.883 97.6091 5
      vertex 111.016 97.6721 5
    endloop
  endfacet
  facet normal -0.428086 0.903738 0
    outer loop
      vertex 110.883 97.6091 5
      vertex 111.016 97.6721 -5
      vertex 110.883 97.6091 -5
    endloop
  endfacet
  facet normal -0.514496 0.857493 0
    outer loop
      vertex 111.142 97.7477 -5
      vertex 111.016 97.6721 5
      vertex 111.142 97.7477 5
    endloop
  endfacet
  facet normal -0.514496 0.857493 0
    outer loop
      vertex 111.016 97.6721 5
      vertex 111.142 97.7477 -5
      vertex 111.016 97.6721 -5
    endloop
  endfacet
  facet normal -0.596512 0.802604 0
    outer loop
      vertex 111.26 97.8354 -5
      vertex 111.142 97.7477 5
      vertex 111.26 97.8354 5
    endloop
  endfacet
  facet normal -0.596512 0.802604 0
    outer loop
      vertex 111.142 97.7477 5
      vertex 111.26 97.8354 -5
      vertex 111.142 97.7477 -5
    endloop
  endfacet
  facet normal -0.242216 0.970222 0
    outer loop
      vertex 110.744 97.5595 -5
      vertex 110.601 97.5238 5
      vertex 110.744 97.5595 5
    endloop
  endfacet
  facet normal -0.242216 0.970222 0
    outer loop
      vertex 110.601 97.5238 5
      vertex 110.744 97.5595 -5
      vertex 110.601 97.5238 -5
    endloop
  endfacet
  facet normal 0.511508 0.859279 -0
    outer loop
      vertex 109.602 97.6721 -5
      vertex 109.475 97.7477 5
      vertex 109.602 97.6721 5
    endloop
  endfacet
  facet normal 0.511508 0.859279 0
    outer loop
      vertex 109.475 97.7477 5
      vertex 109.602 97.6721 -5
      vertex 109.475 97.7477 -5
    endloop
  endfacet
  facet normal 0.338236 0.941061 -0
    outer loop
      vertex 109.873 97.5595 -5
      vertex 109.735 97.6091 5
      vertex 109.873 97.5595 5
    endloop
  endfacet
  facet normal 0.338236 0.941061 0
    outer loop
      vertex 109.735 97.6091 5
      vertex 109.873 97.5595 -5
      vertex 109.735 97.6091 -5
    endloop
  endfacet
  facet normal 0.428086 0.903738 -0
    outer loop
      vertex 109.735 97.6091 -5
      vertex 109.602 97.6721 5
      vertex 109.735 97.6091 5
    endloop
  endfacet
  facet normal 0.428086 0.903738 0
    outer loop
      vertex 109.602 97.6721 5
      vertex 109.735 97.6091 -5
      vertex 109.602 97.6721 -5
    endloop
  endfacet
  facet normal -0.0495987 0.998769 0
    outer loop
      vertex 110.456 97.5022 -5
      vertex 110.309 97.4949 5
      vertex 110.456 97.5022 5
    endloop
  endfacet
  facet normal -0.0495987 0.998769 0
    outer loop
      vertex 110.309 97.4949 5
      vertex 110.456 97.5022 -5
      vertex 110.309 97.4949 -5
    endloop
  endfacet
  facet normal -0.856834 0.515593 0
    outer loop
      vertex 111.556 98.1616 -5
      vertex 111.632 98.2879 5
      vertex 111.632 98.2879 -5
    endloop
  endfacet
  facet normal -0.856834 0.515593 0
    outer loop
      vertex 111.632 98.2879 5
      vertex 111.556 98.1616 -5
      vertex 111.556 98.1616 5
    endloop
  endfacet
  facet normal -0.989758 0.142754 0
    outer loop
      vertex 111.78 98.7023 -5
      vertex 111.801 98.8479 5
      vertex 111.801 98.8479 -5
    endloop
  endfacet
  facet normal -0.989758 0.142754 0
    outer loop
      vertex 111.801 98.8479 5
      vertex 111.78 98.7023 -5
      vertex 111.78 98.7023 5
    endloop
  endfacet
  facet normal -0.998524 -0.0543045 0
    outer loop
      vertex 111.809 98.9949 -5
      vertex 111.801 99.142 5
      vertex 111.801 99.142 -5
    endloop
  endfacet
  facet normal -0.998524 -0.0543045 0
    outer loop
      vertex 111.801 99.142 5
      vertex 111.809 98.9949 -5
      vertex 111.809 98.9949 5
    endloop
  endfacet
  facet normal -0.998522 0.0543414 0
    outer loop
      vertex 111.801 98.8479 -5
      vertex 111.809 98.9949 5
      vertex 111.809 98.9949 -5
    endloop
  endfacet
  facet normal -0.998522 0.0543414 0
    outer loop
      vertex 111.809 98.9949 5
      vertex 111.801 98.8479 -5
      vertex 111.801 98.8479 5
    endloop
  endfacet
  facet normal 0.142754 -0.989758 0
    outer loop
      vertex 98.7023 111.78 -5
      vertex 98.8479 111.801 5
      vertex 98.7023 111.78 5
    endloop
  endfacet
  facet normal 0.142754 -0.989758 0
    outer loop
      vertex 98.8479 111.801 5
      vertex 98.7023 111.78 -5
      vertex 98.8479 111.801 -5
    endloop
  endfacet
  facet normal 0.941834 -0.336079 0
    outer loop
      vertex 97.5595 110.744 5
      vertex 97.6091 110.883 -5
      vertex 97.6091 110.883 5
    endloop
  endfacet
  facet normal 0.941834 -0.336079 0
    outer loop
      vertex 97.6091 110.883 -5
      vertex 97.5595 110.744 5
      vertex 97.5595 110.744 -5
    endloop
  endfacet
  facet normal 0.903738 0.428086 0
    outer loop
      vertex 97.6721 109.602 5
      vertex 97.6091 109.735 -5
      vertex 97.6091 109.735 5
    endloop
  endfacet
  facet normal 0.903738 0.428086 0
    outer loop
      vertex 97.6091 109.735 -5
      vertex 97.6721 109.602 5
      vertex 97.6721 109.602 -5
    endloop
  endfacet
  facet normal -0.339344 -0.940662 0
    outer loop
      vertex 99.4304 111.744 -5
      vertex 99.569 111.694 5
      vertex 99.4304 111.744 5
    endloop
  endfacet
  facet normal -0.339344 -0.940662 -0
    outer loop
      vertex 99.569 111.694 5
      vertex 99.4304 111.744 -5
      vertex 99.569 111.694 -5
    endloop
  endfacet
  facet normal -0.244452 -0.969661 0
    outer loop
      vertex 99.2876 111.78 -5
      vertex 99.4304 111.744 5
      vertex 99.2876 111.78 5
    endloop
  endfacet
  facet normal -0.244452 -0.969661 -0
    outer loop
      vertex 99.4304 111.744 5
      vertex 99.2876 111.78 -5
      vertex 99.4304 111.744 -5
    endloop
  endfacet
  facet normal 0.422512 -0.906357 0
    outer loop
      vertex 98.2879 111.632 -5
      vertex 98.4209 111.694 5
      vertex 98.2879 111.632 5
    endloop
  endfacet
  facet normal 0.422512 -0.906357 0
    outer loop
      vertex 98.4209 111.694 5
      vertex 98.2879 111.632 -5
      vertex 98.4209 111.694 -5
    endloop
  endfacet
  facet normal 0.671997 -0.740554 0
    outer loop
      vertex 97.9343 111.369 -5
      vertex 98.0434 111.468 5
      vertex 97.9343 111.369 5
    endloop
  endfacet
  facet normal 0.671997 -0.740554 0
    outer loop
      vertex 98.0434 111.468 5
      vertex 97.9343 111.369 -5
      vertex 98.0434 111.468 -5
    endloop
  endfacet
  facet normal 0.740585 0.671962 0
    outer loop
      vertex 97.9343 109.248 5
      vertex 97.8354 109.357 -5
      vertex 97.8354 109.357 5
    endloop
  endfacet
  facet normal 0.740585 0.671962 0
    outer loop
      vertex 97.8354 109.357 -5
      vertex 97.9343 109.248 5
      vertex 97.9343 109.248 -5
    endloop
  endfacet
  facet normal 0.989233 0.146352 0
    outer loop
      vertex 97.5238 110.016 5
      vertex 97.5022 110.162 -5
      vertex 97.5022 110.162 5
    endloop
  endfacet
  facet normal 0.989233 0.146352 0
    outer loop
      vertex 97.5022 110.162 -5
      vertex 97.5238 110.016 5
      vertex 97.5238 110.016 -5
    endloop
  endfacet
  facet normal 0.857493 -0.514496 0
    outer loop
      vertex 97.6721 111.016 5
      vertex 97.7477 111.142 -5
      vertex 97.7477 111.142 5
    endloop
  endfacet
  facet normal 0.857493 -0.514496 0
    outer loop
      vertex 97.7477 111.142 -5
      vertex 97.6721 111.016 5
      vertex 97.6721 111.016 -5
    endloop
  endfacet
  facet normal -0.743633 -0.668588 0
    outer loop
      vertex 100.154 111.26 -5
      vertex 100.056 111.369 5
      vertex 100.056 111.369 -5
    endloop
  endfacet
  facet normal -0.743633 -0.668588 0
    outer loop
      vertex 100.056 111.369 5
      vertex 100.154 111.26 -5
      vertex 100.154 111.26 5
    endloop
  endfacet
  facet normal -0.988685 -0.150007 0
    outer loop
      vertex 100.488 110.456 -5
      vertex 100.466 110.601 5
      vertex 100.466 110.601 -5
    endloop
  endfacet
  facet normal -0.988685 -0.150007 0
    outer loop
      vertex 100.466 110.601 5
      vertex 100.488 110.456 -5
      vertex 100.488 110.456 5
    endloop
  endfacet
  facet normal -0.670647 0.741776 0
    outer loop
      vertex 100.056 109.248 -5
      vertex 99.9465 109.149 5
      vertex 100.056 109.248 5
    endloop
  endfacet
  facet normal -0.670647 0.741776 0
    outer loop
      vertex 99.9465 109.149 5
      vertex 100.056 109.248 -5
      vertex 99.9465 109.149 -5
    endloop
  endfacet
  facet normal -0.142754 0.989758 0
    outer loop
      vertex 99.2876 108.837 -5
      vertex 99.142 108.816 5
      vertex 99.2876 108.837 5
    endloop
  endfacet
  facet normal -0.142754 0.989758 0
    outer loop
      vertex 99.142 108.816 5
      vertex 99.2876 108.837 -5
      vertex 99.142 108.816 -5
    endloop
  endfacet
  facet normal 0.339344 0.940662 -0
    outer loop
      vertex 98.5595 108.873 -5
      vertex 98.4209 108.923 5
      vertex 98.5595 108.873 5
    endloop
  endfacet
  facet normal 0.339344 0.940662 0
    outer loop
      vertex 98.4209 108.923 5
      vertex 98.5595 108.873 -5
      vertex 98.4209 108.923 -5
    endloop
  endfacet
  facet normal 0.0475651 0.998868 -0
    outer loop
      vertex 98.9949 108.809 -5
      vertex 98.8479 108.816 5
      vertex 98.9949 108.809 5
    endloop
  endfacet
  facet normal 0.0475651 0.998868 0
    outer loop
      vertex 98.8479 108.816 5
      vertex 98.9949 108.809 -5
      vertex 98.8479 108.816 -5
    endloop
  endfacet
  facet normal -0.597173 -0.802112 0
    outer loop
      vertex 99.8283 111.556 -5
      vertex 99.9465 111.468 5
      vertex 99.8283 111.556 5
    endloop
  endfacet
  facet normal -0.597173 -0.802112 -0
    outer loop
      vertex 99.9465 111.468 5
      vertex 99.8283 111.556 -5
      vertex 99.9465 111.468 -5
    endloop
  endfacet
  facet normal -0.515593 -0.856834 0
    outer loop
      vertex 99.702 111.632 -5
      vertex 99.8283 111.556 5
      vertex 99.702 111.632 5
    endloop
  endfacet
  facet normal -0.515593 -0.856834 -0
    outer loop
      vertex 99.8283 111.556 5
      vertex 99.702 111.632 -5
      vertex 99.8283 111.556 -5
    endloop
  endfacet
  facet normal -0.422512 -0.906357 0
    outer loop
      vertex 99.569 111.694 -5
      vertex 99.702 111.632 5
      vertex 99.569 111.694 5
    endloop
  endfacet
  facet normal -0.422512 -0.906357 -0
    outer loop
      vertex 99.702 111.632 5
      vertex 99.569 111.694 -5
      vertex 99.702 111.632 -5
    endloop
  endfacet
  facet normal -0.0543045 -0.998524 0
    outer loop
      vertex 98.9949 111.809 -5
      vertex 99.142 111.801 5
      vertex 98.9949 111.809 5
    endloop
  endfacet
  facet normal -0.0543045 -0.998524 -0
    outer loop
      vertex 99.142 111.801 5
      vertex 98.9949 111.809 -5
      vertex 99.142 111.801 -5
    endloop
  endfacet
  facet normal -0.142754 -0.989758 0
    outer loop
      vertex 99.142 111.801 -5
      vertex 99.2876 111.78 5
      vertex 99.142 111.801 5
    endloop
  endfacet
  facet normal -0.142754 -0.989758 -0
    outer loop
      vertex 99.2876 111.78 5
      vertex 99.142 111.801 -5
      vertex 99.2876 111.78 -5
    endloop
  endfacet
  facet normal 0.0543414 -0.998522 0
    outer loop
      vertex 98.8479 111.801 -5
      vertex 98.9949 111.809 5
      vertex 98.8479 111.801 5
    endloop
  endfacet
  facet normal 0.0543414 -0.998522 0
    outer loop
      vertex 98.9949 111.809 5
      vertex 98.8479 111.801 -5
      vertex 98.9949 111.809 -5
    endloop
  endfacet
  facet normal 0.244452 -0.969661 0
    outer loop
      vertex 98.5595 111.744 -5
      vertex 98.7023 111.78 5
      vertex 98.5595 111.744 5
    endloop
  endfacet
  facet normal 0.244452 -0.969661 0
    outer loop
      vertex 98.7023 111.78 5
      vertex 98.5595 111.744 -5
      vertex 98.7023 111.78 -5
    endloop
  endfacet
  facet normal 0.740585 -0.671962 0
    outer loop
      vertex 97.8354 111.26 5
      vertex 97.9343 111.369 -5
      vertex 97.9343 111.369 5
    endloop
  endfacet
  facet normal 0.740585 -0.671962 0
    outer loop
      vertex 97.9343 111.369 -5
      vertex 97.8354 111.26 5
      vertex 97.8354 111.26 -5
    endloop
  endfacet
  facet normal 0.339344 -0.940662 0
    outer loop
      vertex 98.4209 111.694 -5
      vertex 98.5595 111.744 5
      vertex 98.4209 111.694 5
    endloop
  endfacet
  facet normal 0.339344 -0.940662 0
    outer loop
      vertex 98.5595 111.744 5
      vertex 98.4209 111.694 -5
      vertex 98.5595 111.744 -5
    endloop
  endfacet
  facet normal 0.515593 -0.856834 0
    outer loop
      vertex 98.1616 111.556 -5
      vertex 98.2879 111.632 5
      vertex 98.1616 111.556 5
    endloop
  endfacet
  facet normal 0.515593 -0.856834 0
    outer loop
      vertex 98.2879 111.632 5
      vertex 98.1616 111.556 -5
      vertex 98.2879 111.632 -5
    endloop
  endfacet
  facet normal 0.597173 -0.802112 0
    outer loop
      vertex 98.0434 111.468 -5
      vertex 98.1616 111.556 5
      vertex 98.0434 111.468 5
    endloop
  endfacet
  facet normal 0.597173 -0.802112 0
    outer loop
      vertex 98.1616 111.556 5
      vertex 98.0434 111.468 -5
      vertex 98.1616 111.556 -5
    endloop
  endfacet
  facet normal 0.859279 0.511508 0
    outer loop
      vertex 97.7477 109.475 5
      vertex 97.6721 109.602 -5
      vertex 97.6721 109.602 5
    endloop
  endfacet
  facet normal 0.859279 0.511508 0
    outer loop
      vertex 97.6721 109.602 -5
      vertex 97.7477 109.475 5
      vertex 97.7477 109.475 -5
    endloop
  endfacet
  facet normal 0.802604 0.596512 0
    outer loop
      vertex 97.8354 109.357 5
      vertex 97.7477 109.475 -5
      vertex 97.7477 109.475 5
    endloop
  endfacet
  facet normal 0.802604 0.596512 0
    outer loop
      vertex 97.7477 109.475 -5
      vertex 97.8354 109.357 5
      vertex 97.8354 109.357 -5
    endloop
  endfacet
  facet normal 0.941061 0.338236 0
    outer loop
      vertex 97.6091 109.735 5
      vertex 97.5595 109.873 -5
      vertex 97.5595 109.873 5
    endloop
  endfacet
  facet normal 0.941061 0.338236 0
    outer loop
      vertex 97.5595 109.873 -5
      vertex 97.6091 109.735 5
      vertex 97.6091 109.735 -5
    endloop
  endfacet
  facet normal 0.970222 0.242216 0
    outer loop
      vertex 97.5595 109.873 5
      vertex 97.5238 110.016 -5
      vertex 97.5238 110.016 5
    endloop
  endfacet
  facet normal 0.970222 0.242216 0
    outer loop
      vertex 97.5238 110.016 -5
      vertex 97.5595 109.873 5
      vertex 97.5595 109.873 -5
    endloop
  endfacet
  facet normal 0.903738 -0.428086 0
    outer loop
      vertex 97.6091 110.883 5
      vertex 97.6721 111.016 -5
      vertex 97.6721 111.016 5
    endloop
  endfacet
  facet normal 0.903738 -0.428086 0
    outer loop
      vertex 97.6721 111.016 -5
      vertex 97.6091 110.883 5
      vertex 97.6091 110.883 -5
    endloop
  endfacet
  facet normal 0.802604 -0.596512 0
    outer loop
      vertex 97.7477 111.142 5
      vertex 97.8354 111.26 -5
      vertex 97.8354 111.26 5
    endloop
  endfacet
  facet normal 0.802604 -0.596512 0
    outer loop
      vertex 97.8354 111.26 -5
      vertex 97.7477 111.142 5
      vertex 97.7477 111.142 -5
    endloop
  endfacet
  facet normal 0.989086 -0.14734 0
    outer loop
      vertex 97.5022 110.456 5
      vertex 97.5238 110.601 -5
      vertex 97.5238 110.601 5
    endloop
  endfacet
  facet normal 0.989086 -0.14734 0
    outer loop
      vertex 97.5238 110.601 -5
      vertex 97.5022 110.456 5
      vertex 97.5022 110.456 -5
    endloop
  endfacet
  facet normal 0.998769 -0.0495987 0
    outer loop
      vertex 97.4949 110.309 5
      vertex 97.5022 110.456 -5
      vertex 97.5022 110.456 5
    endloop
  endfacet
  facet normal 0.998769 -0.0495987 0
    outer loop
      vertex 97.5022 110.456 -5
      vertex 97.4949 110.309 5
      vertex 97.4949 110.309 -5
    endloop
  endfacet
  facet normal 0.970222 -0.242216 0
    outer loop
      vertex 97.5238 110.601 5
      vertex 97.5595 110.744 -5
      vertex 97.5595 110.744 5
    endloop
  endfacet
  facet normal 0.970222 -0.242216 0
    outer loop
      vertex 97.5595 110.744 -5
      vertex 97.5238 110.601 5
      vertex 97.5238 110.601 -5
    endloop
  endfacet
  facet normal 0.998769 0.0495987 0
    outer loop
      vertex 97.5022 110.162 5
      vertex 97.4949 110.309 -5
      vertex 97.4949 110.309 5
    endloop
  endfacet
  facet normal 0.998769 0.0495987 0
    outer loop
      vertex 97.4949 110.309 -5
      vertex 97.5022 110.162 5
      vertex 97.5022 110.162 -5
    endloop
  endfacet
  facet normal -0.670647 -0.741776 0
    outer loop
      vertex 99.9465 111.468 -5
      vertex 100.056 111.369 5
      vertex 99.9465 111.468 5
    endloop
  endfacet
  facet normal -0.670647 -0.741776 -0
    outer loop
      vertex 100.056 111.369 5
      vertex 99.9465 111.468 -5
      vertex 100.056 111.369 -5
    endloop
  endfacet
  facet normal -0.801627 0.597824 0
    outer loop
      vertex 100.154 109.357 -5
      vertex 100.242 109.475 5
      vertex 100.242 109.475 -5
    endloop
  endfacet
  facet normal -0.801627 0.597824 0
    outer loop
      vertex 100.242 109.475 5
      vertex 100.154 109.357 -5
      vertex 100.154 109.357 5
    endloop
  endfacet
  facet normal -0.856291 -0.516493 0
    outer loop
      vertex 100.318 111.016 -5
      vertex 100.242 111.142 5
      vertex 100.242 111.142 -5
    endloop
  endfacet
  facet normal -0.856291 -0.516493 0
    outer loop
      vertex 100.242 111.142 5
      vertex 100.318 111.016 -5
      vertex 100.318 111.016 5
    endloop
  endfacet
  facet normal -0.903738 0.428086 0
    outer loop
      vertex 100.318 109.602 -5
      vertex 100.381 109.735 5
      vertex 100.381 109.735 -5
    endloop
  endfacet
  facet normal -0.903738 0.428086 0
    outer loop
      vertex 100.381 109.735 5
      vertex 100.318 109.602 -5
      vertex 100.318 109.602 5
    endloop
  endfacet
  facet normal -0.998868 0.0475651 0
    outer loop
      vertex 100.488 110.162 -5
      vertex 100.495 110.309 5
      vertex 100.495 110.309 -5
    endloop
  endfacet
  facet normal -0.998868 0.0475651 0
    outer loop
      vertex 100.495 110.309 5
      vertex 100.488 110.162 -5
      vertex 100.488 110.162 5
    endloop
  endfacet
  facet normal -0.969742 0.244131 0
    outer loop
      vertex 100.43 109.873 -5
      vertex 100.466 110.016 5
      vertex 100.466 110.016 -5
    endloop
  endfacet
  facet normal -0.969742 0.244131 0
    outer loop
      vertex 100.466 110.016 5
      vertex 100.43 109.873 -5
      vertex 100.43 109.873 5
    endloop
  endfacet
  facet normal -0.943116 -0.332465 0
    outer loop
      vertex 100.43 110.744 -5
      vertex 100.381 110.883 5
      vertex 100.381 110.883 -5
    endloop
  endfacet
  facet normal -0.943116 -0.332465 0
    outer loop
      vertex 100.381 110.883 5
      vertex 100.43 110.744 -5
      vertex 100.43 110.744 5
    endloop
  endfacet
  facet normal -0.510586 0.859827 0
    outer loop
      vertex 99.8283 109.061 -5
      vertex 99.702 108.986 5
      vertex 99.8283 109.061 5
    endloop
  endfacet
  facet normal -0.510586 0.859827 0
    outer loop
      vertex 99.702 108.986 5
      vertex 99.8283 109.061 -5
      vertex 99.702 108.986 -5
    endloop
  endfacet
  facet normal -0.339344 0.940662 0
    outer loop
      vertex 99.569 108.923 -5
      vertex 99.4304 108.873 5
      vertex 99.569 108.923 5
    endloop
  endfacet
  facet normal -0.339344 0.940662 0
    outer loop
      vertex 99.4304 108.873 5
      vertex 99.569 108.923 -5
      vertex 99.4304 108.873 -5
    endloop
  endfacet
  facet normal 0.597173 0.802112 -0
    outer loop
      vertex 98.1616 109.061 -5
      vertex 98.0434 109.149 5
      vertex 98.1616 109.061 5
    endloop
  endfacet
  facet normal 0.597173 0.802112 0
    outer loop
      vertex 98.0434 109.149 5
      vertex 98.1616 109.061 -5
      vertex 98.0434 109.149 -5
    endloop
  endfacet
  facet normal 0.428086 0.903738 -0
    outer loop
      vertex 98.4209 108.923 -5
      vertex 98.2879 108.986 5
      vertex 98.4209 108.923 5
    endloop
  endfacet
  facet normal 0.428086 0.903738 0
    outer loop
      vertex 98.2879 108.986 5
      vertex 98.4209 108.923 -5
      vertex 98.2879 108.986 -5
    endloop
  endfacet
  facet normal 0.244452 0.969661 -0
    outer loop
      vertex 98.7023 108.837 -5
      vertex 98.5595 108.873 5
      vertex 98.7023 108.837 5
    endloop
  endfacet
  facet normal 0.244452 0.969661 0
    outer loop
      vertex 98.5595 108.873 5
      vertex 98.7023 108.837 -5
      vertex 98.5595 108.873 -5
    endloop
  endfacet
  facet normal 0.671997 0.740554 -0
    outer loop
      vertex 98.0434 109.149 -5
      vertex 97.9343 109.248 5
      vertex 98.0434 109.149 5
    endloop
  endfacet
  facet normal 0.671997 0.740554 0
    outer loop
      vertex 97.9343 109.248 5
      vertex 98.0434 109.149 -5
      vertex 97.9343 109.248 -5
    endloop
  endfacet
  facet normal -0.801627 -0.597824 0
    outer loop
      vertex 100.242 111.142 -5
      vertex 100.154 111.26 5
      vertex 100.154 111.26 -5
    endloop
  endfacet
  facet normal -0.801627 -0.597824 0
    outer loop
      vertex 100.154 111.26 5
      vertex 100.242 111.142 -5
      vertex 100.242 111.142 5
    endloop
  endfacet
  facet normal -0.858089 0.513502 0
    outer loop
      vertex 100.242 109.475 -5
      vertex 100.318 109.602 5
      vertex 100.318 109.602 -5
    endloop
  endfacet
  facet normal -0.858089 0.513502 0
    outer loop
      vertex 100.318 109.602 5
      vertex 100.242 109.475 -5
      vertex 100.242 109.475 5
    endloop
  endfacet
  facet normal -0.942358 0.334605 0
    outer loop
      vertex 100.381 109.735 -5
      vertex 100.43 109.873 5
      vertex 100.43 109.873 -5
    endloop
  endfacet
  facet normal -0.942358 0.334605 0
    outer loop
      vertex 100.43 109.873 5
      vertex 100.381 109.735 -5
      vertex 100.381 109.735 5
    endloop
  endfacet
  facet normal -0.998868 -0.0475651 0
    outer loop
      vertex 100.495 110.309 -5
      vertex 100.488 110.456 5
      vertex 100.488 110.456 -5
    endloop
  endfacet
  facet normal -0.998868 -0.0475651 0
    outer loop
      vertex 100.488 110.456 5
      vertex 100.495 110.309 -5
      vertex 100.495 110.309 5
    endloop
  endfacet
  facet normal -0.988837 0.149003 0
    outer loop
      vertex 100.466 110.016 -5
      vertex 100.488 110.162 5
      vertex 100.488 110.162 -5
    endloop
  endfacet
  facet normal -0.988837 0.149003 0
    outer loop
      vertex 100.488 110.162 5
      vertex 100.466 110.016 -5
      vertex 100.466 110.016 5
    endloop
  endfacet
  facet normal -0.903738 -0.428086 0
    outer loop
      vertex 100.381 110.883 -5
      vertex 100.318 111.016 5
      vertex 100.318 111.016 -5
    endloop
  endfacet
  facet normal -0.903738 -0.428086 0
    outer loop
      vertex 100.318 111.016 5
      vertex 100.381 110.883 -5
      vertex 100.381 110.883 5
    endloop
  endfacet
  facet normal -0.969742 -0.244131 0
    outer loop
      vertex 100.466 110.601 -5
      vertex 100.43 110.744 5
      vertex 100.43 110.744 -5
    endloop
  endfacet
  facet normal -0.969742 -0.244131 0
    outer loop
      vertex 100.43 110.744 5
      vertex 100.466 110.601 -5
      vertex 100.466 110.601 5
    endloop
  endfacet
  facet normal -0.743633 0.668588 0
    outer loop
      vertex 100.056 109.248 -5
      vertex 100.154 109.357 5
      vertex 100.154 109.357 -5
    endloop
  endfacet
  facet normal -0.743633 0.668588 0
    outer loop
      vertex 100.154 109.357 5
      vertex 100.056 109.248 -5
      vertex 100.056 109.248 5
    endloop
  endfacet
  facet normal -0.597173 0.802112 0
    outer loop
      vertex 99.9465 109.149 -5
      vertex 99.8283 109.061 5
      vertex 99.9465 109.149 5
    endloop
  endfacet
  facet normal -0.597173 0.802112 0
    outer loop
      vertex 99.8283 109.061 5
      vertex 99.9465 109.149 -5
      vertex 99.8283 109.061 -5
    endloop
  endfacet
  facet normal -0.428086 0.903738 0
    outer loop
      vertex 99.702 108.986 -5
      vertex 99.569 108.923 5
      vertex 99.702 108.986 5
    endloop
  endfacet
  facet normal -0.428086 0.903738 0
    outer loop
      vertex 99.569 108.923 5
      vertex 99.702 108.986 -5
      vertex 99.569 108.923 -5
    endloop
  endfacet
  facet normal -0.244452 0.969661 0
    outer loop
      vertex 99.4304 108.873 -5
      vertex 99.2876 108.837 5
      vertex 99.4304 108.873 5
    endloop
  endfacet
  facet normal -0.244452 0.969661 0
    outer loop
      vertex 99.2876 108.837 5
      vertex 99.4304 108.873 -5
      vertex 99.2876 108.837 -5
    endloop
  endfacet
  facet normal 0.510586 0.859827 -0
    outer loop
      vertex 98.2879 108.986 -5
      vertex 98.1616 109.061 5
      vertex 98.2879 108.986 5
    endloop
  endfacet
  facet normal 0.510586 0.859827 0
    outer loop
      vertex 98.1616 109.061 5
      vertex 98.2879 108.986 -5
      vertex 98.1616 109.061 -5
    endloop
  endfacet
  facet normal 0.142754 0.989758 -0
    outer loop
      vertex 98.8479 108.816 -5
      vertex 98.7023 108.837 5
      vertex 98.8479 108.816 5
    endloop
  endfacet
  facet normal 0.142754 0.989758 0
    outer loop
      vertex 98.7023 108.837 5
      vertex 98.8479 108.816 -5
      vertex 98.7023 108.837 -5
    endloop
  endfacet
  facet normal -0.0475329 0.99887 0
    outer loop
      vertex 99.142 108.816 -5
      vertex 98.9949 108.809 5
      vertex 99.142 108.816 5
    endloop
  endfacet
  facet normal -0.0475329 0.99887 0
    outer loop
      vertex 98.9949 108.809 5
      vertex 99.142 108.816 -5
      vertex 98.9949 108.809 -5
    endloop
  endfacet
  facet normal 0.149403 -0.988776 0
    outer loop
      vertex 87.3886 100.466 -5
      vertex 87.5342 100.488 5
      vertex 87.3886 100.466 5
    endloop
  endfacet
  facet normal 0.149403 -0.988776 0
    outer loop
      vertex 87.5342 100.488 5
      vertex 87.3886 100.466 -5
      vertex 87.5342 100.488 -5
    endloop
  endfacet
  facet normal 0.941527 -0.336939 0
    outer loop
      vertex 86.2458 99.4304 5
      vertex 86.2954 99.569 -5
      vertex 86.2954 99.569 5
    endloop
  endfacet
  facet normal 0.941527 -0.336939 0
    outer loop
      vertex 86.2954 99.569 -5
      vertex 86.2458 99.4304 5
      vertex 86.2458 99.4304 -5
    endloop
  endfacet
  facet normal 0.903738 0.428086 0
    outer loop
      vertex 86.3584 98.2879 5
      vertex 86.2954 98.4209 -5
      vertex 86.2954 98.4209 5
    endloop
  endfacet
  facet normal 0.903738 0.428086 0
    outer loop
      vertex 86.2954 98.4209 -5
      vertex 86.3584 98.2879 5
      vertex 86.3584 98.2879 -5
    endloop
  endfacet
  facet normal -0.333318 -0.942814 0
    outer loop
      vertex 88.1167 100.43 -5
      vertex 88.2553 100.381 5
      vertex 88.1167 100.43 5
    endloop
  endfacet
  facet normal -0.333318 -0.942814 -0
    outer loop
      vertex 88.2553 100.381 5
      vertex 88.1167 100.43 -5
      vertex 88.2553 100.381 -5
    endloop
  endfacet
  facet normal -0.244452 -0.969661 0
    outer loop
      vertex 87.9739 100.466 -5
      vertex 88.1167 100.43 5
      vertex 87.9739 100.466 5
    endloop
  endfacet
  facet normal -0.244452 -0.969661 -0
    outer loop
      vertex 88.1167 100.43 5
      vertex 87.9739 100.466 -5
      vertex 88.1167 100.43 -5
    endloop
  endfacet
  facet normal 0.427824 -0.903862 0
    outer loop
      vertex 86.9741 100.318 -5
      vertex 87.1072 100.381 5
      vertex 86.9741 100.318 5
    endloop
  endfacet
  facet normal 0.427824 -0.903862 0
    outer loop
      vertex 87.1072 100.381 5
      vertex 86.9741 100.318 -5
      vertex 87.1072 100.381 -5
    endloop
  endfacet
  facet normal 0.668249 -0.743938 0
    outer loop
      vertex 86.6206 100.056 -5
      vertex 86.7297 100.154 5
      vertex 86.6206 100.056 5
    endloop
  endfacet
  facet normal 0.668249 -0.743938 0
    outer loop
      vertex 86.7297 100.154 5
      vertex 86.6206 100.056 -5
      vertex 86.7297 100.154 -5
    endloop
  endfacet
  facet normal 0.740892 0.671624 0
    outer loop
      vertex 86.6206 97.9343 5
      vertex 86.5217 98.0434 -5
      vertex 86.5217 98.0434 5
    endloop
  endfacet
  facet normal 0.740892 0.671624 0
    outer loop
      vertex 86.5217 98.0434 -5
      vertex 86.6206 97.9343 5
      vertex 86.6206 97.9343 -5
    endloop
  endfacet
  facet normal 0.989174 0.146746 0
    outer loop
      vertex 86.2101 98.7023 5
      vertex 86.1885 98.8479 -5
      vertex 86.1885 98.8479 5
    endloop
  endfacet
  facet normal 0.989174 0.146746 0
    outer loop
      vertex 86.1885 98.8479 -5
      vertex 86.2101 98.7023 5
      vertex 86.2101 98.7023 -5
    endloop
  endfacet
  facet normal 0.858032 -0.513596 0
    outer loop
      vertex 86.3584 99.702 5
      vertex 86.434 99.8283 -5
      vertex 86.434 99.8283 5
    endloop
  endfacet
  facet normal 0.858032 -0.513596 0
    outer loop
      vertex 86.434 99.8283 -5
      vertex 86.3584 99.702 5
      vertex 86.3584 99.702 -5
    endloop
  endfacet
  facet normal -0.742114 -0.670274 0
    outer loop
      vertex 88.8408 99.9465 -5
      vertex 88.7419 100.056 5
      vertex 88.7419 100.056 -5
    endloop
  endfacet
  facet normal -0.742114 -0.670274 0
    outer loop
      vertex 88.7419 100.056 5
      vertex 88.8408 99.9465 -5
      vertex 88.8408 99.9465 5
    endloop
  endfacet
  facet normal -0.989174 -0.146746 0
    outer loop
      vertex 89.174 99.142 -5
      vertex 89.1524 99.2876 5
      vertex 89.1524 99.2876 -5
    endloop
  endfacet
  facet normal -0.989174 -0.146746 0
    outer loop
      vertex 89.1524 99.2876 5
      vertex 89.174 99.142 -5
      vertex 89.174 99.142 5
    endloop
  endfacet
  facet normal -0.671624 0.740892 0
    outer loop
      vertex 88.7419 97.9343 -5
      vertex 88.6328 97.8354 5
      vertex 88.7419 97.9343 5
    endloop
  endfacet
  facet normal -0.671624 0.740892 0
    outer loop
      vertex 88.6328 97.8354 5
      vertex 88.7419 97.9343 -5
      vertex 88.6328 97.8354 -5
    endloop
  endfacet
  facet normal -0.146746 0.989174 0
    outer loop
      vertex 87.9739 97.5238 -5
      vertex 87.8283 97.5022 5
      vertex 87.9739 97.5238 5
    endloop
  endfacet
  facet normal -0.146746 0.989174 0
    outer loop
      vertex 87.8283 97.5022 5
      vertex 87.9739 97.5238 -5
      vertex 87.8283 97.5022 -5
    endloop
  endfacet
  facet normal -0.597173 -0.802112 0
    outer loop
      vertex 88.5146 100.242 -5
      vertex 88.6328 100.154 5
      vertex 88.5146 100.242 5
    endloop
  endfacet
  facet normal -0.597173 -0.802112 -0
    outer loop
      vertex 88.6328 100.154 5
      vertex 88.5146 100.242 -5
      vertex 88.6328 100.154 -5
    endloop
  endfacet
  facet normal -0.515593 -0.856834 0
    outer loop
      vertex 88.3883 100.318 -5
      vertex 88.5146 100.242 5
      vertex 88.3883 100.318 5
    endloop
  endfacet
  facet normal -0.515593 -0.856834 -0
    outer loop
      vertex 88.5146 100.242 5
      vertex 88.3883 100.318 -5
      vertex 88.5146 100.242 -5
    endloop
  endfacet
  facet normal -0.428086 -0.903738 0
    outer loop
      vertex 88.2553 100.381 -5
      vertex 88.3883 100.318 5
      vertex 88.2553 100.381 5
    endloop
  endfacet
  facet normal -0.428086 -0.903738 -0
    outer loop
      vertex 88.3883 100.318 5
      vertex 88.2553 100.381 -5
      vertex 88.3883 100.318 -5
    endloop
  endfacet
  facet normal -0.0475329 -0.99887 0
    outer loop
      vertex 87.6812 100.495 -5
      vertex 87.8283 100.488 5
      vertex 87.6812 100.495 5
    endloop
  endfacet
  facet normal -0.0475329 -0.99887 -0
    outer loop
      vertex 87.8283 100.488 5
      vertex 87.6812 100.495 -5
      vertex 87.8283 100.488 -5
    endloop
  endfacet
  facet normal -0.149403 -0.988776 0
    outer loop
      vertex 87.8283 100.488 -5
      vertex 87.9739 100.466 5
      vertex 87.8283 100.488 5
    endloop
  endfacet
  facet normal -0.149403 -0.988776 -0
    outer loop
      vertex 87.9739 100.466 5
      vertex 87.8283 100.488 -5
      vertex 87.9739 100.466 -5
    endloop
  endfacet
  facet normal 0.0475651 -0.998868 0
    outer loop
      vertex 87.5342 100.488 -5
      vertex 87.6812 100.495 5
      vertex 87.5342 100.488 5
    endloop
  endfacet
  facet normal 0.0475651 -0.998868 0
    outer loop
      vertex 87.6812 100.495 5
      vertex 87.5342 100.488 -5
      vertex 87.6812 100.495 -5
    endloop
  endfacet
  facet normal 0.244452 -0.969661 0
    outer loop
      vertex 87.2458 100.43 -5
      vertex 87.3886 100.466 5
      vertex 87.2458 100.43 5
    endloop
  endfacet
  facet normal 0.244452 -0.969661 0
    outer loop
      vertex 87.3886 100.466 5
      vertex 87.2458 100.43 -5
      vertex 87.3886 100.466 -5
    endloop
  endfacet
  facet normal 0.742114 -0.670274 0
    outer loop
      vertex 86.5217 99.9465 5
      vertex 86.6206 100.056 -5
      vertex 86.6206 100.056 5
    endloop
  endfacet
  facet normal 0.742114 -0.670274 0
    outer loop
      vertex 86.6206 100.056 -5
      vertex 86.5217 99.9465 5
      vertex 86.5217 99.9465 -5
    endloop
  endfacet
  facet normal 0.333318 -0.942814 0
    outer loop
      vertex 87.1072 100.381 -5
      vertex 87.2458 100.43 5
      vertex 87.1072 100.381 5
    endloop
  endfacet
  facet normal 0.333318 -0.942814 0
    outer loop
      vertex 87.2458 100.43 5
      vertex 87.1072 100.381 -5
      vertex 87.2458 100.43 -5
    endloop
  endfacet
  facet normal 0.515893 -0.856653 0
    outer loop
      vertex 86.8479 100.242 -5
      vertex 86.9741 100.318 5
      vertex 86.8479 100.242 5
    endloop
  endfacet
  facet normal 0.515893 -0.856653 0
    outer loop
      vertex 86.9741 100.318 5
      vertex 86.8479 100.242 -5
      vertex 86.9741 100.318 -5
    endloop
  endfacet
  facet normal 0.597173 -0.802112 0
    outer loop
      vertex 86.7297 100.154 -5
      vertex 86.8479 100.242 5
      vertex 86.7297 100.154 5
    endloop
  endfacet
  facet normal 0.597173 -0.802112 0
    outer loop
      vertex 86.8479 100.242 5
      vertex 86.7297 100.154 -5
      vertex 86.8479 100.242 -5
    endloop
  endfacet
  facet normal 0.858032 0.513596 0
    outer loop
      vertex 86.434 98.1616 5
      vertex 86.3584 98.2879 -5
      vertex 86.3584 98.2879 5
    endloop
  endfacet
  facet normal 0.858032 0.513596 0
    outer loop
      vertex 86.3584 98.2879 -5
      vertex 86.434 98.1616 5
      vertex 86.434 98.1616 -5
    endloop
  endfacet
  facet normal 0.803088 0.595861 0
    outer loop
      vertex 86.5217 98.0434 5
      vertex 86.434 98.1616 -5
      vertex 86.434 98.1616 5
    endloop
  endfacet
  facet normal 0.803088 0.595861 0
    outer loop
      vertex 86.434 98.1616 -5
      vertex 86.5217 98.0434 5
      vertex 86.5217 98.0434 -5
    endloop
  endfacet
  facet normal 0.941527 0.336939 0
    outer loop
      vertex 86.2954 98.4209 5
      vertex 86.2458 98.5595 -5
      vertex 86.2458 98.5595 5
    endloop
  endfacet
  facet normal 0.941527 0.336939 0
    outer loop
      vertex 86.2458 98.5595 -5
      vertex 86.2954 98.4209 5
      vertex 86.2954 98.4209 -5
    endloop
  endfacet
  facet normal 0.970143 0.242536 0
    outer loop
      vertex 86.2458 98.5595 5
      vertex 86.2101 98.7023 -5
      vertex 86.2101 98.7023 5
    endloop
  endfacet
  facet normal 0.970143 0.242536 0
    outer loop
      vertex 86.2101 98.7023 -5
      vertex 86.2458 98.5595 5
      vertex 86.2458 98.5595 -5
    endloop
  endfacet
  facet normal 0.903738 -0.428086 0
    outer loop
      vertex 86.2954 99.569 5
      vertex 86.3584 99.702 -5
      vertex 86.3584 99.702 5
    endloop
  endfacet
  facet normal 0.903738 -0.428086 0
    outer loop
      vertex 86.3584 99.702 -5
      vertex 86.2954 99.569 5
      vertex 86.2954 99.569 -5
    endloop
  endfacet
  facet normal 0.803088 -0.595861 0
    outer loop
      vertex 86.434 99.8283 5
      vertex 86.5217 99.9465 -5
      vertex 86.5217 99.9465 5
    endloop
  endfacet
  facet normal 0.803088 -0.595861 0
    outer loop
      vertex 86.5217 99.9465 -5
      vertex 86.434 99.8283 5
      vertex 86.434 99.8283 -5
    endloop
  endfacet
  facet normal 0.989174 -0.146746 0
    outer loop
      vertex 86.1885 99.142 5
      vertex 86.2101 99.2876 -5
      vertex 86.2101 99.2876 5
    endloop
  endfacet
  facet normal 0.989174 -0.146746 0
    outer loop
      vertex 86.2101 99.2876 -5
      vertex 86.1885 99.142 5
      vertex 86.1885 99.142 -5
    endloop
  endfacet
  facet normal 0.998771 -0.0495651 0
    outer loop
      vertex 86.1812 98.9949 5
      vertex 86.1885 99.142 -5
      vertex 86.1885 99.142 5
    endloop
  endfacet
  facet normal 0.998771 -0.0495651 0
    outer loop
      vertex 86.1885 99.142 -5
      vertex 86.1812 98.9949 5
      vertex 86.1812 98.9949 -5
    endloop
  endfacet
  facet normal 0.970143 -0.242536 0
    outer loop
      vertex 86.2101 99.2876 5
      vertex 86.2458 99.4304 -5
      vertex 86.2458 99.4304 5
    endloop
  endfacet
  facet normal 0.970143 -0.242536 0
    outer loop
      vertex 86.2458 99.4304 -5
      vertex 86.2101 99.2876 5
      vertex 86.2101 99.2876 -5
    endloop
  endfacet
  facet normal 0.998769 0.0495987 0
    outer loop
      vertex 86.1885 98.8479 5
      vertex 86.1812 98.9949 -5
      vertex 86.1812 98.9949 5
    endloop
  endfacet
  facet normal 0.998769 0.0495987 0
    outer loop
      vertex 86.1812 98.9949 -5
      vertex 86.1885 98.8479 5
      vertex 86.1885 98.8479 -5
    endloop
  endfacet
  facet normal -0.668249 -0.743938 0
    outer loop
      vertex 88.6328 100.154 -5
      vertex 88.7419 100.056 5
      vertex 88.6328 100.154 5
    endloop
  endfacet
  facet normal -0.668249 -0.743938 -0
    outer loop
      vertex 88.7419 100.056 5
      vertex 88.6328 100.154 -5
      vertex 88.7419 100.056 -5
    endloop
  endfacet
  facet normal -0.803413 0.595423 0
    outer loop
      vertex 88.8408 98.0434 -5
      vertex 88.9284 98.1616 5
      vertex 88.9284 98.1616 -5
    endloop
  endfacet
  facet normal -0.803413 0.595423 0
    outer loop
      vertex 88.9284 98.1616 5
      vertex 88.8408 98.0434 -5
      vertex 88.8408 98.0434 5
    endloop
  endfacet
  facet normal -0.903738 0.428086 0
    outer loop
      vertex 89.0041 98.2879 -5
      vertex 89.0671 98.4209 5
      vertex 89.0671 98.4209 -5
    endloop
  endfacet
  facet normal -0.903738 0.428086 0
    outer loop
      vertex 89.0671 98.4209 5
      vertex 89.0041 98.2879 -5
      vertex 89.0041 98.2879 5
    endloop
  endfacet
  facet normal -0.998803 0.0489209 0
    outer loop
      vertex 89.174 98.8479 -5
      vertex 89.1812 98.9949 5
      vertex 89.1812 98.9949 -5
    endloop
  endfacet
  facet normal -0.998803 0.0489209 0
    outer loop
      vertex 89.1812 98.9949 5
      vertex 89.174 98.8479 -5
      vertex 89.174 98.8479 5
    endloop
  endfacet
  facet normal -0.970143 0.242536 0
    outer loop
      vertex 89.1167 98.5595 -5
      vertex 89.1524 98.7023 5
      vertex 89.1524 98.7023 -5
    endloop
  endfacet
  facet normal -0.970143 0.242536 0
    outer loop
      vertex 89.1524 98.7023 5
      vertex 89.1167 98.5595 -5
      vertex 89.1167 98.5595 5
    endloop
  endfacet
  facet normal -0.941527 -0.336939 0
    outer loop
      vertex 89.1167 99.4304 -5
      vertex 89.0671 99.569 5
      vertex 89.0671 99.569 -5
    endloop
  endfacet
  facet normal -0.941527 -0.336939 0
    outer loop
      vertex 89.0671 99.569 5
      vertex 89.1167 99.4304 -5
      vertex 89.1167 99.4304 5
    endloop
  endfacet
  facet normal -0.740892 0.671624 0
    outer loop
      vertex 88.7419 97.9343 -5
      vertex 88.8408 98.0434 5
      vertex 88.8408 98.0434 -5
    endloop
  endfacet
  facet normal -0.740892 0.671624 0
    outer loop
      vertex 88.8408 98.0434 5
      vertex 88.7419 97.9343 -5
      vertex 88.7419 97.9343 5
    endloop
  endfacet
  facet normal -0.513596 0.858032 0
    outer loop
      vertex 88.5146 97.7477 -5
      vertex 88.3883 97.6721 5
      vertex 88.5146 97.7477 5
    endloop
  endfacet
  facet normal -0.513596 0.858032 0
    outer loop
      vertex 88.3883 97.6721 5
      vertex 88.5146 97.7477 -5
      vertex 88.3883 97.6721 -5
    endloop
  endfacet
  facet normal -0.336939 0.941527 0
    outer loop
      vertex 88.2553 97.6091 -5
      vertex 88.1167 97.5595 5
      vertex 88.2553 97.6091 5
    endloop
  endfacet
  facet normal -0.336939 0.941527 0
    outer loop
      vertex 88.1167 97.5595 5
      vertex 88.2553 97.6091 -5
      vertex 88.1167 97.5595 -5
    endloop
  endfacet
  facet normal 0.427824 0.903862 -0
    outer loop
      vertex 87.1072 97.6091 -5
      vertex 86.9741 97.6721 5
      vertex 87.1072 97.6091 5
    endloop
  endfacet
  facet normal 0.427824 0.903862 0
    outer loop
      vertex 86.9741 97.6721 5
      vertex 87.1072 97.6091 -5
      vertex 86.9741 97.6721 -5
    endloop
  endfacet
  facet normal 0.595861 0.803088 -0
    outer loop
      vertex 86.8479 97.7477 -5
      vertex 86.7297 97.8354 5
      vertex 86.8479 97.7477 5
    endloop
  endfacet
  facet normal 0.595861 0.803088 0
    outer loop
      vertex 86.7297 97.8354 5
      vertex 86.8479 97.7477 -5
      vertex 86.7297 97.8354 -5
    endloop
  endfacet
  facet normal 0.0495987 0.998769 -0
    outer loop
      vertex 87.6812 97.4949 -5
      vertex 87.5342 97.5022 5
      vertex 87.6812 97.4949 5
    endloop
  endfacet
  facet normal 0.0495987 0.998769 0
    outer loop
      vertex 87.5342 97.5022 5
      vertex 87.6812 97.4949 -5
      vertex 87.5342 97.5022 -5
    endloop
  endfacet
  facet normal 0.242536 0.970143 -0
    outer loop
      vertex 87.3886 97.5238 -5
      vertex 87.2458 97.5595 5
      vertex 87.3886 97.5238 5
    endloop
  endfacet
  facet normal 0.242536 0.970143 0
    outer loop
      vertex 87.2458 97.5595 5
      vertex 87.3886 97.5238 -5
      vertex 87.2458 97.5595 -5
    endloop
  endfacet
  facet normal -0.0495651 0.998771 0
    outer loop
      vertex 87.8283 97.5022 -5
      vertex 87.6812 97.4949 5
      vertex 87.8283 97.5022 5
    endloop
  endfacet
  facet normal -0.0495651 0.998771 0
    outer loop
      vertex 87.6812 97.4949 5
      vertex 87.8283 97.5022 -5
      vertex 87.6812 97.4949 -5
    endloop
  endfacet
  facet normal 0.671624 0.740892 -0
    outer loop
      vertex 86.7297 97.8354 -5
      vertex 86.6206 97.9343 5
      vertex 86.7297 97.8354 5
    endloop
  endfacet
  facet normal 0.671624 0.740892 0
    outer loop
      vertex 86.6206 97.9343 5
      vertex 86.7297 97.8354 -5
      vertex 86.6206 97.9343 -5
    endloop
  endfacet
  facet normal -0.803413 -0.595423 0
    outer loop
      vertex 88.9284 99.8283 -5
      vertex 88.8408 99.9465 5
      vertex 88.8408 99.9465 -5
    endloop
  endfacet
  facet normal -0.803413 -0.595423 0
    outer loop
      vertex 88.8408 99.9465 5
      vertex 88.9284 99.8283 -5
      vertex 88.9284 99.8283 5
    endloop
  endfacet
  facet normal -0.857733 -0.514096 0
    outer loop
      vertex 89.0041 99.702 -5
      vertex 88.9284 99.8283 5
      vertex 88.9284 99.8283 -5
    endloop
  endfacet
  facet normal -0.857733 -0.514096 0
    outer loop
      vertex 88.9284 99.8283 5
      vertex 89.0041 99.702 -5
      vertex 89.0041 99.702 5
    endloop
  endfacet
  facet normal -0.857733 0.514096 0
    outer loop
      vertex 88.9284 98.1616 -5
      vertex 89.0041 98.2879 5
      vertex 89.0041 98.2879 -5
    endloop
  endfacet
  facet normal -0.857733 0.514096 0
    outer loop
      vertex 89.0041 98.2879 5
      vertex 88.9284 98.1616 -5
      vertex 88.9284 98.1616 5
    endloop
  endfacet
  facet normal -0.941527 0.336939 0
    outer loop
      vertex 89.0671 98.4209 -5
      vertex 89.1167 98.5595 5
      vertex 89.1167 98.5595 -5
    endloop
  endfacet
  facet normal -0.941527 0.336939 0
    outer loop
      vertex 89.1167 98.5595 5
      vertex 89.0671 98.4209 -5
      vertex 89.0671 98.4209 5
    endloop
  endfacet
  facet normal -0.998804 -0.0488878 0
    outer loop
      vertex 89.1812 98.9949 -5
      vertex 89.174 99.142 5
      vertex 89.174 99.142 -5
    endloop
  endfacet
  facet normal -0.998804 -0.0488878 0
    outer loop
      vertex 89.174 99.142 5
      vertex 89.1812 98.9949 -5
      vertex 89.1812 98.9949 5
    endloop
  endfacet
  facet normal -0.989174 0.146746 0
    outer loop
      vertex 89.1524 98.7023 -5
      vertex 89.174 98.8479 5
      vertex 89.174 98.8479 -5
    endloop
  endfacet
  facet normal -0.989174 0.146746 0
    outer loop
      vertex 89.174 98.8479 5
      vertex 89.1524 98.7023 -5
      vertex 89.1524 98.7023 5
    endloop
  endfacet
  facet normal -0.903738 -0.428086 0
    outer loop
      vertex 89.0671 99.569 -5
      vertex 89.0041 99.702 5
      vertex 89.0041 99.702 -5
    endloop
  endfacet
  facet normal -0.903738 -0.428086 0
    outer loop
      vertex 89.0041 99.702 5
      vertex 89.0671 99.569 -5
      vertex 89.0671 99.569 5
    endloop
  endfacet
  facet normal -0.970143 -0.242536 0
    outer loop
      vertex 89.1524 99.2876 -5
      vertex 89.1167 99.4304 5
      vertex 89.1167 99.4304 -5
    endloop
  endfacet
  facet normal -0.970143 -0.242536 0
    outer loop
      vertex 89.1167 99.4304 5
      vertex 89.1524 99.2876 -5
      vertex 89.1524 99.2876 5
    endloop
  endfacet
  facet normal -0.595861 0.803088 0
    outer loop
      vertex 88.6328 97.8354 -5
      vertex 88.5146 97.7477 5
      vertex 88.6328 97.8354 5
    endloop
  endfacet
  facet normal -0.595861 0.803088 0
    outer loop
      vertex 88.5146 97.7477 5
      vertex 88.6328 97.8354 -5
      vertex 88.5146 97.7477 -5
    endloop
  endfacet
  facet normal -0.428086 0.903738 0
    outer loop
      vertex 88.3883 97.6721 -5
      vertex 88.2553 97.6091 5
      vertex 88.3883 97.6721 5
    endloop
  endfacet
  facet normal -0.428086 0.903738 0
    outer loop
      vertex 88.2553 97.6091 5
      vertex 88.3883 97.6721 -5
      vertex 88.2553 97.6091 -5
    endloop
  endfacet
  facet normal -0.242536 0.970143 0
    outer loop
      vertex 88.1167 97.5595 -5
      vertex 87.9739 97.5238 5
      vertex 88.1167 97.5595 5
    endloop
  endfacet
  facet normal -0.242536 0.970143 0
    outer loop
      vertex 87.9739 97.5238 5
      vertex 88.1167 97.5595 -5
      vertex 87.9739 97.5238 -5
    endloop
  endfacet
  facet normal 0.336939 0.941527 -0
    outer loop
      vertex 87.2458 97.5595 -5
      vertex 87.1072 97.6091 5
      vertex 87.2458 97.5595 5
    endloop
  endfacet
  facet normal 0.336939 0.941527 0
    outer loop
      vertex 87.1072 97.6091 5
      vertex 87.2458 97.5595 -5
      vertex 87.1072 97.6091 -5
    endloop
  endfacet
  facet normal 0.513896 0.857853 -0
    outer loop
      vertex 86.9741 97.6721 -5
      vertex 86.8479 97.7477 5
      vertex 86.9741 97.6721 5
    endloop
  endfacet
  facet normal 0.513896 0.857853 0
    outer loop
      vertex 86.8479 97.7477 5
      vertex 86.9741 97.6721 -5
      vertex 86.8479 97.7477 -5
    endloop
  endfacet
  facet normal 0.146746 0.989174 -0
    outer loop
      vertex 87.5342 97.5022 -5
      vertex 87.3886 97.5238 5
      vertex 87.5342 97.5022 5
    endloop
  endfacet
  facet normal 0.146746 0.989174 0
    outer loop
      vertex 87.3886 97.5238 5
      vertex 87.5342 97.5022 -5
      vertex 87.3886 97.5238 -5
    endloop
  endfacet
  facet normal -0.857515 -0.514458 0
    outer loop
      vertex -112.298 90.1058 -5
      vertex -113.106 91.4526 5
      vertex -113.106 91.4526 -5
    endloop
  endfacet
  facet normal -0.857515 -0.514458 0
    outer loop
      vertex -113.106 91.4526 5
      vertex -112.298 90.1058 -5
      vertex -112.298 90.1058 5
    endloop
  endfacet
  facet normal -0.803298 -0.595578 0
    outer loop
      vertex -111.363 88.8447 -5
      vertex -112.298 90.1058 5
      vertex -112.298 90.1058 -5
    endloop
  endfacet
  facet normal -0.803298 -0.595578 0
    outer loop
      vertex -112.298 90.1058 5
      vertex -111.363 88.8447 -5
      vertex -111.363 88.8447 5
    endloop
  endfacet
  facet normal 0.67091 0.741539 -0
    outer loop
      vertex 0 30.9805 -5
      vertex -88.8447 111.363 5
      vertex 0 30.9805 5
    endloop
  endfacet
  facet normal 0.67091 0.741539 0
    outer loop
      vertex -88.8447 111.363 5
      vertex 0 30.9805 -5
      vertex -88.8447 111.363 -5
    endloop
  endfacet
  facet normal -0.98921 0.146502 0
    outer loop
      vertex -114.918 100.563 -5
      vertex -114.688 102.116 5
      vertex -114.688 102.116 -5
    endloop
  endfacet
  facet normal -0.98921 0.146502 0
    outer loop
      vertex -114.688 102.116 5
      vertex -114.918 100.563 -5
      vertex -114.918 100.563 5
    endloop
  endfacet
  facet normal -0.741539 -0.67091 0
    outer loop
      vertex -30.9805 0 -5
      vertex -111.363 88.8447 5
      vertex -111.363 88.8447 -5
    endloop
  endfacet
  facet normal -0.741539 -0.67091 0
    outer loop
      vertex -111.363 88.8447 5
      vertex -30.9805 0 -5
      vertex -30.9805 0 5
    endloop
  endfacet
  facet normal 0.336901 0.94154 -0
    outer loop
      vertex -92.872 113.777 -5
      vertex -94.3504 114.306 5
      vertex -92.872 113.777 5
    endloop
  endfacet
  facet normal 0.336901 0.94154 0
    outer loop
      vertex -94.3504 114.306 5
      vertex -92.872 113.777 -5
      vertex -94.3504 114.306 -5
    endloop
  endfacet
  facet normal 0.0490418 0.998797 -0
    outer loop
      vertex -97.4267 114.918 -5
      vertex -98.9949 114.995 5
      vertex -97.4267 114.918 5
    endloop
  endfacet
  facet normal 0.0490418 0.998797 0
    outer loop
      vertex -98.9949 114.995 5
      vertex -97.4267 114.918 -5
      vertex -98.9949 114.995 -5
    endloop
  endfacet
  facet normal -0.595608 0.803275 0
    outer loop
      vertex -107.884 112.298 -5
      vertex -109.145 111.363 5
      vertex -107.884 112.298 5
    endloop
  endfacet
  facet normal -0.595608 0.803275 0
    outer loop
      vertex -109.145 111.363 5
      vertex -107.884 112.298 -5
      vertex -109.145 111.363 -5
    endloop
  endfacet
  facet normal -0.989213 -0.146484 0
    outer loop
      vertex -114.688 95.8735 -5
      vertex -114.918 97.4267 5
      vertex -114.918 97.4267 -5
    endloop
  endfacet
  facet normal -0.989213 -0.146484 0
    outer loop
      vertex -114.918 97.4267 5
      vertex -114.688 95.8735 -5
      vertex -114.688 95.8735 5
    endloop
  endfacet
  facet normal -0.857549 0.514402 0
    outer loop
      vertex -113.106 106.537 -5
      vertex -112.298 107.884 5
      vertex -112.298 107.884 -5
    endloop
  endfacet
  facet normal -0.857549 0.514402 0
    outer loop
      vertex -112.298 107.884 5
      vertex -113.106 106.537 -5
      vertex -113.106 106.537 5
    endloop
  endfacet
  facet normal 0.146484 0.989213 -0
    outer loop
      vertex -95.8735 114.688 -5
      vertex -97.4267 114.918 5
      vertex -95.8735 114.688 5
    endloop
  endfacet
  facet normal 0.146484 0.989213 0
    outer loop
      vertex -97.4267 114.918 5
      vertex -95.8735 114.688 -5
      vertex -97.4267 114.918 -5
    endloop
  endfacet
  facet normal 0.427385 0.90407 -0
    outer loop
      vertex -91.4526 113.106 -5
      vertex -92.872 113.777 5
      vertex -91.4526 113.106 5
    endloop
  endfacet
  facet normal 0.427385 0.90407 0
    outer loop
      vertex -92.872 113.777 5
      vertex -91.4526 113.106 -5
      vertex -92.872 113.777 -5
    endloop
  endfacet
  facet normal 0.514458 0.857515 -0
    outer loop
      vertex -90.1058 112.298 -5
      vertex -91.4526 113.106 5
      vertex -90.1058 112.298 5
    endloop
  endfacet
  facet normal 0.514458 0.857515 0
    outer loop
      vertex -91.4526 113.106 5
      vertex -90.1058 112.298 -5
      vertex -91.4526 113.106 -5
    endloop
  endfacet
  facet normal 0.595578 0.803298 -0
    outer loop
      vertex -88.8447 111.363 -5
      vertex -90.1058 112.298 5
      vertex -88.8447 111.363 5
    endloop
  endfacet
  facet normal 0.595578 0.803298 0
    outer loop
      vertex -90.1058 112.298 5
      vertex -88.8447 111.363 -5
      vertex -90.1058 112.298 -5
    endloop
  endfacet
  facet normal -0.243135 0.969993 0
    outer loop
      vertex -102.116 114.688 -5
      vertex -103.64 114.306 5
      vertex -102.116 114.688 5
    endloop
  endfacet
  facet normal -0.243135 0.969993 0
    outer loop
      vertex -103.64 114.306 5
      vertex -102.116 114.688 -5
      vertex -103.64 114.306 -5
    endloop
  endfacet
  facet normal -0.336982 0.941511 0
    outer loop
      vertex -103.64 114.306 -5
      vertex -105.118 113.777 5
      vertex -103.64 114.306 5
    endloop
  endfacet
  facet normal -0.336982 0.941511 0
    outer loop
      vertex -105.118 113.777 5
      vertex -103.64 114.306 -5
      vertex -105.118 113.777 -5
    endloop
  endfacet
  facet normal -0.90407 -0.427385 0
    outer loop
      vertex -113.106 91.4526 -5
      vertex -113.777 92.872 5
      vertex -113.777 92.872 -5
    endloop
  endfacet
  facet normal -0.90407 -0.427385 0
    outer loop
      vertex -113.777 92.872 5
      vertex -113.106 91.4526 -5
      vertex -113.106 91.4526 5
    endloop
  endfacet
  facet normal -0.94154 -0.336901 0
    outer loop
      vertex -113.777 92.872 -5
      vertex -114.306 94.3504 5
      vertex -114.306 94.3504 -5
    endloop
  endfacet
  facet normal -0.94154 -0.336901 0
    outer loop
      vertex -114.306 94.3504 5
      vertex -113.777 92.872 -5
      vertex -113.777 92.872 5
    endloop
  endfacet
  facet normal -0.969959 -0.24327 0
    outer loop
      vertex -114.306 94.3504 -5
      vertex -114.688 95.8735 5
      vertex -114.688 95.8735 -5
    endloop
  endfacet
  facet normal -0.969959 -0.24327 0
    outer loop
      vertex -114.688 95.8735 5
      vertex -114.306 94.3504 -5
      vertex -114.306 94.3504 5
    endloop
  endfacet
  facet normal -0.998797 -0.0490418 0
    outer loop
      vertex -114.918 97.4267 -5
      vertex -114.995 98.9949 5
      vertex -114.995 98.9949 -5
    endloop
  endfacet
  facet normal -0.998797 -0.0490418 0
    outer loop
      vertex -114.995 98.9949 5
      vertex -114.918 97.4267 -5
      vertex -114.918 97.4267 5
    endloop
  endfacet
  facet normal -0.998797 0.0490449 0
    outer loop
      vertex -114.995 98.9949 -5
      vertex -114.918 100.563 5
      vertex -114.918 100.563 -5
    endloop
  endfacet
  facet normal -0.998797 0.0490449 0
    outer loop
      vertex -114.918 100.563 5
      vertex -114.995 98.9949 -5
      vertex -114.995 98.9949 5
    endloop
  endfacet
  facet normal -0.969993 0.243135 0
    outer loop
      vertex -114.688 102.116 -5
      vertex -114.306 103.64 5
      vertex -114.306 103.64 -5
    endloop
  endfacet
  facet normal -0.969993 0.243135 0
    outer loop
      vertex -114.306 103.64 5
      vertex -114.688 102.116 -5
      vertex -114.688 102.116 5
    endloop
  endfacet
  facet normal -0.941511 0.336982 0
    outer loop
      vertex -114.306 103.64 -5
      vertex -113.777 105.118 5
      vertex -113.777 105.118 -5
    endloop
  endfacet
  facet normal -0.941511 0.336982 0
    outer loop
      vertex -113.777 105.118 5
      vertex -114.306 103.64 -5
      vertex -114.306 103.64 5
    endloop
  endfacet
  facet normal -0.904023 0.427484 0
    outer loop
      vertex -113.777 105.118 -5
      vertex -113.106 106.537 5
      vertex -113.106 106.537 -5
    endloop
  endfacet
  facet normal -0.904023 0.427484 0
    outer loop
      vertex -113.106 106.537 5
      vertex -113.777 105.118 -5
      vertex -113.777 105.118 5
    endloop
  endfacet
  facet normal -0.803275 0.595608 0
    outer loop
      vertex -112.298 107.884 -5
      vertex -111.363 109.145 5
      vertex -111.363 109.145 -5
    endloop
  endfacet
  facet normal -0.803275 0.595608 0
    outer loop
      vertex -111.363 109.145 5
      vertex -112.298 107.884 -5
      vertex -112.298 107.884 5
    endloop
  endfacet
  facet normal -0.741264 0.671213 0
    outer loop
      vertex -111.363 109.145 -5
      vertex -110.309 110.309 5
      vertex -110.309 110.309 -5
    endloop
  endfacet
  facet normal -0.741264 0.671213 0
    outer loop
      vertex -110.309 110.309 5
      vertex -111.363 109.145 -5
      vertex -111.363 109.145 5
    endloop
  endfacet
  facet normal -0.671213 0.741264 0
    outer loop
      vertex -109.145 111.363 -5
      vertex -110.309 110.309 5
      vertex -109.145 111.363 5
    endloop
  endfacet
  facet normal -0.671213 0.741264 0
    outer loop
      vertex -110.309 110.309 5
      vertex -109.145 111.363 -5
      vertex -110.309 110.309 -5
    endloop
  endfacet
  facet normal 0.24327 0.969959 -0
    outer loop
      vertex -94.3504 114.306 -5
      vertex -95.8735 114.688 5
      vertex -94.3504 114.306 5
    endloop
  endfacet
  facet normal 0.24327 0.969959 0
    outer loop
      vertex -95.8735 114.688 5
      vertex -94.3504 114.306 -5
      vertex -95.8735 114.688 -5
    endloop
  endfacet
  facet normal -0.146502 0.98921 0
    outer loop
      vertex -100.563 114.918 -5
      vertex -102.116 114.688 5
      vertex -100.563 114.918 5
    endloop
  endfacet
  facet normal -0.146502 0.98921 0
    outer loop
      vertex -102.116 114.688 5
      vertex -100.563 114.918 -5
      vertex -102.116 114.688 -5
    endloop
  endfacet
  facet normal -0.0490449 0.998797 0
    outer loop
      vertex -98.9949 114.995 -5
      vertex -100.563 114.918 5
      vertex -98.9949 114.995 5
    endloop
  endfacet
  facet normal -0.0490449 0.998797 0
    outer loop
      vertex -100.563 114.918 5
      vertex -98.9949 114.995 -5
      vertex -100.563 114.918 -5
    endloop
  endfacet
  facet normal -0.514402 0.857549 0
    outer loop
      vertex -106.537 113.106 -5
      vertex -107.884 112.298 5
      vertex -106.537 113.106 5
    endloop
  endfacet
  facet normal -0.514402 0.857549 0
    outer loop
      vertex -107.884 112.298 5
      vertex -106.537 113.106 -5
      vertex -107.884 112.298 -5
    endloop
  endfacet
  facet normal -0.427484 0.904023 0
    outer loop
      vertex -105.118 113.777 -5
      vertex -106.537 113.106 5
      vertex -105.118 113.777 5
    endloop
  endfacet
  facet normal -0.427484 0.904023 0
    outer loop
      vertex -106.537 113.106 5
      vertex -105.118 113.777 -5
      vertex -106.537 113.106 -5
    endloop
  endfacet
  facet normal 0.707107 -0.707107 0
    outer loop
      vertex -69.2965 59.397 5
      vertex -59.397 69.2965 -5
      vertex -59.397 69.2965 5
    endloop
  endfacet
  facet normal 0.707107 -0.707107 0
    outer loop
      vertex -59.397 69.2965 -5
      vertex -69.2965 59.397 5
      vertex -69.2965 59.397 -5
    endloop
  endfacet
  facet normal 0.707107 0.707107 0
    outer loop
      vertex -26.4321 16.5326 5
      vertex -69.2965 59.397 -5
      vertex -69.2965 59.397 5
    endloop
  endfacet
  facet normal 0.707107 0.707107 0
    outer loop
      vertex -69.2965 59.397 -5
      vertex -26.4321 16.5326 5
      vertex -26.4321 16.5326 -5
    endloop
  endfacet
  facet normal -0.707107 -0.707107 0
    outer loop
      vertex -16.5326 26.4321 -5
      vertex -59.397 69.2965 5
      vertex -59.397 69.2965 -5
    endloop
  endfacet
  facet normal -0.707107 -0.707107 0
    outer loop
      vertex -59.397 69.2965 5
      vertex -16.5326 26.4321 -5
      vertex -16.5326 26.4321 5
    endloop
  endfacet
  facet normal 0.970143 -0.242536 0
    outer loop
      vertex -89.1524 99.2876 5
      vertex -89.1167 99.4304 -5
      vertex -89.1167 99.4304 5
    endloop
  endfacet
  facet normal 0.970143 -0.242536 0
    outer loop
      vertex -89.1167 99.4304 -5
      vertex -89.1524 99.2876 5
      vertex -89.1524 99.2876 -5
    endloop
  endfacet
  facet normal 0.903738 0.428086 0
    outer loop
      vertex -89.0041 98.2879 5
      vertex -89.0671 98.4209 -5
      vertex -89.0671 98.4209 5
    endloop
  endfacet
  facet normal 0.903738 0.428086 0
    outer loop
      vertex -89.0671 98.4209 -5
      vertex -89.0041 98.2879 5
      vertex -89.0041 98.2879 -5
    endloop
  endfacet
  facet normal 0.336939 0.941527 -0
    outer loop
      vertex -88.1167 97.5595 -5
      vertex -88.2553 97.6091 5
      vertex -88.1167 97.5595 5
    endloop
  endfacet
  facet normal 0.336939 0.941527 0
    outer loop
      vertex -88.2553 97.6091 5
      vertex -88.1167 97.5595 -5
      vertex -88.2553 97.6091 -5
    endloop
  endfacet
  facet normal -0.427824 0.903862 0
    outer loop
      vertex -86.9741 97.6721 -5
      vertex -87.1072 97.6091 5
      vertex -86.9741 97.6721 5
    endloop
  endfacet
  facet normal -0.427824 0.903862 0
    outer loop
      vertex -87.1072 97.6091 5
      vertex -86.9741 97.6721 -5
      vertex -87.1072 97.6091 -5
    endloop
  endfacet
  facet normal 0.668249 -0.743938 0
    outer loop
      vertex -88.7419 100.056 -5
      vertex -88.6328 100.154 5
      vertex -88.7419 100.056 5
    endloop
  endfacet
  facet normal 0.668249 -0.743938 0
    outer loop
      vertex -88.6328 100.154 5
      vertex -88.7419 100.056 -5
      vertex -88.6328 100.154 -5
    endloop
  endfacet
  facet normal 0.970143 0.242536 0
    outer loop
      vertex -89.1167 98.5595 5
      vertex -89.1524 98.7023 -5
      vertex -89.1524 98.7023 5
    endloop
  endfacet
  facet normal 0.970143 0.242536 0
    outer loop
      vertex -89.1524 98.7023 -5
      vertex -89.1167 98.5595 5
      vertex -89.1167 98.5595 -5
    endloop
  endfacet
  facet normal -0.146746 0.989174 0
    outer loop
      vertex -87.3886 97.5238 -5
      vertex -87.5342 97.5022 5
      vertex -87.3886 97.5238 5
    endloop
  endfacet
  facet normal -0.146746 0.989174 0
    outer loop
      vertex -87.5342 97.5022 5
      vertex -87.3886 97.5238 -5
      vertex -87.5342 97.5022 -5
    endloop
  endfacet
  facet normal 0.513596 0.858032 -0
    outer loop
      vertex -88.3883 97.6721 -5
      vertex -88.5146 97.7477 5
      vertex -88.3883 97.6721 5
    endloop
  endfacet
  facet normal 0.513596 0.858032 0
    outer loop
      vertex -88.5146 97.7477 5
      vertex -88.3883 97.6721 -5
      vertex -88.5146 97.7477 -5
    endloop
  endfacet
  facet normal -0.970143 0.242536 0
    outer loop
      vertex -86.2458 98.5595 -5
      vertex -86.2101 98.7023 5
      vertex -86.2101 98.7023 -5
    endloop
  endfacet
  facet normal -0.970143 0.242536 0
    outer loop
      vertex -86.2101 98.7023 5
      vertex -86.2458 98.5595 -5
      vertex -86.2458 98.5595 5
    endloop
  endfacet
  facet normal 0.989174 -0.146746 0
    outer loop
      vertex -89.174 99.142 5
      vertex -89.1524 99.2876 -5
      vertex -89.1524 99.2876 5
    endloop
  endfacet
  facet normal 0.989174 -0.146746 0
    outer loop
      vertex -89.1524 99.2876 -5
      vertex -89.174 99.142 5
      vertex -89.174 99.142 -5
    endloop
  endfacet
  facet normal 0.998803 0.0489209 0
    outer loop
      vertex -89.174 98.8479 5
      vertex -89.1812 98.9949 -5
      vertex -89.1812 98.9949 5
    endloop
  endfacet
  facet normal 0.998803 0.0489209 0
    outer loop
      vertex -89.1812 98.9949 -5
      vertex -89.174 98.8479 5
      vertex -89.174 98.8479 -5
    endloop
  endfacet
  facet normal 0.671624 0.740892 -0
    outer loop
      vertex -88.6328 97.8354 -5
      vertex -88.7419 97.9343 5
      vertex -88.6328 97.8354 5
    endloop
  endfacet
  facet normal 0.671624 0.740892 0
    outer loop
      vertex -88.7419 97.9343 5
      vertex -88.6328 97.8354 -5
      vertex -88.7419 97.9343 -5
    endloop
  endfacet
  facet normal 0.857733 0.514096 0
    outer loop
      vertex -88.9284 98.1616 5
      vertex -89.0041 98.2879 -5
      vertex -89.0041 98.2879 5
    endloop
  endfacet
  facet normal 0.857733 0.514096 0
    outer loop
      vertex -89.0041 98.2879 -5
      vertex -88.9284 98.1616 5
      vertex -88.9284 98.1616 -5
    endloop
  endfacet
  facet normal 0.803413 0.595423 0
    outer loop
      vertex -88.8408 98.0434 5
      vertex -88.9284 98.1616 -5
      vertex -88.9284 98.1616 5
    endloop
  endfacet
  facet normal 0.803413 0.595423 0
    outer loop
      vertex -88.9284 98.1616 -5
      vertex -88.8408 98.0434 5
      vertex -88.8408 98.0434 -5
    endloop
  endfacet
  facet normal 0.941527 0.336939 0
    outer loop
      vertex -89.0671 98.4209 5
      vertex -89.1167 98.5595 -5
      vertex -89.1167 98.5595 5
    endloop
  endfacet
  facet normal 0.941527 0.336939 0
    outer loop
      vertex -89.1167 98.5595 -5
      vertex -89.0671 98.4209 5
      vertex -89.0671 98.4209 -5
    endloop
  endfacet
  facet normal 0.989174 0.146746 0
    outer loop
      vertex -89.1524 98.7023 5
      vertex -89.174 98.8479 -5
      vertex -89.174 98.8479 5
    endloop
  endfacet
  facet normal 0.989174 0.146746 0
    outer loop
      vertex -89.174 98.8479 -5
      vertex -89.1524 98.7023 5
      vertex -89.1524 98.7023 -5
    endloop
  endfacet
  facet normal -0.740892 0.671624 0
    outer loop
      vertex -86.6206 97.9343 -5
      vertex -86.5217 98.0434 5
      vertex -86.5217 98.0434 -5
    endloop
  endfacet
  facet normal -0.740892 0.671624 0
    outer loop
      vertex -86.5217 98.0434 5
      vertex -86.6206 97.9343 -5
      vertex -86.6206 97.9343 5
    endloop
  endfacet
  facet normal -0.513896 0.857853 0
    outer loop
      vertex -86.8479 97.7477 -5
      vertex -86.9741 97.6721 5
      vertex -86.8479 97.7477 5
    endloop
  endfacet
  facet normal -0.513896 0.857853 0
    outer loop
      vertex -86.9741 97.6721 5
      vertex -86.8479 97.7477 -5
      vertex -86.9741 97.6721 -5
    endloop
  endfacet
  facet normal -0.595861 0.803088 0
    outer loop
      vertex -86.7297 97.8354 -5
      vertex -86.8479 97.7477 5
      vertex -86.7297 97.8354 5
    endloop
  endfacet
  facet normal -0.595861 0.803088 0
    outer loop
      vertex -86.8479 97.7477 5
      vertex -86.7297 97.8354 -5
      vertex -86.8479 97.7477 -5
    endloop
  endfacet
  facet normal -0.336939 0.941527 0
    outer loop
      vertex -87.1072 97.6091 -5
      vertex -87.2458 97.5595 5
      vertex -87.1072 97.6091 5
    endloop
  endfacet
  facet normal -0.336939 0.941527 0
    outer loop
      vertex -87.2458 97.5595 5
      vertex -87.1072 97.6091 -5
      vertex -87.2458 97.5595 -5
    endloop
  endfacet
  facet normal -0.242536 0.970143 0
    outer loop
      vertex -87.2458 97.5595 -5
      vertex -87.3886 97.5238 5
      vertex -87.2458 97.5595 5
    endloop
  endfacet
  facet normal -0.242536 0.970143 0
    outer loop
      vertex -87.3886 97.5238 5
      vertex -87.2458 97.5595 -5
      vertex -87.3886 97.5238 -5
    endloop
  endfacet
  facet normal 0.428086 0.903738 -0
    outer loop
      vertex -88.2553 97.6091 -5
      vertex -88.3883 97.6721 5
      vertex -88.2553 97.6091 5
    endloop
  endfacet
  facet normal 0.428086 0.903738 0
    outer loop
      vertex -88.3883 97.6721 5
      vertex -88.2553 97.6091 -5
      vertex -88.3883 97.6721 -5
    endloop
  endfacet
  facet normal 0.595861 0.803088 -0
    outer loop
      vertex -88.5146 97.7477 -5
      vertex -88.6328 97.8354 5
      vertex -88.5146 97.7477 5
    endloop
  endfacet
  facet normal 0.595861 0.803088 0
    outer loop
      vertex -88.6328 97.8354 5
      vertex -88.5146 97.7477 -5
      vertex -88.6328 97.8354 -5
    endloop
  endfacet
  facet normal 0.146746 0.989174 -0
    outer loop
      vertex -87.8283 97.5022 -5
      vertex -87.9739 97.5238 5
      vertex -87.8283 97.5022 5
    endloop
  endfacet
  facet normal 0.146746 0.989174 0
    outer loop
      vertex -87.9739 97.5238 5
      vertex -87.8283 97.5022 -5
      vertex -87.9739 97.5238 -5
    endloop
  endfacet
  facet normal 0.0495651 0.998771 -0
    outer loop
      vertex -87.6812 97.4949 -5
      vertex -87.8283 97.5022 5
      vertex -87.6812 97.4949 5
    endloop
  endfacet
  facet normal 0.0495651 0.998771 0
    outer loop
      vertex -87.8283 97.5022 5
      vertex -87.6812 97.4949 -5
      vertex -87.8283 97.5022 -5
    endloop
  endfacet
  facet normal 0.242536 0.970143 -0
    outer loop
      vertex -87.9739 97.5238 -5
      vertex -88.1167 97.5595 5
      vertex -87.9739 97.5238 5
    endloop
  endfacet
  facet normal 0.242536 0.970143 0
    outer loop
      vertex -88.1167 97.5595 5
      vertex -87.9739 97.5238 -5
      vertex -88.1167 97.5595 -5
    endloop
  endfacet
  facet normal -0.0495987 0.998769 0
    outer loop
      vertex -87.5342 97.5022 -5
      vertex -87.6812 97.4949 5
      vertex -87.5342 97.5022 5
    endloop
  endfacet
  facet normal -0.0495987 0.998769 0
    outer loop
      vertex -87.6812 97.4949 5
      vertex -87.5342 97.5022 -5
      vertex -87.6812 97.4949 -5
    endloop
  endfacet
  facet normal 0.742114 -0.670274 0
    outer loop
      vertex -88.8408 99.9465 5
      vertex -88.7419 100.056 -5
      vertex -88.7419 100.056 5
    endloop
  endfacet
  facet normal 0.742114 -0.670274 0
    outer loop
      vertex -88.7419 100.056 -5
      vertex -88.8408 99.9465 5
      vertex -88.8408 99.9465 -5
    endloop
  endfacet
  facet normal 0.515593 -0.856834 0
    outer loop
      vertex -88.5146 100.242 -5
      vertex -88.3883 100.318 5
      vertex -88.5146 100.242 5
    endloop
  endfacet
  facet normal 0.515593 -0.856834 0
    outer loop
      vertex -88.3883 100.318 5
      vertex -88.5146 100.242 -5
      vertex -88.3883 100.318 -5
    endloop
  endfacet
  facet normal 0.149403 -0.988776 0
    outer loop
      vertex -87.9739 100.466 -5
      vertex -87.8283 100.488 5
      vertex -87.9739 100.466 5
    endloop
  endfacet
  facet normal 0.149403 -0.988776 0
    outer loop
      vertex -87.8283 100.488 5
      vertex -87.9739 100.466 -5
      vertex -87.8283 100.488 -5
    endloop
  endfacet
  facet normal 0.941527 -0.336939 0
    outer loop
      vertex -89.1167 99.4304 5
      vertex -89.0671 99.569 -5
      vertex -89.0671 99.569 5
    endloop
  endfacet
  facet normal 0.941527 -0.336939 0
    outer loop
      vertex -89.0671 99.569 -5
      vertex -89.1167 99.4304 5
      vertex -89.1167 99.4304 -5
    endloop
  endfacet
  facet normal 0.903738 -0.428086 0
    outer loop
      vertex -89.0671 99.569 5
      vertex -89.0041 99.702 -5
      vertex -89.0041 99.702 5
    endloop
  endfacet
  facet normal 0.903738 -0.428086 0
    outer loop
      vertex -89.0041 99.702 -5
      vertex -89.0671 99.569 5
      vertex -89.0671 99.569 -5
    endloop
  endfacet
  facet normal 0.857733 -0.514096 0
    outer loop
      vertex -89.0041 99.702 5
      vertex -88.9284 99.8283 -5
      vertex -88.9284 99.8283 5
    endloop
  endfacet
  facet normal 0.857733 -0.514096 0
    outer loop
      vertex -88.9284 99.8283 -5
      vertex -89.0041 99.702 5
      vertex -89.0041 99.702 -5
    endloop
  endfacet
  facet normal 0.998804 -0.0488878 0
    outer loop
      vertex -89.1812 98.9949 5
      vertex -89.174 99.142 -5
      vertex -89.174 99.142 5
    endloop
  endfacet
  facet normal 0.998804 -0.0488878 0
    outer loop
      vertex -89.174 99.142 -5
      vertex -89.1812 98.9949 5
      vertex -89.1812 98.9949 -5
    endloop
  endfacet
  facet normal 0.740892 0.671624 0
    outer loop
      vertex -88.7419 97.9343 5
      vertex -88.8408 98.0434 -5
      vertex -88.8408 98.0434 5
    endloop
  endfacet
  facet normal 0.740892 0.671624 0
    outer loop
      vertex -88.8408 98.0434 -5
      vertex -88.7419 97.9343 5
      vertex -88.7419 97.9343 -5
    endloop
  endfacet
  facet normal -0.671624 0.740892 0
    outer loop
      vertex -86.6206 97.9343 -5
      vertex -86.7297 97.8354 5
      vertex -86.6206 97.9343 5
    endloop
  endfacet
  facet normal -0.671624 0.740892 0
    outer loop
      vertex -86.7297 97.8354 5
      vertex -86.6206 97.9343 -5
      vertex -86.7297 97.8354 -5
    endloop
  endfacet
  facet normal 0.428086 -0.903738 0
    outer loop
      vertex -88.3883 100.318 -5
      vertex -88.2553 100.381 5
      vertex -88.3883 100.318 5
    endloop
  endfacet
  facet normal 0.428086 -0.903738 0
    outer loop
      vertex -88.2553 100.381 5
      vertex -88.3883 100.318 -5
      vertex -88.2553 100.381 -5
    endloop
  endfacet
  facet normal 0.333318 -0.942814 0
    outer loop
      vertex -88.2553 100.381 -5
      vertex -88.1167 100.43 5
      vertex -88.2553 100.381 5
    endloop
  endfacet
  facet normal 0.333318 -0.942814 0
    outer loop
      vertex -88.1167 100.43 5
      vertex -88.2553 100.381 -5
      vertex -88.1167 100.43 -5
    endloop
  endfacet
  facet normal -0.742114 -0.670274 0
    outer loop
      vertex -86.5217 99.9465 -5
      vertex -86.6206 100.056 5
      vertex -86.6206 100.056 -5
    endloop
  endfacet
  facet normal -0.742114 -0.670274 0
    outer loop
      vertex -86.6206 100.056 5
      vertex -86.5217 99.9465 -5
      vertex -86.5217 99.9465 5
    endloop
  endfacet
  facet normal -0.941527 -0.336939 0
    outer loop
      vertex -86.2458 99.4304 -5
      vertex -86.2954 99.569 5
      vertex -86.2954 99.569 -5
    endloop
  endfacet
  facet normal -0.941527 -0.336939 0
    outer loop
      vertex -86.2954 99.569 5
      vertex -86.2458 99.4304 -5
      vertex -86.2458 99.4304 5
    endloop
  endfacet
  facet normal -0.803088 0.595861 0
    outer loop
      vertex -86.5217 98.0434 -5
      vertex -86.434 98.1616 5
      vertex -86.434 98.1616 -5
    endloop
  endfacet
  facet normal -0.803088 0.595861 0
    outer loop
      vertex -86.434 98.1616 5
      vertex -86.5217 98.0434 -5
      vertex -86.5217 98.0434 5
    endloop
  endfacet
  facet normal -0.903738 0.428086 0
    outer loop
      vertex -86.3584 98.2879 -5
      vertex -86.2954 98.4209 5
      vertex -86.2954 98.4209 -5
    endloop
  endfacet
  facet normal -0.903738 0.428086 0
    outer loop
      vertex -86.2954 98.4209 5
      vertex -86.3584 98.2879 -5
      vertex -86.3584 98.2879 5
    endloop
  endfacet
  facet normal -0.597173 -0.802112 0
    outer loop
      vertex -86.8479 100.242 -5
      vertex -86.7297 100.154 5
      vertex -86.8479 100.242 5
    endloop
  endfacet
  facet normal -0.597173 -0.802112 -0
    outer loop
      vertex -86.7297 100.154 5
      vertex -86.8479 100.242 -5
      vertex -86.7297 100.154 -5
    endloop
  endfacet
  facet normal -0.333318 -0.942814 0
    outer loop
      vertex -87.2458 100.43 -5
      vertex -87.1072 100.381 5
      vertex -87.2458 100.43 5
    endloop
  endfacet
  facet normal -0.333318 -0.942814 -0
    outer loop
      vertex -87.1072 100.381 5
      vertex -87.2458 100.43 -5
      vertex -87.1072 100.381 -5
    endloop
  endfacet
  facet normal -0.427824 -0.903862 0
    outer loop
      vertex -87.1072 100.381 -5
      vertex -86.9741 100.318 5
      vertex -87.1072 100.381 5
    endloop
  endfacet
  facet normal -0.427824 -0.903862 -0
    outer loop
      vertex -86.9741 100.318 5
      vertex -87.1072 100.381 -5
      vertex -86.9741 100.318 -5
    endloop
  endfacet
  facet normal 0.803413 -0.595423 0
    outer loop
      vertex -88.9284 99.8283 5
      vertex -88.8408 99.9465 -5
      vertex -88.8408 99.9465 5
    endloop
  endfacet
  facet normal 0.803413 -0.595423 0
    outer loop
      vertex -88.8408 99.9465 -5
      vertex -88.9284 99.8283 5
      vertex -88.9284 99.8283 -5
    endloop
  endfacet
  facet normal 0.597173 -0.802112 0
    outer loop
      vertex -88.6328 100.154 -5
      vertex -88.5146 100.242 5
      vertex -88.6328 100.154 5
    endloop
  endfacet
  facet normal 0.597173 -0.802112 0
    outer loop
      vertex -88.5146 100.242 5
      vertex -88.6328 100.154 -5
      vertex -88.5146 100.242 -5
    endloop
  endfacet
  facet normal -0.244452 -0.969661 0
    outer loop
      vertex -87.3886 100.466 -5
      vertex -87.2458 100.43 5
      vertex -87.3886 100.466 5
    endloop
  endfacet
  facet normal -0.244452 -0.969661 -0
    outer loop
      vertex -87.2458 100.43 5
      vertex -87.3886 100.466 -5
      vertex -87.2458 100.43 -5
    endloop
  endfacet
  facet normal 0.244452 -0.969661 0
    outer loop
      vertex -88.1167 100.43 -5
      vertex -87.9739 100.466 5
      vertex -88.1167 100.43 5
    endloop
  endfacet
  facet normal 0.244452 -0.969661 0
    outer loop
      vertex -87.9739 100.466 5
      vertex -88.1167 100.43 -5
      vertex -87.9739 100.466 -5
    endloop
  endfacet
  facet normal -0.989174 -0.146746 0
    outer loop
      vertex -86.1885 99.142 -5
      vertex -86.2101 99.2876 5
      vertex -86.2101 99.2876 -5
    endloop
  endfacet
  facet normal -0.989174 -0.146746 0
    outer loop
      vertex -86.2101 99.2876 5
      vertex -86.1885 99.142 -5
      vertex -86.1885 99.142 5
    endloop
  endfacet
  facet normal -0.668249 -0.743938 0
    outer loop
      vertex -86.7297 100.154 -5
      vertex -86.6206 100.056 5
      vertex -86.7297 100.154 5
    endloop
  endfacet
  facet normal -0.668249 -0.743938 -0
    outer loop
      vertex -86.6206 100.056 5
      vertex -86.7297 100.154 -5
      vertex -86.6206 100.056 -5
    endloop
  endfacet
  facet normal -0.903738 -0.428086 0
    outer loop
      vertex -86.2954 99.569 -5
      vertex -86.3584 99.702 5
      vertex -86.3584 99.702 -5
    endloop
  endfacet
  facet normal -0.903738 -0.428086 0
    outer loop
      vertex -86.3584 99.702 5
      vertex -86.2954 99.569 -5
      vertex -86.2954 99.569 5
    endloop
  endfacet
  facet normal -0.858032 -0.513596 0
    outer loop
      vertex -86.3584 99.702 -5
      vertex -86.434 99.8283 5
      vertex -86.434 99.8283 -5
    endloop
  endfacet
  facet normal -0.858032 -0.513596 0
    outer loop
      vertex -86.434 99.8283 5
      vertex -86.3584 99.702 -5
      vertex -86.3584 99.702 5
    endloop
  endfacet
  facet normal -0.803088 -0.595861 0
    outer loop
      vertex -86.434 99.8283 -5
      vertex -86.5217 99.9465 5
      vertex -86.5217 99.9465 -5
    endloop
  endfacet
  facet normal -0.803088 -0.595861 0
    outer loop
      vertex -86.5217 99.9465 5
      vertex -86.434 99.8283 -5
      vertex -86.434 99.8283 5
    endloop
  endfacet
  facet normal -0.970143 -0.242536 0
    outer loop
      vertex -86.2101 99.2876 -5
      vertex -86.2458 99.4304 5
      vertex -86.2458 99.4304 -5
    endloop
  endfacet
  facet normal -0.970143 -0.242536 0
    outer loop
      vertex -86.2458 99.4304 5
      vertex -86.2101 99.2876 -5
      vertex -86.2101 99.2876 5
    endloop
  endfacet
  facet normal -0.858032 0.513596 0
    outer loop
      vertex -86.434 98.1616 -5
      vertex -86.3584 98.2879 5
      vertex -86.3584 98.2879 -5
    endloop
  endfacet
  facet normal -0.858032 0.513596 0
    outer loop
      vertex -86.3584 98.2879 5
      vertex -86.434 98.1616 -5
      vertex -86.434 98.1616 5
    endloop
  endfacet
  facet normal -0.941527 0.336939 0
    outer loop
      vertex -86.2954 98.4209 -5
      vertex -86.2458 98.5595 5
      vertex -86.2458 98.5595 -5
    endloop
  endfacet
  facet normal -0.941527 0.336939 0
    outer loop
      vertex -86.2458 98.5595 5
      vertex -86.2954 98.4209 -5
      vertex -86.2954 98.4209 5
    endloop
  endfacet
  facet normal -0.989174 0.146746 0
    outer loop
      vertex -86.2101 98.7023 -5
      vertex -86.1885 98.8479 5
      vertex -86.1885 98.8479 -5
    endloop
  endfacet
  facet normal -0.989174 0.146746 0
    outer loop
      vertex -86.1885 98.8479 5
      vertex -86.2101 98.7023 -5
      vertex -86.2101 98.7023 5
    endloop
  endfacet
  facet normal -0.998771 -0.0495651 0
    outer loop
      vertex -86.1812 98.9949 -5
      vertex -86.1885 99.142 5
      vertex -86.1885 99.142 -5
    endloop
  endfacet
  facet normal -0.998771 -0.0495651 0
    outer loop
      vertex -86.1885 99.142 5
      vertex -86.1812 98.9949 -5
      vertex -86.1812 98.9949 5
    endloop
  endfacet
  facet normal -0.998769 0.0495987 0
    outer loop
      vertex -86.1885 98.8479 -5
      vertex -86.1812 98.9949 5
      vertex -86.1812 98.9949 -5
    endloop
  endfacet
  facet normal -0.998769 0.0495987 0
    outer loop
      vertex -86.1812 98.9949 5
      vertex -86.1885 98.8479 -5
      vertex -86.1885 98.8479 5
    endloop
  endfacet
  facet normal -0.515893 -0.856653 0
    outer loop
      vertex -86.9741 100.318 -5
      vertex -86.8479 100.242 5
      vertex -86.9741 100.318 5
    endloop
  endfacet
  facet normal -0.515893 -0.856653 -0
    outer loop
      vertex -86.8479 100.242 5
      vertex -86.9741 100.318 -5
      vertex -86.8479 100.242 -5
    endloop
  endfacet
  facet normal -0.149403 -0.988776 0
    outer loop
      vertex -87.5342 100.488 -5
      vertex -87.3886 100.466 5
      vertex -87.5342 100.488 5
    endloop
  endfacet
  facet normal -0.149403 -0.988776 -0
    outer loop
      vertex -87.3886 100.466 5
      vertex -87.5342 100.488 -5
      vertex -87.3886 100.466 -5
    endloop
  endfacet
  facet normal 0.0475329 -0.99887 0
    outer loop
      vertex -87.8283 100.488 -5
      vertex -87.6812 100.495 5
      vertex -87.8283 100.488 5
    endloop
  endfacet
  facet normal 0.0475329 -0.99887 0
    outer loop
      vertex -87.6812 100.495 5
      vertex -87.8283 100.488 -5
      vertex -87.6812 100.495 -5
    endloop
  endfacet
  facet normal -0.0475651 -0.998868 0
    outer loop
      vertex -87.6812 100.495 -5
      vertex -87.5342 100.488 5
      vertex -87.6812 100.495 5
    endloop
  endfacet
  facet normal -0.0475651 -0.998868 -0
    outer loop
      vertex -87.5342 100.488 5
      vertex -87.6812 100.495 -5
      vertex -87.5342 100.488 -5
    endloop
  endfacet
  facet normal 0.969742 -0.244131 0
    outer loop
      vertex -100.466 110.601 5
      vertex -100.43 110.744 -5
      vertex -100.43 110.744 5
    endloop
  endfacet
  facet normal 0.969742 -0.244131 0
    outer loop
      vertex -100.43 110.744 -5
      vertex -100.466 110.601 5
      vertex -100.466 110.601 -5
    endloop
  endfacet
  facet normal 0.903738 0.428086 0
    outer loop
      vertex -100.318 109.602 5
      vertex -100.381 109.735 -5
      vertex -100.381 109.735 5
    endloop
  endfacet
  facet normal 0.903738 0.428086 0
    outer loop
      vertex -100.381 109.735 -5
      vertex -100.318 109.602 5
      vertex -100.318 109.602 -5
    endloop
  endfacet
  facet normal 0.339344 0.940662 -0
    outer loop
      vertex -99.4304 108.873 -5
      vertex -99.569 108.923 5
      vertex -99.4304 108.873 5
    endloop
  endfacet
  facet normal 0.339344 0.940662 0
    outer loop
      vertex -99.569 108.923 5
      vertex -99.4304 108.873 -5
      vertex -99.569 108.923 -5
    endloop
  endfacet
  facet normal -0.428086 0.903738 0
    outer loop
      vertex -98.2879 108.986 -5
      vertex -98.4209 108.923 5
      vertex -98.2879 108.986 5
    endloop
  endfacet
  facet normal -0.428086 0.903738 0
    outer loop
      vertex -98.4209 108.923 5
      vertex -98.2879 108.986 -5
      vertex -98.4209 108.923 -5
    endloop
  endfacet
  facet normal 0.670647 -0.741776 0
    outer loop
      vertex -100.056 111.369 -5
      vertex -99.9465 111.468 5
      vertex -100.056 111.369 5
    endloop
  endfacet
  facet normal 0.670647 -0.741776 0
    outer loop
      vertex -99.9465 111.468 5
      vertex -100.056 111.369 -5
      vertex -99.9465 111.468 -5
    endloop
  endfacet
  facet normal -0.339344 -0.940662 0
    outer loop
      vertex -98.5595 111.744 -5
      vertex -98.4209 111.694 5
      vertex -98.5595 111.744 5
    endloop
  endfacet
  facet normal -0.339344 -0.940662 -0
    outer loop
      vertex -98.4209 111.694 5
      vertex -98.5595 111.744 -5
      vertex -98.4209 111.694 -5
    endloop
  endfacet
  facet normal -0.740585 0.671962 0
    outer loop
      vertex -97.9343 109.248 -5
      vertex -97.8354 109.357 5
      vertex -97.8354 109.357 -5
    endloop
  endfacet
  facet normal -0.740585 0.671962 0
    outer loop
      vertex -97.8354 109.357 5
      vertex -97.9343 109.248 -5
      vertex -97.9343 109.248 5
    endloop
  endfacet
  facet normal 0.0475329 0.99887 -0
    outer loop
      vertex -98.9949 108.809 -5
      vertex -99.142 108.816 5
      vertex -98.9949 108.809 5
    endloop
  endfacet
  facet normal 0.0475329 0.99887 0
    outer loop
      vertex -99.142 108.816 5
      vertex -98.9949 108.809 -5
      vertex -99.142 108.816 -5
    endloop
  endfacet
  facet normal -0.740585 -0.671962 0
    outer loop
      vertex -97.8354 111.26 -5
      vertex -97.9343 111.369 5
      vertex -97.9343 111.369 -5
    endloop
  endfacet
  facet normal -0.740585 -0.671962 0
    outer loop
      vertex -97.9343 111.369 5
      vertex -97.8354 111.26 -5
      vertex -97.8354 111.26 5
    endloop
  endfacet
  facet normal 0.801627 -0.597824 0
    outer loop
      vertex -100.242 111.142 5
      vertex -100.154 111.26 -5
      vertex -100.154 111.26 5
    endloop
  endfacet
  facet normal 0.801627 -0.597824 0
    outer loop
      vertex -100.154 111.26 -5
      vertex -100.242 111.142 5
      vertex -100.242 111.142 -5
    endloop
  endfacet
  facet normal 0.988685 -0.150007 0
    outer loop
      vertex -100.488 110.456 5
      vertex -100.466 110.601 -5
      vertex -100.466 110.601 5
    endloop
  endfacet
  facet normal 0.988685 -0.150007 0
    outer loop
      vertex -100.466 110.601 -5
      vertex -100.488 110.456 5
      vertex -100.488 110.456 -5
    endloop
  endfacet
  facet normal 0.998868 0.0475651 0
    outer loop
      vertex -100.488 110.162 5
      vertex -100.495 110.309 -5
      vertex -100.495 110.309 5
    endloop
  endfacet
  facet normal 0.998868 0.0475651 0
    outer loop
      vertex -100.495 110.309 -5
      vertex -100.488 110.162 5
      vertex -100.488 110.162 -5
    endloop
  endfacet
  facet normal 0.998868 -0.0475651 0
    outer loop
      vertex -100.495 110.309 5
      vertex -100.488 110.456 -5
      vertex -100.488 110.456 5
    endloop
  endfacet
  facet normal 0.998868 -0.0475651 0
    outer loop
      vertex -100.488 110.456 -5
      vertex -100.495 110.309 5
      vertex -100.495 110.309 -5
    endloop
  endfacet
  facet normal 0.670647 0.741776 -0
    outer loop
      vertex -99.9465 109.149 -5
      vertex -100.056 109.248 5
      vertex -99.9465 109.149 5
    endloop
  endfacet
  facet normal 0.670647 0.741776 0
    outer loop
      vertex -100.056 109.248 5
      vertex -99.9465 109.149 -5
      vertex -100.056 109.248 -5
    endloop
  endfacet
  facet normal 0.858089 0.513502 0
    outer loop
      vertex -100.242 109.475 5
      vertex -100.318 109.602 -5
      vertex -100.318 109.602 5
    endloop
  endfacet
  facet normal 0.858089 0.513502 0
    outer loop
      vertex -100.318 109.602 -5
      vertex -100.242 109.475 5
      vertex -100.242 109.475 -5
    endloop
  endfacet
  facet normal 0.801627 0.597824 0
    outer loop
      vertex -100.154 109.357 5
      vertex -100.242 109.475 -5
      vertex -100.242 109.475 5
    endloop
  endfacet
  facet normal 0.801627 0.597824 0
    outer loop
      vertex -100.242 109.475 -5
      vertex -100.154 109.357 5
      vertex -100.154 109.357 -5
    endloop
  endfacet
  facet normal 0.743633 0.668588 0
    outer loop
      vertex -100.056 109.248 5
      vertex -100.154 109.357 -5
      vertex -100.154 109.357 5
    endloop
  endfacet
  facet normal 0.743633 0.668588 0
    outer loop
      vertex -100.154 109.357 -5
      vertex -100.056 109.248 5
      vertex -100.056 109.248 -5
    endloop
  endfacet
  facet normal 0.988837 0.149003 0
    outer loop
      vertex -100.466 110.016 5
      vertex -100.488 110.162 -5
      vertex -100.488 110.162 5
    endloop
  endfacet
  facet normal 0.988837 0.149003 0
    outer loop
      vertex -100.488 110.162 -5
      vertex -100.466 110.016 5
      vertex -100.466 110.016 -5
    endloop
  endfacet
  facet normal 0.969742 0.244131 0
    outer loop
      vertex -100.43 109.873 5
      vertex -100.466 110.016 -5
      vertex -100.466 110.016 5
    endloop
  endfacet
  facet normal 0.969742 0.244131 0
    outer loop
      vertex -100.466 110.016 -5
      vertex -100.43 109.873 5
      vertex -100.43 109.873 -5
    endloop
  endfacet
  facet normal -0.597173 0.802112 0
    outer loop
      vertex -98.0434 109.149 -5
      vertex -98.1616 109.061 5
      vertex -98.0434 109.149 5
    endloop
  endfacet
  facet normal -0.597173 0.802112 0
    outer loop
      vertex -98.1616 109.061 5
      vertex -98.0434 109.149 -5
      vertex -98.1616 109.061 -5
    endloop
  endfacet
  facet normal -0.142754 0.989758 0
    outer loop
      vertex -98.7023 108.837 -5
      vertex -98.8479 108.816 5
      vertex -98.7023 108.837 5
    endloop
  endfacet
  facet normal -0.142754 0.989758 0
    outer loop
      vertex -98.8479 108.816 5
      vertex -98.7023 108.837 -5
      vertex -98.8479 108.816 -5
    endloop
  endfacet
  facet normal -0.244452 0.969661 0
    outer loop
      vertex -98.5595 108.873 -5
      vertex -98.7023 108.837 5
      vertex -98.5595 108.873 5
    endloop
  endfacet
  facet normal -0.244452 0.969661 0
    outer loop
      vertex -98.7023 108.837 5
      vertex -98.5595 108.873 -5
      vertex -98.7023 108.837 -5
    endloop
  endfacet
  facet normal 0.597173 0.802112 -0
    outer loop
      vertex -99.8283 109.061 -5
      vertex -99.9465 109.149 5
      vertex -99.8283 109.061 5
    endloop
  endfacet
  facet normal 0.597173 0.802112 0
    outer loop
      vertex -99.9465 109.149 5
      vertex -99.8283 109.061 -5
      vertex -99.9465 109.149 -5
    endloop
  endfacet
  facet normal 0.510586 0.859827 -0
    outer loop
      vertex -99.702 108.986 -5
      vertex -99.8283 109.061 5
      vertex -99.702 108.986 5
    endloop
  endfacet
  facet normal 0.510586 0.859827 0
    outer loop
      vertex -99.8283 109.061 5
      vertex -99.702 108.986 -5
      vertex -99.8283 109.061 -5
    endloop
  endfacet
  facet normal 0.244452 0.969661 -0
    outer loop
      vertex -99.2876 108.837 -5
      vertex -99.4304 108.873 5
      vertex -99.2876 108.837 5
    endloop
  endfacet
  facet normal 0.244452 0.969661 0
    outer loop
      vertex -99.4304 108.873 5
      vertex -99.2876 108.837 -5
      vertex -99.4304 108.873 -5
    endloop
  endfacet
  facet normal 0.142754 0.989758 -0
    outer loop
      vertex -99.142 108.816 -5
      vertex -99.2876 108.837 5
      vertex -99.142 108.816 5
    endloop
  endfacet
  facet normal 0.142754 0.989758 0
    outer loop
      vertex -99.2876 108.837 5
      vertex -99.142 108.816 -5
      vertex -99.2876 108.837 -5
    endloop
  endfacet
  facet normal -0.0475651 0.998868 0
    outer loop
      vertex -98.8479 108.816 -5
      vertex -98.9949 108.809 5
      vertex -98.8479 108.816 5
    endloop
  endfacet
  facet normal -0.0475651 0.998868 0
    outer loop
      vertex -98.9949 108.809 5
      vertex -98.8479 108.816 -5
      vertex -98.9949 108.809 -5
    endloop
  endfacet
  facet normal 0.743633 -0.668588 0
    outer loop
      vertex -100.154 111.26 5
      vertex -100.056 111.369 -5
      vertex -100.056 111.369 5
    endloop
  endfacet
  facet normal 0.743633 -0.668588 0
    outer loop
      vertex -100.056 111.369 -5
      vertex -100.154 111.26 5
      vertex -100.154 111.26 -5
    endloop
  endfacet
  facet normal 0.142754 -0.989758 0
    outer loop
      vertex -99.2876 111.78 -5
      vertex -99.142 111.801 5
      vertex -99.2876 111.78 5
    endloop
  endfacet
  facet normal 0.142754 -0.989758 0
    outer loop
      vertex -99.142 111.801 5
      vertex -99.2876 111.78 -5
      vertex -99.142 111.801 -5
    endloop
  endfacet
  facet normal -0.597173 -0.802112 0
    outer loop
      vertex -98.1616 111.556 -5
      vertex -98.0434 111.468 5
      vertex -98.1616 111.556 5
    endloop
  endfacet
  facet normal -0.597173 -0.802112 -0
    outer loop
      vertex -98.0434 111.468 5
      vertex -98.1616 111.556 -5
      vertex -98.0434 111.468 -5
    endloop
  endfacet
  facet normal 0.943116 -0.332465 0
    outer loop
      vertex -100.43 110.744 5
      vertex -100.381 110.883 -5
      vertex -100.381 110.883 5
    endloop
  endfacet
  facet normal 0.943116 -0.332465 0
    outer loop
      vertex -100.381 110.883 -5
      vertex -100.43 110.744 5
      vertex -100.43 110.744 -5
    endloop
  endfacet
  facet normal 0.903738 -0.428086 0
    outer loop
      vertex -100.381 110.883 5
      vertex -100.318 111.016 -5
      vertex -100.318 111.016 5
    endloop
  endfacet
  facet normal 0.903738 -0.428086 0
    outer loop
      vertex -100.318 111.016 -5
      vertex -100.381 110.883 5
      vertex -100.381 110.883 -5
    endloop
  endfacet
  facet normal 0.856291 -0.516493 0
    outer loop
      vertex -100.318 111.016 5
      vertex -100.242 111.142 -5
      vertex -100.242 111.142 5
    endloop
  endfacet
  facet normal 0.856291 -0.516493 0
    outer loop
      vertex -100.242 111.142 -5
      vertex -100.318 111.016 5
      vertex -100.318 111.016 -5
    endloop
  endfacet
  facet normal 0.942358 0.334605 0
    outer loop
      vertex -100.381 109.735 5
      vertex -100.43 109.873 -5
      vertex -100.43 109.873 5
    endloop
  endfacet
  facet normal 0.942358 0.334605 0
    outer loop
      vertex -100.43 109.873 -5
      vertex -100.381 109.735 5
      vertex -100.381 109.735 -5
    endloop
  endfacet
  facet normal -0.671997 0.740554 0
    outer loop
      vertex -97.9343 109.248 -5
      vertex -98.0434 109.149 5
      vertex -97.9343 109.248 5
    endloop
  endfacet
  facet normal -0.671997 0.740554 0
    outer loop
      vertex -98.0434 109.149 5
      vertex -97.9343 109.248 -5
      vertex -98.0434 109.149 -5
    endloop
  endfacet
  facet normal -0.510586 0.859827 0
    outer loop
      vertex -98.1616 109.061 -5
      vertex -98.2879 108.986 5
      vertex -98.1616 109.061 5
    endloop
  endfacet
  facet normal -0.510586 0.859827 0
    outer loop
      vertex -98.2879 108.986 5
      vertex -98.1616 109.061 -5
      vertex -98.2879 108.986 -5
    endloop
  endfacet
  facet normal -0.339344 0.940662 0
    outer loop
      vertex -98.4209 108.923 -5
      vertex -98.5595 108.873 5
      vertex -98.4209 108.923 5
    endloop
  endfacet
  facet normal -0.339344 0.940662 0
    outer loop
      vertex -98.5595 108.873 5
      vertex -98.4209 108.923 -5
      vertex -98.5595 108.873 -5
    endloop
  endfacet
  facet normal 0.428086 0.903738 -0
    outer loop
      vertex -99.569 108.923 -5
      vertex -99.702 108.986 5
      vertex -99.569 108.923 5
    endloop
  endfacet
  facet normal 0.428086 0.903738 0
    outer loop
      vertex -99.702 108.986 5
      vertex -99.569 108.923 -5
      vertex -99.702 108.986 -5
    endloop
  endfacet
  facet normal 0.597173 -0.802112 0
    outer loop
      vertex -99.9465 111.468 -5
      vertex -99.8283 111.556 5
      vertex -99.9465 111.468 5
    endloop
  endfacet
  facet normal 0.597173 -0.802112 0
    outer loop
      vertex -99.8283 111.556 5
      vertex -99.9465 111.468 -5
      vertex -99.8283 111.556 -5
    endloop
  endfacet
  facet normal 0.515593 -0.856834 0
    outer loop
      vertex -99.8283 111.556 -5
      vertex -99.702 111.632 5
      vertex -99.8283 111.556 5
    endloop
  endfacet
  facet normal 0.515593 -0.856834 0
    outer loop
      vertex -99.702 111.632 5
      vertex -99.8283 111.556 -5
      vertex -99.702 111.632 -5
    endloop
  endfacet
  facet normal 0.422512 -0.906357 0
    outer loop
      vertex -99.702 111.632 -5
      vertex -99.569 111.694 5
      vertex -99.702 111.632 5
    endloop
  endfacet
  facet normal 0.422512 -0.906357 0
    outer loop
      vertex -99.569 111.694 5
      vertex -99.702 111.632 -5
      vertex -99.569 111.694 -5
    endloop
  endfacet
  facet normal 0.339344 -0.940662 0
    outer loop
      vertex -99.569 111.694 -5
      vertex -99.4304 111.744 5
      vertex -99.569 111.694 5
    endloop
  endfacet
  facet normal 0.339344 -0.940662 0
    outer loop
      vertex -99.4304 111.744 5
      vertex -99.569 111.694 -5
      vertex -99.4304 111.744 -5
    endloop
  endfacet
  facet normal -0.941834 -0.336079 0
    outer loop
      vertex -97.5595 110.744 -5
      vertex -97.6091 110.883 5
      vertex -97.6091 110.883 -5
    endloop
  endfacet
  facet normal -0.941834 -0.336079 0
    outer loop
      vertex -97.6091 110.883 5
      vertex -97.5595 110.744 -5
      vertex -97.5595 110.744 5
    endloop
  endfacet
  facet normal -0.802604 0.596512 0
    outer loop
      vertex -97.8354 109.357 -5
      vertex -97.7477 109.475 5
      vertex -97.7477 109.475 -5
    endloop
  endfacet
  facet normal -0.802604 0.596512 0
    outer loop
      vertex -97.7477 109.475 5
      vertex -97.8354 109.357 -5
      vertex -97.8354 109.357 5
    endloop
  endfacet
  facet normal -0.998769 0.0495987 0
    outer loop
      vertex -97.5022 110.162 -5
      vertex -97.4949 110.309 5
      vertex -97.4949 110.309 -5
    endloop
  endfacet
  facet normal -0.998769 0.0495987 0
    outer loop
      vertex -97.4949 110.309 5
      vertex -97.5022 110.162 -5
      vertex -97.5022 110.162 5
    endloop
  endfacet
  facet normal -0.970222 0.242216 0
    outer loop
      vertex -97.5595 109.873 -5
      vertex -97.5238 110.016 5
      vertex -97.5238 110.016 -5
    endloop
  endfacet
  facet normal -0.970222 0.242216 0
    outer loop
      vertex -97.5238 110.016 5
      vertex -97.5595 109.873 -5
      vertex -97.5595 109.873 5
    endloop
  endfacet
  facet normal -0.989233 0.146352 0
    outer loop
      vertex -97.5238 110.016 -5
      vertex -97.5022 110.162 5
      vertex -97.5022 110.162 -5
    endloop
  endfacet
  facet normal -0.989233 0.146352 0
    outer loop
      vertex -97.5022 110.162 5
      vertex -97.5238 110.016 -5
      vertex -97.5238 110.016 5
    endloop
  endfacet
  facet normal -0.422512 -0.906357 0
    outer loop
      vertex -98.4209 111.694 -5
      vertex -98.2879 111.632 5
      vertex -98.4209 111.694 5
    endloop
  endfacet
  facet normal -0.422512 -0.906357 -0
    outer loop
      vertex -98.2879 111.632 5
      vertex -98.4209 111.694 -5
      vertex -98.2879 111.632 -5
    endloop
  endfacet
  facet normal -0.244452 -0.969661 0
    outer loop
      vertex -98.7023 111.78 -5
      vertex -98.5595 111.744 5
      vertex -98.7023 111.78 5
    endloop
  endfacet
  facet normal -0.244452 -0.969661 -0
    outer loop
      vertex -98.5595 111.744 5
      vertex -98.7023 111.78 -5
      vertex -98.5595 111.744 -5
    endloop
  endfacet
  facet normal 0.244452 -0.969661 0
    outer loop
      vertex -99.4304 111.744 -5
      vertex -99.2876 111.78 5
      vertex -99.4304 111.744 5
    endloop
  endfacet
  facet normal 0.244452 -0.969661 0
    outer loop
      vertex -99.2876 111.78 5
      vertex -99.4304 111.744 -5
      vertex -99.2876 111.78 -5
    endloop
  endfacet
  facet normal -0.989086 -0.14734 0
    outer loop
      vertex -97.5022 110.456 -5
      vertex -97.5238 110.601 5
      vertex -97.5238 110.601 -5
    endloop
  endfacet
  facet normal -0.989086 -0.14734 0
    outer loop
      vertex -97.5238 110.601 5
      vertex -97.5022 110.456 -5
      vertex -97.5022 110.456 5
    endloop
  endfacet
  facet normal -0.671997 -0.740554 0
    outer loop
      vertex -98.0434 111.468 -5
      vertex -97.9343 111.369 5
      vertex -98.0434 111.468 5
    endloop
  endfacet
  facet normal -0.671997 -0.740554 -0
    outer loop
      vertex -97.9343 111.369 5
      vertex -98.0434 111.468 -5
      vertex -97.9343 111.369 -5
    endloop
  endfacet
  facet normal -0.903738 -0.428086 0
    outer loop
      vertex -97.6091 110.883 -5
      vertex -97.6721 111.016 5
      vertex -97.6721 111.016 -5
    endloop
  endfacet
  facet normal -0.903738 -0.428086 0
    outer loop
      vertex -97.6721 111.016 5
      vertex -97.6091 110.883 -5
      vertex -97.6091 110.883 5
    endloop
  endfacet
  facet normal -0.857493 -0.514496 0
    outer loop
      vertex -97.6721 111.016 -5
      vertex -97.7477 111.142 5
      vertex -97.7477 111.142 -5
    endloop
  endfacet
  facet normal -0.857493 -0.514496 0
    outer loop
      vertex -97.7477 111.142 5
      vertex -97.6721 111.016 -5
      vertex -97.6721 111.016 5
    endloop
  endfacet
  facet normal -0.802604 -0.596512 0
    outer loop
      vertex -97.7477 111.142 -5
      vertex -97.8354 111.26 5
      vertex -97.8354 111.26 -5
    endloop
  endfacet
  facet normal -0.802604 -0.596512 0
    outer loop
      vertex -97.8354 111.26 5
      vertex -97.7477 111.142 -5
      vertex -97.7477 111.142 5
    endloop
  endfacet
  facet normal -0.970222 -0.242216 0
    outer loop
      vertex -97.5238 110.601 -5
      vertex -97.5595 110.744 5
      vertex -97.5595 110.744 -5
    endloop
  endfacet
  facet normal -0.970222 -0.242216 0
    outer loop
      vertex -97.5595 110.744 5
      vertex -97.5238 110.601 -5
      vertex -97.5238 110.601 5
    endloop
  endfacet
  facet normal -0.859279 0.511508 0
    outer loop
      vertex -97.7477 109.475 -5
      vertex -97.6721 109.602 5
      vertex -97.6721 109.602 -5
    endloop
  endfacet
  facet normal -0.859279 0.511508 0
    outer loop
      vertex -97.6721 109.602 5
      vertex -97.7477 109.475 -5
      vertex -97.7477 109.475 5
    endloop
  endfacet
  facet normal -0.941061 0.338236 0
    outer loop
      vertex -97.6091 109.735 -5
      vertex -97.5595 109.873 5
      vertex -97.5595 109.873 -5
    endloop
  endfacet
  facet normal -0.941061 0.338236 0
    outer loop
      vertex -97.5595 109.873 5
      vertex -97.6091 109.735 -5
      vertex -97.6091 109.735 5
    endloop
  endfacet
  facet normal -0.903738 0.428086 0
    outer loop
      vertex -97.6721 109.602 -5
      vertex -97.6091 109.735 5
      vertex -97.6091 109.735 -5
    endloop
  endfacet
  facet normal -0.903738 0.428086 0
    outer loop
      vertex -97.6091 109.735 5
      vertex -97.6721 109.602 -5
      vertex -97.6721 109.602 5
    endloop
  endfacet
  facet normal -0.998769 -0.0495987 0
    outer loop
      vertex -97.4949 110.309 -5
      vertex -97.5022 110.456 5
      vertex -97.5022 110.456 -5
    endloop
  endfacet
  facet normal -0.998769 -0.0495987 0
    outer loop
      vertex -97.5022 110.456 5
      vertex -97.4949 110.309 -5
      vertex -97.4949 110.309 5
    endloop
  endfacet
  facet normal -0.515593 -0.856834 0
    outer loop
      vertex -98.2879 111.632 -5
      vertex -98.1616 111.556 5
      vertex -98.2879 111.632 5
    endloop
  endfacet
  facet normal -0.515593 -0.856834 -0
    outer loop
      vertex -98.1616 111.556 5
      vertex -98.2879 111.632 -5
      vertex -98.1616 111.556 -5
    endloop
  endfacet
  facet normal -0.142754 -0.989758 0
    outer loop
      vertex -98.8479 111.801 -5
      vertex -98.7023 111.78 5
      vertex -98.8479 111.801 5
    endloop
  endfacet
  facet normal -0.142754 -0.989758 -0
    outer loop
      vertex -98.7023 111.78 5
      vertex -98.8479 111.801 -5
      vertex -98.7023 111.78 -5
    endloop
  endfacet
  facet normal 0.0543045 -0.998524 0
    outer loop
      vertex -99.142 111.801 -5
      vertex -98.9949 111.809 5
      vertex -99.142 111.801 5
    endloop
  endfacet
  facet normal 0.0543045 -0.998524 0
    outer loop
      vertex -98.9949 111.809 5
      vertex -99.142 111.801 -5
      vertex -98.9949 111.809 -5
    endloop
  endfacet
  facet normal -0.0543414 -0.998522 0
    outer loop
      vertex -98.9949 111.809 -5
      vertex -98.8479 111.801 5
      vertex -98.9949 111.809 5
    endloop
  endfacet
  facet normal -0.0543414 -0.998522 -0
    outer loop
      vertex -98.8479 111.801 5
      vertex -98.9949 111.809 -5
      vertex -98.8479 111.801 -5
    endloop
  endfacet
  facet normal 0.989758 0.142754 0
    outer loop
      vertex -111.78 98.7023 5
      vertex -111.801 98.8479 -5
      vertex -111.801 98.8479 5
    endloop
  endfacet
  facet normal 0.989758 0.142754 0
    outer loop
      vertex -111.801 98.8479 -5
      vertex -111.78 98.7023 5
      vertex -111.78 98.7023 -5
    endloop
  endfacet
  facet normal 0.336079 0.941834 -0
    outer loop
      vertex -110.744 97.5595 -5
      vertex -110.883 97.6091 5
      vertex -110.744 97.5595 5
    endloop
  endfacet
  facet normal 0.336079 0.941834 0
    outer loop
      vertex -110.883 97.6091 5
      vertex -110.744 97.5595 -5
      vertex -110.883 97.6091 -5
    endloop
  endfacet
  facet normal -0.428086 0.903738 0
    outer loop
      vertex -109.602 97.6721 -5
      vertex -109.735 97.6091 5
      vertex -109.602 97.6721 5
    endloop
  endfacet
  facet normal -0.428086 0.903738 0
    outer loop
      vertex -109.735 97.6091 5
      vertex -109.602 97.6721 -5
      vertex -109.735 97.6091 -5
    endloop
  endfacet
  facet normal 0.940662 -0.339344 0
    outer loop
      vertex -111.744 99.4304 5
      vertex -111.694 99.569 -5
      vertex -111.694 99.569 5
    endloop
  endfacet
  facet normal 0.940662 -0.339344 0
    outer loop
      vertex -111.694 99.569 -5
      vertex -111.744 99.4304 5
      vertex -111.744 99.4304 -5
    endloop
  endfacet
  facet normal 0.969661 -0.244452 0
    outer loop
      vertex -111.78 99.2876 5
      vertex -111.744 99.4304 -5
      vertex -111.744 99.4304 5
    endloop
  endfacet
  facet normal 0.969661 -0.244452 0
    outer loop
      vertex -111.744 99.4304 -5
      vertex -111.78 99.2876 5
      vertex -111.78 99.2876 -5
    endloop
  endfacet
  facet normal 0.906357 0.422512 0
    outer loop
      vertex -111.632 98.2879 5
      vertex -111.694 98.4209 -5
      vertex -111.694 98.4209 5
    endloop
  endfacet
  facet normal 0.906357 0.422512 0
    outer loop
      vertex -111.694 98.4209 -5
      vertex -111.632 98.2879 5
      vertex -111.632 98.2879 -5
    endloop
  endfacet
  facet normal 0.740554 0.671997 0
    outer loop
      vertex -111.369 97.9343 5
      vertex -111.468 98.0434 -5
      vertex -111.468 98.0434 5
    endloop
  endfacet
  facet normal 0.740554 0.671997 0
    outer loop
      vertex -111.468 98.0434 -5
      vertex -111.369 97.9343 5
      vertex -111.369 97.9343 -5
    endloop
  endfacet
  facet normal -0.671962 0.740585 0
    outer loop
      vertex -109.248 97.9343 -5
      vertex -109.357 97.8354 5
      vertex -109.248 97.9343 5
    endloop
  endfacet
  facet normal -0.671962 0.740585 0
    outer loop
      vertex -109.357 97.8354 5
      vertex -109.248 97.9343 -5
      vertex -109.357 97.8354 -5
    endloop
  endfacet
  facet normal -0.146352 0.989233 0
    outer loop
      vertex -110.016 97.5238 -5
      vertex -110.162 97.5022 5
      vertex -110.016 97.5238 5
    endloop
  endfacet
  facet normal -0.146352 0.989233 0
    outer loop
      vertex -110.162 97.5022 5
      vertex -110.016 97.5238 -5
      vertex -110.162 97.5022 -5
    endloop
  endfacet
  facet normal 0.514496 0.857493 -0
    outer loop
      vertex -111.016 97.6721 -5
      vertex -111.142 97.7477 5
      vertex -111.016 97.6721 5
    endloop
  endfacet
  facet normal 0.514496 0.857493 0
    outer loop
      vertex -111.142 97.7477 5
      vertex -111.016 97.6721 -5
      vertex -111.142 97.7477 -5
    endloop
  endfacet
  facet normal 0.668588 -0.743633 0
    outer loop
      vertex -111.369 100.056 -5
      vertex -111.26 100.154 5
      vertex -111.369 100.056 5
    endloop
  endfacet
  facet normal 0.668588 -0.743633 0
    outer loop
      vertex -111.26 100.154 5
      vertex -111.369 100.056 -5
      vertex -111.26 100.154 -5
    endloop
  endfacet
  facet normal 0.150007 -0.988685 0
    outer loop
      vertex -110.601 100.466 -5
      vertex -110.456 100.488 5
      vertex -110.601 100.466 5
    endloop
  endfacet
  facet normal 0.150007 -0.988685 0
    outer loop
      vertex -110.456 100.488 5
      vertex -110.601 100.466 -5
      vertex -110.456 100.488 -5
    endloop
  endfacet
  facet normal -0.741776 -0.670647 0
    outer loop
      vertex -109.149 99.9465 -5
      vertex -109.248 100.056 5
      vertex -109.248 100.056 -5
    endloop
  endfacet
  facet normal -0.741776 -0.670647 0
    outer loop
      vertex -109.248 100.056 5
      vertex -109.149 99.9465 -5
      vertex -109.149 99.9465 5
    endloop
  endfacet
  facet normal -0.989758 -0.142754 0
    outer loop
      vertex -108.816 99.142 -5
      vertex -108.837 99.2876 5
      vertex -108.837 99.2876 -5
    endloop
  endfacet
  facet normal -0.989758 -0.142754 0
    outer loop
      vertex -108.837 99.2876 5
      vertex -108.816 99.142 -5
      vertex -108.816 99.142 5
    endloop
  endfacet
  facet normal -0.940662 0.339344 0
    outer loop
      vertex -108.923 98.4209 -5
      vertex -108.873 98.5595 5
      vertex -108.873 98.5595 -5
    endloop
  endfacet
  facet normal -0.940662 0.339344 0
    outer loop
      vertex -108.873 98.5595 5
      vertex -108.923 98.4209 -5
      vertex -108.923 98.4209 5
    endloop
  endfacet
  facet normal -0.998868 0.0475651 0
    outer loop
      vertex -108.816 98.8479 -5
      vertex -108.809 98.9949 5
      vertex -108.809 98.9949 -5
    endloop
  endfacet
  facet normal -0.998868 0.0475651 0
    outer loop
      vertex -108.809 98.9949 5
      vertex -108.816 98.8479 -5
      vertex -108.816 98.8479 5
    endloop
  endfacet
  facet normal 0.802112 -0.597173 0
    outer loop
      vertex -111.556 99.8283 5
      vertex -111.468 99.9465 -5
      vertex -111.468 99.9465 5
    endloop
  endfacet
  facet normal 0.802112 -0.597173 0
    outer loop
      vertex -111.468 99.9465 -5
      vertex -111.556 99.8283 5
      vertex -111.556 99.8283 -5
    endloop
  endfacet
  facet normal 0.856834 -0.515593 0
    outer loop
      vertex -111.632 99.702 5
      vertex -111.556 99.8283 -5
      vertex -111.556 99.8283 5
    endloop
  endfacet
  facet normal 0.856834 -0.515593 0
    outer loop
      vertex -111.556 99.8283 -5
      vertex -111.632 99.702 5
      vertex -111.632 99.702 -5
    endloop
  endfacet
  facet normal 0.906357 -0.422512 0
    outer loop
      vertex -111.694 99.569 5
      vertex -111.632 99.702 -5
      vertex -111.632 99.702 5
    endloop
  endfacet
  facet normal 0.906357 -0.422512 0
    outer loop
      vertex -111.632 99.702 -5
      vertex -111.694 99.569 5
      vertex -111.694 99.569 -5
    endloop
  endfacet
  facet normal 0.998524 -0.0543045 0
    outer loop
      vertex -111.809 98.9949 5
      vertex -111.801 99.142 -5
      vertex -111.801 99.142 5
    endloop
  endfacet
  facet normal 0.998524 -0.0543045 0
    outer loop
      vertex -111.801 99.142 -5
      vertex -111.809 98.9949 5
      vertex -111.809 98.9949 -5
    endloop
  endfacet
  facet normal 0.989758 -0.142754 0
    outer loop
      vertex -111.801 99.142 5
      vertex -111.78 99.2876 -5
      vertex -111.78 99.2876 5
    endloop
  endfacet
  facet normal 0.989758 -0.142754 0
    outer loop
      vertex -111.78 99.2876 -5
      vertex -111.801 99.142 5
      vertex -111.801 99.142 -5
    endloop
  endfacet
  facet normal 0.998522 0.0543414 0
    outer loop
      vertex -111.801 98.8479 5
      vertex -111.809 98.9949 -5
      vertex -111.809 98.9949 5
    endloop
  endfacet
  facet normal 0.998522 0.0543414 0
    outer loop
      vertex -111.809 98.9949 -5
      vertex -111.801 98.8479 5
      vertex -111.801 98.8479 -5
    endloop
  endfacet
  facet normal 0.969661 0.244452 0
    outer loop
      vertex -111.744 98.5595 5
      vertex -111.78 98.7023 -5
      vertex -111.78 98.7023 5
    endloop
  endfacet
  facet normal 0.969661 0.244452 0
    outer loop
      vertex -111.78 98.7023 -5
      vertex -111.744 98.5595 5
      vertex -111.744 98.5595 -5
    endloop
  endfacet
  facet normal 0.671962 0.740585 -0
    outer loop
      vertex -111.26 97.8354 -5
      vertex -111.369 97.9343 5
      vertex -111.26 97.8354 5
    endloop
  endfacet
  facet normal 0.671962 0.740585 0
    outer loop
      vertex -111.369 97.9343 5
      vertex -111.26 97.8354 -5
      vertex -111.369 97.9343 -5
    endloop
  endfacet
  facet normal 0.940662 0.339344 0
    outer loop
      vertex -111.694 98.4209 5
      vertex -111.744 98.5595 -5
      vertex -111.744 98.5595 5
    endloop
  endfacet
  facet normal 0.940662 0.339344 0
    outer loop
      vertex -111.744 98.5595 -5
      vertex -111.694 98.4209 5
      vertex -111.694 98.4209 -5
    endloop
  endfacet
  facet normal 0.856834 0.515593 0
    outer loop
      vertex -111.556 98.1616 5
      vertex -111.632 98.2879 -5
      vertex -111.632 98.2879 5
    endloop
  endfacet
  facet normal 0.856834 0.515593 0
    outer loop
      vertex -111.632 98.2879 -5
      vertex -111.556 98.1616 5
      vertex -111.556 98.1616 -5
    endloop
  endfacet
  facet normal 0.802112 0.597173 0
    outer loop
      vertex -111.468 98.0434 5
      vertex -111.556 98.1616 -5
      vertex -111.556 98.1616 5
    endloop
  endfacet
  facet normal 0.802112 0.597173 0
    outer loop
      vertex -111.556 98.1616 -5
      vertex -111.468 98.0434 5
      vertex -111.468 98.0434 -5
    endloop
  endfacet
  facet normal -0.511508 0.859279 0
    outer loop
      vertex -109.475 97.7477 -5
      vertex -109.602 97.6721 5
      vertex -109.475 97.7477 5
    endloop
  endfacet
  facet normal -0.511508 0.859279 0
    outer loop
      vertex -109.602 97.6721 5
      vertex -109.475 97.7477 -5
      vertex -109.602 97.6721 -5
    endloop
  endfacet
  facet normal -0.596512 0.802604 0
    outer loop
      vertex -109.357 97.8354 -5
      vertex -109.475 97.7477 5
      vertex -109.357 97.8354 5
    endloop
  endfacet
  facet normal -0.596512 0.802604 0
    outer loop
      vertex -109.475 97.7477 5
      vertex -109.357 97.8354 -5
      vertex -109.475 97.7477 -5
    endloop
  endfacet
  facet normal -0.338236 0.941061 0
    outer loop
      vertex -109.735 97.6091 -5
      vertex -109.873 97.5595 5
      vertex -109.735 97.6091 5
    endloop
  endfacet
  facet normal -0.338236 0.941061 0
    outer loop
      vertex -109.873 97.5595 5
      vertex -109.735 97.6091 -5
      vertex -109.873 97.5595 -5
    endloop
  endfacet
  facet normal -0.242216 0.970222 0
    outer loop
      vertex -109.873 97.5595 -5
      vertex -110.016 97.5238 5
      vertex -109.873 97.5595 5
    endloop
  endfacet
  facet normal -0.242216 0.970222 0
    outer loop
      vertex -110.016 97.5238 5
      vertex -109.873 97.5595 -5
      vertex -110.016 97.5238 -5
    endloop
  endfacet
  facet normal 0.428086 0.903738 -0
    outer loop
      vertex -110.883 97.6091 -5
      vertex -111.016 97.6721 5
      vertex -110.883 97.6091 5
    endloop
  endfacet
  facet normal 0.428086 0.903738 0
    outer loop
      vertex -111.016 97.6721 5
      vertex -110.883 97.6091 -5
      vertex -111.016 97.6721 -5
    endloop
  endfacet
  facet normal 0.596512 0.802604 -0
    outer loop
      vertex -111.142 97.7477 -5
      vertex -111.26 97.8354 5
      vertex -111.142 97.7477 5
    endloop
  endfacet
  facet normal 0.596512 0.802604 0
    outer loop
      vertex -111.26 97.8354 5
      vertex -111.142 97.7477 -5
      vertex -111.26 97.8354 -5
    endloop
  endfacet
  facet normal 0.14734 0.989086 -0
    outer loop
      vertex -110.456 97.5022 -5
      vertex -110.601 97.5238 5
      vertex -110.456 97.5022 5
    endloop
  endfacet
  facet normal 0.14734 0.989086 0
    outer loop
      vertex -110.601 97.5238 5
      vertex -110.456 97.5022 -5
      vertex -110.601 97.5238 -5
    endloop
  endfacet
  facet normal 0.0495987 0.998769 -0
    outer loop
      vertex -110.309 97.4949 -5
      vertex -110.456 97.5022 5
      vertex -110.309 97.4949 5
    endloop
  endfacet
  facet normal 0.0495987 0.998769 0
    outer loop
      vertex -110.456 97.5022 5
      vertex -110.309 97.4949 -5
      vertex -110.456 97.5022 -5
    endloop
  endfacet
  facet normal 0.242216 0.970222 -0
    outer loop
      vertex -110.601 97.5238 -5
      vertex -110.744 97.5595 5
      vertex -110.601 97.5238 5
    endloop
  endfacet
  facet normal 0.242216 0.970222 0
    outer loop
      vertex -110.744 97.5595 5
      vertex -110.601 97.5238 -5
      vertex -110.744 97.5595 -5
    endloop
  endfacet
  facet normal -0.0495987 0.998769 0
    outer loop
      vertex -110.162 97.5022 -5
      vertex -110.309 97.4949 5
      vertex -110.162 97.5022 5
    endloop
  endfacet
  facet normal -0.0495987 0.998769 0
    outer loop
      vertex -110.309 97.4949 5
      vertex -110.162 97.5022 -5
      vertex -110.309 97.4949 -5
    endloop
  endfacet
  facet normal 0.741776 -0.670647 0
    outer loop
      vertex -111.468 99.9465 5
      vertex -111.369 100.056 -5
      vertex -111.369 100.056 5
    endloop
  endfacet
  facet normal 0.741776 -0.670647 0
    outer loop
      vertex -111.369 100.056 -5
      vertex -111.468 99.9465 5
      vertex -111.468 99.9465 -5
    endloop
  endfacet
  facet normal -0.597824 -0.801627 0
    outer loop
      vertex -109.475 100.242 -5
      vertex -109.357 100.154 5
      vertex -109.475 100.242 5
    endloop
  endfacet
  facet normal -0.597824 -0.801627 -0
    outer loop
      vertex -109.357 100.154 5
      vertex -109.475 100.242 -5
      vertex -109.357 100.154 -5
    endloop
  endfacet
  facet normal 0.516493 -0.856291 0
    outer loop
      vertex -111.142 100.242 -5
      vertex -111.016 100.318 5
      vertex -111.142 100.242 5
    endloop
  endfacet
  facet normal 0.516493 -0.856291 0
    outer loop
      vertex -111.016 100.318 5
      vertex -111.142 100.242 -5
      vertex -111.016 100.318 -5
    endloop
  endfacet
  facet normal -0.428086 -0.903738 0
    outer loop
      vertex -109.735 100.381 -5
      vertex -109.602 100.318 5
      vertex -109.735 100.381 5
    endloop
  endfacet
  facet normal -0.428086 -0.903738 -0
    outer loop
      vertex -109.602 100.318 5
      vertex -109.735 100.381 -5
      vertex -109.602 100.318 -5
    endloop
  endfacet
  facet normal -0.0475651 -0.998868 0
    outer loop
      vertex -110.309 100.495 -5
      vertex -110.162 100.488 5
      vertex -110.309 100.495 5
    endloop
  endfacet
  facet normal -0.0475651 -0.998868 -0
    outer loop
      vertex -110.162 100.488 5
      vertex -110.309 100.495 -5
      vertex -110.162 100.488 -5
    endloop
  endfacet
  facet normal -0.244131 -0.969742 0
    outer loop
      vertex -110.016 100.466 -5
      vertex -109.873 100.43 5
      vertex -110.016 100.466 5
    endloop
  endfacet
  facet normal -0.244131 -0.969742 -0
    outer loop
      vertex -109.873 100.43 5
      vertex -110.016 100.466 -5
      vertex -109.873 100.43 -5
    endloop
  endfacet
  facet normal 0.332465 -0.943116 0
    outer loop
      vertex -110.883 100.381 -5
      vertex -110.744 100.43 5
      vertex -110.883 100.381 5
    endloop
  endfacet
  facet normal 0.332465 -0.943116 0
    outer loop
      vertex -110.744 100.43 5
      vertex -110.883 100.381 -5
      vertex -110.744 100.43 -5
    endloop
  endfacet
  facet normal -0.859827 -0.510586 0
    outer loop
      vertex -108.986 99.702 -5
      vertex -109.061 99.8283 5
      vertex -109.061 99.8283 -5
    endloop
  endfacet
  facet normal -0.859827 -0.510586 0
    outer loop
      vertex -109.061 99.8283 5
      vertex -108.986 99.702 -5
      vertex -108.986 99.702 5
    endloop
  endfacet
  facet normal -0.940662 -0.339344 0
    outer loop
      vertex -108.873 99.4304 -5
      vertex -108.923 99.569 5
      vertex -108.923 99.569 -5
    endloop
  endfacet
  facet normal -0.940662 -0.339344 0
    outer loop
      vertex -108.923 99.569 5
      vertex -108.873 99.4304 -5
      vertex -108.873 99.4304 5
    endloop
  endfacet
  facet normal -0.802112 0.597173 0
    outer loop
      vertex -109.149 98.0434 -5
      vertex -109.061 98.1616 5
      vertex -109.061 98.1616 -5
    endloop
  endfacet
  facet normal -0.802112 0.597173 0
    outer loop
      vertex -109.061 98.1616 5
      vertex -109.149 98.0434 -5
      vertex -109.149 98.0434 5
    endloop
  endfacet
  facet normal -0.903738 0.428086 0
    outer loop
      vertex -108.986 98.2879 -5
      vertex -108.923 98.4209 5
      vertex -108.923 98.4209 -5
    endloop
  endfacet
  facet normal -0.903738 0.428086 0
    outer loop
      vertex -108.923 98.4209 5
      vertex -108.986 98.2879 -5
      vertex -108.986 98.2879 5
    endloop
  endfacet
  facet normal -0.969661 0.244452 0
    outer loop
      vertex -108.873 98.5595 -5
      vertex -108.837 98.7023 5
      vertex -108.837 98.7023 -5
    endloop
  endfacet
  facet normal -0.969661 0.244452 0
    outer loop
      vertex -108.837 98.7023 5
      vertex -108.873 98.5595 -5
      vertex -108.873 98.5595 5
    endloop
  endfacet
  facet normal -0.740554 0.671997 0
    outer loop
      vertex -109.248 97.9343 -5
      vertex -109.149 98.0434 5
      vertex -109.149 98.0434 -5
    endloop
  endfacet
  facet normal -0.740554 0.671997 0
    outer loop
      vertex -109.149 98.0434 5
      vertex -109.248 97.9343 -5
      vertex -109.248 97.9343 5
    endloop
  endfacet
  facet normal 0.597824 -0.801627 0
    outer loop
      vertex -111.26 100.154 -5
      vertex -111.142 100.242 5
      vertex -111.26 100.154 5
    endloop
  endfacet
  facet normal 0.597824 -0.801627 0
    outer loop
      vertex -111.142 100.242 5
      vertex -111.26 100.154 -5
      vertex -111.142 100.242 -5
    endloop
  endfacet
  facet normal -0.513502 -0.858089 0
    outer loop
      vertex -109.602 100.318 -5
      vertex -109.475 100.242 5
      vertex -109.602 100.318 5
    endloop
  endfacet
  facet normal -0.513502 -0.858089 -0
    outer loop
      vertex -109.475 100.242 5
      vertex -109.602 100.318 -5
      vertex -109.475 100.242 -5
    endloop
  endfacet
  facet normal -0.334605 -0.942358 0
    outer loop
      vertex -109.873 100.43 -5
      vertex -109.735 100.381 5
      vertex -109.873 100.43 5
    endloop
  endfacet
  facet normal -0.334605 -0.942358 -0
    outer loop
      vertex -109.735 100.381 5
      vertex -109.873 100.43 -5
      vertex -109.735 100.381 -5
    endloop
  endfacet
  facet normal 0.0475651 -0.998868 0
    outer loop
      vertex -110.456 100.488 -5
      vertex -110.309 100.495 5
      vertex -110.456 100.488 5
    endloop
  endfacet
  facet normal 0.0475651 -0.998868 0
    outer loop
      vertex -110.309 100.495 5
      vertex -110.456 100.488 -5
      vertex -110.309 100.495 -5
    endloop
  endfacet
  facet normal -0.149003 -0.988837 0
    outer loop
      vertex -110.162 100.488 -5
      vertex -110.016 100.466 5
      vertex -110.162 100.488 5
    endloop
  endfacet
  facet normal -0.149003 -0.988837 -0
    outer loop
      vertex -110.016 100.466 5
      vertex -110.162 100.488 -5
      vertex -110.016 100.466 -5
    endloop
  endfacet
  facet normal 0.428086 -0.903738 0
    outer loop
      vertex -111.016 100.318 -5
      vertex -110.883 100.381 5
      vertex -111.016 100.318 5
    endloop
  endfacet
  facet normal 0.428086 -0.903738 0
    outer loop
      vertex -110.883 100.381 5
      vertex -111.016 100.318 -5
      vertex -110.883 100.381 -5
    endloop
  endfacet
  facet normal 0.244131 -0.969742 0
    outer loop
      vertex -110.744 100.43 -5
      vertex -110.601 100.466 5
      vertex -110.744 100.43 5
    endloop
  endfacet
  facet normal 0.244131 -0.969742 0
    outer loop
      vertex -110.601 100.466 5
      vertex -110.744 100.43 -5
      vertex -110.601 100.466 -5
    endloop
  endfacet
  facet normal -0.668588 -0.743633 0
    outer loop
      vertex -109.357 100.154 -5
      vertex -109.248 100.056 5
      vertex -109.357 100.154 5
    endloop
  endfacet
  facet normal -0.668588 -0.743633 -0
    outer loop
      vertex -109.248 100.056 5
      vertex -109.357 100.154 -5
      vertex -109.248 100.056 -5
    endloop
  endfacet
  facet normal -0.802112 -0.597173 0
    outer loop
      vertex -109.061 99.8283 -5
      vertex -109.149 99.9465 5
      vertex -109.149 99.9465 -5
    endloop
  endfacet
  facet normal -0.802112 -0.597173 0
    outer loop
      vertex -109.149 99.9465 5
      vertex -109.061 99.8283 -5
      vertex -109.061 99.8283 5
    endloop
  endfacet
  facet normal -0.903738 -0.428086 0
    outer loop
      vertex -108.923 99.569 -5
      vertex -108.986 99.702 5
      vertex -108.986 99.702 -5
    endloop
  endfacet
  facet normal -0.903738 -0.428086 0
    outer loop
      vertex -108.986 99.702 5
      vertex -108.923 99.569 -5
      vertex -108.923 99.569 5
    endloop
  endfacet
  facet normal -0.969661 -0.244452 0
    outer loop
      vertex -108.837 99.2876 -5
      vertex -108.873 99.4304 5
      vertex -108.873 99.4304 -5
    endloop
  endfacet
  facet normal -0.969661 -0.244452 0
    outer loop
      vertex -108.873 99.4304 5
      vertex -108.837 99.2876 -5
      vertex -108.837 99.2876 5
    endloop
  endfacet
  facet normal -0.859827 0.510586 0
    outer loop
      vertex -109.061 98.1616 -5
      vertex -108.986 98.2879 5
      vertex -108.986 98.2879 -5
    endloop
  endfacet
  facet normal -0.859827 0.510586 0
    outer loop
      vertex -108.986 98.2879 5
      vertex -109.061 98.1616 -5
      vertex -109.061 98.1616 5
    endloop
  endfacet
  facet normal -0.989758 0.142754 0
    outer loop
      vertex -108.837 98.7023 -5
      vertex -108.816 98.8479 5
      vertex -108.816 98.8479 -5
    endloop
  endfacet
  facet normal -0.989758 0.142754 0
    outer loop
      vertex -108.816 98.8479 5
      vertex -108.837 98.7023 -5
      vertex -108.837 98.7023 5
    endloop
  endfacet
  facet normal -0.99887 -0.0475329 0
    outer loop
      vertex -108.809 98.9949 -5
      vertex -108.816 99.142 5
      vertex -108.816 99.142 -5
    endloop
  endfacet
  facet normal -0.99887 -0.0475329 0
    outer loop
      vertex -108.816 99.142 5
      vertex -108.809 98.9949 -5
      vertex -108.809 98.9949 5
    endloop
  endfacet
  facet normal 0.988776 0.149403 0
    outer loop
      vertex -100.466 87.3886 5
      vertex -100.488 87.5342 -5
      vertex -100.488 87.5342 5
    endloop
  endfacet
  facet normal 0.988776 0.149403 0
    outer loop
      vertex -100.488 87.5342 -5
      vertex -100.466 87.3886 5
      vertex -100.466 87.3886 -5
    endloop
  endfacet
  facet normal 0.336939 0.941527 -0
    outer loop
      vertex -99.4304 86.2458 -5
      vertex -99.569 86.2954 5
      vertex -99.4304 86.2458 5
    endloop
  endfacet
  facet normal 0.336939 0.941527 0
    outer loop
      vertex -99.569 86.2954 5
      vertex -99.4304 86.2458 -5
      vertex -99.569 86.2954 -5
    endloop
  endfacet
  facet normal -0.428086 0.903738 0
    outer loop
      vertex -98.2879 86.3584 -5
      vertex -98.4209 86.2954 5
      vertex -98.2879 86.3584 5
    endloop
  endfacet
  facet normal -0.428086 0.903738 0
    outer loop
      vertex -98.4209 86.2954 5
      vertex -98.2879 86.3584 -5
      vertex -98.4209 86.2954 -5
    endloop
  endfacet
  facet normal 0.942814 -0.333318 0
    outer loop
      vertex -100.43 88.1167 5
      vertex -100.381 88.2553 -5
      vertex -100.381 88.2553 5
    endloop
  endfacet
  facet normal 0.942814 -0.333318 0
    outer loop
      vertex -100.381 88.2553 -5
      vertex -100.43 88.1167 5
      vertex -100.43 88.1167 -5
    endloop
  endfacet
  facet normal 0.969661 -0.244452 0
    outer loop
      vertex -100.466 87.9739 5
      vertex -100.43 88.1167 -5
      vertex -100.43 88.1167 5
    endloop
  endfacet
  facet normal 0.969661 -0.244452 0
    outer loop
      vertex -100.43 88.1167 -5
      vertex -100.466 87.9739 5
      vertex -100.466 87.9739 -5
    endloop
  endfacet
  facet normal 0.903862 0.427824 0
    outer loop
      vertex -100.318 86.9741 5
      vertex -100.381 87.1072 -5
      vertex -100.381 87.1072 5
    endloop
  endfacet
  facet normal 0.903862 0.427824 0
    outer loop
      vertex -100.381 87.1072 -5
      vertex -100.318 86.9741 5
      vertex -100.318 86.9741 -5
    endloop
  endfacet
  facet normal 0.743938 0.668249 0
    outer loop
      vertex -100.056 86.6206 5
      vertex -100.154 86.7297 -5
      vertex -100.154 86.7297 5
    endloop
  endfacet
  facet normal 0.743938 0.668249 0
    outer loop
      vertex -100.154 86.7297 -5
      vertex -100.056 86.6206 5
      vertex -100.056 86.6206 -5
    endloop
  endfacet
  facet normal -0.671624 0.740892 0
    outer loop
      vertex -97.9343 86.6206 -5
      vertex -98.0434 86.5217 5
      vertex -97.9343 86.6206 5
    endloop
  endfacet
  facet normal -0.671624 0.740892 0
    outer loop
      vertex -98.0434 86.5217 5
      vertex -97.9343 86.6206 -5
      vertex -98.0434 86.5217 -5
    endloop
  endfacet
  facet normal -0.146746 0.989174 0
    outer loop
      vertex -98.7023 86.2101 -5
      vertex -98.8479 86.1885 5
      vertex -98.7023 86.2101 5
    endloop
  endfacet
  facet normal -0.146746 0.989174 0
    outer loop
      vertex -98.8479 86.1885 5
      vertex -98.7023 86.2101 -5
      vertex -98.8479 86.1885 -5
    endloop
  endfacet
  facet normal 0.513596 0.858032 -0
    outer loop
      vertex -99.702 86.3584 -5
      vertex -99.8283 86.434 5
      vertex -99.702 86.3584 5
    endloop
  endfacet
  facet normal 0.513596 0.858032 0
    outer loop
      vertex -99.8283 86.434 5
      vertex -99.702 86.3584 -5
      vertex -99.8283 86.434 -5
    endloop
  endfacet
  facet normal 0.670274 -0.742114 0
    outer loop
      vertex -100.056 88.7419 -5
      vertex -99.9465 88.8408 5
      vertex -100.056 88.7419 5
    endloop
  endfacet
  facet normal 0.670274 -0.742114 0
    outer loop
      vertex -99.9465 88.8408 5
      vertex -100.056 88.7419 -5
      vertex -99.9465 88.8408 -5
    endloop
  endfacet
  facet normal 0.146746 -0.989174 0
    outer loop
      vertex -99.2876 89.1524 -5
      vertex -99.142 89.174 5
      vertex -99.2876 89.1524 5
    endloop
  endfacet
  facet normal 0.146746 -0.989174 0
    outer loop
      vertex -99.142 89.174 5
      vertex -99.2876 89.1524 -5
      vertex -99.142 89.174 -5
    endloop
  endfacet
  facet normal -0.740892 -0.671624 0
    outer loop
      vertex -97.8354 88.6328 -5
      vertex -97.9343 88.7419 5
      vertex -97.9343 88.7419 -5
    endloop
  endfacet
  facet normal -0.740892 -0.671624 0
    outer loop
      vertex -97.9343 88.7419 5
      vertex -97.8354 88.6328 -5
      vertex -97.8354 88.6328 5
    endloop
  endfacet
  facet normal -0.989174 -0.146746 0
    outer loop
      vertex -97.5022 87.8283 -5
      vertex -97.5238 87.9739 5
      vertex -97.5238 87.9739 -5
    endloop
  endfacet
  facet normal -0.989174 -0.146746 0
    outer loop
      vertex -97.5238 87.9739 5
      vertex -97.5022 87.8283 -5
      vertex -97.5022 87.8283 5
    endloop
  endfacet
  facet normal 0.802112 -0.597173 0
    outer loop
      vertex -100.242 88.5146 5
      vertex -100.154 88.6328 -5
      vertex -100.154 88.6328 5
    endloop
  endfacet
  facet normal 0.802112 -0.597173 0
    outer loop
      vertex -100.154 88.6328 -5
      vertex -100.242 88.5146 5
      vertex -100.242 88.5146 -5
    endloop
  endfacet
  facet normal 0.856834 -0.515593 0
    outer loop
      vertex -100.318 88.3883 5
      vertex -100.242 88.5146 -5
      vertex -100.242 88.5146 5
    endloop
  endfacet
  facet normal 0.856834 -0.515593 0
    outer loop
      vertex -100.242 88.5146 -5
      vertex -100.318 88.3883 5
      vertex -100.318 88.3883 -5
    endloop
  endfacet
  facet normal 0.903738 -0.428086 0
    outer loop
      vertex -100.381 88.2553 5
      vertex -100.318 88.3883 -5
      vertex -100.318 88.3883 5
    endloop
  endfacet
  facet normal 0.903738 -0.428086 0
    outer loop
      vertex -100.318 88.3883 -5
      vertex -100.381 88.2553 5
      vertex -100.381 88.2553 -5
    endloop
  endfacet
  facet normal 0.99887 -0.0475329 0
    outer loop
      vertex -100.495 87.6812 5
      vertex -100.488 87.8283 -5
      vertex -100.488 87.8283 5
    endloop
  endfacet
  facet normal 0.99887 -0.0475329 0
    outer loop
      vertex -100.488 87.8283 -5
      vertex -100.495 87.6812 5
      vertex -100.495 87.6812 -5
    endloop
  endfacet
  facet normal 0.988776 -0.149403 0
    outer loop
      vertex -100.488 87.8283 5
      vertex -100.466 87.9739 -5
      vertex -100.466 87.9739 5
    endloop
  endfacet
  facet normal 0.988776 -0.149403 0
    outer loop
      vertex -100.466 87.9739 -5
      vertex -100.488 87.8283 5
      vertex -100.488 87.8283 -5
    endloop
  endfacet
  facet normal 0.998868 0.0475651 0
    outer loop
      vertex -100.488 87.5342 5
      vertex -100.495 87.6812 -5
      vertex -100.495 87.6812 5
    endloop
  endfacet
  facet normal 0.998868 0.0475651 0
    outer loop
      vertex -100.495 87.6812 -5
      vertex -100.488 87.5342 5
      vertex -100.488 87.5342 -5
    endloop
  endfacet
  facet normal 0.969661 0.244452 0
    outer loop
      vertex -100.43 87.2458 5
      vertex -100.466 87.3886 -5
      vertex -100.466 87.3886 5
    endloop
  endfacet
  facet normal 0.969661 0.244452 0
    outer loop
      vertex -100.466 87.3886 -5
      vertex -100.43 87.2458 5
      vertex -100.43 87.2458 -5
    endloop
  endfacet
  facet normal 0.670274 0.742114 -0
    outer loop
      vertex -99.9465 86.5217 -5
      vertex -100.056 86.6206 5
      vertex -99.9465 86.5217 5
    endloop
  endfacet
  facet normal 0.670274 0.742114 0
    outer loop
      vertex -100.056 86.6206 5
      vertex -99.9465 86.5217 -5
      vertex -100.056 86.6206 -5
    endloop
  endfacet
  facet normal 0.942814 0.333318 0
    outer loop
      vertex -100.381 87.1072 5
      vertex -100.43 87.2458 -5
      vertex -100.43 87.2458 5
    endloop
  endfacet
  facet normal 0.942814 0.333318 0
    outer loop
      vertex -100.43 87.2458 -5
      vertex -100.381 87.1072 5
      vertex -100.381 87.1072 -5
    endloop
  endfacet
  facet normal 0.856653 0.515893 0
    outer loop
      vertex -100.242 86.8479 5
      vertex -100.318 86.9741 -5
      vertex -100.318 86.9741 5
    endloop
  endfacet
  facet normal 0.856653 0.515893 0
    outer loop
      vertex -100.318 86.9741 -5
      vertex -100.242 86.8479 5
      vertex -100.242 86.8479 -5
    endloop
  endfacet
  facet normal 0.802112 0.597173 0
    outer loop
      vertex -100.154 86.7297 5
      vertex -100.242 86.8479 -5
      vertex -100.242 86.8479 5
    endloop
  endfacet
  facet normal 0.802112 0.597173 0
    outer loop
      vertex -100.242 86.8479 -5
      vertex -100.154 86.7297 5
      vertex -100.154 86.7297 -5
    endloop
  endfacet
  facet normal -0.513596 0.858032 0
    outer loop
      vertex -98.1616 86.434 -5
      vertex -98.2879 86.3584 5
      vertex -98.1616 86.434 5
    endloop
  endfacet
  facet normal -0.513596 0.858032 0
    outer loop
      vertex -98.2879 86.3584 5
      vertex -98.1616 86.434 -5
      vertex -98.2879 86.3584 -5
    endloop
  endfacet
  facet normal -0.595861 0.803088 0
    outer loop
      vertex -98.0434 86.5217 -5
      vertex -98.1616 86.434 5
      vertex -98.0434 86.5217 5
    endloop
  endfacet
  facet normal -0.595861 0.803088 0
    outer loop
      vertex -98.1616 86.434 5
      vertex -98.0434 86.5217 -5
      vertex -98.1616 86.434 -5
    endloop
  endfacet
  facet normal -0.336939 0.941527 0
    outer loop
      vertex -98.4209 86.2954 -5
      vertex -98.5595 86.2458 5
      vertex -98.4209 86.2954 5
    endloop
  endfacet
  facet normal -0.336939 0.941527 0
    outer loop
      vertex -98.5595 86.2458 5
      vertex -98.4209 86.2954 -5
      vertex -98.5595 86.2458 -5
    endloop
  endfacet
  facet normal -0.242536 0.970143 0
    outer loop
      vertex -98.5595 86.2458 -5
      vertex -98.7023 86.2101 5
      vertex -98.5595 86.2458 5
    endloop
  endfacet
  facet normal -0.242536 0.970143 0
    outer loop
      vertex -98.7023 86.2101 5
      vertex -98.5595 86.2458 -5
      vertex -98.7023 86.2101 -5
    endloop
  endfacet
  facet normal 0.428086 0.903738 -0
    outer loop
      vertex -99.569 86.2954 -5
      vertex -99.702 86.3584 5
      vertex -99.569 86.2954 5
    endloop
  endfacet
  facet normal 0.428086 0.903738 0
    outer loop
      vertex -99.702 86.3584 5
      vertex -99.569 86.2954 -5
      vertex -99.702 86.3584 -5
    endloop
  endfacet
  facet normal 0.595861 0.803088 -0
    outer loop
      vertex -99.8283 86.434 -5
      vertex -99.9465 86.5217 5
      vertex -99.8283 86.434 5
    endloop
  endfacet
  facet normal 0.595861 0.803088 0
    outer loop
      vertex -99.9465 86.5217 5
      vertex -99.8283 86.434 -5
      vertex -99.9465 86.5217 -5
    endloop
  endfacet
  facet normal 0.146746 0.989174 -0
    outer loop
      vertex -99.142 86.1885 -5
      vertex -99.2876 86.2101 5
      vertex -99.142 86.1885 5
    endloop
  endfacet
  facet normal 0.146746 0.989174 0
    outer loop
      vertex -99.2876 86.2101 5
      vertex -99.142 86.1885 -5
      vertex -99.2876 86.2101 -5
    endloop
  endfacet
  facet normal 0.0495651 0.998771 -0
    outer loop
      vertex -98.9949 86.1812 -5
      vertex -99.142 86.1885 5
      vertex -98.9949 86.1812 5
    endloop
  endfacet
  facet normal 0.0495651 0.998771 0
    outer loop
      vertex -99.142 86.1885 5
      vertex -98.9949 86.1812 -5
      vertex -99.142 86.1885 -5
    endloop
  endfacet
  facet normal 0.242536 0.970143 -0
    outer loop
      vertex -99.2876 86.2101 -5
      vertex -99.4304 86.2458 5
      vertex -99.2876 86.2101 5
    endloop
  endfacet
  facet normal 0.242536 0.970143 0
    outer loop
      vertex -99.4304 86.2458 5
      vertex -99.2876 86.2101 -5
      vertex -99.4304 86.2458 -5
    endloop
  endfacet
  facet normal -0.0495987 0.998769 0
    outer loop
      vertex -98.8479 86.1885 -5
      vertex -98.9949 86.1812 5
      vertex -98.8479 86.1885 5
    endloop
  endfacet
  facet normal -0.0495987 0.998769 0
    outer loop
      vertex -98.9949 86.1812 5
      vertex -98.8479 86.1885 -5
      vertex -98.9949 86.1812 -5
    endloop
  endfacet
  facet normal 0.743938 -0.668249 0
    outer loop
      vertex -100.154 88.6328 5
      vertex -100.056 88.7419 -5
      vertex -100.056 88.7419 5
    endloop
  endfacet
  facet normal 0.743938 -0.668249 0
    outer loop
      vertex -100.056 88.7419 -5
      vertex -100.154 88.6328 5
      vertex -100.154 88.6328 -5
    endloop
  endfacet
  facet normal -0.595423 -0.803413 0
    outer loop
      vertex -98.1616 88.9284 -5
      vertex -98.0434 88.8408 5
      vertex -98.1616 88.9284 5
    endloop
  endfacet
  facet normal -0.595423 -0.803413 -0
    outer loop
      vertex -98.0434 88.8408 5
      vertex -98.1616 88.9284 -5
      vertex -98.0434 88.8408 -5
    endloop
  endfacet
  facet normal -0.428086 -0.903738 0
    outer loop
      vertex -98.4209 89.0671 -5
      vertex -98.2879 89.0041 5
      vertex -98.4209 89.0671 5
    endloop
  endfacet
  facet normal -0.428086 -0.903738 -0
    outer loop
      vertex -98.2879 89.0041 5
      vertex -98.4209 89.0671 -5
      vertex -98.2879 89.0041 -5
    endloop
  endfacet
  facet normal -0.0489209 -0.998803 0
    outer loop
      vertex -98.9949 89.1812 -5
      vertex -98.8479 89.174 5
      vertex -98.9949 89.1812 5
    endloop
  endfacet
  facet normal -0.0489209 -0.998803 -0
    outer loop
      vertex -98.8479 89.174 5
      vertex -98.9949 89.1812 -5
      vertex -98.8479 89.174 -5
    endloop
  endfacet
  facet normal -0.242536 -0.970143 0
    outer loop
      vertex -98.7023 89.1524 -5
      vertex -98.5595 89.1167 5
      vertex -98.7023 89.1524 5
    endloop
  endfacet
  facet normal -0.242536 -0.970143 -0
    outer loop
      vertex -98.5595 89.1167 5
      vertex -98.7023 89.1524 -5
      vertex -98.5595 89.1167 -5
    endloop
  endfacet
  facet normal 0.336939 -0.941527 0
    outer loop
      vertex -99.569 89.0671 -5
      vertex -99.4304 89.1167 5
      vertex -99.569 89.0671 5
    endloop
  endfacet
  facet normal 0.336939 -0.941527 0
    outer loop
      vertex -99.4304 89.1167 5
      vertex -99.569 89.0671 -5
      vertex -99.4304 89.1167 -5
    endloop
  endfacet
  facet normal -0.671624 -0.740892 0
    outer loop
      vertex -98.0434 88.8408 -5
      vertex -97.9343 88.7419 5
      vertex -98.0434 88.8408 5
    endloop
  endfacet
  facet normal -0.671624 -0.740892 -0
    outer loop
      vertex -97.9343 88.7419 5
      vertex -98.0434 88.8408 -5
      vertex -97.9343 88.7419 -5
    endloop
  endfacet
  facet normal -0.858032 -0.513596 0
    outer loop
      vertex -97.6721 88.3883 -5
      vertex -97.7477 88.5146 5
      vertex -97.7477 88.5146 -5
    endloop
  endfacet
  facet normal -0.858032 -0.513596 0
    outer loop
      vertex -97.7477 88.5146 5
      vertex -97.6721 88.3883 -5
      vertex -97.6721 88.3883 5
    endloop
  endfacet
  facet normal -0.941527 -0.336939 0
    outer loop
      vertex -97.5595 88.1167 -5
      vertex -97.6091 88.2553 5
      vertex -97.6091 88.2553 -5
    endloop
  endfacet
  facet normal -0.941527 -0.336939 0
    outer loop
      vertex -97.6091 88.2553 5
      vertex -97.5595 88.1167 -5
      vertex -97.5595 88.1167 5
    endloop
  endfacet
  facet normal -0.903862 0.427824 0
    outer loop
      vertex -97.6721 86.9741 -5
      vertex -97.6091 87.1072 5
      vertex -97.6091 87.1072 -5
    endloop
  endfacet
  facet normal -0.903862 0.427824 0
    outer loop
      vertex -97.6091 87.1072 5
      vertex -97.6721 86.9741 -5
      vertex -97.6721 86.9741 5
    endloop
  endfacet
  facet normal -0.803088 0.595861 0
    outer loop
      vertex -97.8354 86.7297 -5
      vertex -97.7477 86.8479 5
      vertex -97.7477 86.8479 -5
    endloop
  endfacet
  facet normal -0.803088 0.595861 0
    outer loop
      vertex -97.7477 86.8479 5
      vertex -97.8354 86.7297 -5
      vertex -97.8354 86.7297 5
    endloop
  endfacet
  facet normal -0.998769 0.0495987 0
    outer loop
      vertex -97.5022 87.5342 -5
      vertex -97.4949 87.6812 5
      vertex -97.4949 87.6812 -5
    endloop
  endfacet
  facet normal -0.998769 0.0495987 0
    outer loop
      vertex -97.4949 87.6812 5
      vertex -97.5022 87.5342 -5
      vertex -97.5022 87.5342 5
    endloop
  endfacet
  facet normal -0.970143 0.242536 0
    outer loop
      vertex -97.5595 87.2458 -5
      vertex -97.5238 87.3886 5
      vertex -97.5238 87.3886 -5
    endloop
  endfacet
  facet normal -0.970143 0.242536 0
    outer loop
      vertex -97.5238 87.3886 5
      vertex -97.5595 87.2458 -5
      vertex -97.5595 87.2458 5
    endloop
  endfacet
  facet normal -0.998771 -0.0495651 0
    outer loop
      vertex -97.4949 87.6812 -5
      vertex -97.5022 87.8283 5
      vertex -97.5022 87.8283 -5
    endloop
  endfacet
  facet normal -0.998771 -0.0495651 0
    outer loop
      vertex -97.5022 87.8283 5
      vertex -97.4949 87.6812 -5
      vertex -97.4949 87.6812 5
    endloop
  endfacet
  facet normal -0.740892 0.671624 0
    outer loop
      vertex -97.9343 86.6206 -5
      vertex -97.8354 86.7297 5
      vertex -97.8354 86.7297 -5
    endloop
  endfacet
  facet normal -0.740892 0.671624 0
    outer loop
      vertex -97.8354 86.7297 5
      vertex -97.9343 86.6206 -5
      vertex -97.9343 86.6206 5
    endloop
  endfacet
  facet normal 0.595423 -0.803413 0
    outer loop
      vertex -99.9465 88.8408 -5
      vertex -99.8283 88.9284 5
      vertex -99.9465 88.8408 5
    endloop
  endfacet
  facet normal 0.595423 -0.803413 0
    outer loop
      vertex -99.8283 88.9284 5
      vertex -99.9465 88.8408 -5
      vertex -99.8283 88.9284 -5
    endloop
  endfacet
  facet normal 0.514096 -0.857733 0
    outer loop
      vertex -99.8283 88.9284 -5
      vertex -99.702 89.0041 5
      vertex -99.8283 88.9284 5
    endloop
  endfacet
  facet normal 0.514096 -0.857733 0
    outer loop
      vertex -99.702 89.0041 5
      vertex -99.8283 88.9284 -5
      vertex -99.702 89.0041 -5
    endloop
  endfacet
  facet normal -0.514096 -0.857733 0
    outer loop
      vertex -98.2879 89.0041 -5
      vertex -98.1616 88.9284 5
      vertex -98.2879 89.0041 5
    endloop
  endfacet
  facet normal -0.514096 -0.857733 -0
    outer loop
      vertex -98.1616 88.9284 5
      vertex -98.2879 89.0041 -5
      vertex -98.1616 88.9284 -5
    endloop
  endfacet
  facet normal -0.336939 -0.941527 0
    outer loop
      vertex -98.5595 89.1167 -5
      vertex -98.4209 89.0671 5
      vertex -98.5595 89.1167 5
    endloop
  endfacet
  facet normal -0.336939 -0.941527 -0
    outer loop
      vertex -98.4209 89.0671 5
      vertex -98.5595 89.1167 -5
      vertex -98.4209 89.0671 -5
    endloop
  endfacet
  facet normal 0.0488878 -0.998804 0
    outer loop
      vertex -99.142 89.174 -5
      vertex -98.9949 89.1812 5
      vertex -99.142 89.174 5
    endloop
  endfacet
  facet normal 0.0488878 -0.998804 0
    outer loop
      vertex -98.9949 89.1812 5
      vertex -99.142 89.174 -5
      vertex -98.9949 89.1812 -5
    endloop
  endfacet
  facet normal -0.146746 -0.989174 0
    outer loop
      vertex -98.8479 89.174 -5
      vertex -98.7023 89.1524 5
      vertex -98.8479 89.174 5
    endloop
  endfacet
  facet normal -0.146746 -0.989174 -0
    outer loop
      vertex -98.7023 89.1524 5
      vertex -98.8479 89.174 -5
      vertex -98.7023 89.1524 -5
    endloop
  endfacet
  facet normal 0.428086 -0.903738 0
    outer loop
      vertex -99.702 89.0041 -5
      vertex -99.569 89.0671 5
      vertex -99.702 89.0041 5
    endloop
  endfacet
  facet normal 0.428086 -0.903738 0
    outer loop
      vertex -99.569 89.0671 5
      vertex -99.702 89.0041 -5
      vertex -99.569 89.0671 -5
    endloop
  endfacet
  facet normal 0.242536 -0.970143 0
    outer loop
      vertex -99.4304 89.1167 -5
      vertex -99.2876 89.1524 5
      vertex -99.4304 89.1167 5
    endloop
  endfacet
  facet normal 0.242536 -0.970143 0
    outer loop
      vertex -99.2876 89.1524 5
      vertex -99.4304 89.1167 -5
      vertex -99.2876 89.1524 -5
    endloop
  endfacet
  facet normal -0.803088 -0.595861 0
    outer loop
      vertex -97.7477 88.5146 -5
      vertex -97.8354 88.6328 5
      vertex -97.8354 88.6328 -5
    endloop
  endfacet
  facet normal -0.803088 -0.595861 0
    outer loop
      vertex -97.8354 88.6328 5
      vertex -97.7477 88.5146 -5
      vertex -97.7477 88.5146 5
    endloop
  endfacet
  facet normal -0.903738 -0.428086 0
    outer loop
      vertex -97.6091 88.2553 -5
      vertex -97.6721 88.3883 5
      vertex -97.6721 88.3883 -5
    endloop
  endfacet
  facet normal -0.903738 -0.428086 0
    outer loop
      vertex -97.6721 88.3883 5
      vertex -97.6091 88.2553 -5
      vertex -97.6091 88.2553 5
    endloop
  endfacet
  facet normal -0.970143 -0.242536 0
    outer loop
      vertex -97.5238 87.9739 -5
      vertex -97.5595 88.1167 5
      vertex -97.5595 88.1167 -5
    endloop
  endfacet
  facet normal -0.970143 -0.242536 0
    outer loop
      vertex -97.5595 88.1167 5
      vertex -97.5238 87.9739 -5
      vertex -97.5238 87.9739 5
    endloop
  endfacet
  facet normal -0.941527 0.336939 0
    outer loop
      vertex -97.6091 87.1072 -5
      vertex -97.5595 87.2458 5
      vertex -97.5595 87.2458 -5
    endloop
  endfacet
  facet normal -0.941527 0.336939 0
    outer loop
      vertex -97.5595 87.2458 5
      vertex -97.6091 87.1072 -5
      vertex -97.6091 87.1072 5
    endloop
  endfacet
  facet normal -0.857853 0.513896 0
    outer loop
      vertex -97.7477 86.8479 -5
      vertex -97.6721 86.9741 5
      vertex -97.6721 86.9741 -5
    endloop
  endfacet
  facet normal -0.857853 0.513896 0
    outer loop
      vertex -97.6721 86.9741 5
      vertex -97.7477 86.8479 -5
      vertex -97.7477 86.8479 5
    endloop
  endfacet
  facet normal -0.989174 0.146746 0
    outer loop
      vertex -97.5238 87.3886 -5
      vertex -97.5022 87.5342 5
      vertex -97.5022 87.5342 -5
    endloop
  endfacet
  facet normal -0.989174 0.146746 0
    outer loop
      vertex -97.5022 87.5342 5
      vertex -97.5238 87.3886 -5
      vertex -97.5238 87.3886 5
    endloop
  endfacet
  facet normal 0.514458 -0.857515 0
    outer loop
      vertex -91.4526 -113.106 -5
      vertex -90.1058 -112.298 5
      vertex -91.4526 -113.106 5
    endloop
  endfacet
  facet normal 0.514458 -0.857515 0
    outer loop
      vertex -90.1058 -112.298 5
      vertex -91.4526 -113.106 -5
      vertex -90.1058 -112.298 -5
    endloop
  endfacet
  facet normal 0.595578 -0.803298 0
    outer loop
      vertex -90.1058 -112.298 -5
      vertex -88.8447 -111.363 5
      vertex -90.1058 -112.298 5
    endloop
  endfacet
  facet normal 0.595578 -0.803298 0
    outer loop
      vertex -88.8447 -111.363 5
      vertex -90.1058 -112.298 -5
      vertex -88.8447 -111.363 -5
    endloop
  endfacet
  facet normal -0.741539 0.67091 0
    outer loop
      vertex -111.363 -88.8447 -5
      vertex -30.9805 0 5
      vertex -30.9805 0 -5
    endloop
  endfacet
  facet normal -0.741539 0.67091 0
    outer loop
      vertex -30.9805 0 5
      vertex -111.363 -88.8447 -5
      vertex -111.363 -88.8447 5
    endloop
  endfacet
  facet normal -0.146502 -0.98921 0
    outer loop
      vertex -102.116 -114.688 -5
      vertex -100.563 -114.918 5
      vertex -102.116 -114.688 5
    endloop
  endfacet
  facet normal -0.146502 -0.98921 -0
    outer loop
      vertex -100.563 -114.918 5
      vertex -102.116 -114.688 -5
      vertex -100.563 -114.918 -5
    endloop
  endfacet
  facet normal 0.67091 -0.741539 0
    outer loop
      vertex -88.8447 -111.363 -5
      vertex 0 -30.9805 5
      vertex -88.8447 -111.363 5
    endloop
  endfacet
  facet normal 0.67091 -0.741539 0
    outer loop
      vertex 0 -30.9805 5
      vertex -88.8447 -111.363 -5
      vertex 0 -30.9805 -5
    endloop
  endfacet
  facet normal -0.94154 0.336901 0
    outer loop
      vertex -114.306 -94.3504 -5
      vertex -113.777 -92.872 5
      vertex -113.777 -92.872 -5
    endloop
  endfacet
  facet normal -0.94154 0.336901 0
    outer loop
      vertex -113.777 -92.872 5
      vertex -114.306 -94.3504 -5
      vertex -114.306 -94.3504 5
    endloop
  endfacet
  facet normal -0.998797 0.0490418 0
    outer loop
      vertex -114.995 -98.9949 -5
      vertex -114.918 -97.4267 5
      vertex -114.918 -97.4267 -5
    endloop
  endfacet
  facet normal -0.998797 0.0490418 0
    outer loop
      vertex -114.918 -97.4267 5
      vertex -114.995 -98.9949 -5
      vertex -114.995 -98.9949 5
    endloop
  endfacet
  facet normal -0.803275 -0.595608 0
    outer loop
      vertex -111.363 -109.145 -5
      vertex -112.298 -107.884 5
      vertex -112.298 -107.884 -5
    endloop
  endfacet
  facet normal -0.803275 -0.595608 0
    outer loop
      vertex -112.298 -107.884 5
      vertex -111.363 -109.145 -5
      vertex -111.363 -109.145 5
    endloop
  endfacet
  facet normal 0.146484 -0.989213 0
    outer loop
      vertex -97.4267 -114.918 -5
      vertex -95.8735 -114.688 5
      vertex -97.4267 -114.918 5
    endloop
  endfacet
  facet normal 0.146484 -0.989213 0
    outer loop
      vertex -95.8735 -114.688 5
      vertex -97.4267 -114.918 -5
      vertex -95.8735 -114.688 -5
    endloop
  endfacet
  facet normal -0.514402 -0.857549 0
    outer loop
      vertex -107.884 -112.298 -5
      vertex -106.537 -113.106 5
      vertex -107.884 -112.298 5
    endloop
  endfacet
  facet normal -0.514402 -0.857549 -0
    outer loop
      vertex -106.537 -113.106 5
      vertex -107.884 -112.298 -5
      vertex -106.537 -113.106 -5
    endloop
  endfacet
  facet normal -0.989213 0.146484 0
    outer loop
      vertex -114.918 -97.4267 -5
      vertex -114.688 -95.8735 5
      vertex -114.688 -95.8735 -5
    endloop
  endfacet
  facet normal -0.989213 0.146484 0
    outer loop
      vertex -114.688 -95.8735 5
      vertex -114.918 -97.4267 -5
      vertex -114.918 -97.4267 5
    endloop
  endfacet
  facet normal -0.90407 0.427385 0
    outer loop
      vertex -113.777 -92.872 -5
      vertex -113.106 -91.4526 5
      vertex -113.106 -91.4526 -5
    endloop
  endfacet
  facet normal -0.90407 0.427385 0
    outer loop
      vertex -113.106 -91.4526 5
      vertex -113.777 -92.872 -5
      vertex -113.777 -92.872 5
    endloop
  endfacet
  facet normal -0.857515 0.514458 0
    outer loop
      vertex -113.106 -91.4526 -5
      vertex -112.298 -90.1058 5
      vertex -112.298 -90.1058 -5
    endloop
  endfacet
  facet normal -0.857515 0.514458 0
    outer loop
      vertex -112.298 -90.1058 5
      vertex -113.106 -91.4526 -5
      vertex -113.106 -91.4526 5
    endloop
  endfacet
  facet normal -0.803298 0.595578 0
    outer loop
      vertex -112.298 -90.1058 -5
      vertex -111.363 -88.8447 5
      vertex -111.363 -88.8447 -5
    endloop
  endfacet
  facet normal -0.803298 0.595578 0
    outer loop
      vertex -111.363 -88.8447 5
      vertex -112.298 -90.1058 -5
      vertex -112.298 -90.1058 5
    endloop
  endfacet
  facet normal -0.969993 -0.243135 0
    outer loop
      vertex -114.306 -103.64 -5
      vertex -114.688 -102.116 5
      vertex -114.688 -102.116 -5
    endloop
  endfacet
  facet normal -0.969993 -0.243135 0
    outer loop
      vertex -114.688 -102.116 5
      vertex -114.306 -103.64 -5
      vertex -114.306 -103.64 5
    endloop
  endfacet
  facet normal -0.941511 -0.336982 0
    outer loop
      vertex -113.777 -105.118 -5
      vertex -114.306 -103.64 5
      vertex -114.306 -103.64 -5
    endloop
  endfacet
  facet normal -0.941511 -0.336982 0
    outer loop
      vertex -114.306 -103.64 5
      vertex -113.777 -105.118 -5
      vertex -113.777 -105.118 5
    endloop
  endfacet
  facet normal 0.427385 -0.90407 0
    outer loop
      vertex -92.872 -113.777 -5
      vertex -91.4526 -113.106 5
      vertex -92.872 -113.777 5
    endloop
  endfacet
  facet normal 0.427385 -0.90407 0
    outer loop
      vertex -91.4526 -113.106 5
      vertex -92.872 -113.777 -5
      vertex -91.4526 -113.106 -5
    endloop
  endfacet
  facet normal 0.336901 -0.94154 0
    outer loop
      vertex -94.3504 -114.306 -5
      vertex -92.872 -113.777 5
      vertex -94.3504 -114.306 5
    endloop
  endfacet
  facet normal 0.336901 -0.94154 0
    outer loop
      vertex -92.872 -113.777 5
      vertex -94.3504 -114.306 -5
      vertex -92.872 -113.777 -5
    endloop
  endfacet
  facet normal 0.24327 -0.969959 0
    outer loop
      vertex -95.8735 -114.688 -5
      vertex -94.3504 -114.306 5
      vertex -95.8735 -114.688 5
    endloop
  endfacet
  facet normal 0.24327 -0.969959 0
    outer loop
      vertex -94.3504 -114.306 5
      vertex -95.8735 -114.688 -5
      vertex -94.3504 -114.306 -5
    endloop
  endfacet
  facet normal 0.0490418 -0.998797 0
    outer loop
      vertex -98.9949 -114.995 -5
      vertex -97.4267 -114.918 5
      vertex -98.9949 -114.995 5
    endloop
  endfacet
  facet normal 0.0490418 -0.998797 0
    outer loop
      vertex -97.4267 -114.918 5
      vertex -98.9949 -114.995 -5
      vertex -97.4267 -114.918 -5
    endloop
  endfacet
  facet normal -0.0490449 -0.998797 0
    outer loop
      vertex -100.563 -114.918 -5
      vertex -98.9949 -114.995 5
      vertex -100.563 -114.918 5
    endloop
  endfacet
  facet normal -0.0490449 -0.998797 -0
    outer loop
      vertex -98.9949 -114.995 5
      vertex -100.563 -114.918 -5
      vertex -98.9949 -114.995 -5
    endloop
  endfacet
  facet normal -0.243135 -0.969993 0
    outer loop
      vertex -103.64 -114.306 -5
      vertex -102.116 -114.688 5
      vertex -103.64 -114.306 5
    endloop
  endfacet
  facet normal -0.243135 -0.969993 -0
    outer loop
      vertex -102.116 -114.688 5
      vertex -103.64 -114.306 -5
      vertex -102.116 -114.688 -5
    endloop
  endfacet
  facet normal -0.336982 -0.941511 0
    outer loop
      vertex -105.118 -113.777 -5
      vertex -103.64 -114.306 5
      vertex -105.118 -113.777 5
    endloop
  endfacet
  facet normal -0.336982 -0.941511 -0
    outer loop
      vertex -103.64 -114.306 5
      vertex -105.118 -113.777 -5
      vertex -103.64 -114.306 -5
    endloop
  endfacet
  facet normal -0.427484 -0.904023 0
    outer loop
      vertex -106.537 -113.106 -5
      vertex -105.118 -113.777 5
      vertex -106.537 -113.106 5
    endloop
  endfacet
  facet normal -0.427484 -0.904023 -0
    outer loop
      vertex -105.118 -113.777 5
      vertex -106.537 -113.106 -5
      vertex -105.118 -113.777 -5
    endloop
  endfacet
  facet normal -0.595608 -0.803275 0
    outer loop
      vertex -109.145 -111.363 -5
      vertex -107.884 -112.298 5
      vertex -109.145 -111.363 5
    endloop
  endfacet
  facet normal -0.595608 -0.803275 -0
    outer loop
      vertex -107.884 -112.298 5
      vertex -109.145 -111.363 -5
      vertex -107.884 -112.298 -5
    endloop
  endfacet
  facet normal -0.671213 -0.741264 0
    outer loop
      vertex -110.309 -110.309 -5
      vertex -109.145 -111.363 5
      vertex -110.309 -110.309 5
    endloop
  endfacet
  facet normal -0.671213 -0.741264 -0
    outer loop
      vertex -109.145 -111.363 5
      vertex -110.309 -110.309 -5
      vertex -109.145 -111.363 -5
    endloop
  endfacet
  facet normal -0.741264 -0.671213 0
    outer loop
      vertex -110.309 -110.309 -5
      vertex -111.363 -109.145 5
      vertex -111.363 -109.145 -5
    endloop
  endfacet
  facet normal -0.741264 -0.671213 0
    outer loop
      vertex -111.363 -109.145 5
      vertex -110.309 -110.309 -5
      vertex -110.309 -110.309 5
    endloop
  endfacet
  facet normal -0.969959 0.24327 0
    outer loop
      vertex -114.688 -95.8735 -5
      vertex -114.306 -94.3504 5
      vertex -114.306 -94.3504 -5
    endloop
  endfacet
  facet normal -0.969959 0.24327 0
    outer loop
      vertex -114.306 -94.3504 5
      vertex -114.688 -95.8735 -5
      vertex -114.688 -95.8735 5
    endloop
  endfacet
  facet normal -0.98921 -0.146502 0
    outer loop
      vertex -114.688 -102.116 -5
      vertex -114.918 -100.563 5
      vertex -114.918 -100.563 -5
    endloop
  endfacet
  facet normal -0.98921 -0.146502 0
    outer loop
      vertex -114.918 -100.563 5
      vertex -114.688 -102.116 -5
      vertex -114.688 -102.116 5
    endloop
  endfacet
  facet normal -0.998797 -0.0490449 0
    outer loop
      vertex -114.918 -100.563 -5
      vertex -114.995 -98.9949 5
      vertex -114.995 -98.9949 -5
    endloop
  endfacet
  facet normal -0.998797 -0.0490449 0
    outer loop
      vertex -114.995 -98.9949 5
      vertex -114.918 -100.563 -5
      vertex -114.918 -100.563 5
    endloop
  endfacet
  facet normal -0.857549 -0.514402 0
    outer loop
      vertex -112.298 -107.884 -5
      vertex -113.106 -106.537 5
      vertex -113.106 -106.537 -5
    endloop
  endfacet
  facet normal -0.857549 -0.514402 0
    outer loop
      vertex -113.106 -106.537 5
      vertex -112.298 -107.884 -5
      vertex -112.298 -107.884 5
    endloop
  endfacet
  facet normal -0.904023 -0.427484 0
    outer loop
      vertex -113.106 -106.537 -5
      vertex -113.777 -105.118 5
      vertex -113.777 -105.118 -5
    endloop
  endfacet
  facet normal -0.904023 -0.427484 0
    outer loop
      vertex -113.777 -105.118 5
      vertex -113.106 -106.537 -5
      vertex -113.106 -106.537 5
    endloop
  endfacet
  facet normal 0.707107 0.707107 0
    outer loop
      vertex -59.397 -69.2965 5
      vertex -69.2965 -59.397 -5
      vertex -69.2965 -59.397 5
    endloop
  endfacet
  facet normal 0.707107 0.707107 0
    outer loop
      vertex -69.2965 -59.397 -5
      vertex -59.397 -69.2965 5
      vertex -59.397 -69.2965 -5
    endloop
  endfacet
  facet normal -0.707107 0.707107 0
    outer loop
      vertex -59.397 -69.2965 -5
      vertex -16.5326 -26.4321 5
      vertex -16.5326 -26.4321 -5
    endloop
  endfacet
  facet normal -0.707107 0.707107 0
    outer loop
      vertex -16.5326 -26.4321 5
      vertex -59.397 -69.2965 -5
      vertex -59.397 -69.2965 5
    endloop
  endfacet
  facet normal 0.707107 -0.707107 0
    outer loop
      vertex -69.2965 -59.397 5
      vertex -26.4321 -16.5326 -5
      vertex -26.4321 -16.5326 5
    endloop
  endfacet
  facet normal 0.707107 -0.707107 0
    outer loop
      vertex -26.4321 -16.5326 -5
      vertex -69.2965 -59.397 5
      vertex -69.2965 -59.397 -5
    endloop
  endfacet
  facet normal 0.242536 0.970143 -0
    outer loop
      vertex -99.2876 -89.1524 -5
      vertex -99.4304 -89.1167 5
      vertex -99.2876 -89.1524 5
    endloop
  endfacet
  facet normal 0.242536 0.970143 0
    outer loop
      vertex -99.4304 -89.1167 5
      vertex -99.2876 -89.1524 -5
      vertex -99.4304 -89.1167 -5
    endloop
  endfacet
  facet normal -0.428086 0.903738 0
    outer loop
      vertex -98.2879 -89.0041 -5
      vertex -98.4209 -89.0671 5
      vertex -98.2879 -89.0041 5
    endloop
  endfacet
  facet normal -0.428086 0.903738 0
    outer loop
      vertex -98.4209 -89.0671 5
      vertex -98.2879 -89.0041 -5
      vertex -98.4209 -89.0671 -5
    endloop
  endfacet
  facet normal -0.941527 0.336939 0
    outer loop
      vertex -97.6091 -88.2553 -5
      vertex -97.5595 -88.1167 5
      vertex -97.5595 -88.1167 -5
    endloop
  endfacet
  facet normal -0.941527 0.336939 0
    outer loop
      vertex -97.5595 -88.1167 5
      vertex -97.6091 -88.2553 -5
      vertex -97.6091 -88.2553 5
    endloop
  endfacet
  facet normal -0.903862 -0.427824 0
    outer loop
      vertex -97.6091 -87.1072 -5
      vertex -97.6721 -86.9741 5
      vertex -97.6721 -86.9741 -5
    endloop
  endfacet
  facet normal -0.903862 -0.427824 0
    outer loop
      vertex -97.6721 -86.9741 5
      vertex -97.6091 -87.1072 -5
      vertex -97.6091 -87.1072 5
    endloop
  endfacet
  facet normal 0.743938 0.668249 0
    outer loop
      vertex -100.056 -88.7419 5
      vertex -100.154 -88.6328 -5
      vertex -100.154 -88.6328 5
    endloop
  endfacet
  facet normal 0.743938 0.668249 0
    outer loop
      vertex -100.154 -88.6328 -5
      vertex -100.056 -88.7419 5
      vertex -100.056 -88.7419 -5
    endloop
  endfacet
  facet normal -0.242536 0.970143 0
    outer loop
      vertex -98.5595 -89.1167 -5
      vertex -98.7023 -89.1524 5
      vertex -98.5595 -89.1167 5
    endloop
  endfacet
  facet normal -0.242536 0.970143 0
    outer loop
      vertex -98.7023 -89.1524 5
      vertex -98.5595 -89.1167 -5
      vertex -98.7023 -89.1524 -5
    endloop
  endfacet
  facet normal -0.989174 -0.146746 0
    outer loop
      vertex -97.5022 -87.5342 -5
      vertex -97.5238 -87.3886 5
      vertex -97.5238 -87.3886 -5
    endloop
  endfacet
  facet normal -0.989174 -0.146746 0
    outer loop
      vertex -97.5238 -87.3886 5
      vertex -97.5022 -87.5342 -5
      vertex -97.5022 -87.5342 5
    endloop
  endfacet
  facet normal -0.858032 0.513596 0
    outer loop
      vertex -97.7477 -88.5146 -5
      vertex -97.6721 -88.3883 5
      vertex -97.6721 -88.3883 -5
    endloop
  endfacet
  facet normal -0.858032 0.513596 0
    outer loop
      vertex -97.6721 -88.3883 5
      vertex -97.7477 -88.5146 -5
      vertex -97.7477 -88.5146 5
    endloop
  endfacet
  facet normal -0.242536 -0.970143 0
    outer loop
      vertex -98.7023 -86.2101 -5
      vertex -98.5595 -86.2458 5
      vertex -98.7023 -86.2101 5
    endloop
  endfacet
  facet normal -0.242536 -0.970143 -0
    outer loop
      vertex -98.5595 -86.2458 5
      vertex -98.7023 -86.2101 -5
      vertex -98.5595 -86.2458 -5
    endloop
  endfacet
  facet normal 0.146746 0.989174 -0
    outer loop
      vertex -99.142 -89.174 -5
      vertex -99.2876 -89.1524 5
      vertex -99.142 -89.174 5
    endloop
  endfacet
  facet normal 0.146746 0.989174 0
    outer loop
      vertex -99.2876 -89.1524 5
      vertex -99.142 -89.174 -5
      vertex -99.2876 -89.1524 -5
    endloop
  endfacet
  facet normal -0.0489209 0.998803 0
    outer loop
      vertex -98.8479 -89.174 -5
      vertex -98.9949 -89.1812 5
      vertex -98.8479 -89.174 5
    endloop
  endfacet
  facet normal -0.0489209 0.998803 0
    outer loop
      vertex -98.9949 -89.1812 5
      vertex -98.8479 -89.174 -5
      vertex -98.9949 -89.1812 -5
    endloop
  endfacet
  facet normal -0.740892 0.671624 0
    outer loop
      vertex -97.9343 -88.7419 -5
      vertex -97.8354 -88.6328 5
      vertex -97.8354 -88.6328 -5
    endloop
  endfacet
  facet normal -0.740892 0.671624 0
    outer loop
      vertex -97.8354 -88.6328 5
      vertex -97.9343 -88.7419 -5
      vertex -97.9343 -88.7419 5
    endloop
  endfacet
  facet normal -0.514096 0.857733 0
    outer loop
      vertex -98.1616 -88.9284 -5
      vertex -98.2879 -89.0041 5
      vertex -98.1616 -88.9284 5
    endloop
  endfacet
  facet normal -0.514096 0.857733 0
    outer loop
      vertex -98.2879 -89.0041 5
      vertex -98.1616 -88.9284 -5
      vertex -98.2879 -89.0041 -5
    endloop
  endfacet
  facet normal -0.595423 0.803413 0
    outer loop
      vertex -98.0434 -88.8408 -5
      vertex -98.1616 -88.9284 5
      vertex -98.0434 -88.8408 5
    endloop
  endfacet
  facet normal -0.595423 0.803413 0
    outer loop
      vertex -98.1616 -88.9284 5
      vertex -98.0434 -88.8408 -5
      vertex -98.1616 -88.9284 -5
    endloop
  endfacet
  facet normal -0.336939 0.941527 0
    outer loop
      vertex -98.4209 -89.0671 -5
      vertex -98.5595 -89.1167 5
      vertex -98.4209 -89.0671 5
    endloop
  endfacet
  facet normal -0.336939 0.941527 0
    outer loop
      vertex -98.5595 -89.1167 5
      vertex -98.4209 -89.0671 -5
      vertex -98.5595 -89.1167 -5
    endloop
  endfacet
  facet normal -0.146746 0.989174 0
    outer loop
      vertex -98.7023 -89.1524 -5
      vertex -98.8479 -89.174 5
      vertex -98.7023 -89.1524 5
    endloop
  endfacet
  facet normal -0.146746 0.989174 0
    outer loop
      vertex -98.8479 -89.174 5
      vertex -98.7023 -89.1524 -5
      vertex -98.8479 -89.174 -5
    endloop
  endfacet
  facet normal -0.671624 -0.740892 0
    outer loop
      vertex -98.0434 -86.5217 -5
      vertex -97.9343 -86.6206 5
      vertex -98.0434 -86.5217 5
    endloop
  endfacet
  facet normal -0.671624 -0.740892 -0
    outer loop
      vertex -97.9343 -86.6206 5
      vertex -98.0434 -86.5217 -5
      vertex -97.9343 -86.6206 -5
    endloop
  endfacet
  facet normal -0.857853 -0.513896 0
    outer loop
      vertex -97.6721 -86.9741 -5
      vertex -97.7477 -86.8479 5
      vertex -97.7477 -86.8479 -5
    endloop
  endfacet
  facet normal -0.857853 -0.513896 0
    outer loop
      vertex -97.7477 -86.8479 5
      vertex -97.6721 -86.9741 -5
      vertex -97.6721 -86.9741 5
    endloop
  endfacet
  facet normal -0.803088 -0.595861 0
    outer loop
      vertex -97.7477 -86.8479 -5
      vertex -97.8354 -86.7297 5
      vertex -97.8354 -86.7297 -5
    endloop
  endfacet
  facet normal -0.803088 -0.595861 0
    outer loop
      vertex -97.8354 -86.7297 5
      vertex -97.7477 -86.8479 -5
      vertex -97.7477 -86.8479 5
    endloop
  endfacet
  facet normal -0.941527 -0.336939 0
    outer loop
      vertex -97.5595 -87.2458 -5
      vertex -97.6091 -87.1072 5
      vertex -97.6091 -87.1072 -5
    endloop
  endfacet
  facet normal -0.941527 -0.336939 0
    outer loop
      vertex -97.6091 -87.1072 5
      vertex -97.5595 -87.2458 -5
      vertex -97.5595 -87.2458 5
    endloop
  endfacet
  facet normal -0.970143 -0.242536 0
    outer loop
      vertex -97.5238 -87.3886 -5
      vertex -97.5595 -87.2458 5
      vertex -97.5595 -87.2458 -5
    endloop
  endfacet
  facet normal -0.970143 -0.242536 0
    outer loop
      vertex -97.5595 -87.2458 5
      vertex -97.5238 -87.3886 -5
      vertex -97.5238 -87.3886 5
    endloop
  endfacet
  facet normal -0.903738 0.428086 0
    outer loop
      vertex -97.6721 -88.3883 -5
      vertex -97.6091 -88.2553 5
      vertex -97.6091 -88.2553 -5
    endloop
  endfacet
  facet normal -0.903738 0.428086 0
    outer loop
      vertex -97.6091 -88.2553 5
      vertex -97.6721 -88.3883 -5
      vertex -97.6721 -88.3883 5
    endloop
  endfacet
  facet normal -0.803088 0.595861 0
    outer loop
      vertex -97.8354 -88.6328 -5
      vertex -97.7477 -88.5146 5
      vertex -97.7477 -88.5146 -5
    endloop
  endfacet
  facet normal -0.803088 0.595861 0
    outer loop
      vertex -97.7477 -88.5146 5
      vertex -97.8354 -88.6328 -5
      vertex -97.8354 -88.6328 5
    endloop
  endfacet
  facet normal -0.989174 0.146746 0
    outer loop
      vertex -97.5238 -87.9739 -5
      vertex -97.5022 -87.8283 5
      vertex -97.5022 -87.8283 -5
    endloop
  endfacet
  facet normal -0.989174 0.146746 0
    outer loop
      vertex -97.5022 -87.8283 5
      vertex -97.5238 -87.9739 -5
      vertex -97.5238 -87.9739 5
    endloop
  endfacet
  facet normal -0.998771 0.0495651 0
    outer loop
      vertex -97.5022 -87.8283 -5
      vertex -97.4949 -87.6812 5
      vertex -97.4949 -87.6812 -5
    endloop
  endfacet
  facet normal -0.998771 0.0495651 0
    outer loop
      vertex -97.4949 -87.6812 5
      vertex -97.5022 -87.8283 -5
      vertex -97.5022 -87.8283 5
    endloop
  endfacet
  facet normal -0.970143 0.242536 0
    outer loop
      vertex -97.5595 -88.1167 -5
      vertex -97.5238 -87.9739 5
      vertex -97.5238 -87.9739 -5
    endloop
  endfacet
  facet normal -0.970143 0.242536 0
    outer loop
      vertex -97.5238 -87.9739 5
      vertex -97.5595 -88.1167 -5
      vertex -97.5595 -88.1167 5
    endloop
  endfacet
  facet normal -0.998769 -0.0495987 0
    outer loop
      vertex -97.4949 -87.6812 -5
      vertex -97.5022 -87.5342 5
      vertex -97.5022 -87.5342 -5
    endloop
  endfacet
  facet normal -0.998769 -0.0495987 0
    outer loop
      vertex -97.5022 -87.5342 5
      vertex -97.4949 -87.6812 -5
      vertex -97.4949 -87.6812 5
    endloop
  endfacet
  facet normal 0.670274 0.742114 -0
    outer loop
      vertex -99.9465 -88.8408 -5
      vertex -100.056 -88.7419 5
      vertex -99.9465 -88.8408 5
    endloop
  endfacet
  facet normal 0.670274 0.742114 0
    outer loop
      vertex -100.056 -88.7419 5
      vertex -99.9465 -88.8408 -5
      vertex -100.056 -88.7419 -5
    endloop
  endfacet
  facet normal 0.856834 0.515593 0
    outer loop
      vertex -100.242 -88.5146 5
      vertex -100.318 -88.3883 -5
      vertex -100.318 -88.3883 5
    endloop
  endfacet
  facet normal 0.856834 0.515593 0
    outer loop
      vertex -100.318 -88.3883 -5
      vertex -100.242 -88.5146 5
      vertex -100.242 -88.5146 -5
    endloop
  endfacet
  facet normal 0.988776 0.149403 0
    outer loop
      vertex -100.466 -87.9739 5
      vertex -100.488 -87.8283 -5
      vertex -100.488 -87.8283 5
    endloop
  endfacet
  facet normal 0.988776 0.149403 0
    outer loop
      vertex -100.488 -87.8283 -5
      vertex -100.466 -87.9739 5
      vertex -100.466 -87.9739 -5
    endloop
  endfacet
  facet normal 0.336939 0.941527 -0
    outer loop
      vertex -99.4304 -89.1167 -5
      vertex -99.569 -89.0671 5
      vertex -99.4304 -89.1167 5
    endloop
  endfacet
  facet normal 0.336939 0.941527 0
    outer loop
      vertex -99.569 -89.0671 5
      vertex -99.4304 -89.1167 -5
      vertex -99.569 -89.0671 -5
    endloop
  endfacet
  facet normal 0.428086 0.903738 -0
    outer loop
      vertex -99.569 -89.0671 -5
      vertex -99.702 -89.0041 5
      vertex -99.569 -89.0671 5
    endloop
  endfacet
  facet normal 0.428086 0.903738 0
    outer loop
      vertex -99.702 -89.0041 5
      vertex -99.569 -89.0671 -5
      vertex -99.702 -89.0041 -5
    endloop
  endfacet
  facet normal 0.514096 0.857733 -0
    outer loop
      vertex -99.702 -89.0041 -5
      vertex -99.8283 -88.9284 5
      vertex -99.702 -89.0041 5
    endloop
  endfacet
  facet normal 0.514096 0.857733 0
    outer loop
      vertex -99.8283 -88.9284 5
      vertex -99.702 -89.0041 -5
      vertex -99.8283 -88.9284 -5
    endloop
  endfacet
  facet normal 0.0488878 0.998804 -0
    outer loop
      vertex -98.9949 -89.1812 -5
      vertex -99.142 -89.174 5
      vertex -98.9949 -89.1812 5
    endloop
  endfacet
  facet normal 0.0488878 0.998804 0
    outer loop
      vertex -99.142 -89.174 5
      vertex -98.9949 -89.1812 -5
      vertex -99.142 -89.174 -5
    endloop
  endfacet
  facet normal -0.671624 0.740892 0
    outer loop
      vertex -97.9343 -88.7419 -5
      vertex -98.0434 -88.8408 5
      vertex -97.9343 -88.7419 5
    endloop
  endfacet
  facet normal -0.671624 0.740892 0
    outer loop
      vertex -98.0434 -88.8408 5
      vertex -97.9343 -88.7419 -5
      vertex -98.0434 -88.8408 -5
    endloop
  endfacet
  facet normal -0.740892 -0.671624 0
    outer loop
      vertex -97.8354 -86.7297 -5
      vertex -97.9343 -86.6206 5
      vertex -97.9343 -86.6206 -5
    endloop
  endfacet
  facet normal -0.740892 -0.671624 0
    outer loop
      vertex -97.9343 -86.6206 5
      vertex -97.8354 -86.7297 -5
      vertex -97.8354 -86.7297 5
    endloop
  endfacet
  facet normal 0.903738 0.428086 0
    outer loop
      vertex -100.318 -88.3883 5
      vertex -100.381 -88.2553 -5
      vertex -100.381 -88.2553 5
    endloop
  endfacet
  facet normal 0.903738 0.428086 0
    outer loop
      vertex -100.381 -88.2553 -5
      vertex -100.318 -88.3883 5
      vertex -100.318 -88.3883 -5
    endloop
  endfacet
  facet normal 0.942814 0.333318 0
    outer loop
      vertex -100.381 -88.2553 5
      vertex -100.43 -88.1167 -5
      vertex -100.43 -88.1167 5
    endloop
  endfacet
  facet normal 0.942814 0.333318 0
    outer loop
      vertex -100.43 -88.1167 -5
      vertex -100.381 -88.2553 5
      vertex -100.381 -88.2553 -5
    endloop
  endfacet
  facet normal 0.670274 -0.742114 0
    outer loop
      vertex -100.056 -86.6206 -5
      vertex -99.9465 -86.5217 5
      vertex -100.056 -86.6206 5
    endloop
  endfacet
  facet normal 0.670274 -0.742114 0
    outer loop
      vertex -99.9465 -86.5217 5
      vertex -100.056 -86.6206 -5
      vertex -99.9465 -86.5217 -5
    endloop
  endfacet
  facet normal 0.336939 -0.941527 0
    outer loop
      vertex -99.569 -86.2954 -5
      vertex -99.4304 -86.2458 5
      vertex -99.569 -86.2954 5
    endloop
  endfacet
  facet normal 0.336939 -0.941527 0
    outer loop
      vertex -99.4304 -86.2458 5
      vertex -99.569 -86.2954 -5
      vertex -99.4304 -86.2458 -5
    endloop
  endfacet
  facet normal -0.595861 -0.803088 0
    outer loop
      vertex -98.1616 -86.434 -5
      vertex -98.0434 -86.5217 5
      vertex -98.1616 -86.434 5
    endloop
  endfacet
  facet normal -0.595861 -0.803088 -0
    outer loop
      vertex -98.0434 -86.5217 5
      vertex -98.1616 -86.434 -5
      vertex -98.0434 -86.5217 -5
    endloop
  endfacet
  facet normal -0.428086 -0.903738 0
    outer loop
      vertex -98.4209 -86.2954 -5
      vertex -98.2879 -86.3584 5
      vertex -98.4209 -86.2954 5
    endloop
  endfacet
  facet normal -0.428086 -0.903738 -0
    outer loop
      vertex -98.2879 -86.3584 5
      vertex -98.4209 -86.2954 -5
      vertex -98.2879 -86.3584 -5
    endloop
  endfacet
  facet normal 0.802112 -0.597173 0
    outer loop
      vertex -100.242 -86.8479 5
      vertex -100.154 -86.7297 -5
      vertex -100.154 -86.7297 5
    endloop
  endfacet
  facet normal 0.802112 -0.597173 0
    outer loop
      vertex -100.154 -86.7297 -5
      vertex -100.242 -86.8479 5
      vertex -100.242 -86.8479 -5
    endloop
  endfacet
  facet normal 0.942814 -0.333318 0
    outer loop
      vertex -100.43 -87.2458 5
      vertex -100.381 -87.1072 -5
      vertex -100.381 -87.1072 5
    endloop
  endfacet
  facet normal 0.942814 -0.333318 0
    outer loop
      vertex -100.381 -87.1072 -5
      vertex -100.43 -87.2458 5
      vertex -100.43 -87.2458 -5
    endloop
  endfacet
  facet normal 0.903862 -0.427824 0
    outer loop
      vertex -100.381 -87.1072 5
      vertex -100.318 -86.9741 -5
      vertex -100.318 -86.9741 5
    endloop
  endfacet
  facet normal 0.903862 -0.427824 0
    outer loop
      vertex -100.318 -86.9741 -5
      vertex -100.381 -87.1072 5
      vertex -100.381 -87.1072 -5
    endloop
  endfacet
  facet normal 0.595423 0.803413 -0
    outer loop
      vertex -99.8283 -88.9284 -5
      vertex -99.9465 -88.8408 5
      vertex -99.8283 -88.9284 5
    endloop
  endfacet
  facet normal 0.595423 0.803413 0
    outer loop
      vertex -99.9465 -88.8408 5
      vertex -99.8283 -88.9284 -5
      vertex -99.9465 -88.8408 -5
    endloop
  endfacet
  facet normal 0.802112 0.597173 0
    outer loop
      vertex -100.154 -88.6328 5
      vertex -100.242 -88.5146 -5
      vertex -100.242 -88.5146 5
    endloop
  endfacet
  facet normal 0.802112 0.597173 0
    outer loop
      vertex -100.242 -88.5146 -5
      vertex -100.154 -88.6328 5
      vertex -100.154 -88.6328 -5
    endloop
  endfacet
  facet normal 0.969661 -0.244452 0
    outer loop
      vertex -100.466 -87.3886 5
      vertex -100.43 -87.2458 -5
      vertex -100.43 -87.2458 5
    endloop
  endfacet
  facet normal 0.969661 -0.244452 0
    outer loop
      vertex -100.43 -87.2458 -5
      vertex -100.466 -87.3886 5
      vertex -100.466 -87.3886 -5
    endloop
  endfacet
  facet normal 0.969661 0.244452 0
    outer loop
      vertex -100.43 -88.1167 5
      vertex -100.466 -87.9739 -5
      vertex -100.466 -87.9739 5
    endloop
  endfacet
  facet normal 0.969661 0.244452 0
    outer loop
      vertex -100.466 -87.9739 -5
      vertex -100.43 -88.1167 5
      vertex -100.43 -88.1167 -5
    endloop
  endfacet
  facet normal 0.146746 -0.989174 0
    outer loop
      vertex -99.2876 -86.2101 -5
      vertex -99.142 -86.1885 5
      vertex -99.2876 -86.2101 5
    endloop
  endfacet
  facet normal 0.146746 -0.989174 0
    outer loop
      vertex -99.142 -86.1885 5
      vertex -99.2876 -86.2101 -5
      vertex -99.142 -86.1885 -5
    endloop
  endfacet
  facet normal 0.743938 -0.668249 0
    outer loop
      vertex -100.154 -86.7297 5
      vertex -100.056 -86.6206 -5
      vertex -100.056 -86.6206 5
    endloop
  endfacet
  facet normal 0.743938 -0.668249 0
    outer loop
      vertex -100.056 -86.6206 -5
      vertex -100.154 -86.7297 5
      vertex -100.154 -86.7297 -5
    endloop
  endfacet
  facet normal 0.428086 -0.903738 0
    outer loop
      vertex -99.702 -86.3584 -5
      vertex -99.569 -86.2954 5
      vertex -99.702 -86.3584 5
    endloop
  endfacet
  facet normal 0.428086 -0.903738 0
    outer loop
      vertex -99.569 -86.2954 5
      vertex -99.702 -86.3584 -5
      vertex -99.569 -86.2954 -5
    endloop
  endfacet
  facet normal 0.513596 -0.858032 0
    outer loop
      vertex -99.8283 -86.434 -5
      vertex -99.702 -86.3584 5
      vertex -99.8283 -86.434 5
    endloop
  endfacet
  facet normal 0.513596 -0.858032 0
    outer loop
      vertex -99.702 -86.3584 5
      vertex -99.8283 -86.434 -5
      vertex -99.702 -86.3584 -5
    endloop
  endfacet
  facet normal 0.595861 -0.803088 0
    outer loop
      vertex -99.9465 -86.5217 -5
      vertex -99.8283 -86.434 5
      vertex -99.9465 -86.5217 5
    endloop
  endfacet
  facet normal 0.595861 -0.803088 0
    outer loop
      vertex -99.8283 -86.434 5
      vertex -99.9465 -86.5217 -5
      vertex -99.8283 -86.434 -5
    endloop
  endfacet
  facet normal 0.242536 -0.970143 0
    outer loop
      vertex -99.4304 -86.2458 -5
      vertex -99.2876 -86.2101 5
      vertex -99.4304 -86.2458 5
    endloop
  endfacet
  facet normal 0.242536 -0.970143 0
    outer loop
      vertex -99.2876 -86.2101 5
      vertex -99.4304 -86.2458 -5
      vertex -99.2876 -86.2101 -5
    endloop
  endfacet
  facet normal -0.513596 -0.858032 0
    outer loop
      vertex -98.2879 -86.3584 -5
      vertex -98.1616 -86.434 5
      vertex -98.2879 -86.3584 5
    endloop
  endfacet
  facet normal -0.513596 -0.858032 -0
    outer loop
      vertex -98.1616 -86.434 5
      vertex -98.2879 -86.3584 -5
      vertex -98.1616 -86.434 -5
    endloop
  endfacet
  facet normal -0.336939 -0.941527 0
    outer loop
      vertex -98.5595 -86.2458 -5
      vertex -98.4209 -86.2954 5
      vertex -98.5595 -86.2458 5
    endloop
  endfacet
  facet normal -0.336939 -0.941527 -0
    outer loop
      vertex -98.4209 -86.2954 5
      vertex -98.5595 -86.2458 -5
      vertex -98.4209 -86.2954 -5
    endloop
  endfacet
  facet normal -0.146746 -0.989174 0
    outer loop
      vertex -98.8479 -86.1885 -5
      vertex -98.7023 -86.2101 5
      vertex -98.8479 -86.1885 5
    endloop
  endfacet
  facet normal -0.146746 -0.989174 -0
    outer loop
      vertex -98.7023 -86.2101 5
      vertex -98.8479 -86.1885 -5
      vertex -98.7023 -86.2101 -5
    endloop
  endfacet
  facet normal 0.0495651 -0.998771 0
    outer loop
      vertex -99.142 -86.1885 -5
      vertex -98.9949 -86.1812 5
      vertex -99.142 -86.1885 5
    endloop
  endfacet
  facet normal 0.0495651 -0.998771 0
    outer loop
      vertex -98.9949 -86.1812 5
      vertex -99.142 -86.1885 -5
      vertex -98.9949 -86.1812 -5
    endloop
  endfacet
  facet normal -0.0495987 -0.998769 0
    outer loop
      vertex -98.9949 -86.1812 -5
      vertex -98.8479 -86.1885 5
      vertex -98.9949 -86.1812 5
    endloop
  endfacet
  facet normal -0.0495987 -0.998769 -0
    outer loop
      vertex -98.8479 -86.1885 5
      vertex -98.9949 -86.1812 -5
      vertex -98.8479 -86.1885 -5
    endloop
  endfacet
  facet normal 0.856653 -0.515893 0
    outer loop
      vertex -100.318 -86.9741 5
      vertex -100.242 -86.8479 -5
      vertex -100.242 -86.8479 5
    endloop
  endfacet
  facet normal 0.856653 -0.515893 0
    outer loop
      vertex -100.242 -86.8479 -5
      vertex -100.318 -86.9741 5
      vertex -100.318 -86.9741 -5
    endloop
  endfacet
  facet normal 0.988776 -0.149403 0
    outer loop
      vertex -100.488 -87.5342 5
      vertex -100.466 -87.3886 -5
      vertex -100.466 -87.3886 5
    endloop
  endfacet
  facet normal 0.988776 -0.149403 0
    outer loop
      vertex -100.466 -87.3886 -5
      vertex -100.488 -87.5342 5
      vertex -100.488 -87.5342 -5
    endloop
  endfacet
  facet normal 0.99887 0.0475329 0
    outer loop
      vertex -100.488 -87.8283 5
      vertex -100.495 -87.6812 -5
      vertex -100.495 -87.6812 5
    endloop
  endfacet
  facet normal 0.99887 0.0475329 0
    outer loop
      vertex -100.495 -87.6812 -5
      vertex -100.488 -87.8283 5
      vertex -100.488 -87.8283 -5
    endloop
  endfacet
  facet normal 0.998868 -0.0475651 0
    outer loop
      vertex -100.495 -87.6812 5
      vertex -100.488 -87.5342 -5
      vertex -100.488 -87.5342 5
    endloop
  endfacet
  facet normal 0.998868 -0.0475651 0
    outer loop
      vertex -100.488 -87.5342 -5
      vertex -100.495 -87.6812 5
      vertex -100.495 -87.6812 -5
    endloop
  endfacet
  facet normal 0.244131 0.969742 -0
    outer loop
      vertex -110.601 -100.466 -5
      vertex -110.744 -100.43 5
      vertex -110.601 -100.466 5
    endloop
  endfacet
  facet normal 0.244131 0.969742 0
    outer loop
      vertex -110.744 -100.43 5
      vertex -110.601 -100.466 -5
      vertex -110.744 -100.43 -5
    endloop
  endfacet
  facet normal -0.428086 0.903738 0
    outer loop
      vertex -109.602 -100.318 -5
      vertex -109.735 -100.381 5
      vertex -109.602 -100.318 5
    endloop
  endfacet
  facet normal -0.428086 0.903738 0
    outer loop
      vertex -109.735 -100.381 5
      vertex -109.602 -100.318 -5
      vertex -109.735 -100.381 -5
    endloop
  endfacet
  facet normal -0.940662 0.339344 0
    outer loop
      vertex -108.923 -99.569 -5
      vertex -108.873 -99.4304 5
      vertex -108.873 -99.4304 -5
    endloop
  endfacet
  facet normal -0.940662 0.339344 0
    outer loop
      vertex -108.873 -99.4304 5
      vertex -108.923 -99.569 -5
      vertex -108.923 -99.569 5
    endloop
  endfacet
  facet normal -0.903738 -0.428086 0
    outer loop
      vertex -108.923 -98.4209 -5
      vertex -108.986 -98.2879 5
      vertex -108.986 -98.2879 -5
    endloop
  endfacet
  facet normal -0.903738 -0.428086 0
    outer loop
      vertex -108.986 -98.2879 5
      vertex -108.923 -98.4209 -5
      vertex -108.923 -98.4209 5
    endloop
  endfacet
  facet normal 0.741776 0.670647 0
    outer loop
      vertex -111.369 -100.056 5
      vertex -111.468 -99.9465 -5
      vertex -111.468 -99.9465 5
    endloop
  endfacet
  facet normal 0.741776 0.670647 0
    outer loop
      vertex -111.468 -99.9465 -5
      vertex -111.369 -100.056 5
      vertex -111.369 -100.056 -5
    endloop
  endfacet
  facet normal 0.940662 -0.339344 0
    outer loop
      vertex -111.744 -98.5595 5
      vertex -111.694 -98.4209 -5
      vertex -111.694 -98.4209 5
    endloop
  endfacet
  facet normal 0.940662 -0.339344 0
    outer loop
      vertex -111.694 -98.4209 -5
      vertex -111.744 -98.5595 5
      vertex -111.744 -98.5595 -5
    endloop
  endfacet
  facet normal -0.671962 -0.740585 0
    outer loop
      vertex -109.357 -97.8354 -5
      vertex -109.248 -97.9343 5
      vertex -109.357 -97.8354 5
    endloop
  endfacet
  facet normal -0.671962 -0.740585 -0
    outer loop
      vertex -109.248 -97.9343 5
      vertex -109.357 -97.8354 -5
      vertex -109.248 -97.9343 -5
    endloop
  endfacet
  facet normal -0.99887 0.0475329 0
    outer loop
      vertex -108.816 -99.142 -5
      vertex -108.809 -98.9949 5
      vertex -108.809 -98.9949 -5
    endloop
  endfacet
  facet normal -0.99887 0.0475329 0
    outer loop
      vertex -108.809 -98.9949 5
      vertex -108.816 -99.142 -5
      vertex -108.816 -99.142 5
    endloop
  endfacet
  facet normal 0.671962 -0.740585 0
    outer loop
      vertex -111.369 -97.9343 -5
      vertex -111.26 -97.8354 5
      vertex -111.369 -97.9343 5
    endloop
  endfacet
  facet normal 0.671962 -0.740585 0
    outer loop
      vertex -111.26 -97.8354 5
      vertex -111.369 -97.9343 -5
      vertex -111.26 -97.8354 -5
    endloop
  endfacet
  facet normal 0.597824 0.801627 -0
    outer loop
      vertex -111.142 -100.242 -5
      vertex -111.26 -100.154 5
      vertex -111.142 -100.242 5
    endloop
  endfacet
  facet normal 0.597824 0.801627 0
    outer loop
      vertex -111.26 -100.154 5
      vertex -111.142 -100.242 -5
      vertex -111.26 -100.154 -5
    endloop
  endfacet
  facet normal 0.150007 0.988685 -0
    outer loop
      vertex -110.456 -100.488 -5
      vertex -110.601 -100.466 5
      vertex -110.456 -100.488 5
    endloop
  endfacet
  facet normal 0.150007 0.988685 0
    outer loop
      vertex -110.601 -100.466 5
      vertex -110.456 -100.488 -5
      vertex -110.601 -100.466 -5
    endloop
  endfacet
  facet normal -0.0475651 0.998868 0
    outer loop
      vertex -110.162 -100.488 -5
      vertex -110.309 -100.495 5
      vertex -110.162 -100.488 5
    endloop
  endfacet
  facet normal -0.0475651 0.998868 0
    outer loop
      vertex -110.309 -100.495 5
      vertex -110.162 -100.488 -5
      vertex -110.309 -100.495 -5
    endloop
  endfacet
  facet normal 0.0475651 0.998868 -0
    outer loop
      vertex -110.309 -100.495 -5
      vertex -110.456 -100.488 5
      vertex -110.309 -100.495 5
    endloop
  endfacet
  facet normal 0.0475651 0.998868 0
    outer loop
      vertex -110.456 -100.488 5
      vertex -110.309 -100.495 -5
      vertex -110.456 -100.488 -5
    endloop
  endfacet
  facet normal -0.741776 0.670647 0
    outer loop
      vertex -109.248 -100.056 -5
      vertex -109.149 -99.9465 5
      vertex -109.149 -99.9465 -5
    endloop
  endfacet
  facet normal -0.741776 0.670647 0
    outer loop
      vertex -109.149 -99.9465 5
      vertex -109.248 -100.056 -5
      vertex -109.248 -100.056 5
    endloop
  endfacet
  facet normal -0.513502 0.858089 0
    outer loop
      vertex -109.475 -100.242 -5
      vertex -109.602 -100.318 5
      vertex -109.475 -100.242 5
    endloop
  endfacet
  facet normal -0.513502 0.858089 0
    outer loop
      vertex -109.602 -100.318 5
      vertex -109.475 -100.242 -5
      vertex -109.602 -100.318 -5
    endloop
  endfacet
  facet normal -0.597824 0.801627 0
    outer loop
      vertex -109.357 -100.154 -5
      vertex -109.475 -100.242 5
      vertex -109.357 -100.154 5
    endloop
  endfacet
  facet normal -0.597824 0.801627 0
    outer loop
      vertex -109.475 -100.242 5
      vertex -109.357 -100.154 -5
      vertex -109.475 -100.242 -5
    endloop
  endfacet
  facet normal -0.668588 0.743633 0
    outer loop
      vertex -109.248 -100.056 -5
      vertex -109.357 -100.154 5
      vertex -109.248 -100.056 5
    endloop
  endfacet
  facet normal -0.668588 0.743633 0
    outer loop
      vertex -109.357 -100.154 5
      vertex -109.248 -100.056 -5
      vertex -109.357 -100.154 -5
    endloop
  endfacet
  facet normal -0.149003 0.988837 0
    outer loop
      vertex -110.016 -100.466 -5
      vertex -110.162 -100.488 5
      vertex -110.016 -100.466 5
    endloop
  endfacet
  facet normal -0.149003 0.988837 0
    outer loop
      vertex -110.162 -100.488 5
      vertex -110.016 -100.466 -5
      vertex -110.162 -100.488 -5
    endloop
  endfacet
  facet normal -0.244131 0.969742 0
    outer loop
      vertex -109.873 -100.43 -5
      vertex -110.016 -100.466 5
      vertex -109.873 -100.43 5
    endloop
  endfacet
  facet normal -0.244131 0.969742 0
    outer loop
      vertex -110.016 -100.466 5
      vertex -109.873 -100.43 -5
      vertex -110.016 -100.466 -5
    endloop
  endfacet
  facet normal -0.802112 -0.597173 0
    outer loop
      vertex -109.061 -98.1616 -5
      vertex -109.149 -98.0434 5
      vertex -109.149 -98.0434 -5
    endloop
  endfacet
  facet normal -0.802112 -0.597173 0
    outer loop
      vertex -109.149 -98.0434 5
      vertex -109.061 -98.1616 -5
      vertex -109.061 -98.1616 5
    endloop
  endfacet
  facet normal -0.989758 -0.142754 0
    outer loop
      vertex -108.816 -98.8479 -5
      vertex -108.837 -98.7023 5
      vertex -108.837 -98.7023 -5
    endloop
  endfacet
  facet normal -0.989758 -0.142754 0
    outer loop
      vertex -108.837 -98.7023 5
      vertex -108.816 -98.8479 -5
      vertex -108.816 -98.8479 5
    endloop
  endfacet
  facet normal -0.969661 -0.244452 0
    outer loop
      vertex -108.837 -98.7023 -5
      vertex -108.873 -98.5595 5
      vertex -108.873 -98.5595 -5
    endloop
  endfacet
  facet normal -0.969661 -0.244452 0
    outer loop
      vertex -108.873 -98.5595 5
      vertex -108.837 -98.7023 -5
      vertex -108.837 -98.7023 5
    endloop
  endfacet
  facet normal -0.802112 0.597173 0
    outer loop
      vertex -109.149 -99.9465 -5
      vertex -109.061 -99.8283 5
      vertex -109.061 -99.8283 -5
    endloop
  endfacet
  facet normal -0.802112 0.597173 0
    outer loop
      vertex -109.061 -99.8283 5
      vertex -109.149 -99.9465 -5
      vertex -109.149 -99.9465 5
    endloop
  endfacet
  facet normal -0.859827 0.510586 0
    outer loop
      vertex -109.061 -99.8283 -5
      vertex -108.986 -99.702 5
      vertex -108.986 -99.702 -5
    endloop
  endfacet
  facet normal -0.859827 0.510586 0
    outer loop
      vertex -108.986 -99.702 5
      vertex -109.061 -99.8283 -5
      vertex -109.061 -99.8283 5
    endloop
  endfacet
  facet normal -0.969661 0.244452 0
    outer loop
      vertex -108.873 -99.4304 -5
      vertex -108.837 -99.2876 5
      vertex -108.837 -99.2876 -5
    endloop
  endfacet
  facet normal -0.969661 0.244452 0
    outer loop
      vertex -108.837 -99.2876 5
      vertex -108.873 -99.4304 -5
      vertex -108.873 -99.4304 5
    endloop
  endfacet
  facet normal -0.989758 0.142754 0
    outer loop
      vertex -108.837 -99.2876 -5
      vertex -108.816 -99.142 5
      vertex -108.816 -99.142 -5
    endloop
  endfacet
  facet normal -0.989758 0.142754 0
    outer loop
      vertex -108.816 -99.142 5
      vertex -108.837 -99.2876 -5
      vertex -108.837 -99.2876 5
    endloop
  endfacet
  facet normal -0.998868 -0.0475651 0
    outer loop
      vertex -108.809 -98.9949 -5
      vertex -108.816 -98.8479 5
      vertex -108.816 -98.8479 -5
    endloop
  endfacet
  facet normal -0.998868 -0.0475651 0
    outer loop
      vertex -108.816 -98.8479 5
      vertex -108.809 -98.9949 -5
      vertex -108.809 -98.9949 5
    endloop
  endfacet
  facet normal 0.668588 0.743633 -0
    outer loop
      vertex -111.26 -100.154 -5
      vertex -111.369 -100.056 5
      vertex -111.26 -100.154 5
    endloop
  endfacet
  facet normal 0.668588 0.743633 0
    outer loop
      vertex -111.369 -100.056 5
      vertex -111.26 -100.154 -5
      vertex -111.369 -100.056 -5
    endloop
  endfacet
  facet normal 0.989758 0.142754 0
    outer loop
      vertex -111.78 -99.2876 5
      vertex -111.801 -99.142 -5
      vertex -111.801 -99.142 5
    endloop
  endfacet
  facet normal 0.989758 0.142754 0
    outer loop
      vertex -111.801 -99.142 -5
      vertex -111.78 -99.2876 5
      vertex -111.78 -99.2876 -5
    endloop
  endfacet
  facet normal 0.802112 -0.597173 0
    outer loop
      vertex -111.556 -98.1616 5
      vertex -111.468 -98.0434 -5
      vertex -111.468 -98.0434 5
    endloop
  endfacet
  facet normal 0.802112 -0.597173 0
    outer loop
      vertex -111.468 -98.0434 -5
      vertex -111.556 -98.1616 5
      vertex -111.556 -98.1616 -5
    endloop
  endfacet
  facet normal 0.332465 0.943116 -0
    outer loop
      vertex -110.744 -100.43 -5
      vertex -110.883 -100.381 5
      vertex -110.744 -100.43 5
    endloop
  endfacet
  facet normal 0.332465 0.943116 0
    outer loop
      vertex -110.883 -100.381 5
      vertex -110.744 -100.43 -5
      vertex -110.883 -100.381 -5
    endloop
  endfacet
  facet normal 0.428086 0.903738 -0
    outer loop
      vertex -110.883 -100.381 -5
      vertex -111.016 -100.318 5
      vertex -110.883 -100.381 5
    endloop
  endfacet
  facet normal 0.428086 0.903738 0
    outer loop
      vertex -111.016 -100.318 5
      vertex -110.883 -100.381 -5
      vertex -111.016 -100.318 -5
    endloop
  endfacet
  facet normal 0.516493 0.856291 -0
    outer loop
      vertex -111.016 -100.318 -5
      vertex -111.142 -100.242 5
      vertex -111.016 -100.318 5
    endloop
  endfacet
  facet normal 0.516493 0.856291 0
    outer loop
      vertex -111.142 -100.242 5
      vertex -111.016 -100.318 -5
      vertex -111.142 -100.242 -5
    endloop
  endfacet
  facet normal -0.334605 0.942358 0
    outer loop
      vertex -109.735 -100.381 -5
      vertex -109.873 -100.43 5
      vertex -109.735 -100.381 5
    endloop
  endfacet
  facet normal -0.334605 0.942358 0
    outer loop
      vertex -109.873 -100.43 5
      vertex -109.735 -100.381 -5
      vertex -109.873 -100.43 -5
    endloop
  endfacet
  facet normal -0.740554 -0.671997 0
    outer loop
      vertex -109.149 -98.0434 -5
      vertex -109.248 -97.9343 5
      vertex -109.248 -97.9343 -5
    endloop
  endfacet
  facet normal -0.740554 -0.671997 0
    outer loop
      vertex -109.248 -97.9343 5
      vertex -109.149 -98.0434 -5
      vertex -109.149 -98.0434 5
    endloop
  endfacet
  facet normal -0.859827 -0.510586 0
    outer loop
      vertex -108.986 -98.2879 -5
      vertex -109.061 -98.1616 5
      vertex -109.061 -98.1616 -5
    endloop
  endfacet
  facet normal -0.859827 -0.510586 0
    outer loop
      vertex -109.061 -98.1616 5
      vertex -108.986 -98.2879 -5
      vertex -108.986 -98.2879 5
    endloop
  endfacet
  facet normal -0.940662 -0.339344 0
    outer loop
      vertex -108.873 -98.5595 -5
      vertex -108.923 -98.4209 5
      vertex -108.923 -98.4209 -5
    endloop
  endfacet
  facet normal -0.940662 -0.339344 0
    outer loop
      vertex -108.923 -98.4209 5
      vertex -108.873 -98.5595 -5
      vertex -108.873 -98.5595 5
    endloop
  endfacet
  facet normal -0.903738 0.428086 0
    outer loop
      vertex -108.986 -99.702 -5
      vertex -108.923 -99.569 5
      vertex -108.923 -99.569 -5
    endloop
  endfacet
  facet normal -0.903738 0.428086 0
    outer loop
      vertex -108.923 -99.569 5
      vertex -108.986 -99.702 -5
      vertex -108.986 -99.702 5
    endloop
  endfacet
  facet normal 0.802112 0.597173 0
    outer loop
      vertex -111.468 -99.9465 5
      vertex -111.556 -99.8283 -5
      vertex -111.556 -99.8283 5
    endloop
  endfacet
  facet normal 0.802112 0.597173 0
    outer loop
      vertex -111.556 -99.8283 -5
      vertex -111.468 -99.9465 5
      vertex -111.468 -99.9465 -5
    endloop
  endfacet
  facet normal 0.856834 0.515593 0
    outer loop
      vertex -111.556 -99.8283 5
      vertex -111.632 -99.702 -5
      vertex -111.632 -99.702 5
    endloop
  endfacet
  facet normal 0.856834 0.515593 0
    outer loop
      vertex -111.632 -99.702 -5
      vertex -111.556 -99.8283 5
      vertex -111.556 -99.8283 -5
    endloop
  endfacet
  facet normal 0.906357 0.422512 0
    outer loop
      vertex -111.632 -99.702 5
      vertex -111.694 -99.569 -5
      vertex -111.694 -99.569 5
    endloop
  endfacet
  facet normal 0.906357 0.422512 0
    outer loop
      vertex -111.694 -99.569 -5
      vertex -111.632 -99.702 5
      vertex -111.632 -99.702 -5
    endloop
  endfacet
  facet normal 0.940662 0.339344 0
    outer loop
      vertex -111.694 -99.569 5
      vertex -111.744 -99.4304 -5
      vertex -111.744 -99.4304 5
    endloop
  endfacet
  facet normal 0.940662 0.339344 0
    outer loop
      vertex -111.744 -99.4304 -5
      vertex -111.694 -99.569 5
      vertex -111.694 -99.569 -5
    endloop
  endfacet
  facet normal 0.336079 -0.941834 0
    outer loop
      vertex -110.883 -97.6091 -5
      vertex -110.744 -97.5595 5
      vertex -110.883 -97.6091 5
    endloop
  endfacet
  facet normal 0.336079 -0.941834 0
    outer loop
      vertex -110.744 -97.5595 5
      vertex -110.883 -97.6091 -5
      vertex -110.744 -97.5595 -5
    endloop
  endfacet
  facet normal -0.596512 -0.802604 0
    outer loop
      vertex -109.475 -97.7477 -5
      vertex -109.357 -97.8354 5
      vertex -109.475 -97.7477 5
    endloop
  endfacet
  facet normal -0.596512 -0.802604 -0
    outer loop
      vertex -109.357 -97.8354 5
      vertex -109.475 -97.7477 -5
      vertex -109.357 -97.8354 -5
    endloop
  endfacet
  facet normal -0.0495987 -0.998769 0
    outer loop
      vertex -110.309 -97.4949 -5
      vertex -110.162 -97.5022 5
      vertex -110.309 -97.4949 5
    endloop
  endfacet
  facet normal -0.0495987 -0.998769 -0
    outer loop
      vertex -110.162 -97.5022 5
      vertex -110.309 -97.4949 -5
      vertex -110.162 -97.5022 -5
    endloop
  endfacet
  facet normal -0.242216 -0.970222 0
    outer loop
      vertex -110.016 -97.5238 -5
      vertex -109.873 -97.5595 5
      vertex -110.016 -97.5238 5
    endloop
  endfacet
  facet normal -0.242216 -0.970222 -0
    outer loop
      vertex -109.873 -97.5595 5
      vertex -110.016 -97.5238 -5
      vertex -109.873 -97.5595 -5
    endloop
  endfacet
  facet normal -0.146352 -0.989233 0
    outer loop
      vertex -110.162 -97.5022 -5
      vertex -110.016 -97.5238 5
      vertex -110.162 -97.5022 5
    endloop
  endfacet
  facet normal -0.146352 -0.989233 -0
    outer loop
      vertex -110.016 -97.5238 5
      vertex -110.162 -97.5022 -5
      vertex -110.016 -97.5238 -5
    endloop
  endfacet
  facet normal 0.906357 -0.422512 0
    outer loop
      vertex -111.694 -98.4209 5
      vertex -111.632 -98.2879 -5
      vertex -111.632 -98.2879 5
    endloop
  endfacet
  facet normal 0.906357 -0.422512 0
    outer loop
      vertex -111.632 -98.2879 -5
      vertex -111.694 -98.4209 5
      vertex -111.694 -98.4209 -5
    endloop
  endfacet
  facet normal 0.969661 -0.244452 0
    outer loop
      vertex -111.78 -98.7023 5
      vertex -111.744 -98.5595 -5
      vertex -111.744 -98.5595 5
    endloop
  endfacet
  facet normal 0.969661 -0.244452 0
    outer loop
      vertex -111.744 -98.5595 -5
      vertex -111.78 -98.7023 5
      vertex -111.78 -98.7023 -5
    endloop
  endfacet
  facet normal 0.969661 0.244452 0
    outer loop
      vertex -111.744 -99.4304 5
      vertex -111.78 -99.2876 -5
      vertex -111.78 -99.2876 5
    endloop
  endfacet
  facet normal 0.969661 0.244452 0
    outer loop
      vertex -111.78 -99.2876 -5
      vertex -111.744 -99.4304 5
      vertex -111.744 -99.4304 -5
    endloop
  endfacet
  facet normal 0.14734 -0.989086 0
    outer loop
      vertex -110.601 -97.5238 -5
      vertex -110.456 -97.5022 5
      vertex -110.601 -97.5238 5
    endloop
  endfacet
  facet normal 0.14734 -0.989086 0
    outer loop
      vertex -110.456 -97.5022 5
      vertex -110.601 -97.5238 -5
      vertex -110.456 -97.5022 -5
    endloop
  endfacet
  facet normal 0.740554 -0.671997 0
    outer loop
      vertex -111.468 -98.0434 5
      vertex -111.369 -97.9343 -5
      vertex -111.369 -97.9343 5
    endloop
  endfacet
  facet normal 0.740554 -0.671997 0
    outer loop
      vertex -111.369 -97.9343 -5
      vertex -111.468 -98.0434 5
      vertex -111.468 -98.0434 -5
    endloop
  endfacet
  facet normal 0.428086 -0.903738 0
    outer loop
      vertex -111.016 -97.6721 -5
      vertex -110.883 -97.6091 5
      vertex -111.016 -97.6721 5
    endloop
  endfacet
  facet normal 0.428086 -0.903738 0
    outer loop
      vertex -110.883 -97.6091 5
      vertex -111.016 -97.6721 -5
      vertex -110.883 -97.6091 -5
    endloop
  endfacet
  facet normal 0.514496 -0.857493 0
    outer loop
      vertex -111.142 -97.7477 -5
      vertex -111.016 -97.6721 5
      vertex -111.142 -97.7477 5
    endloop
  endfacet
  facet normal 0.514496 -0.857493 0
    outer loop
      vertex -111.016 -97.6721 5
      vertex -111.142 -97.7477 -5
      vertex -111.016 -97.6721 -5
    endloop
  endfacet
  facet normal 0.596512 -0.802604 0
    outer loop
      vertex -111.26 -97.8354 -5
      vertex -111.142 -97.7477 5
      vertex -111.26 -97.8354 5
    endloop
  endfacet
  facet normal 0.596512 -0.802604 0
    outer loop
      vertex -111.142 -97.7477 5
      vertex -111.26 -97.8354 -5
      vertex -111.142 -97.7477 -5
    endloop
  endfacet
  facet normal 0.242216 -0.970222 0
    outer loop
      vertex -110.744 -97.5595 -5
      vertex -110.601 -97.5238 5
      vertex -110.744 -97.5595 5
    endloop
  endfacet
  facet normal 0.242216 -0.970222 0
    outer loop
      vertex -110.601 -97.5238 5
      vertex -110.744 -97.5595 -5
      vertex -110.601 -97.5238 -5
    endloop
  endfacet
  facet normal -0.511508 -0.859279 0
    outer loop
      vertex -109.602 -97.6721 -5
      vertex -109.475 -97.7477 5
      vertex -109.602 -97.6721 5
    endloop
  endfacet
  facet normal -0.511508 -0.859279 -0
    outer loop
      vertex -109.475 -97.7477 5
      vertex -109.602 -97.6721 -5
      vertex -109.475 -97.7477 -5
    endloop
  endfacet
  facet normal -0.338236 -0.941061 0
    outer loop
      vertex -109.873 -97.5595 -5
      vertex -109.735 -97.6091 5
      vertex -109.873 -97.5595 5
    endloop
  endfacet
  facet normal -0.338236 -0.941061 -0
    outer loop
      vertex -109.735 -97.6091 5
      vertex -109.873 -97.5595 -5
      vertex -109.735 -97.6091 -5
    endloop
  endfacet
  facet normal -0.428086 -0.903738 0
    outer loop
      vertex -109.735 -97.6091 -5
      vertex -109.602 -97.6721 5
      vertex -109.735 -97.6091 5
    endloop
  endfacet
  facet normal -0.428086 -0.903738 -0
    outer loop
      vertex -109.602 -97.6721 5
      vertex -109.735 -97.6091 -5
      vertex -109.602 -97.6721 -5
    endloop
  endfacet
  facet normal 0.0495987 -0.998769 0
    outer loop
      vertex -110.456 -97.5022 -5
      vertex -110.309 -97.4949 5
      vertex -110.456 -97.5022 5
    endloop
  endfacet
  facet normal 0.0495987 -0.998769 0
    outer loop
      vertex -110.309 -97.4949 5
      vertex -110.456 -97.5022 -5
      vertex -110.309 -97.4949 -5
    endloop
  endfacet
  facet normal 0.856834 -0.515593 0
    outer loop
      vertex -111.632 -98.2879 5
      vertex -111.556 -98.1616 -5
      vertex -111.556 -98.1616 5
    endloop
  endfacet
  facet normal 0.856834 -0.515593 0
    outer loop
      vertex -111.556 -98.1616 -5
      vertex -111.632 -98.2879 5
      vertex -111.632 -98.2879 -5
    endloop
  endfacet
  facet normal 0.989758 -0.142754 0
    outer loop
      vertex -111.801 -98.8479 5
      vertex -111.78 -98.7023 -5
      vertex -111.78 -98.7023 5
    endloop
  endfacet
  facet normal 0.989758 -0.142754 0
    outer loop
      vertex -111.78 -98.7023 -5
      vertex -111.801 -98.8479 5
      vertex -111.801 -98.8479 -5
    endloop
  endfacet
  facet normal 0.998524 0.0543045 0
    outer loop
      vertex -111.801 -99.142 5
      vertex -111.809 -98.9949 -5
      vertex -111.809 -98.9949 5
    endloop
  endfacet
  facet normal 0.998524 0.0543045 0
    outer loop
      vertex -111.809 -98.9949 -5
      vertex -111.801 -99.142 5
      vertex -111.801 -99.142 -5
    endloop
  endfacet
  facet normal 0.998522 -0.0543414 0
    outer loop
      vertex -111.809 -98.9949 5
      vertex -111.801 -98.8479 -5
      vertex -111.801 -98.8479 5
    endloop
  endfacet
  facet normal 0.998522 -0.0543414 0
    outer loop
      vertex -111.801 -98.8479 -5
      vertex -111.809 -98.9949 5
      vertex -111.809 -98.9949 -5
    endloop
  endfacet
  facet normal -0.142754 0.989758 0
    outer loop
      vertex -98.7023 -111.78 -5
      vertex -98.8479 -111.801 5
      vertex -98.7023 -111.78 5
    endloop
  endfacet
  facet normal -0.142754 0.989758 0
    outer loop
      vertex -98.8479 -111.801 5
      vertex -98.7023 -111.78 -5
      vertex -98.8479 -111.801 -5
    endloop
  endfacet
  facet normal -0.941834 0.336079 0
    outer loop
      vertex -97.6091 -110.883 -5
      vertex -97.5595 -110.744 5
      vertex -97.5595 -110.744 -5
    endloop
  endfacet
  facet normal -0.941834 0.336079 0
    outer loop
      vertex -97.5595 -110.744 5
      vertex -97.6091 -110.883 -5
      vertex -97.6091 -110.883 5
    endloop
  endfacet
  facet normal -0.903738 -0.428086 0
    outer loop
      vertex -97.6091 -109.735 -5
      vertex -97.6721 -109.602 5
      vertex -97.6721 -109.602 -5
    endloop
  endfacet
  facet normal -0.903738 -0.428086 0
    outer loop
      vertex -97.6721 -109.602 5
      vertex -97.6091 -109.735 -5
      vertex -97.6091 -109.735 5
    endloop
  endfacet
  facet normal 0.339344 0.940662 -0
    outer loop
      vertex -99.4304 -111.744 -5
      vertex -99.569 -111.694 5
      vertex -99.4304 -111.744 5
    endloop
  endfacet
  facet normal 0.339344 0.940662 0
    outer loop
      vertex -99.569 -111.694 5
      vertex -99.4304 -111.744 -5
      vertex -99.569 -111.694 -5
    endloop
  endfacet
  facet normal 0.244452 0.969661 -0
    outer loop
      vertex -99.2876 -111.78 -5
      vertex -99.4304 -111.744 5
      vertex -99.2876 -111.78 5
    endloop
  endfacet
  facet normal 0.244452 0.969661 0
    outer loop
      vertex -99.4304 -111.744 5
      vertex -99.2876 -111.78 -5
      vertex -99.4304 -111.744 -5
    endloop
  endfacet
  facet normal -0.422512 0.906357 0
    outer loop
      vertex -98.2879 -111.632 -5
      vertex -98.4209 -111.694 5
      vertex -98.2879 -111.632 5
    endloop
  endfacet
  facet normal -0.422512 0.906357 0
    outer loop
      vertex -98.4209 -111.694 5
      vertex -98.2879 -111.632 -5
      vertex -98.4209 -111.694 -5
    endloop
  endfacet
  facet normal -0.671997 0.740554 0
    outer loop
      vertex -97.9343 -111.369 -5
      vertex -98.0434 -111.468 5
      vertex -97.9343 -111.369 5
    endloop
  endfacet
  facet normal -0.671997 0.740554 0
    outer loop
      vertex -98.0434 -111.468 5
      vertex -97.9343 -111.369 -5
      vertex -98.0434 -111.468 -5
    endloop
  endfacet
  facet normal -0.740585 -0.671962 0
    outer loop
      vertex -97.8354 -109.357 -5
      vertex -97.9343 -109.248 5
      vertex -97.9343 -109.248 -5
    endloop
  endfacet
  facet normal -0.740585 -0.671962 0
    outer loop
      vertex -97.9343 -109.248 5
      vertex -97.8354 -109.357 -5
      vertex -97.8354 -109.357 5
    endloop
  endfacet
  facet normal -0.989233 -0.146352 0
    outer loop
      vertex -97.5022 -110.162 -5
      vertex -97.5238 -110.016 5
      vertex -97.5238 -110.016 -5
    endloop
  endfacet
  facet normal -0.989233 -0.146352 0
    outer loop
      vertex -97.5238 -110.016 5
      vertex -97.5022 -110.162 -5
      vertex -97.5022 -110.162 5
    endloop
  endfacet
  facet normal -0.857493 0.514496 0
    outer loop
      vertex -97.7477 -111.142 -5
      vertex -97.6721 -111.016 5
      vertex -97.6721 -111.016 -5
    endloop
  endfacet
  facet normal -0.857493 0.514496 0
    outer loop
      vertex -97.6721 -111.016 5
      vertex -97.7477 -111.142 -5
      vertex -97.7477 -111.142 5
    endloop
  endfacet
  facet normal 0.743633 0.668588 0
    outer loop
      vertex -100.056 -111.369 5
      vertex -100.154 -111.26 -5
      vertex -100.154 -111.26 5
    endloop
  endfacet
  facet normal 0.743633 0.668588 0
    outer loop
      vertex -100.154 -111.26 -5
      vertex -100.056 -111.369 5
      vertex -100.056 -111.369 -5
    endloop
  endfacet
  facet normal 0.988685 0.150007 0
    outer loop
      vertex -100.466 -110.601 5
      vertex -100.488 -110.456 -5
      vertex -100.488 -110.456 5
    endloop
  endfacet
  facet normal 0.988685 0.150007 0
    outer loop
      vertex -100.488 -110.456 -5
      vertex -100.466 -110.601 5
      vertex -100.466 -110.601 -5
    endloop
  endfacet
  facet normal 0.670647 -0.741776 0
    outer loop
      vertex -100.056 -109.248 -5
      vertex -99.9465 -109.149 5
      vertex -100.056 -109.248 5
    endloop
  endfacet
  facet normal 0.670647 -0.741776 0
    outer loop
      vertex -99.9465 -109.149 5
      vertex -100.056 -109.248 -5
      vertex -99.9465 -109.149 -5
    endloop
  endfacet
  facet normal 0.142754 -0.989758 0
    outer loop
      vertex -99.2876 -108.837 -5
      vertex -99.142 -108.816 5
      vertex -99.2876 -108.837 5
    endloop
  endfacet
  facet normal 0.142754 -0.989758 0
    outer loop
      vertex -99.142 -108.816 5
      vertex -99.2876 -108.837 -5
      vertex -99.142 -108.816 -5
    endloop
  endfacet
  facet normal -0.339344 -0.940662 0
    outer loop
      vertex -98.5595 -108.873 -5
      vertex -98.4209 -108.923 5
      vertex -98.5595 -108.873 5
    endloop
  endfacet
  facet normal -0.339344 -0.940662 -0
    outer loop
      vertex -98.4209 -108.923 5
      vertex -98.5595 -108.873 -5
      vertex -98.4209 -108.923 -5
    endloop
  endfacet
  facet normal -0.0475651 -0.998868 0
    outer loop
      vertex -98.9949 -108.809 -5
      vertex -98.8479 -108.816 5
      vertex -98.9949 -108.809 5
    endloop
  endfacet
  facet normal -0.0475651 -0.998868 -0
    outer loop
      vertex -98.8479 -108.816 5
      vertex -98.9949 -108.809 -5
      vertex -98.8479 -108.816 -5
    endloop
  endfacet
  facet normal 0.597173 0.802112 -0
    outer loop
      vertex -99.8283 -111.556 -5
      vertex -99.9465 -111.468 5
      vertex -99.8283 -111.556 5
    endloop
  endfacet
  facet normal 0.597173 0.802112 0
    outer loop
      vertex -99.9465 -111.468 5
      vertex -99.8283 -111.556 -5
      vertex -99.9465 -111.468 -5
    endloop
  endfacet
  facet normal 0.515593 0.856834 -0
    outer loop
      vertex -99.702 -111.632 -5
      vertex -99.8283 -111.556 5
      vertex -99.702 -111.632 5
    endloop
  endfacet
  facet normal 0.515593 0.856834 0
    outer loop
      vertex -99.8283 -111.556 5
      vertex -99.702 -111.632 -5
      vertex -99.8283 -111.556 -5
    endloop
  endfacet
  facet normal 0.422512 0.906357 -0
    outer loop
      vertex -99.569 -111.694 -5
      vertex -99.702 -111.632 5
      vertex -99.569 -111.694 5
    endloop
  endfacet
  facet normal 0.422512 0.906357 0
    outer loop
      vertex -99.702 -111.632 5
      vertex -99.569 -111.694 -5
      vertex -99.702 -111.632 -5
    endloop
  endfacet
  facet normal 0.0543045 0.998524 -0
    outer loop
      vertex -98.9949 -111.809 -5
      vertex -99.142 -111.801 5
      vertex -98.9949 -111.809 5
    endloop
  endfacet
  facet normal 0.0543045 0.998524 0
    outer loop
      vertex -99.142 -111.801 5
      vertex -98.9949 -111.809 -5
      vertex -99.142 -111.801 -5
    endloop
  endfacet
  facet normal 0.142754 0.989758 -0
    outer loop
      vertex -99.142 -111.801 -5
      vertex -99.2876 -111.78 5
      vertex -99.142 -111.801 5
    endloop
  endfacet
  facet normal 0.142754 0.989758 0
    outer loop
      vertex -99.2876 -111.78 5
      vertex -99.142 -111.801 -5
      vertex -99.2876 -111.78 -5
    endloop
  endfacet
  facet normal -0.0543414 0.998522 0
    outer loop
      vertex -98.8479 -111.801 -5
      vertex -98.9949 -111.809 5
      vertex -98.8479 -111.801 5
    endloop
  endfacet
  facet normal -0.0543414 0.998522 0
    outer loop
      vertex -98.9949 -111.809 5
      vertex -98.8479 -111.801 -5
      vertex -98.9949 -111.809 -5
    endloop
  endfacet
  facet normal -0.244452 0.969661 0
    outer loop
      vertex -98.5595 -111.744 -5
      vertex -98.7023 -111.78 5
      vertex -98.5595 -111.744 5
    endloop
  endfacet
  facet normal -0.244452 0.969661 0
    outer loop
      vertex -98.7023 -111.78 5
      vertex -98.5595 -111.744 -5
      vertex -98.7023 -111.78 -5
    endloop
  endfacet
  facet normal -0.740585 0.671962 0
    outer loop
      vertex -97.9343 -111.369 -5
      vertex -97.8354 -111.26 5
      vertex -97.8354 -111.26 -5
    endloop
  endfacet
  facet normal -0.740585 0.671962 0
    outer loop
      vertex -97.8354 -111.26 5
      vertex -97.9343 -111.369 -5
      vertex -97.9343 -111.369 5
    endloop
  endfacet
  facet normal -0.339344 0.940662 0
    outer loop
      vertex -98.4209 -111.694 -5
      vertex -98.5595 -111.744 5
      vertex -98.4209 -111.694 5
    endloop
  endfacet
  facet normal -0.339344 0.940662 0
    outer loop
      vertex -98.5595 -111.744 5
      vertex -98.4209 -111.694 -5
      vertex -98.5595 -111.744 -5
    endloop
  endfacet
  facet normal -0.515593 0.856834 0
    outer loop
      vertex -98.1616 -111.556 -5
      vertex -98.2879 -111.632 5
      vertex -98.1616 -111.556 5
    endloop
  endfacet
  facet normal -0.515593 0.856834 0
    outer loop
      vertex -98.2879 -111.632 5
      vertex -98.1616 -111.556 -5
      vertex -98.2879 -111.632 -5
    endloop
  endfacet
  facet normal -0.597173 0.802112 0
    outer loop
      vertex -98.0434 -111.468 -5
      vertex -98.1616 -111.556 5
      vertex -98.0434 -111.468 5
    endloop
  endfacet
  facet normal -0.597173 0.802112 0
    outer loop
      vertex -98.1616 -111.556 5
      vertex -98.0434 -111.468 -5
      vertex -98.1616 -111.556 -5
    endloop
  endfacet
  facet normal -0.859279 -0.511508 0
    outer loop
      vertex -97.6721 -109.602 -5
      vertex -97.7477 -109.475 5
      vertex -97.7477 -109.475 -5
    endloop
  endfacet
  facet normal -0.859279 -0.511508 0
    outer loop
      vertex -97.7477 -109.475 5
      vertex -97.6721 -109.602 -5
      vertex -97.6721 -109.602 5
    endloop
  endfacet
  facet normal -0.802604 -0.596512 0
    outer loop
      vertex -97.7477 -109.475 -5
      vertex -97.8354 -109.357 5
      vertex -97.8354 -109.357 -5
    endloop
  endfacet
  facet normal -0.802604 -0.596512 0
    outer loop
      vertex -97.8354 -109.357 5
      vertex -97.7477 -109.475 -5
      vertex -97.7477 -109.475 5
    endloop
  endfacet
  facet normal -0.941061 -0.338236 0
    outer loop
      vertex -97.5595 -109.873 -5
      vertex -97.6091 -109.735 5
      vertex -97.6091 -109.735 -5
    endloop
  endfacet
  facet normal -0.941061 -0.338236 0
    outer loop
      vertex -97.6091 -109.735 5
      vertex -97.5595 -109.873 -5
      vertex -97.5595 -109.873 5
    endloop
  endfacet
  facet normal -0.970222 -0.242216 0
    outer loop
      vertex -97.5238 -110.016 -5
      vertex -97.5595 -109.873 5
      vertex -97.5595 -109.873 -5
    endloop
  endfacet
  facet normal -0.970222 -0.242216 0
    outer loop
      vertex -97.5595 -109.873 5
      vertex -97.5238 -110.016 -5
      vertex -97.5238 -110.016 5
    endloop
  endfacet
  facet normal -0.903738 0.428086 0
    outer loop
      vertex -97.6721 -111.016 -5
      vertex -97.6091 -110.883 5
      vertex -97.6091 -110.883 -5
    endloop
  endfacet
  facet normal -0.903738 0.428086 0
    outer loop
      vertex -97.6091 -110.883 5
      vertex -97.6721 -111.016 -5
      vertex -97.6721 -111.016 5
    endloop
  endfacet
  facet normal -0.802604 0.596512 0
    outer loop
      vertex -97.8354 -111.26 -5
      vertex -97.7477 -111.142 5
      vertex -97.7477 -111.142 -5
    endloop
  endfacet
  facet normal -0.802604 0.596512 0
    outer loop
      vertex -97.7477 -111.142 5
      vertex -97.8354 -111.26 -5
      vertex -97.8354 -111.26 5
    endloop
  endfacet
  facet normal -0.989086 0.14734 0
    outer loop
      vertex -97.5238 -110.601 -5
      vertex -97.5022 -110.456 5
      vertex -97.5022 -110.456 -5
    endloop
  endfacet
  facet normal -0.989086 0.14734 0
    outer loop
      vertex -97.5022 -110.456 5
      vertex -97.5238 -110.601 -5
      vertex -97.5238 -110.601 5
    endloop
  endfacet
  facet normal -0.998769 0.0495987 0
    outer loop
      vertex -97.5022 -110.456 -5
      vertex -97.4949 -110.309 5
      vertex -97.4949 -110.309 -5
    endloop
  endfacet
  facet normal -0.998769 0.0495987 0
    outer loop
      vertex -97.4949 -110.309 5
      vertex -97.5022 -110.456 -5
      vertex -97.5022 -110.456 5
    endloop
  endfacet
  facet normal -0.970222 0.242216 0
    outer loop
      vertex -97.5595 -110.744 -5
      vertex -97.5238 -110.601 5
      vertex -97.5238 -110.601 -5
    endloop
  endfacet
  facet normal -0.970222 0.242216 0
    outer loop
      vertex -97.5238 -110.601 5
      vertex -97.5595 -110.744 -5
      vertex -97.5595 -110.744 5
    endloop
  endfacet
  facet normal -0.998769 -0.0495987 0
    outer loop
      vertex -97.4949 -110.309 -5
      vertex -97.5022 -110.162 5
      vertex -97.5022 -110.162 -5
    endloop
  endfacet
  facet normal -0.998769 -0.0495987 0
    outer loop
      vertex -97.5022 -110.162 5
      vertex -97.4949 -110.309 -5
      vertex -97.4949 -110.309 5
    endloop
  endfacet
  facet normal 0.670647 0.741776 -0
    outer loop
      vertex -99.9465 -111.468 -5
      vertex -100.056 -111.369 5
      vertex -99.9465 -111.468 5
    endloop
  endfacet
  facet normal 0.670647 0.741776 0
    outer loop
      vertex -100.056 -111.369 5
      vertex -99.9465 -111.468 -5
      vertex -100.056 -111.369 -5
    endloop
  endfacet
  facet normal 0.801627 -0.597824 0
    outer loop
      vertex -100.242 -109.475 5
      vertex -100.154 -109.357 -5
      vertex -100.154 -109.357 5
    endloop
  endfacet
  facet normal 0.801627 -0.597824 0
    outer loop
      vertex -100.154 -109.357 -5
      vertex -100.242 -109.475 5
      vertex -100.242 -109.475 -5
    endloop
  endfacet
  facet normal 0.856291 0.516493 0
    outer loop
      vertex -100.242 -111.142 5
      vertex -100.318 -111.016 -5
      vertex -100.318 -111.016 5
    endloop
  endfacet
  facet normal 0.856291 0.516493 0
    outer loop
      vertex -100.318 -111.016 -5
      vertex -100.242 -111.142 5
      vertex -100.242 -111.142 -5
    endloop
  endfacet
  facet normal 0.903738 -0.428086 0
    outer loop
      vertex -100.381 -109.735 5
      vertex -100.318 -109.602 -5
      vertex -100.318 -109.602 5
    endloop
  endfacet
  facet normal 0.903738 -0.428086 0
    outer loop
      vertex -100.318 -109.602 -5
      vertex -100.381 -109.735 5
      vertex -100.381 -109.735 -5
    endloop
  endfacet
  facet normal 0.998868 -0.0475651 0
    outer loop
      vertex -100.495 -110.309 5
      vertex -100.488 -110.162 -5
      vertex -100.488 -110.162 5
    endloop
  endfacet
  facet normal 0.998868 -0.0475651 0
    outer loop
      vertex -100.488 -110.162 -5
      vertex -100.495 -110.309 5
      vertex -100.495 -110.309 -5
    endloop
  endfacet
  facet normal 0.969742 -0.244131 0
    outer loop
      vertex -100.466 -110.016 5
      vertex -100.43 -109.873 -5
      vertex -100.43 -109.873 5
    endloop
  endfacet
  facet normal 0.969742 -0.244131 0
    outer loop
      vertex -100.43 -109.873 -5
      vertex -100.466 -110.016 5
      vertex -100.466 -110.016 -5
    endloop
  endfacet
  facet normal 0.943116 0.332465 0
    outer loop
      vertex -100.381 -110.883 5
      vertex -100.43 -110.744 -5
      vertex -100.43 -110.744 5
    endloop
  endfacet
  facet normal 0.943116 0.332465 0
    outer loop
      vertex -100.43 -110.744 -5
      vertex -100.381 -110.883 5
      vertex -100.381 -110.883 -5
    endloop
  endfacet
  facet normal 0.510586 -0.859827 0
    outer loop
      vertex -99.8283 -109.061 -5
      vertex -99.702 -108.986 5
      vertex -99.8283 -109.061 5
    endloop
  endfacet
  facet normal 0.510586 -0.859827 0
    outer loop
      vertex -99.702 -108.986 5
      vertex -99.8283 -109.061 -5
      vertex -99.702 -108.986 -5
    endloop
  endfacet
  facet normal 0.339344 -0.940662 0
    outer loop
      vertex -99.569 -108.923 -5
      vertex -99.4304 -108.873 5
      vertex -99.569 -108.923 5
    endloop
  endfacet
  facet normal 0.339344 -0.940662 0
    outer loop
      vertex -99.4304 -108.873 5
      vertex -99.569 -108.923 -5
      vertex -99.4304 -108.873 -5
    endloop
  endfacet
  facet normal -0.597173 -0.802112 0
    outer loop
      vertex -98.1616 -109.061 -5
      vertex -98.0434 -109.149 5
      vertex -98.1616 -109.061 5
    endloop
  endfacet
  facet normal -0.597173 -0.802112 -0
    outer loop
      vertex -98.0434 -109.149 5
      vertex -98.1616 -109.061 -5
      vertex -98.0434 -109.149 -5
    endloop
  endfacet
  facet normal -0.428086 -0.903738 0
    outer loop
      vertex -98.4209 -108.923 -5
      vertex -98.2879 -108.986 5
      vertex -98.4209 -108.923 5
    endloop
  endfacet
  facet normal -0.428086 -0.903738 -0
    outer loop
      vertex -98.2879 -108.986 5
      vertex -98.4209 -108.923 -5
      vertex -98.2879 -108.986 -5
    endloop
  endfacet
  facet normal -0.244452 -0.969661 0
    outer loop
      vertex -98.7023 -108.837 -5
      vertex -98.5595 -108.873 5
      vertex -98.7023 -108.837 5
    endloop
  endfacet
  facet normal -0.244452 -0.969661 -0
    outer loop
      vertex -98.5595 -108.873 5
      vertex -98.7023 -108.837 -5
      vertex -98.5595 -108.873 -5
    endloop
  endfacet
  facet normal -0.671997 -0.740554 0
    outer loop
      vertex -98.0434 -109.149 -5
      vertex -97.9343 -109.248 5
      vertex -98.0434 -109.149 5
    endloop
  endfacet
  facet normal -0.671997 -0.740554 -0
    outer loop
      vertex -97.9343 -109.248 5
      vertex -98.0434 -109.149 -5
      vertex -97.9343 -109.248 -5
    endloop
  endfacet
  facet normal 0.801627 0.597824 0
    outer loop
      vertex -100.154 -111.26 5
      vertex -100.242 -111.142 -5
      vertex -100.242 -111.142 5
    endloop
  endfacet
  facet normal 0.801627 0.597824 0
    outer loop
      vertex -100.242 -111.142 -5
      vertex -100.154 -111.26 5
      vertex -100.154 -111.26 -5
    endloop
  endfacet
  facet normal 0.858089 -0.513502 0
    outer loop
      vertex -100.318 -109.602 5
      vertex -100.242 -109.475 -5
      vertex -100.242 -109.475 5
    endloop
  endfacet
  facet normal 0.858089 -0.513502 0
    outer loop
      vertex -100.242 -109.475 -5
      vertex -100.318 -109.602 5
      vertex -100.318 -109.602 -5
    endloop
  endfacet
  facet normal 0.942358 -0.334605 0
    outer loop
      vertex -100.43 -109.873 5
      vertex -100.381 -109.735 -5
      vertex -100.381 -109.735 5
    endloop
  endfacet
  facet normal 0.942358 -0.334605 0
    outer loop
      vertex -100.381 -109.735 -5
      vertex -100.43 -109.873 5
      vertex -100.43 -109.873 -5
    endloop
  endfacet
  facet normal 0.998868 0.0475651 0
    outer loop
      vertex -100.488 -110.456 5
      vertex -100.495 -110.309 -5
      vertex -100.495 -110.309 5
    endloop
  endfacet
  facet normal 0.998868 0.0475651 0
    outer loop
      vertex -100.495 -110.309 -5
      vertex -100.488 -110.456 5
      vertex -100.488 -110.456 -5
    endloop
  endfacet
  facet normal 0.988837 -0.149003 0
    outer loop
      vertex -100.488 -110.162 5
      vertex -100.466 -110.016 -5
      vertex -100.466 -110.016 5
    endloop
  endfacet
  facet normal 0.988837 -0.149003 0
    outer loop
      vertex -100.466 -110.016 -5
      vertex -100.488 -110.162 5
      vertex -100.488 -110.162 -5
    endloop
  endfacet
  facet normal 0.903738 0.428086 0
    outer loop
      vertex -100.318 -111.016 5
      vertex -100.381 -110.883 -5
      vertex -100.381 -110.883 5
    endloop
  endfacet
  facet normal 0.903738 0.428086 0
    outer loop
      vertex -100.381 -110.883 -5
      vertex -100.318 -111.016 5
      vertex -100.318 -111.016 -5
    endloop
  endfacet
  facet normal 0.969742 0.244131 0
    outer loop
      vertex -100.43 -110.744 5
      vertex -100.466 -110.601 -5
      vertex -100.466 -110.601 5
    endloop
  endfacet
  facet normal 0.969742 0.244131 0
    outer loop
      vertex -100.466 -110.601 -5
      vertex -100.43 -110.744 5
      vertex -100.43 -110.744 -5
    endloop
  endfacet
  facet normal 0.743633 -0.668588 0
    outer loop
      vertex -100.154 -109.357 5
      vertex -100.056 -109.248 -5
      vertex -100.056 -109.248 5
    endloop
  endfacet
  facet normal 0.743633 -0.668588 0
    outer loop
      vertex -100.056 -109.248 -5
      vertex -100.154 -109.357 5
      vertex -100.154 -109.357 -5
    endloop
  endfacet
  facet normal 0.597173 -0.802112 0
    outer loop
      vertex -99.9465 -109.149 -5
      vertex -99.8283 -109.061 5
      vertex -99.9465 -109.149 5
    endloop
  endfacet
  facet normal 0.597173 -0.802112 0
    outer loop
      vertex -99.8283 -109.061 5
      vertex -99.9465 -109.149 -5
      vertex -99.8283 -109.061 -5
    endloop
  endfacet
  facet normal 0.428086 -0.903738 0
    outer loop
      vertex -99.702 -108.986 -5
      vertex -99.569 -108.923 5
      vertex -99.702 -108.986 5
    endloop
  endfacet
  facet normal 0.428086 -0.903738 0
    outer loop
      vertex -99.569 -108.923 5
      vertex -99.702 -108.986 -5
      vertex -99.569 -108.923 -5
    endloop
  endfacet
  facet normal 0.244452 -0.969661 0
    outer loop
      vertex -99.4304 -108.873 -5
      vertex -99.2876 -108.837 5
      vertex -99.4304 -108.873 5
    endloop
  endfacet
  facet normal 0.244452 -0.969661 0
    outer loop
      vertex -99.2876 -108.837 5
      vertex -99.4304 -108.873 -5
      vertex -99.2876 -108.837 -5
    endloop
  endfacet
  facet normal -0.510586 -0.859827 0
    outer loop
      vertex -98.2879 -108.986 -5
      vertex -98.1616 -109.061 5
      vertex -98.2879 -108.986 5
    endloop
  endfacet
  facet normal -0.510586 -0.859827 -0
    outer loop
      vertex -98.1616 -109.061 5
      vertex -98.2879 -108.986 -5
      vertex -98.1616 -109.061 -5
    endloop
  endfacet
  facet normal -0.142754 -0.989758 0
    outer loop
      vertex -98.8479 -108.816 -5
      vertex -98.7023 -108.837 5
      vertex -98.8479 -108.816 5
    endloop
  endfacet
  facet normal -0.142754 -0.989758 -0
    outer loop
      vertex -98.7023 -108.837 5
      vertex -98.8479 -108.816 -5
      vertex -98.7023 -108.837 -5
    endloop
  endfacet
  facet normal 0.0475329 -0.99887 0
    outer loop
      vertex -99.142 -108.816 -5
      vertex -98.9949 -108.809 5
      vertex -99.142 -108.816 5
    endloop
  endfacet
  facet normal 0.0475329 -0.99887 0
    outer loop
      vertex -98.9949 -108.809 5
      vertex -99.142 -108.816 -5
      vertex -98.9949 -108.809 -5
    endloop
  endfacet
  facet normal -0.149403 0.988776 0
    outer loop
      vertex -87.3886 -100.466 -5
      vertex -87.5342 -100.488 5
      vertex -87.3886 -100.466 5
    endloop
  endfacet
  facet normal -0.149403 0.988776 0
    outer loop
      vertex -87.5342 -100.488 5
      vertex -87.3886 -100.466 -5
      vertex -87.5342 -100.488 -5
    endloop
  endfacet
  facet normal -0.941527 0.336939 0
    outer loop
      vertex -86.2954 -99.569 -5
      vertex -86.2458 -99.4304 5
      vertex -86.2458 -99.4304 -5
    endloop
  endfacet
  facet normal -0.941527 0.336939 0
    outer loop
      vertex -86.2458 -99.4304 5
      vertex -86.2954 -99.569 -5
      vertex -86.2954 -99.569 5
    endloop
  endfacet
  facet normal -0.903738 -0.428086 0
    outer loop
      vertex -86.2954 -98.4209 -5
      vertex -86.3584 -98.2879 5
      vertex -86.3584 -98.2879 -5
    endloop
  endfacet
  facet normal -0.903738 -0.428086 0
    outer loop
      vertex -86.3584 -98.2879 5
      vertex -86.2954 -98.4209 -5
      vertex -86.2954 -98.4209 5
    endloop
  endfacet
  facet normal 0.333318 0.942814 -0
    outer loop
      vertex -88.1167 -100.43 -5
      vertex -88.2553 -100.381 5
      vertex -88.1167 -100.43 5
    endloop
  endfacet
  facet normal 0.333318 0.942814 0
    outer loop
      vertex -88.2553 -100.381 5
      vertex -88.1167 -100.43 -5
      vertex -88.2553 -100.381 -5
    endloop
  endfacet
  facet normal 0.244452 0.969661 -0
    outer loop
      vertex -87.9739 -100.466 -5
      vertex -88.1167 -100.43 5
      vertex -87.9739 -100.466 5
    endloop
  endfacet
  facet normal 0.244452 0.969661 0
    outer loop
      vertex -88.1167 -100.43 5
      vertex -87.9739 -100.466 -5
      vertex -88.1167 -100.43 -5
    endloop
  endfacet
  facet normal -0.427824 0.903862 0
    outer loop
      vertex -86.9741 -100.318 -5
      vertex -87.1072 -100.381 5
      vertex -86.9741 -100.318 5
    endloop
  endfacet
  facet normal -0.427824 0.903862 0
    outer loop
      vertex -87.1072 -100.381 5
      vertex -86.9741 -100.318 -5
      vertex -87.1072 -100.381 -5
    endloop
  endfacet
  facet normal -0.668249 0.743938 0
    outer loop
      vertex -86.6206 -100.056 -5
      vertex -86.7297 -100.154 5
      vertex -86.6206 -100.056 5
    endloop
  endfacet
  facet normal -0.668249 0.743938 0
    outer loop
      vertex -86.7297 -100.154 5
      vertex -86.6206 -100.056 -5
      vertex -86.7297 -100.154 -5
    endloop
  endfacet
  facet normal -0.740892 -0.671624 0
    outer loop
      vertex -86.5217 -98.0434 -5
      vertex -86.6206 -97.9343 5
      vertex -86.6206 -97.9343 -5
    endloop
  endfacet
  facet normal -0.740892 -0.671624 0
    outer loop
      vertex -86.6206 -97.9343 5
      vertex -86.5217 -98.0434 -5
      vertex -86.5217 -98.0434 5
    endloop
  endfacet
  facet normal -0.989174 -0.146746 0
    outer loop
      vertex -86.1885 -98.8479 -5
      vertex -86.2101 -98.7023 5
      vertex -86.2101 -98.7023 -5
    endloop
  endfacet
  facet normal -0.989174 -0.146746 0
    outer loop
      vertex -86.2101 -98.7023 5
      vertex -86.1885 -98.8479 -5
      vertex -86.1885 -98.8479 5
    endloop
  endfacet
  facet normal -0.858032 0.513596 0
    outer loop
      vertex -86.434 -99.8283 -5
      vertex -86.3584 -99.702 5
      vertex -86.3584 -99.702 -5
    endloop
  endfacet
  facet normal -0.858032 0.513596 0
    outer loop
      vertex -86.3584 -99.702 5
      vertex -86.434 -99.8283 -5
      vertex -86.434 -99.8283 5
    endloop
  endfacet
  facet normal 0.742114 0.670274 0
    outer loop
      vertex -88.7419 -100.056 5
      vertex -88.8408 -99.9465 -5
      vertex -88.8408 -99.9465 5
    endloop
  endfacet
  facet normal 0.742114 0.670274 0
    outer loop
      vertex -88.8408 -99.9465 -5
      vertex -88.7419 -100.056 5
      vertex -88.7419 -100.056 -5
    endloop
  endfacet
  facet normal 0.989174 0.146746 0
    outer loop
      vertex -89.1524 -99.2876 5
      vertex -89.174 -99.142 -5
      vertex -89.174 -99.142 5
    endloop
  endfacet
  facet normal 0.989174 0.146746 0
    outer loop
      vertex -89.174 -99.142 -5
      vertex -89.1524 -99.2876 5
      vertex -89.1524 -99.2876 -5
    endloop
  endfacet
  facet normal 0.671624 -0.740892 0
    outer loop
      vertex -88.7419 -97.9343 -5
      vertex -88.6328 -97.8354 5
      vertex -88.7419 -97.9343 5
    endloop
  endfacet
  facet normal 0.671624 -0.740892 0
    outer loop
      vertex -88.6328 -97.8354 5
      vertex -88.7419 -97.9343 -5
      vertex -88.6328 -97.8354 -5
    endloop
  endfacet
  facet normal 0.146746 -0.989174 0
    outer loop
      vertex -87.9739 -97.5238 -5
      vertex -87.8283 -97.5022 5
      vertex -87.9739 -97.5238 5
    endloop
  endfacet
  facet normal 0.146746 -0.989174 0
    outer loop
      vertex -87.8283 -97.5022 5
      vertex -87.9739 -97.5238 -5
      vertex -87.8283 -97.5022 -5
    endloop
  endfacet
  facet normal 0.597173 0.802112 -0
    outer loop
      vertex -88.5146 -100.242 -5
      vertex -88.6328 -100.154 5
      vertex -88.5146 -100.242 5
    endloop
  endfacet
  facet normal 0.597173 0.802112 0
    outer loop
      vertex -88.6328 -100.154 5
      vertex -88.5146 -100.242 -5
      vertex -88.6328 -100.154 -5
    endloop
  endfacet
  facet normal 0.515593 0.856834 -0
    outer loop
      vertex -88.3883 -100.318 -5
      vertex -88.5146 -100.242 5
      vertex -88.3883 -100.318 5
    endloop
  endfacet
  facet normal 0.515593 0.856834 0
    outer loop
      vertex -88.5146 -100.242 5
      vertex -88.3883 -100.318 -5
      vertex -88.5146 -100.242 -5
    endloop
  endfacet
  facet normal 0.428086 0.903738 -0
    outer loop
      vertex -88.2553 -100.381 -5
      vertex -88.3883 -100.318 5
      vertex -88.2553 -100.381 5
    endloop
  endfacet
  facet normal 0.428086 0.903738 0
    outer loop
      vertex -88.3883 -100.318 5
      vertex -88.2553 -100.381 -5
      vertex -88.3883 -100.318 -5
    endloop
  endfacet
  facet normal 0.0475329 0.99887 -0
    outer loop
      vertex -87.6812 -100.495 -5
      vertex -87.8283 -100.488 5
      vertex -87.6812 -100.495 5
    endloop
  endfacet
  facet normal 0.0475329 0.99887 0
    outer loop
      vertex -87.8283 -100.488 5
      vertex -87.6812 -100.495 -5
      vertex -87.8283 -100.488 -5
    endloop
  endfacet
  facet normal 0.149403 0.988776 -0
    outer loop
      vertex -87.8283 -100.488 -5
      vertex -87.9739 -100.466 5
      vertex -87.8283 -100.488 5
    endloop
  endfacet
  facet normal 0.149403 0.988776 0
    outer loop
      vertex -87.9739 -100.466 5
      vertex -87.8283 -100.488 -5
      vertex -87.9739 -100.466 -5
    endloop
  endfacet
  facet normal -0.0475651 0.998868 0
    outer loop
      vertex -87.5342 -100.488 -5
      vertex -87.6812 -100.495 5
      vertex -87.5342 -100.488 5
    endloop
  endfacet
  facet normal -0.0475651 0.998868 0
    outer loop
      vertex -87.6812 -100.495 5
      vertex -87.5342 -100.488 -5
      vertex -87.6812 -100.495 -5
    endloop
  endfacet
  facet normal -0.244452 0.969661 0
    outer loop
      vertex -87.2458 -100.43 -5
      vertex -87.3886 -100.466 5
      vertex -87.2458 -100.43 5
    endloop
  endfacet
  facet normal -0.244452 0.969661 0
    outer loop
      vertex -87.3886 -100.466 5
      vertex -87.2458 -100.43 -5
      vertex -87.3886 -100.466 -5
    endloop
  endfacet
  facet normal -0.742114 0.670274 0
    outer loop
      vertex -86.6206 -100.056 -5
      vertex -86.5217 -99.9465 5
      vertex -86.5217 -99.9465 -5
    endloop
  endfacet
  facet normal -0.742114 0.670274 0
    outer loop
      vertex -86.5217 -99.9465 5
      vertex -86.6206 -100.056 -5
      vertex -86.6206 -100.056 5
    endloop
  endfacet
  facet normal -0.333318 0.942814 0
    outer loop
      vertex -87.1072 -100.381 -5
      vertex -87.2458 -100.43 5
      vertex -87.1072 -100.381 5
    endloop
  endfacet
  facet normal -0.333318 0.942814 0
    outer loop
      vertex -87.2458 -100.43 5
      vertex -87.1072 -100.381 -5
      vertex -87.2458 -100.43 -5
    endloop
  endfacet
  facet normal -0.515893 0.856653 0
    outer loop
      vertex -86.8479 -100.242 -5
      vertex -86.9741 -100.318 5
      vertex -86.8479 -100.242 5
    endloop
  endfacet
  facet normal -0.515893 0.856653 0
    outer loop
      vertex -86.9741 -100.318 5
      vertex -86.8479 -100.242 -5
      vertex -86.9741 -100.318 -5
    endloop
  endfacet
  facet normal -0.597173 0.802112 0
    outer loop
      vertex -86.7297 -100.154 -5
      vertex -86.8479 -100.242 5
      vertex -86.7297 -100.154 5
    endloop
  endfacet
  facet normal -0.597173 0.802112 0
    outer loop
      vertex -86.8479 -100.242 5
      vertex -86.7297 -100.154 -5
      vertex -86.8479 -100.242 -5
    endloop
  endfacet
  facet normal -0.858032 -0.513596 0
    outer loop
      vertex -86.3584 -98.2879 -5
      vertex -86.434 -98.1616 5
      vertex -86.434 -98.1616 -5
    endloop
  endfacet
  facet normal -0.858032 -0.513596 0
    outer loop
      vertex -86.434 -98.1616 5
      vertex -86.3584 -98.2879 -5
      vertex -86.3584 -98.2879 5
    endloop
  endfacet
  facet normal -0.803088 -0.595861 0
    outer loop
      vertex -86.434 -98.1616 -5
      vertex -86.5217 -98.0434 5
      vertex -86.5217 -98.0434 -5
    endloop
  endfacet
  facet normal -0.803088 -0.595861 0
    outer loop
      vertex -86.5217 -98.0434 5
      vertex -86.434 -98.1616 -5
      vertex -86.434 -98.1616 5
    endloop
  endfacet
  facet normal -0.941527 -0.336939 0
    outer loop
      vertex -86.2458 -98.5595 -5
      vertex -86.2954 -98.4209 5
      vertex -86.2954 -98.4209 -5
    endloop
  endfacet
  facet normal -0.941527 -0.336939 0
    outer loop
      vertex -86.2954 -98.4209 5
      vertex -86.2458 -98.5595 -5
      vertex -86.2458 -98.5595 5
    endloop
  endfacet
  facet normal -0.970143 -0.242536 0
    outer loop
      vertex -86.2101 -98.7023 -5
      vertex -86.2458 -98.5595 5
      vertex -86.2458 -98.5595 -5
    endloop
  endfacet
  facet normal -0.970143 -0.242536 0
    outer loop
      vertex -86.2458 -98.5595 5
      vertex -86.2101 -98.7023 -5
      vertex -86.2101 -98.7023 5
    endloop
  endfacet
  facet normal -0.903738 0.428086 0
    outer loop
      vertex -86.3584 -99.702 -5
      vertex -86.2954 -99.569 5
      vertex -86.2954 -99.569 -5
    endloop
  endfacet
  facet normal -0.903738 0.428086 0
    outer loop
      vertex -86.2954 -99.569 5
      vertex -86.3584 -99.702 -5
      vertex -86.3584 -99.702 5
    endloop
  endfacet
  facet normal -0.803088 0.595861 0
    outer loop
      vertex -86.5217 -99.9465 -5
      vertex -86.434 -99.8283 5
      vertex -86.434 -99.8283 -5
    endloop
  endfacet
  facet normal -0.803088 0.595861 0
    outer loop
      vertex -86.434 -99.8283 5
      vertex -86.5217 -99.9465 -5
      vertex -86.5217 -99.9465 5
    endloop
  endfacet
  facet normal -0.989174 0.146746 0
    outer loop
      vertex -86.2101 -99.2876 -5
      vertex -86.1885 -99.142 5
      vertex -86.1885 -99.142 -5
    endloop
  endfacet
  facet normal -0.989174 0.146746 0
    outer loop
      vertex -86.1885 -99.142 5
      vertex -86.2101 -99.2876 -5
      vertex -86.2101 -99.2876 5
    endloop
  endfacet
  facet normal -0.998771 0.0495651 0
    outer loop
      vertex -86.1885 -99.142 -5
      vertex -86.1812 -98.9949 5
      vertex -86.1812 -98.9949 -5
    endloop
  endfacet
  facet normal -0.998771 0.0495651 0
    outer loop
      vertex -86.1812 -98.9949 5
      vertex -86.1885 -99.142 -5
      vertex -86.1885 -99.142 5
    endloop
  endfacet
  facet normal -0.970143 0.242536 0
    outer loop
      vertex -86.2458 -99.4304 -5
      vertex -86.2101 -99.2876 5
      vertex -86.2101 -99.2876 -5
    endloop
  endfacet
  facet normal -0.970143 0.242536 0
    outer loop
      vertex -86.2101 -99.2876 5
      vertex -86.2458 -99.4304 -5
      vertex -86.2458 -99.4304 5
    endloop
  endfacet
  facet normal -0.998769 -0.0495987 0
    outer loop
      vertex -86.1812 -98.9949 -5
      vertex -86.1885 -98.8479 5
      vertex -86.1885 -98.8479 -5
    endloop
  endfacet
  facet normal -0.998769 -0.0495987 0
    outer loop
      vertex -86.1885 -98.8479 5
      vertex -86.1812 -98.9949 -5
      vertex -86.1812 -98.9949 5
    endloop
  endfacet
  facet normal 0.668249 0.743938 -0
    outer loop
      vertex -88.6328 -100.154 -5
      vertex -88.7419 -100.056 5
      vertex -88.6328 -100.154 5
    endloop
  endfacet
  facet normal 0.668249 0.743938 0
    outer loop
      vertex -88.7419 -100.056 5
      vertex -88.6328 -100.154 -5
      vertex -88.7419 -100.056 -5
    endloop
  endfacet
  facet normal 0.803413 -0.595423 0
    outer loop
      vertex -88.9284 -98.1616 5
      vertex -88.8408 -98.0434 -5
      vertex -88.8408 -98.0434 5
    endloop
  endfacet
  facet normal 0.803413 -0.595423 0
    outer loop
      vertex -88.8408 -98.0434 -5
      vertex -88.9284 -98.1616 5
      vertex -88.9284 -98.1616 -5
    endloop
  endfacet
  facet normal 0.903738 -0.428086 0
    outer loop
      vertex -89.0671 -98.4209 5
      vertex -89.0041 -98.2879 -5
      vertex -89.0041 -98.2879 5
    endloop
  endfacet
  facet normal 0.903738 -0.428086 0
    outer loop
      vertex -89.0041 -98.2879 -5
      vertex -89.0671 -98.4209 5
      vertex -89.0671 -98.4209 -5
    endloop
  endfacet
  facet normal 0.998803 -0.0489209 0
    outer loop
      vertex -89.1812 -98.9949 5
      vertex -89.174 -98.8479 -5
      vertex -89.174 -98.8479 5
    endloop
  endfacet
  facet normal 0.998803 -0.0489209 0
    outer loop
      vertex -89.174 -98.8479 -5
      vertex -89.1812 -98.9949 5
      vertex -89.1812 -98.9949 -5
    endloop
  endfacet
  facet normal 0.970143 -0.242536 0
    outer loop
      vertex -89.1524 -98.7023 5
      vertex -89.1167 -98.5595 -5
      vertex -89.1167 -98.5595 5
    endloop
  endfacet
  facet normal 0.970143 -0.242536 0
    outer loop
      vertex -89.1167 -98.5595 -5
      vertex -89.1524 -98.7023 5
      vertex -89.1524 -98.7023 -5
    endloop
  endfacet
  facet normal 0.941527 0.336939 0
    outer loop
      vertex -89.0671 -99.569 5
      vertex -89.1167 -99.4304 -5
      vertex -89.1167 -99.4304 5
    endloop
  endfacet
  facet normal 0.941527 0.336939 0
    outer loop
      vertex -89.1167 -99.4304 -5
      vertex -89.0671 -99.569 5
      vertex -89.0671 -99.569 -5
    endloop
  endfacet
  facet normal 0.740892 -0.671624 0
    outer loop
      vertex -88.8408 -98.0434 5
      vertex -88.7419 -97.9343 -5
      vertex -88.7419 -97.9343 5
    endloop
  endfacet
  facet normal 0.740892 -0.671624 0
    outer loop
      vertex -88.7419 -97.9343 -5
      vertex -88.8408 -98.0434 5
      vertex -88.8408 -98.0434 -5
    endloop
  endfacet
  facet normal 0.513596 -0.858032 0
    outer loop
      vertex -88.5146 -97.7477 -5
      vertex -88.3883 -97.6721 5
      vertex -88.5146 -97.7477 5
    endloop
  endfacet
  facet normal 0.513596 -0.858032 0
    outer loop
      vertex -88.3883 -97.6721 5
      vertex -88.5146 -97.7477 -5
      vertex -88.3883 -97.6721 -5
    endloop
  endfacet
  facet normal 0.336939 -0.941527 0
    outer loop
      vertex -88.2553 -97.6091 -5
      vertex -88.1167 -97.5595 5
      vertex -88.2553 -97.6091 5
    endloop
  endfacet
  facet normal 0.336939 -0.941527 0
    outer loop
      vertex -88.1167 -97.5595 5
      vertex -88.2553 -97.6091 -5
      vertex -88.1167 -97.5595 -5
    endloop
  endfacet
  facet normal -0.427824 -0.903862 0
    outer loop
      vertex -87.1072 -97.6091 -5
      vertex -86.9741 -97.6721 5
      vertex -87.1072 -97.6091 5
    endloop
  endfacet
  facet normal -0.427824 -0.903862 -0
    outer loop
      vertex -86.9741 -97.6721 5
      vertex -87.1072 -97.6091 -5
      vertex -86.9741 -97.6721 -5
    endloop
  endfacet
  facet normal -0.595861 -0.803088 0
    outer loop
      vertex -86.8479 -97.7477 -5
      vertex -86.7297 -97.8354 5
      vertex -86.8479 -97.7477 5
    endloop
  endfacet
  facet normal -0.595861 -0.803088 -0
    outer loop
      vertex -86.7297 -97.8354 5
      vertex -86.8479 -97.7477 -5
      vertex -86.7297 -97.8354 -5
    endloop
  endfacet
  facet normal -0.0495987 -0.998769 0
    outer loop
      vertex -87.6812 -97.4949 -5
      vertex -87.5342 -97.5022 5
      vertex -87.6812 -97.4949 5
    endloop
  endfacet
  facet normal -0.0495987 -0.998769 -0
    outer loop
      vertex -87.5342 -97.5022 5
      vertex -87.6812 -97.4949 -5
      vertex -87.5342 -97.5022 -5
    endloop
  endfacet
  facet normal -0.242536 -0.970143 0
    outer loop
      vertex -87.3886 -97.5238 -5
      vertex -87.2458 -97.5595 5
      vertex -87.3886 -97.5238 5
    endloop
  endfacet
  facet normal -0.242536 -0.970143 -0
    outer loop
      vertex -87.2458 -97.5595 5
      vertex -87.3886 -97.5238 -5
      vertex -87.2458 -97.5595 -5
    endloop
  endfacet
  facet normal 0.0495651 -0.998771 0
    outer loop
      vertex -87.8283 -97.5022 -5
      vertex -87.6812 -97.4949 5
      vertex -87.8283 -97.5022 5
    endloop
  endfacet
  facet normal 0.0495651 -0.998771 0
    outer loop
      vertex -87.6812 -97.4949 5
      vertex -87.8283 -97.5022 -5
      vertex -87.6812 -97.4949 -5
    endloop
  endfacet
  facet normal -0.671624 -0.740892 0
    outer loop
      vertex -86.7297 -97.8354 -5
      vertex -86.6206 -97.9343 5
      vertex -86.7297 -97.8354 5
    endloop
  endfacet
  facet normal -0.671624 -0.740892 -0
    outer loop
      vertex -86.6206 -97.9343 5
      vertex -86.7297 -97.8354 -5
      vertex -86.6206 -97.9343 -5
    endloop
  endfacet
  facet normal 0.803413 0.595423 0
    outer loop
      vertex -88.8408 -99.9465 5
      vertex -88.9284 -99.8283 -5
      vertex -88.9284 -99.8283 5
    endloop
  endfacet
  facet normal 0.803413 0.595423 0
    outer loop
      vertex -88.9284 -99.8283 -5
      vertex -88.8408 -99.9465 5
      vertex -88.8408 -99.9465 -5
    endloop
  endfacet
  facet normal 0.857733 0.514096 0
    outer loop
      vertex -88.9284 -99.8283 5
      vertex -89.0041 -99.702 -5
      vertex -89.0041 -99.702 5
    endloop
  endfacet
  facet normal 0.857733 0.514096 0
    outer loop
      vertex -89.0041 -99.702 -5
      vertex -88.9284 -99.8283 5
      vertex -88.9284 -99.8283 -5
    endloop
  endfacet
  facet normal 0.857733 -0.514096 0
    outer loop
      vertex -89.0041 -98.2879 5
      vertex -88.9284 -98.1616 -5
      vertex -88.9284 -98.1616 5
    endloop
  endfacet
  facet normal 0.857733 -0.514096 0
    outer loop
      vertex -88.9284 -98.1616 -5
      vertex -89.0041 -98.2879 5
      vertex -89.0041 -98.2879 -5
    endloop
  endfacet
  facet normal 0.941527 -0.336939 0
    outer loop
      vertex -89.1167 -98.5595 5
      vertex -89.0671 -98.4209 -5
      vertex -89.0671 -98.4209 5
    endloop
  endfacet
  facet normal 0.941527 -0.336939 0
    outer loop
      vertex -89.0671 -98.4209 -5
      vertex -89.1167 -98.5595 5
      vertex -89.1167 -98.5595 -5
    endloop
  endfacet
  facet normal 0.998804 0.0488878 0
    outer loop
      vertex -89.174 -99.142 5
      vertex -89.1812 -98.9949 -5
      vertex -89.1812 -98.9949 5
    endloop
  endfacet
  facet normal 0.998804 0.0488878 0
    outer loop
      vertex -89.1812 -98.9949 -5
      vertex -89.174 -99.142 5
      vertex -89.174 -99.142 -5
    endloop
  endfacet
  facet normal 0.989174 -0.146746 0
    outer loop
      vertex -89.174 -98.8479 5
      vertex -89.1524 -98.7023 -5
      vertex -89.1524 -98.7023 5
    endloop
  endfacet
  facet normal 0.989174 -0.146746 0
    outer loop
      vertex -89.1524 -98.7023 -5
      vertex -89.174 -98.8479 5
      vertex -89.174 -98.8479 -5
    endloop
  endfacet
  facet normal 0.903738 0.428086 0
    outer loop
      vertex -89.0041 -99.702 5
      vertex -89.0671 -99.569 -5
      vertex -89.0671 -99.569 5
    endloop
  endfacet
  facet normal 0.903738 0.428086 0
    outer loop
      vertex -89.0671 -99.569 -5
      vertex -89.0041 -99.702 5
      vertex -89.0041 -99.702 -5
    endloop
  endfacet
  facet normal 0.970143 0.242536 0
    outer loop
      vertex -89.1167 -99.4304 5
      vertex -89.1524 -99.2876 -5
      vertex -89.1524 -99.2876 5
    endloop
  endfacet
  facet normal 0.970143 0.242536 0
    outer loop
      vertex -89.1524 -99.2876 -5
      vertex -89.1167 -99.4304 5
      vertex -89.1167 -99.4304 -5
    endloop
  endfacet
  facet normal 0.595861 -0.803088 0
    outer loop
      vertex -88.6328 -97.8354 -5
      vertex -88.5146 -97.7477 5
      vertex -88.6328 -97.8354 5
    endloop
  endfacet
  facet normal 0.595861 -0.803088 0
    outer loop
      vertex -88.5146 -97.7477 5
      vertex -88.6328 -97.8354 -5
      vertex -88.5146 -97.7477 -5
    endloop
  endfacet
  facet normal 0.428086 -0.903738 0
    outer loop
      vertex -88.3883 -97.6721 -5
      vertex -88.2553 -97.6091 5
      vertex -88.3883 -97.6721 5
    endloop
  endfacet
  facet normal 0.428086 -0.903738 0
    outer loop
      vertex -88.2553 -97.6091 5
      vertex -88.3883 -97.6721 -5
      vertex -88.2553 -97.6091 -5
    endloop
  endfacet
  facet normal 0.242536 -0.970143 0
    outer loop
      vertex -88.1167 -97.5595 -5
      vertex -87.9739 -97.5238 5
      vertex -88.1167 -97.5595 5
    endloop
  endfacet
  facet normal 0.242536 -0.970143 0
    outer loop
      vertex -87.9739 -97.5238 5
      vertex -88.1167 -97.5595 -5
      vertex -87.9739 -97.5238 -5
    endloop
  endfacet
  facet normal -0.336939 -0.941527 0
    outer loop
      vertex -87.2458 -97.5595 -5
      vertex -87.1072 -97.6091 5
      vertex -87.2458 -97.5595 5
    endloop
  endfacet
  facet normal -0.336939 -0.941527 -0
    outer loop
      vertex -87.1072 -97.6091 5
      vertex -87.2458 -97.5595 -5
      vertex -87.1072 -97.6091 -5
    endloop
  endfacet
  facet normal -0.513896 -0.857853 0
    outer loop
      vertex -86.9741 -97.6721 -5
      vertex -86.8479 -97.7477 5
      vertex -86.9741 -97.6721 5
    endloop
  endfacet
  facet normal -0.513896 -0.857853 -0
    outer loop
      vertex -86.8479 -97.7477 5
      vertex -86.9741 -97.6721 -5
      vertex -86.8479 -97.7477 -5
    endloop
  endfacet
  facet normal -0.146746 -0.989174 0
    outer loop
      vertex -87.5342 -97.5022 -5
      vertex -87.3886 -97.5238 5
      vertex -87.5342 -97.5022 5
    endloop
  endfacet
  facet normal -0.146746 -0.989174 -0
    outer loop
      vertex -87.3886 -97.5238 5
      vertex -87.5342 -97.5022 -5
      vertex -87.3886 -97.5238 -5
    endloop
  endfacet
  facet normal 0.857515 0.514458 0
    outer loop
      vertex 113.106 -91.4526 5
      vertex 112.298 -90.1058 -5
      vertex 112.298 -90.1058 5
    endloop
  endfacet
  facet normal 0.857515 0.514458 0
    outer loop
      vertex 112.298 -90.1058 -5
      vertex 113.106 -91.4526 5
      vertex 113.106 -91.4526 -5
    endloop
  endfacet
  facet normal 0.803298 0.595578 0
    outer loop
      vertex 112.298 -90.1058 5
      vertex 111.363 -88.8447 -5
      vertex 111.363 -88.8447 5
    endloop
  endfacet
  facet normal 0.803298 0.595578 0
    outer loop
      vertex 111.363 -88.8447 -5
      vertex 112.298 -90.1058 5
      vertex 112.298 -90.1058 -5
    endloop
  endfacet
  facet normal -0.67091 -0.741539 0
    outer loop
      vertex 0 -30.9805 -5
      vertex 88.8447 -111.363 5
      vertex 0 -30.9805 5
    endloop
  endfacet
  facet normal -0.67091 -0.741539 -0
    outer loop
      vertex 88.8447 -111.363 5
      vertex 0 -30.9805 -5
      vertex 88.8447 -111.363 -5
    endloop
  endfacet
  facet normal 0.98921 -0.146502 0
    outer loop
      vertex 114.688 -102.116 5
      vertex 114.918 -100.563 -5
      vertex 114.918 -100.563 5
    endloop
  endfacet
  facet normal 0.98921 -0.146502 0
    outer loop
      vertex 114.918 -100.563 -5
      vertex 114.688 -102.116 5
      vertex 114.688 -102.116 -5
    endloop
  endfacet
  facet normal 0.741539 0.67091 0
    outer loop
      vertex 111.363 -88.8447 5
      vertex 30.9805 0 -5
      vertex 30.9805 0 5
    endloop
  endfacet
  facet normal 0.741539 0.67091 0
    outer loop
      vertex 30.9805 0 -5
      vertex 111.363 -88.8447 5
      vertex 111.363 -88.8447 -5
    endloop
  endfacet
  facet normal -0.336901 -0.94154 0
    outer loop
      vertex 92.872 -113.777 -5
      vertex 94.3504 -114.306 5
      vertex 92.872 -113.777 5
    endloop
  endfacet
  facet normal -0.336901 -0.94154 -0
    outer loop
      vertex 94.3504 -114.306 5
      vertex 92.872 -113.777 -5
      vertex 94.3504 -114.306 -5
    endloop
  endfacet
  facet normal -0.0490418 -0.998797 0
    outer loop
      vertex 97.4267 -114.918 -5
      vertex 98.9949 -114.995 5
      vertex 97.4267 -114.918 5
    endloop
  endfacet
  facet normal -0.0490418 -0.998797 -0
    outer loop
      vertex 98.9949 -114.995 5
      vertex 97.4267 -114.918 -5
      vertex 98.9949 -114.995 -5
    endloop
  endfacet
  facet normal 0.595608 -0.803275 0
    outer loop
      vertex 107.884 -112.298 -5
      vertex 109.145 -111.363 5
      vertex 107.884 -112.298 5
    endloop
  endfacet
  facet normal 0.595608 -0.803275 0
    outer loop
      vertex 109.145 -111.363 5
      vertex 107.884 -112.298 -5
      vertex 109.145 -111.363 -5
    endloop
  endfacet
  facet normal 0.989213 0.146484 0
    outer loop
      vertex 114.918 -97.4267 5
      vertex 114.688 -95.8735 -5
      vertex 114.688 -95.8735 5
    endloop
  endfacet
  facet normal 0.989213 0.146484 0
    outer loop
      vertex 114.688 -95.8735 -5
      vertex 114.918 -97.4267 5
      vertex 114.918 -97.4267 -5
    endloop
  endfacet
  facet normal 0.857549 -0.514402 0
    outer loop
      vertex 112.298 -107.884 5
      vertex 113.106 -106.537 -5
      vertex 113.106 -106.537 5
    endloop
  endfacet
  facet normal 0.857549 -0.514402 0
    outer loop
      vertex 113.106 -106.537 -5
      vertex 112.298 -107.884 5
      vertex 112.298 -107.884 -5
    endloop
  endfacet
  facet normal -0.146484 -0.989213 0
    outer loop
      vertex 95.8735 -114.688 -5
      vertex 97.4267 -114.918 5
      vertex 95.8735 -114.688 5
    endloop
  endfacet
  facet normal -0.146484 -0.989213 -0
    outer loop
      vertex 97.4267 -114.918 5
      vertex 95.8735 -114.688 -5
      vertex 97.4267 -114.918 -5
    endloop
  endfacet
  facet normal -0.427385 -0.90407 0
    outer loop
      vertex 91.4526 -113.106 -5
      vertex 92.872 -113.777 5
      vertex 91.4526 -113.106 5
    endloop
  endfacet
  facet normal -0.427385 -0.90407 -0
    outer loop
      vertex 92.872 -113.777 5
      vertex 91.4526 -113.106 -5
      vertex 92.872 -113.777 -5
    endloop
  endfacet
  facet normal -0.514458 -0.857515 0
    outer loop
      vertex 90.1058 -112.298 -5
      vertex 91.4526 -113.106 5
      vertex 90.1058 -112.298 5
    endloop
  endfacet
  facet normal -0.514458 -0.857515 -0
    outer loop
      vertex 91.4526 -113.106 5
      vertex 90.1058 -112.298 -5
      vertex 91.4526 -113.106 -5
    endloop
  endfacet
  facet normal -0.595578 -0.803298 0
    outer loop
      vertex 88.8447 -111.363 -5
      vertex 90.1058 -112.298 5
      vertex 88.8447 -111.363 5
    endloop
  endfacet
  facet normal -0.595578 -0.803298 -0
    outer loop
      vertex 90.1058 -112.298 5
      vertex 88.8447 -111.363 -5
      vertex 90.1058 -112.298 -5
    endloop
  endfacet
  facet normal 0.243135 -0.969993 0
    outer loop
      vertex 102.116 -114.688 -5
      vertex 103.64 -114.306 5
      vertex 102.116 -114.688 5
    endloop
  endfacet
  facet normal 0.243135 -0.969993 0
    outer loop
      vertex 103.64 -114.306 5
      vertex 102.116 -114.688 -5
      vertex 103.64 -114.306 -5
    endloop
  endfacet
  facet normal 0.336982 -0.941511 0
    outer loop
      vertex 103.64 -114.306 -5
      vertex 105.118 -113.777 5
      vertex 103.64 -114.306 5
    endloop
  endfacet
  facet normal 0.336982 -0.941511 0
    outer loop
      vertex 105.118 -113.777 5
      vertex 103.64 -114.306 -5
      vertex 105.118 -113.777 -5
    endloop
  endfacet
  facet normal 0.90407 0.427385 0
    outer loop
      vertex 113.777 -92.872 5
      vertex 113.106 -91.4526 -5
      vertex 113.106 -91.4526 5
    endloop
  endfacet
  facet normal 0.90407 0.427385 0
    outer loop
      vertex 113.106 -91.4526 -5
      vertex 113.777 -92.872 5
      vertex 113.777 -92.872 -5
    endloop
  endfacet
  facet normal 0.94154 0.336901 0
    outer loop
      vertex 114.306 -94.3504 5
      vertex 113.777 -92.872 -5
      vertex 113.777 -92.872 5
    endloop
  endfacet
  facet normal 0.94154 0.336901 0
    outer loop
      vertex 113.777 -92.872 -5
      vertex 114.306 -94.3504 5
      vertex 114.306 -94.3504 -5
    endloop
  endfacet
  facet normal 0.969959 0.24327 0
    outer loop
      vertex 114.688 -95.8735 5
      vertex 114.306 -94.3504 -5
      vertex 114.306 -94.3504 5
    endloop
  endfacet
  facet normal 0.969959 0.24327 0
    outer loop
      vertex 114.306 -94.3504 -5
      vertex 114.688 -95.8735 5
      vertex 114.688 -95.8735 -5
    endloop
  endfacet
  facet normal 0.998797 0.0490418 0
    outer loop
      vertex 114.995 -98.9949 5
      vertex 114.918 -97.4267 -5
      vertex 114.918 -97.4267 5
    endloop
  endfacet
  facet normal 0.998797 0.0490418 0
    outer loop
      vertex 114.918 -97.4267 -5
      vertex 114.995 -98.9949 5
      vertex 114.995 -98.9949 -5
    endloop
  endfacet
  facet normal 0.998797 -0.0490449 0
    outer loop
      vertex 114.918 -100.563 5
      vertex 114.995 -98.9949 -5
      vertex 114.995 -98.9949 5
    endloop
  endfacet
  facet normal 0.998797 -0.0490449 0
    outer loop
      vertex 114.995 -98.9949 -5
      vertex 114.918 -100.563 5
      vertex 114.918 -100.563 -5
    endloop
  endfacet
  facet normal 0.969993 -0.243135 0
    outer loop
      vertex 114.306 -103.64 5
      vertex 114.688 -102.116 -5
      vertex 114.688 -102.116 5
    endloop
  endfacet
  facet normal 0.969993 -0.243135 0
    outer loop
      vertex 114.688 -102.116 -5
      vertex 114.306 -103.64 5
      vertex 114.306 -103.64 -5
    endloop
  endfacet
  facet normal 0.941511 -0.336982 0
    outer loop
      vertex 113.777 -105.118 5
      vertex 114.306 -103.64 -5
      vertex 114.306 -103.64 5
    endloop
  endfacet
  facet normal 0.941511 -0.336982 0
    outer loop
      vertex 114.306 -103.64 -5
      vertex 113.777 -105.118 5
      vertex 113.777 -105.118 -5
    endloop
  endfacet
  facet normal 0.904023 -0.427484 0
    outer loop
      vertex 113.106 -106.537 5
      vertex 113.777 -105.118 -5
      vertex 113.777 -105.118 5
    endloop
  endfacet
  facet normal 0.904023 -0.427484 0
    outer loop
      vertex 113.777 -105.118 -5
      vertex 113.106 -106.537 5
      vertex 113.106 -106.537 -5
    endloop
  endfacet
  facet normal 0.803275 -0.595608 0
    outer loop
      vertex 111.363 -109.145 5
      vertex 112.298 -107.884 -5
      vertex 112.298 -107.884 5
    endloop
  endfacet
  facet normal 0.803275 -0.595608 0
    outer loop
      vertex 112.298 -107.884 -5
      vertex 111.363 -109.145 5
      vertex 111.363 -109.145 -5
    endloop
  endfacet
  facet normal 0.741264 -0.671213 0
    outer loop
      vertex 110.309 -110.309 5
      vertex 111.363 -109.145 -5
      vertex 111.363 -109.145 5
    endloop
  endfacet
  facet normal 0.741264 -0.671213 0
    outer loop
      vertex 111.363 -109.145 -5
      vertex 110.309 -110.309 5
      vertex 110.309 -110.309 -5
    endloop
  endfacet
  facet normal 0.671213 -0.741264 0
    outer loop
      vertex 109.145 -111.363 -5
      vertex 110.309 -110.309 5
      vertex 109.145 -111.363 5
    endloop
  endfacet
  facet normal 0.671213 -0.741264 0
    outer loop
      vertex 110.309 -110.309 5
      vertex 109.145 -111.363 -5
      vertex 110.309 -110.309 -5
    endloop
  endfacet
  facet normal -0.24327 -0.969959 0
    outer loop
      vertex 94.3504 -114.306 -5
      vertex 95.8735 -114.688 5
      vertex 94.3504 -114.306 5
    endloop
  endfacet
  facet normal -0.24327 -0.969959 -0
    outer loop
      vertex 95.8735 -114.688 5
      vertex 94.3504 -114.306 -5
      vertex 95.8735 -114.688 -5
    endloop
  endfacet
  facet normal 0.146502 -0.98921 0
    outer loop
      vertex 100.563 -114.918 -5
      vertex 102.116 -114.688 5
      vertex 100.563 -114.918 5
    endloop
  endfacet
  facet normal 0.146502 -0.98921 0
    outer loop
      vertex 102.116 -114.688 5
      vertex 100.563 -114.918 -5
      vertex 102.116 -114.688 -5
    endloop
  endfacet
  facet normal 0.0490449 -0.998797 0
    outer loop
      vertex 98.9949 -114.995 -5
      vertex 100.563 -114.918 5
      vertex 98.9949 -114.995 5
    endloop
  endfacet
  facet normal 0.0490449 -0.998797 0
    outer loop
      vertex 100.563 -114.918 5
      vertex 98.9949 -114.995 -5
      vertex 100.563 -114.918 -5
    endloop
  endfacet
  facet normal 0.514402 -0.857549 0
    outer loop
      vertex 106.537 -113.106 -5
      vertex 107.884 -112.298 5
      vertex 106.537 -113.106 5
    endloop
  endfacet
  facet normal 0.514402 -0.857549 0
    outer loop
      vertex 107.884 -112.298 5
      vertex 106.537 -113.106 -5
      vertex 107.884 -112.298 -5
    endloop
  endfacet
  facet normal 0.427484 -0.904023 0
    outer loop
      vertex 105.118 -113.777 -5
      vertex 106.537 -113.106 5
      vertex 105.118 -113.777 5
    endloop
  endfacet
  facet normal 0.427484 -0.904023 0
    outer loop
      vertex 106.537 -113.106 5
      vertex 105.118 -113.777 -5
      vertex 106.537 -113.106 -5
    endloop
  endfacet
  facet normal -0.707107 0.707107 0
    outer loop
      vertex 59.397 -69.2965 -5
      vertex 69.2965 -59.397 5
      vertex 69.2965 -59.397 -5
    endloop
  endfacet
  facet normal -0.707107 0.707107 0
    outer loop
      vertex 69.2965 -59.397 5
      vertex 59.397 -69.2965 -5
      vertex 59.397 -69.2965 5
    endloop
  endfacet
  facet normal -0.707107 -0.707107 0
    outer loop
      vertex 69.2965 -59.397 -5
      vertex 26.4321 -16.5326 5
      vertex 26.4321 -16.5326 -5
    endloop
  endfacet
  facet normal -0.707107 -0.707107 0
    outer loop
      vertex 26.4321 -16.5326 5
      vertex 69.2965 -59.397 -5
      vertex 69.2965 -59.397 5
    endloop
  endfacet
  facet normal 0.707107 0.707107 0
    outer loop
      vertex 59.397 -69.2965 5
      vertex 16.5326 -26.4321 -5
      vertex 16.5326 -26.4321 5
    endloop
  endfacet
  facet normal 0.707107 0.707107 0
    outer loop
      vertex 16.5326 -26.4321 -5
      vertex 59.397 -69.2965 5
      vertex 59.397 -69.2965 -5
    endloop
  endfacet
  facet normal -0.970143 0.242536 0
    outer loop
      vertex 89.1167 -99.4304 -5
      vertex 89.1524 -99.2876 5
      vertex 89.1524 -99.2876 -5
    endloop
  endfacet
  facet normal -0.970143 0.242536 0
    outer loop
      vertex 89.1524 -99.2876 5
      vertex 89.1167 -99.4304 -5
      vertex 89.1167 -99.4304 5
    endloop
  endfacet
  facet normal -0.903738 -0.428086 0
    outer loop
      vertex 89.0671 -98.4209 -5
      vertex 89.0041 -98.2879 5
      vertex 89.0041 -98.2879 -5
    endloop
  endfacet
  facet normal -0.903738 -0.428086 0
    outer loop
      vertex 89.0041 -98.2879 5
      vertex 89.0671 -98.4209 -5
      vertex 89.0671 -98.4209 5
    endloop
  endfacet
  facet normal -0.336939 -0.941527 0
    outer loop
      vertex 88.1167 -97.5595 -5
      vertex 88.2553 -97.6091 5
      vertex 88.1167 -97.5595 5
    endloop
  endfacet
  facet normal -0.336939 -0.941527 -0
    outer loop
      vertex 88.2553 -97.6091 5
      vertex 88.1167 -97.5595 -5
      vertex 88.2553 -97.6091 -5
    endloop
  endfacet
  facet normal 0.427824 -0.903862 0
    outer loop
      vertex 86.9741 -97.6721 -5
      vertex 87.1072 -97.6091 5
      vertex 86.9741 -97.6721 5
    endloop
  endfacet
  facet normal 0.427824 -0.903862 0
    outer loop
      vertex 87.1072 -97.6091 5
      vertex 86.9741 -97.6721 -5
      vertex 87.1072 -97.6091 -5
    endloop
  endfacet
  facet normal -0.668249 0.743938 0
    outer loop
      vertex 88.7419 -100.056 -5
      vertex 88.6328 -100.154 5
      vertex 88.7419 -100.056 5
    endloop
  endfacet
  facet normal -0.668249 0.743938 0
    outer loop
      vertex 88.6328 -100.154 5
      vertex 88.7419 -100.056 -5
      vertex 88.6328 -100.154 -5
    endloop
  endfacet
  facet normal -0.970143 -0.242536 0
    outer loop
      vertex 89.1524 -98.7023 -5
      vertex 89.1167 -98.5595 5
      vertex 89.1167 -98.5595 -5
    endloop
  endfacet
  facet normal -0.970143 -0.242536 0
    outer loop
      vertex 89.1167 -98.5595 5
      vertex 89.1524 -98.7023 -5
      vertex 89.1524 -98.7023 5
    endloop
  endfacet
  facet normal 0.146746 -0.989174 0
    outer loop
      vertex 87.3886 -97.5238 -5
      vertex 87.5342 -97.5022 5
      vertex 87.3886 -97.5238 5
    endloop
  endfacet
  facet normal 0.146746 -0.989174 0
    outer loop
      vertex 87.5342 -97.5022 5
      vertex 87.3886 -97.5238 -5
      vertex 87.5342 -97.5022 -5
    endloop
  endfacet
  facet normal -0.513596 -0.858032 0
    outer loop
      vertex 88.3883 -97.6721 -5
      vertex 88.5146 -97.7477 5
      vertex 88.3883 -97.6721 5
    endloop
  endfacet
  facet normal -0.513596 -0.858032 -0
    outer loop
      vertex 88.5146 -97.7477 5
      vertex 88.3883 -97.6721 -5
      vertex 88.5146 -97.7477 -5
    endloop
  endfacet
  facet normal 0.970143 -0.242536 0
    outer loop
      vertex 86.2101 -98.7023 5
      vertex 86.2458 -98.5595 -5
      vertex 86.2458 -98.5595 5
    endloop
  endfacet
  facet normal 0.970143 -0.242536 0
    outer loop
      vertex 86.2458 -98.5595 -5
      vertex 86.2101 -98.7023 5
      vertex 86.2101 -98.7023 -5
    endloop
  endfacet
  facet normal -0.989174 0.146746 0
    outer loop
      vertex 89.1524 -99.2876 -5
      vertex 89.174 -99.142 5
      vertex 89.174 -99.142 -5
    endloop
  endfacet
  facet normal -0.989174 0.146746 0
    outer loop
      vertex 89.174 -99.142 5
      vertex 89.1524 -99.2876 -5
      vertex 89.1524 -99.2876 5
    endloop
  endfacet
  facet normal -0.998803 -0.0489209 0
    outer loop
      vertex 89.1812 -98.9949 -5
      vertex 89.174 -98.8479 5
      vertex 89.174 -98.8479 -5
    endloop
  endfacet
  facet normal -0.998803 -0.0489209 0
    outer loop
      vertex 89.174 -98.8479 5
      vertex 89.1812 -98.9949 -5
      vertex 89.1812 -98.9949 5
    endloop
  endfacet
  facet normal -0.671624 -0.740892 0
    outer loop
      vertex 88.6328 -97.8354 -5
      vertex 88.7419 -97.9343 5
      vertex 88.6328 -97.8354 5
    endloop
  endfacet
  facet normal -0.671624 -0.740892 -0
    outer loop
      vertex 88.7419 -97.9343 5
      vertex 88.6328 -97.8354 -5
      vertex 88.7419 -97.9343 -5
    endloop
  endfacet
  facet normal -0.857733 -0.514096 0
    outer loop
      vertex 89.0041 -98.2879 -5
      vertex 88.9284 -98.1616 5
      vertex 88.9284 -98.1616 -5
    endloop
  endfacet
  facet normal -0.857733 -0.514096 0
    outer loop
      vertex 88.9284 -98.1616 5
      vertex 89.0041 -98.2879 -5
      vertex 89.0041 -98.2879 5
    endloop
  endfacet
  facet normal -0.803413 -0.595423 0
    outer loop
      vertex 88.9284 -98.1616 -5
      vertex 88.8408 -98.0434 5
      vertex 88.8408 -98.0434 -5
    endloop
  endfacet
  facet normal -0.803413 -0.595423 0
    outer loop
      vertex 88.8408 -98.0434 5
      vertex 88.9284 -98.1616 -5
      vertex 88.9284 -98.1616 5
    endloop
  endfacet
  facet normal -0.941527 -0.336939 0
    outer loop
      vertex 89.1167 -98.5595 -5
      vertex 89.0671 -98.4209 5
      vertex 89.0671 -98.4209 -5
    endloop
  endfacet
  facet normal -0.941527 -0.336939 0
    outer loop
      vertex 89.0671 -98.4209 5
      vertex 89.1167 -98.5595 -5
      vertex 89.1167 -98.5595 5
    endloop
  endfacet
  facet normal -0.989174 -0.146746 0
    outer loop
      vertex 89.174 -98.8479 -5
      vertex 89.1524 -98.7023 5
      vertex 89.1524 -98.7023 -5
    endloop
  endfacet
  facet normal -0.989174 -0.146746 0
    outer loop
      vertex 89.1524 -98.7023 5
      vertex 89.174 -98.8479 -5
      vertex 89.174 -98.8479 5
    endloop
  endfacet
  facet normal 0.740892 -0.671624 0
    outer loop
      vertex 86.5217 -98.0434 5
      vertex 86.6206 -97.9343 -5
      vertex 86.6206 -97.9343 5
    endloop
  endfacet
  facet normal 0.740892 -0.671624 0
    outer loop
      vertex 86.6206 -97.9343 -5
      vertex 86.5217 -98.0434 5
      vertex 86.5217 -98.0434 -5
    endloop
  endfacet
  facet normal 0.513896 -0.857853 0
    outer loop
      vertex 86.8479 -97.7477 -5
      vertex 86.9741 -97.6721 5
      vertex 86.8479 -97.7477 5
    endloop
  endfacet
  facet normal 0.513896 -0.857853 0
    outer loop
      vertex 86.9741 -97.6721 5
      vertex 86.8479 -97.7477 -5
      vertex 86.9741 -97.6721 -5
    endloop
  endfacet
  facet normal 0.595861 -0.803088 0
    outer loop
      vertex 86.7297 -97.8354 -5
      vertex 86.8479 -97.7477 5
      vertex 86.7297 -97.8354 5
    endloop
  endfacet
  facet normal 0.595861 -0.803088 0
    outer loop
      vertex 86.8479 -97.7477 5
      vertex 86.7297 -97.8354 -5
      vertex 86.8479 -97.7477 -5
    endloop
  endfacet
  facet normal 0.336939 -0.941527 0
    outer loop
      vertex 87.1072 -97.6091 -5
      vertex 87.2458 -97.5595 5
      vertex 87.1072 -97.6091 5
    endloop
  endfacet
  facet normal 0.336939 -0.941527 0
    outer loop
      vertex 87.2458 -97.5595 5
      vertex 87.1072 -97.6091 -5
      vertex 87.2458 -97.5595 -5
    endloop
  endfacet
  facet normal 0.242536 -0.970143 0
    outer loop
      vertex 87.2458 -97.5595 -5
      vertex 87.3886 -97.5238 5
      vertex 87.2458 -97.5595 5
    endloop
  endfacet
  facet normal 0.242536 -0.970143 0
    outer loop
      vertex 87.3886 -97.5238 5
      vertex 87.2458 -97.5595 -5
      vertex 87.3886 -97.5238 -5
    endloop
  endfacet
  facet normal -0.428086 -0.903738 0
    outer loop
      vertex 88.2553 -97.6091 -5
      vertex 88.3883 -97.6721 5
      vertex 88.2553 -97.6091 5
    endloop
  endfacet
  facet normal -0.428086 -0.903738 -0
    outer loop
      vertex 88.3883 -97.6721 5
      vertex 88.2553 -97.6091 -5
      vertex 88.3883 -97.6721 -5
    endloop
  endfacet
  facet normal -0.595861 -0.803088 0
    outer loop
      vertex 88.5146 -97.7477 -5
      vertex 88.6328 -97.8354 5
      vertex 88.5146 -97.7477 5
    endloop
  endfacet
  facet normal -0.595861 -0.803088 -0
    outer loop
      vertex 88.6328 -97.8354 5
      vertex 88.5146 -97.7477 -5
      vertex 88.6328 -97.8354 -5
    endloop
  endfacet
  facet normal -0.146746 -0.989174 0
    outer loop
      vertex 87.8283 -97.5022 -5
      vertex 87.9739 -97.5238 5
      vertex 87.8283 -97.5022 5
    endloop
  endfacet
  facet normal -0.146746 -0.989174 -0
    outer loop
      vertex 87.9739 -97.5238 5
      vertex 87.8283 -97.5022 -5
      vertex 87.9739 -97.5238 -5
    endloop
  endfacet
  facet normal -0.0495651 -0.998771 0
    outer loop
      vertex 87.6812 -97.4949 -5
      vertex 87.8283 -97.5022 5
      vertex 87.6812 -97.4949 5
    endloop
  endfacet
  facet normal -0.0495651 -0.998771 -0
    outer loop
      vertex 87.8283 -97.5022 5
      vertex 87.6812 -97.4949 -5
      vertex 87.8283 -97.5022 -5
    endloop
  endfacet
  facet normal -0.242536 -0.970143 0
    outer loop
      vertex 87.9739 -97.5238 -5
      vertex 88.1167 -97.5595 5
      vertex 87.9739 -97.5238 5
    endloop
  endfacet
  facet normal -0.242536 -0.970143 -0
    outer loop
      vertex 88.1167 -97.5595 5
      vertex 87.9739 -97.5238 -5
      vertex 88.1167 -97.5595 -5
    endloop
  endfacet
  facet normal 0.0495987 -0.998769 0
    outer loop
      vertex 87.5342 -97.5022 -5
      vertex 87.6812 -97.4949 5
      vertex 87.5342 -97.5022 5
    endloop
  endfacet
  facet normal 0.0495987 -0.998769 0
    outer loop
      vertex 87.6812 -97.4949 5
      vertex 87.5342 -97.5022 -5
      vertex 87.6812 -97.4949 -5
    endloop
  endfacet
  facet normal -0.742114 0.670274 0
    outer loop
      vertex 88.7419 -100.056 -5
      vertex 88.8408 -99.9465 5
      vertex 88.8408 -99.9465 -5
    endloop
  endfacet
  facet normal -0.742114 0.670274 0
    outer loop
      vertex 88.8408 -99.9465 5
      vertex 88.7419 -100.056 -5
      vertex 88.7419 -100.056 5
    endloop
  endfacet
  facet normal -0.515593 0.856834 0
    outer loop
      vertex 88.5146 -100.242 -5
      vertex 88.3883 -100.318 5
      vertex 88.5146 -100.242 5
    endloop
  endfacet
  facet normal -0.515593 0.856834 0
    outer loop
      vertex 88.3883 -100.318 5
      vertex 88.5146 -100.242 -5
      vertex 88.3883 -100.318 -5
    endloop
  endfacet
  facet normal -0.149403 0.988776 0
    outer loop
      vertex 87.9739 -100.466 -5
      vertex 87.8283 -100.488 5
      vertex 87.9739 -100.466 5
    endloop
  endfacet
  facet normal -0.149403 0.988776 0
    outer loop
      vertex 87.8283 -100.488 5
      vertex 87.9739 -100.466 -5
      vertex 87.8283 -100.488 -5
    endloop
  endfacet
  facet normal -0.941527 0.336939 0
    outer loop
      vertex 89.0671 -99.569 -5
      vertex 89.1167 -99.4304 5
      vertex 89.1167 -99.4304 -5
    endloop
  endfacet
  facet normal -0.941527 0.336939 0
    outer loop
      vertex 89.1167 -99.4304 5
      vertex 89.0671 -99.569 -5
      vertex 89.0671 -99.569 5
    endloop
  endfacet
  facet normal -0.903738 0.428086 0
    outer loop
      vertex 89.0041 -99.702 -5
      vertex 89.0671 -99.569 5
      vertex 89.0671 -99.569 -5
    endloop
  endfacet
  facet normal -0.903738 0.428086 0
    outer loop
      vertex 89.0671 -99.569 5
      vertex 89.0041 -99.702 -5
      vertex 89.0041 -99.702 5
    endloop
  endfacet
  facet normal -0.857733 0.514096 0
    outer loop
      vertex 88.9284 -99.8283 -5
      vertex 89.0041 -99.702 5
      vertex 89.0041 -99.702 -5
    endloop
  endfacet
  facet normal -0.857733 0.514096 0
    outer loop
      vertex 89.0041 -99.702 5
      vertex 88.9284 -99.8283 -5
      vertex 88.9284 -99.8283 5
    endloop
  endfacet
  facet normal -0.998804 0.0488878 0
    outer loop
      vertex 89.174 -99.142 -5
      vertex 89.1812 -98.9949 5
      vertex 89.1812 -98.9949 -5
    endloop
  endfacet
  facet normal -0.998804 0.0488878 0
    outer loop
      vertex 89.1812 -98.9949 5
      vertex 89.174 -99.142 -5
      vertex 89.174 -99.142 5
    endloop
  endfacet
  facet normal -0.740892 -0.671624 0
    outer loop
      vertex 88.8408 -98.0434 -5
      vertex 88.7419 -97.9343 5
      vertex 88.7419 -97.9343 -5
    endloop
  endfacet
  facet normal -0.740892 -0.671624 0
    outer loop
      vertex 88.7419 -97.9343 5
      vertex 88.8408 -98.0434 -5
      vertex 88.8408 -98.0434 5
    endloop
  endfacet
  facet normal 0.671624 -0.740892 0
    outer loop
      vertex 86.6206 -97.9343 -5
      vertex 86.7297 -97.8354 5
      vertex 86.6206 -97.9343 5
    endloop
  endfacet
  facet normal 0.671624 -0.740892 0
    outer loop
      vertex 86.7297 -97.8354 5
      vertex 86.6206 -97.9343 -5
      vertex 86.7297 -97.8354 -5
    endloop
  endfacet
  facet normal -0.428086 0.903738 0
    outer loop
      vertex 88.3883 -100.318 -5
      vertex 88.2553 -100.381 5
      vertex 88.3883 -100.318 5
    endloop
  endfacet
  facet normal -0.428086 0.903738 0
    outer loop
      vertex 88.2553 -100.381 5
      vertex 88.3883 -100.318 -5
      vertex 88.2553 -100.381 -5
    endloop
  endfacet
  facet normal -0.333318 0.942814 0
    outer loop
      vertex 88.2553 -100.381 -5
      vertex 88.1167 -100.43 5
      vertex 88.2553 -100.381 5
    endloop
  endfacet
  facet normal -0.333318 0.942814 0
    outer loop
      vertex 88.1167 -100.43 5
      vertex 88.2553 -100.381 -5
      vertex 88.1167 -100.43 -5
    endloop
  endfacet
  facet normal 0.742114 0.670274 0
    outer loop
      vertex 86.6206 -100.056 5
      vertex 86.5217 -99.9465 -5
      vertex 86.5217 -99.9465 5
    endloop
  endfacet
  facet normal 0.742114 0.670274 0
    outer loop
      vertex 86.5217 -99.9465 -5
      vertex 86.6206 -100.056 5
      vertex 86.6206 -100.056 -5
    endloop
  endfacet
  facet normal 0.941527 0.336939 0
    outer loop
      vertex 86.2954 -99.569 5
      vertex 86.2458 -99.4304 -5
      vertex 86.2458 -99.4304 5
    endloop
  endfacet
  facet normal 0.941527 0.336939 0
    outer loop
      vertex 86.2458 -99.4304 -5
      vertex 86.2954 -99.569 5
      vertex 86.2954 -99.569 -5
    endloop
  endfacet
  facet normal 0.803088 -0.595861 0
    outer loop
      vertex 86.434 -98.1616 5
      vertex 86.5217 -98.0434 -5
      vertex 86.5217 -98.0434 5
    endloop
  endfacet
  facet normal 0.803088 -0.595861 0
    outer loop
      vertex 86.5217 -98.0434 -5
      vertex 86.434 -98.1616 5
      vertex 86.434 -98.1616 -5
    endloop
  endfacet
  facet normal 0.903738 -0.428086 0
    outer loop
      vertex 86.2954 -98.4209 5
      vertex 86.3584 -98.2879 -5
      vertex 86.3584 -98.2879 5
    endloop
  endfacet
  facet normal 0.903738 -0.428086 0
    outer loop
      vertex 86.3584 -98.2879 -5
      vertex 86.2954 -98.4209 5
      vertex 86.2954 -98.4209 -5
    endloop
  endfacet
  facet normal 0.597173 0.802112 -0
    outer loop
      vertex 86.8479 -100.242 -5
      vertex 86.7297 -100.154 5
      vertex 86.8479 -100.242 5
    endloop
  endfacet
  facet normal 0.597173 0.802112 0
    outer loop
      vertex 86.7297 -100.154 5
      vertex 86.8479 -100.242 -5
      vertex 86.7297 -100.154 -5
    endloop
  endfacet
  facet normal 0.333318 0.942814 -0
    outer loop
      vertex 87.2458 -100.43 -5
      vertex 87.1072 -100.381 5
      vertex 87.2458 -100.43 5
    endloop
  endfacet
  facet normal 0.333318 0.942814 0
    outer loop
      vertex 87.1072 -100.381 5
      vertex 87.2458 -100.43 -5
      vertex 87.1072 -100.381 -5
    endloop
  endfacet
  facet normal 0.427824 0.903862 -0
    outer loop
      vertex 87.1072 -100.381 -5
      vertex 86.9741 -100.318 5
      vertex 87.1072 -100.381 5
    endloop
  endfacet
  facet normal 0.427824 0.903862 0
    outer loop
      vertex 86.9741 -100.318 5
      vertex 87.1072 -100.381 -5
      vertex 86.9741 -100.318 -5
    endloop
  endfacet
  facet normal -0.803413 0.595423 0
    outer loop
      vertex 88.8408 -99.9465 -5
      vertex 88.9284 -99.8283 5
      vertex 88.9284 -99.8283 -5
    endloop
  endfacet
  facet normal -0.803413 0.595423 0
    outer loop
      vertex 88.9284 -99.8283 5
      vertex 88.8408 -99.9465 -5
      vertex 88.8408 -99.9465 5
    endloop
  endfacet
  facet normal -0.597173 0.802112 0
    outer loop
      vertex 88.6328 -100.154 -5
      vertex 88.5146 -100.242 5
      vertex 88.6328 -100.154 5
    endloop
  endfacet
  facet normal -0.597173 0.802112 0
    outer loop
      vertex 88.5146 -100.242 5
      vertex 88.6328 -100.154 -5
      vertex 88.5146 -100.242 -5
    endloop
  endfacet
  facet normal 0.244452 0.969661 -0
    outer loop
      vertex 87.3886 -100.466 -5
      vertex 87.2458 -100.43 5
      vertex 87.3886 -100.466 5
    endloop
  endfacet
  facet normal 0.244452 0.969661 0
    outer loop
      vertex 87.2458 -100.43 5
      vertex 87.3886 -100.466 -5
      vertex 87.2458 -100.43 -5
    endloop
  endfacet
  facet normal -0.244452 0.969661 0
    outer loop
      vertex 88.1167 -100.43 -5
      vertex 87.9739 -100.466 5
      vertex 88.1167 -100.43 5
    endloop
  endfacet
  facet normal -0.244452 0.969661 0
    outer loop
      vertex 87.9739 -100.466 5
      vertex 88.1167 -100.43 -5
      vertex 87.9739 -100.466 -5
    endloop
  endfacet
  facet normal 0.989174 0.146746 0
    outer loop
      vertex 86.2101 -99.2876 5
      vertex 86.1885 -99.142 -5
      vertex 86.1885 -99.142 5
    endloop
  endfacet
  facet normal 0.989174 0.146746 0
    outer loop
      vertex 86.1885 -99.142 -5
      vertex 86.2101 -99.2876 5
      vertex 86.2101 -99.2876 -5
    endloop
  endfacet
  facet normal 0.668249 0.743938 -0
    outer loop
      vertex 86.7297 -100.154 -5
      vertex 86.6206 -100.056 5
      vertex 86.7297 -100.154 5
    endloop
  endfacet
  facet normal 0.668249 0.743938 0
    outer loop
      vertex 86.6206 -100.056 5
      vertex 86.7297 -100.154 -5
      vertex 86.6206 -100.056 -5
    endloop
  endfacet
  facet normal 0.903738 0.428086 0
    outer loop
      vertex 86.3584 -99.702 5
      vertex 86.2954 -99.569 -5
      vertex 86.2954 -99.569 5
    endloop
  endfacet
  facet normal 0.903738 0.428086 0
    outer loop
      vertex 86.2954 -99.569 -5
      vertex 86.3584 -99.702 5
      vertex 86.3584 -99.702 -5
    endloop
  endfacet
  facet normal 0.858032 0.513596 0
    outer loop
      vertex 86.434 -99.8283 5
      vertex 86.3584 -99.702 -5
      vertex 86.3584 -99.702 5
    endloop
  endfacet
  facet normal 0.858032 0.513596 0
    outer loop
      vertex 86.3584 -99.702 -5
      vertex 86.434 -99.8283 5
      vertex 86.434 -99.8283 -5
    endloop
  endfacet
  facet normal 0.803088 0.595861 0
    outer loop
      vertex 86.5217 -99.9465 5
      vertex 86.434 -99.8283 -5
      vertex 86.434 -99.8283 5
    endloop
  endfacet
  facet normal 0.803088 0.595861 0
    outer loop
      vertex 86.434 -99.8283 -5
      vertex 86.5217 -99.9465 5
      vertex 86.5217 -99.9465 -5
    endloop
  endfacet
  facet normal 0.970143 0.242536 0
    outer loop
      vertex 86.2458 -99.4304 5
      vertex 86.2101 -99.2876 -5
      vertex 86.2101 -99.2876 5
    endloop
  endfacet
  facet normal 0.970143 0.242536 0
    outer loop
      vertex 86.2101 -99.2876 -5
      vertex 86.2458 -99.4304 5
      vertex 86.2458 -99.4304 -5
    endloop
  endfacet
  facet normal 0.858032 -0.513596 0
    outer loop
      vertex 86.3584 -98.2879 5
      vertex 86.434 -98.1616 -5
      vertex 86.434 -98.1616 5
    endloop
  endfacet
  facet normal 0.858032 -0.513596 0
    outer loop
      vertex 86.434 -98.1616 -5
      vertex 86.3584 -98.2879 5
      vertex 86.3584 -98.2879 -5
    endloop
  endfacet
  facet normal 0.941527 -0.336939 0
    outer loop
      vertex 86.2458 -98.5595 5
      vertex 86.2954 -98.4209 -5
      vertex 86.2954 -98.4209 5
    endloop
  endfacet
  facet normal 0.941527 -0.336939 0
    outer loop
      vertex 86.2954 -98.4209 -5
      vertex 86.2458 -98.5595 5
      vertex 86.2458 -98.5595 -5
    endloop
  endfacet
  facet normal 0.989174 -0.146746 0
    outer loop
      vertex 86.1885 -98.8479 5
      vertex 86.2101 -98.7023 -5
      vertex 86.2101 -98.7023 5
    endloop
  endfacet
  facet normal 0.989174 -0.146746 0
    outer loop
      vertex 86.2101 -98.7023 -5
      vertex 86.1885 -98.8479 5
      vertex 86.1885 -98.8479 -5
    endloop
  endfacet
  facet normal 0.998771 0.0495651 0
    outer loop
      vertex 86.1885 -99.142 5
      vertex 86.1812 -98.9949 -5
      vertex 86.1812 -98.9949 5
    endloop
  endfacet
  facet normal 0.998771 0.0495651 0
    outer loop
      vertex 86.1812 -98.9949 -5
      vertex 86.1885 -99.142 5
      vertex 86.1885 -99.142 -5
    endloop
  endfacet
  facet normal 0.998769 -0.0495987 0
    outer loop
      vertex 86.1812 -98.9949 5
      vertex 86.1885 -98.8479 -5
      vertex 86.1885 -98.8479 5
    endloop
  endfacet
  facet normal 0.998769 -0.0495987 0
    outer loop
      vertex 86.1885 -98.8479 -5
      vertex 86.1812 -98.9949 5
      vertex 86.1812 -98.9949 -5
    endloop
  endfacet
  facet normal 0.515893 0.856653 -0
    outer loop
      vertex 86.9741 -100.318 -5
      vertex 86.8479 -100.242 5
      vertex 86.9741 -100.318 5
    endloop
  endfacet
  facet normal 0.515893 0.856653 0
    outer loop
      vertex 86.8479 -100.242 5
      vertex 86.9741 -100.318 -5
      vertex 86.8479 -100.242 -5
    endloop
  endfacet
  facet normal 0.149403 0.988776 -0
    outer loop
      vertex 87.5342 -100.488 -5
      vertex 87.3886 -100.466 5
      vertex 87.5342 -100.488 5
    endloop
  endfacet
  facet normal 0.149403 0.988776 0
    outer loop
      vertex 87.3886 -100.466 5
      vertex 87.5342 -100.488 -5
      vertex 87.3886 -100.466 -5
    endloop
  endfacet
  facet normal -0.0475329 0.99887 0
    outer loop
      vertex 87.8283 -100.488 -5
      vertex 87.6812 -100.495 5
      vertex 87.8283 -100.488 5
    endloop
  endfacet
  facet normal -0.0475329 0.99887 0
    outer loop
      vertex 87.6812 -100.495 5
      vertex 87.8283 -100.488 -5
      vertex 87.6812 -100.495 -5
    endloop
  endfacet
  facet normal 0.0475651 0.998868 -0
    outer loop
      vertex 87.6812 -100.495 -5
      vertex 87.5342 -100.488 5
      vertex 87.6812 -100.495 5
    endloop
  endfacet
  facet normal 0.0475651 0.998868 0
    outer loop
      vertex 87.5342 -100.488 5
      vertex 87.6812 -100.495 -5
      vertex 87.5342 -100.488 -5
    endloop
  endfacet
  facet normal -0.969742 0.244131 0
    outer loop
      vertex 100.43 -110.744 -5
      vertex 100.466 -110.601 5
      vertex 100.466 -110.601 -5
    endloop
  endfacet
  facet normal -0.969742 0.244131 0
    outer loop
      vertex 100.466 -110.601 5
      vertex 100.43 -110.744 -5
      vertex 100.43 -110.744 5
    endloop
  endfacet
  facet normal -0.903738 -0.428086 0
    outer loop
      vertex 100.381 -109.735 -5
      vertex 100.318 -109.602 5
      vertex 100.318 -109.602 -5
    endloop
  endfacet
  facet normal -0.903738 -0.428086 0
    outer loop
      vertex 100.318 -109.602 5
      vertex 100.381 -109.735 -5
      vertex 100.381 -109.735 5
    endloop
  endfacet
  facet normal -0.339344 -0.940662 0
    outer loop
      vertex 99.4304 -108.873 -5
      vertex 99.569 -108.923 5
      vertex 99.4304 -108.873 5
    endloop
  endfacet
  facet normal -0.339344 -0.940662 -0
    outer loop
      vertex 99.569 -108.923 5
      vertex 99.4304 -108.873 -5
      vertex 99.569 -108.923 -5
    endloop
  endfacet
  facet normal 0.428086 -0.903738 0
    outer loop
      vertex 98.2879 -108.986 -5
      vertex 98.4209 -108.923 5
      vertex 98.2879 -108.986 5
    endloop
  endfacet
  facet normal 0.428086 -0.903738 0
    outer loop
      vertex 98.4209 -108.923 5
      vertex 98.2879 -108.986 -5
      vertex 98.4209 -108.923 -5
    endloop
  endfacet
  facet normal -0.670647 0.741776 0
    outer loop
      vertex 100.056 -111.369 -5
      vertex 99.9465 -111.468 5
      vertex 100.056 -111.369 5
    endloop
  endfacet
  facet normal -0.670647 0.741776 0
    outer loop
      vertex 99.9465 -111.468 5
      vertex 100.056 -111.369 -5
      vertex 99.9465 -111.468 -5
    endloop
  endfacet
  facet normal 0.339344 0.940662 -0
    outer loop
      vertex 98.5595 -111.744 -5
      vertex 98.4209 -111.694 5
      vertex 98.5595 -111.744 5
    endloop
  endfacet
  facet normal 0.339344 0.940662 0
    outer loop
      vertex 98.4209 -111.694 5
      vertex 98.5595 -111.744 -5
      vertex 98.4209 -111.694 -5
    endloop
  endfacet
  facet normal 0.740585 -0.671962 0
    outer loop
      vertex 97.8354 -109.357 5
      vertex 97.9343 -109.248 -5
      vertex 97.9343 -109.248 5
    endloop
  endfacet
  facet normal 0.740585 -0.671962 0
    outer loop
      vertex 97.9343 -109.248 -5
      vertex 97.8354 -109.357 5
      vertex 97.8354 -109.357 -5
    endloop
  endfacet
  facet normal -0.0475329 -0.99887 0
    outer loop
      vertex 98.9949 -108.809 -5
      vertex 99.142 -108.816 5
      vertex 98.9949 -108.809 5
    endloop
  endfacet
  facet normal -0.0475329 -0.99887 -0
    outer loop
      vertex 99.142 -108.816 5
      vertex 98.9949 -108.809 -5
      vertex 99.142 -108.816 -5
    endloop
  endfacet
  facet normal 0.740585 0.671962 0
    outer loop
      vertex 97.9343 -111.369 5
      vertex 97.8354 -111.26 -5
      vertex 97.8354 -111.26 5
    endloop
  endfacet
  facet normal 0.740585 0.671962 0
    outer loop
      vertex 97.8354 -111.26 -5
      vertex 97.9343 -111.369 5
      vertex 97.9343 -111.369 -5
    endloop
  endfacet
  facet normal -0.801627 0.597824 0
    outer loop
      vertex 100.154 -111.26 -5
      vertex 100.242 -111.142 5
      vertex 100.242 -111.142 -5
    endloop
  endfacet
  facet normal -0.801627 0.597824 0
    outer loop
      vertex 100.242 -111.142 5
      vertex 100.154 -111.26 -5
      vertex 100.154 -111.26 5
    endloop
  endfacet
  facet normal -0.988685 0.150007 0
    outer loop
      vertex 100.466 -110.601 -5
      vertex 100.488 -110.456 5
      vertex 100.488 -110.456 -5
    endloop
  endfacet
  facet normal -0.988685 0.150007 0
    outer loop
      vertex 100.488 -110.456 5
      vertex 100.466 -110.601 -5
      vertex 100.466 -110.601 5
    endloop
  endfacet
  facet normal -0.998868 -0.0475651 0
    outer loop
      vertex 100.495 -110.309 -5
      vertex 100.488 -110.162 5
      vertex 100.488 -110.162 -5
    endloop
  endfacet
  facet normal -0.998868 -0.0475651 0
    outer loop
      vertex 100.488 -110.162 5
      vertex 100.495 -110.309 -5
      vertex 100.495 -110.309 5
    endloop
  endfacet
  facet normal -0.998868 0.0475651 0
    outer loop
      vertex 100.488 -110.456 -5
      vertex 100.495 -110.309 5
      vertex 100.495 -110.309 -5
    endloop
  endfacet
  facet normal -0.998868 0.0475651 0
    outer loop
      vertex 100.495 -110.309 5
      vertex 100.488 -110.456 -5
      vertex 100.488 -110.456 5
    endloop
  endfacet
  facet normal -0.670647 -0.741776 0
    outer loop
      vertex 99.9465 -109.149 -5
      vertex 100.056 -109.248 5
      vertex 99.9465 -109.149 5
    endloop
  endfacet
  facet normal -0.670647 -0.741776 -0
    outer loop
      vertex 100.056 -109.248 5
      vertex 99.9465 -109.149 -5
      vertex 100.056 -109.248 -5
    endloop
  endfacet
  facet normal -0.858089 -0.513502 0
    outer loop
      vertex 100.318 -109.602 -5
      vertex 100.242 -109.475 5
      vertex 100.242 -109.475 -5
    endloop
  endfacet
  facet normal -0.858089 -0.513502 0
    outer loop
      vertex 100.242 -109.475 5
      vertex 100.318 -109.602 -5
      vertex 100.318 -109.602 5
    endloop
  endfacet
  facet normal -0.801627 -0.597824 0
    outer loop
      vertex 100.242 -109.475 -5
      vertex 100.154 -109.357 5
      vertex 100.154 -109.357 -5
    endloop
  endfacet
  facet normal -0.801627 -0.597824 0
    outer loop
      vertex 100.154 -109.357 5
      vertex 100.242 -109.475 -5
      vertex 100.242 -109.475 5
    endloop
  endfacet
  facet normal -0.743633 -0.668588 0
    outer loop
      vertex 100.154 -109.357 -5
      vertex 100.056 -109.248 5
      vertex 100.056 -109.248 -5
    endloop
  endfacet
  facet normal -0.743633 -0.668588 0
    outer loop
      vertex 100.056 -109.248 5
      vertex 100.154 -109.357 -5
      vertex 100.154 -109.357 5
    endloop
  endfacet
  facet normal -0.988837 -0.149003 0
    outer loop
      vertex 100.488 -110.162 -5
      vertex 100.466 -110.016 5
      vertex 100.466 -110.016 -5
    endloop
  endfacet
  facet normal -0.988837 -0.149003 0
    outer loop
      vertex 100.466 -110.016 5
      vertex 100.488 -110.162 -5
      vertex 100.488 -110.162 5
    endloop
  endfacet
  facet normal -0.969742 -0.244131 0
    outer loop
      vertex 100.466 -110.016 -5
      vertex 100.43 -109.873 5
      vertex 100.43 -109.873 -5
    endloop
  endfacet
  facet normal -0.969742 -0.244131 0
    outer loop
      vertex 100.43 -109.873 5
      vertex 100.466 -110.016 -5
      vertex 100.466 -110.016 5
    endloop
  endfacet
  facet normal 0.597173 -0.802112 0
    outer loop
      vertex 98.0434 -109.149 -5
      vertex 98.1616 -109.061 5
      vertex 98.0434 -109.149 5
    endloop
  endfacet
  facet normal 0.597173 -0.802112 0
    outer loop
      vertex 98.1616 -109.061 5
      vertex 98.0434 -109.149 -5
      vertex 98.1616 -109.061 -5
    endloop
  endfacet
  facet normal 0.142754 -0.989758 0
    outer loop
      vertex 98.7023 -108.837 -5
      vertex 98.8479 -108.816 5
      vertex 98.7023 -108.837 5
    endloop
  endfacet
  facet normal 0.142754 -0.989758 0
    outer loop
      vertex 98.8479 -108.816 5
      vertex 98.7023 -108.837 -5
      vertex 98.8479 -108.816 -5
    endloop
  endfacet
  facet normal 0.244452 -0.969661 0
    outer loop
      vertex 98.5595 -108.873 -5
      vertex 98.7023 -108.837 5
      vertex 98.5595 -108.873 5
    endloop
  endfacet
  facet normal 0.244452 -0.969661 0
    outer loop
      vertex 98.7023 -108.837 5
      vertex 98.5595 -108.873 -5
      vertex 98.7023 -108.837 -5
    endloop
  endfacet
  facet normal -0.597173 -0.802112 0
    outer loop
      vertex 99.8283 -109.061 -5
      vertex 99.9465 -109.149 5
      vertex 99.8283 -109.061 5
    endloop
  endfacet
  facet normal -0.597173 -0.802112 -0
    outer loop
      vertex 99.9465 -109.149 5
      vertex 99.8283 -109.061 -5
      vertex 99.9465 -109.149 -5
    endloop
  endfacet
  facet normal -0.510586 -0.859827 0
    outer loop
      vertex 99.702 -108.986 -5
      vertex 99.8283 -109.061 5
      vertex 99.702 -108.986 5
    endloop
  endfacet
  facet normal -0.510586 -0.859827 -0
    outer loop
      vertex 99.8283 -109.061 5
      vertex 99.702 -108.986 -5
      vertex 99.8283 -109.061 -5
    endloop
  endfacet
  facet normal -0.244452 -0.969661 0
    outer loop
      vertex 99.2876 -108.837 -5
      vertex 99.4304 -108.873 5
      vertex 99.2876 -108.837 5
    endloop
  endfacet
  facet normal -0.244452 -0.969661 -0
    outer loop
      vertex 99.4304 -108.873 5
      vertex 99.2876 -108.837 -5
      vertex 99.4304 -108.873 -5
    endloop
  endfacet
  facet normal -0.142754 -0.989758 0
    outer loop
      vertex 99.142 -108.816 -5
      vertex 99.2876 -108.837 5
      vertex 99.142 -108.816 5
    endloop
  endfacet
  facet normal -0.142754 -0.989758 -0
    outer loop
      vertex 99.2876 -108.837 5
      vertex 99.142 -108.816 -5
      vertex 99.2876 -108.837 -5
    endloop
  endfacet
  facet normal 0.0475651 -0.998868 0
    outer loop
      vertex 98.8479 -108.816 -5
      vertex 98.9949 -108.809 5
      vertex 98.8479 -108.816 5
    endloop
  endfacet
  facet normal 0.0475651 -0.998868 0
    outer loop
      vertex 98.9949 -108.809 5
      vertex 98.8479 -108.816 -5
      vertex 98.9949 -108.809 -5
    endloop
  endfacet
  facet normal -0.743633 0.668588 0
    outer loop
      vertex 100.056 -111.369 -5
      vertex 100.154 -111.26 5
      vertex 100.154 -111.26 -5
    endloop
  endfacet
  facet normal -0.743633 0.668588 0
    outer loop
      vertex 100.154 -111.26 5
      vertex 100.056 -111.369 -5
      vertex 100.056 -111.369 5
    endloop
  endfacet
  facet normal -0.142754 0.989758 0
    outer loop
      vertex 99.2876 -111.78 -5
      vertex 99.142 -111.801 5
      vertex 99.2876 -111.78 5
    endloop
  endfacet
  facet normal -0.142754 0.989758 0
    outer loop
      vertex 99.142 -111.801 5
      vertex 99.2876 -111.78 -5
      vertex 99.142 -111.801 -5
    endloop
  endfacet
  facet normal 0.597173 0.802112 -0
    outer loop
      vertex 98.1616 -111.556 -5
      vertex 98.0434 -111.468 5
      vertex 98.1616 -111.556 5
    endloop
  endfacet
  facet normal 0.597173 0.802112 0
    outer loop
      vertex 98.0434 -111.468 5
      vertex 98.1616 -111.556 -5
      vertex 98.0434 -111.468 -5
    endloop
  endfacet
  facet normal -0.943116 0.332465 0
    outer loop
      vertex 100.381 -110.883 -5
      vertex 100.43 -110.744 5
      vertex 100.43 -110.744 -5
    endloop
  endfacet
  facet normal -0.943116 0.332465 0
    outer loop
      vertex 100.43 -110.744 5
      vertex 100.381 -110.883 -5
      vertex 100.381 -110.883 5
    endloop
  endfacet
  facet normal -0.903738 0.428086 0
    outer loop
      vertex 100.318 -111.016 -5
      vertex 100.381 -110.883 5
      vertex 100.381 -110.883 -5
    endloop
  endfacet
  facet normal -0.903738 0.428086 0
    outer loop
      vertex 100.381 -110.883 5
      vertex 100.318 -111.016 -5
      vertex 100.318 -111.016 5
    endloop
  endfacet
  facet normal -0.856291 0.516493 0
    outer loop
      vertex 100.242 -111.142 -5
      vertex 100.318 -111.016 5
      vertex 100.318 -111.016 -5
    endloop
  endfacet
  facet normal -0.856291 0.516493 0
    outer loop
      vertex 100.318 -111.016 5
      vertex 100.242 -111.142 -5
      vertex 100.242 -111.142 5
    endloop
  endfacet
  facet normal -0.942358 -0.334605 0
    outer loop
      vertex 100.43 -109.873 -5
      vertex 100.381 -109.735 5
      vertex 100.381 -109.735 -5
    endloop
  endfacet
  facet normal -0.942358 -0.334605 0
    outer loop
      vertex 100.381 -109.735 5
      vertex 100.43 -109.873 -5
      vertex 100.43 -109.873 5
    endloop
  endfacet
  facet normal 0.671997 -0.740554 0
    outer loop
      vertex 97.9343 -109.248 -5
      vertex 98.0434 -109.149 5
      vertex 97.9343 -109.248 5
    endloop
  endfacet
  facet normal 0.671997 -0.740554 0
    outer loop
      vertex 98.0434 -109.149 5
      vertex 97.9343 -109.248 -5
      vertex 98.0434 -109.149 -5
    endloop
  endfacet
  facet normal 0.510586 -0.859827 0
    outer loop
      vertex 98.1616 -109.061 -5
      vertex 98.2879 -108.986 5
      vertex 98.1616 -109.061 5
    endloop
  endfacet
  facet normal 0.510586 -0.859827 0
    outer loop
      vertex 98.2879 -108.986 5
      vertex 98.1616 -109.061 -5
      vertex 98.2879 -108.986 -5
    endloop
  endfacet
  facet normal 0.339344 -0.940662 0
    outer loop
      vertex 98.4209 -108.923 -5
      vertex 98.5595 -108.873 5
      vertex 98.4209 -108.923 5
    endloop
  endfacet
  facet normal 0.339344 -0.940662 0
    outer loop
      vertex 98.5595 -108.873 5
      vertex 98.4209 -108.923 -5
      vertex 98.5595 -108.873 -5
    endloop
  endfacet
  facet normal -0.428086 -0.903738 0
    outer loop
      vertex 99.569 -108.923 -5
      vertex 99.702 -108.986 5
      vertex 99.569 -108.923 5
    endloop
  endfacet
  facet normal -0.428086 -0.903738 -0
    outer loop
      vertex 99.702 -108.986 5
      vertex 99.569 -108.923 -5
      vertex 99.702 -108.986 -5
    endloop
  endfacet
  facet normal -0.597173 0.802112 0
    outer loop
      vertex 99.9465 -111.468 -5
      vertex 99.8283 -111.556 5
      vertex 99.9465 -111.468 5
    endloop
  endfacet
  facet normal -0.597173 0.802112 0
    outer loop
      vertex 99.8283 -111.556 5
      vertex 99.9465 -111.468 -5
      vertex 99.8283 -111.556 -5
    endloop
  endfacet
  facet normal -0.515593 0.856834 0
    outer loop
      vertex 99.8283 -111.556 -5
      vertex 99.702 -111.632 5
      vertex 99.8283 -111.556 5
    endloop
  endfacet
  facet normal -0.515593 0.856834 0
    outer loop
      vertex 99.702 -111.632 5
      vertex 99.8283 -111.556 -5
      vertex 99.702 -111.632 -5
    endloop
  endfacet
  facet normal -0.422512 0.906357 0
    outer loop
      vertex 99.702 -111.632 -5
      vertex 99.569 -111.694 5
      vertex 99.702 -111.632 5
    endloop
  endfacet
  facet normal -0.422512 0.906357 0
    outer loop
      vertex 99.569 -111.694 5
      vertex 99.702 -111.632 -5
      vertex 99.569 -111.694 -5
    endloop
  endfacet
  facet normal -0.339344 0.940662 0
    outer loop
      vertex 99.569 -111.694 -5
      vertex 99.4304 -111.744 5
      vertex 99.569 -111.694 5
    endloop
  endfacet
  facet normal -0.339344 0.940662 0
    outer loop
      vertex 99.4304 -111.744 5
      vertex 99.569 -111.694 -5
      vertex 99.4304 -111.744 -5
    endloop
  endfacet
  facet normal 0.941834 0.336079 0
    outer loop
      vertex 97.6091 -110.883 5
      vertex 97.5595 -110.744 -5
      vertex 97.5595 -110.744 5
    endloop
  endfacet
  facet normal 0.941834 0.336079 0
    outer loop
      vertex 97.5595 -110.744 -5
      vertex 97.6091 -110.883 5
      vertex 97.6091 -110.883 -5
    endloop
  endfacet
  facet normal 0.802604 -0.596512 0
    outer loop
      vertex 97.7477 -109.475 5
      vertex 97.8354 -109.357 -5
      vertex 97.8354 -109.357 5
    endloop
  endfacet
  facet normal 0.802604 -0.596512 0
    outer loop
      vertex 97.8354 -109.357 -5
      vertex 97.7477 -109.475 5
      vertex 97.7477 -109.475 -5
    endloop
  endfacet
  facet normal 0.998769 -0.0495987 0
    outer loop
      vertex 97.4949 -110.309 5
      vertex 97.5022 -110.162 -5
      vertex 97.5022 -110.162 5
    endloop
  endfacet
  facet normal 0.998769 -0.0495987 0
    outer loop
      vertex 97.5022 -110.162 -5
      vertex 97.4949 -110.309 5
      vertex 97.4949 -110.309 -5
    endloop
  endfacet
  facet normal 0.970222 -0.242216 0
    outer loop
      vertex 97.5238 -110.016 5
      vertex 97.5595 -109.873 -5
      vertex 97.5595 -109.873 5
    endloop
  endfacet
  facet normal 0.970222 -0.242216 0
    outer loop
      vertex 97.5595 -109.873 -5
      vertex 97.5238 -110.016 5
      vertex 97.5238 -110.016 -5
    endloop
  endfacet
  facet normal 0.989233 -0.146352 0
    outer loop
      vertex 97.5022 -110.162 5
      vertex 97.5238 -110.016 -5
      vertex 97.5238 -110.016 5
    endloop
  endfacet
  facet normal 0.989233 -0.146352 0
    outer loop
      vertex 97.5238 -110.016 -5
      vertex 97.5022 -110.162 5
      vertex 97.5022 -110.162 -5
    endloop
  endfacet
  facet normal 0.422512 0.906357 -0
    outer loop
      vertex 98.4209 -111.694 -5
      vertex 98.2879 -111.632 5
      vertex 98.4209 -111.694 5
    endloop
  endfacet
  facet normal 0.422512 0.906357 0
    outer loop
      vertex 98.2879 -111.632 5
      vertex 98.4209 -111.694 -5
      vertex 98.2879 -111.632 -5
    endloop
  endfacet
  facet normal 0.244452 0.969661 -0
    outer loop
      vertex 98.7023 -111.78 -5
      vertex 98.5595 -111.744 5
      vertex 98.7023 -111.78 5
    endloop
  endfacet
  facet normal 0.244452 0.969661 0
    outer loop
      vertex 98.5595 -111.744 5
      vertex 98.7023 -111.78 -5
      vertex 98.5595 -111.744 -5
    endloop
  endfacet
  facet normal -0.244452 0.969661 0
    outer loop
      vertex 99.4304 -111.744 -5
      vertex 99.2876 -111.78 5
      vertex 99.4304 -111.744 5
    endloop
  endfacet
  facet normal -0.244452 0.969661 0
    outer loop
      vertex 99.2876 -111.78 5
      vertex 99.4304 -111.744 -5
      vertex 99.2876 -111.78 -5
    endloop
  endfacet
  facet normal 0.989086 0.14734 0
    outer loop
      vertex 97.5238 -110.601 5
      vertex 97.5022 -110.456 -5
      vertex 97.5022 -110.456 5
    endloop
  endfacet
  facet normal 0.989086 0.14734 0
    outer loop
      vertex 97.5022 -110.456 -5
      vertex 97.5238 -110.601 5
      vertex 97.5238 -110.601 -5
    endloop
  endfacet
  facet normal 0.671997 0.740554 -0
    outer loop
      vertex 98.0434 -111.468 -5
      vertex 97.9343 -111.369 5
      vertex 98.0434 -111.468 5
    endloop
  endfacet
  facet normal 0.671997 0.740554 0
    outer loop
      vertex 97.9343 -111.369 5
      vertex 98.0434 -111.468 -5
      vertex 97.9343 -111.369 -5
    endloop
  endfacet
  facet normal 0.903738 0.428086 0
    outer loop
      vertex 97.6721 -111.016 5
      vertex 97.6091 -110.883 -5
      vertex 97.6091 -110.883 5
    endloop
  endfacet
  facet normal 0.903738 0.428086 0
    outer loop
      vertex 97.6091 -110.883 -5
      vertex 97.6721 -111.016 5
      vertex 97.6721 -111.016 -5
    endloop
  endfacet
  facet normal 0.857493 0.514496 0
    outer loop
      vertex 97.7477 -111.142 5
      vertex 97.6721 -111.016 -5
      vertex 97.6721 -111.016 5
    endloop
  endfacet
  facet normal 0.857493 0.514496 0
    outer loop
      vertex 97.6721 -111.016 -5
      vertex 97.7477 -111.142 5
      vertex 97.7477 -111.142 -5
    endloop
  endfacet
  facet normal 0.802604 0.596512 0
    outer loop
      vertex 97.8354 -111.26 5
      vertex 97.7477 -111.142 -5
      vertex 97.7477 -111.142 5
    endloop
  endfacet
  facet normal 0.802604 0.596512 0
    outer loop
      vertex 97.7477 -111.142 -5
      vertex 97.8354 -111.26 5
      vertex 97.8354 -111.26 -5
    endloop
  endfacet
  facet normal 0.970222 0.242216 0
    outer loop
      vertex 97.5595 -110.744 5
      vertex 97.5238 -110.601 -5
      vertex 97.5238 -110.601 5
    endloop
  endfacet
  facet normal 0.970222 0.242216 0
    outer loop
      vertex 97.5238 -110.601 -5
      vertex 97.5595 -110.744 5
      vertex 97.5595 -110.744 -5
    endloop
  endfacet
  facet normal 0.859279 -0.511508 0
    outer loop
      vertex 97.6721 -109.602 5
      vertex 97.7477 -109.475 -5
      vertex 97.7477 -109.475 5
    endloop
  endfacet
  facet normal 0.859279 -0.511508 0
    outer loop
      vertex 97.7477 -109.475 -5
      vertex 97.6721 -109.602 5
      vertex 97.6721 -109.602 -5
    endloop
  endfacet
  facet normal 0.941061 -0.338236 0
    outer loop
      vertex 97.5595 -109.873 5
      vertex 97.6091 -109.735 -5
      vertex 97.6091 -109.735 5
    endloop
  endfacet
  facet normal 0.941061 -0.338236 0
    outer loop
      vertex 97.6091 -109.735 -5
      vertex 97.5595 -109.873 5
      vertex 97.5595 -109.873 -5
    endloop
  endfacet
  facet normal 0.903738 -0.428086 0
    outer loop
      vertex 97.6091 -109.735 5
      vertex 97.6721 -109.602 -5
      vertex 97.6721 -109.602 5
    endloop
  endfacet
  facet normal 0.903738 -0.428086 0
    outer loop
      vertex 97.6721 -109.602 -5
      vertex 97.6091 -109.735 5
      vertex 97.6091 -109.735 -5
    endloop
  endfacet
  facet normal 0.998769 0.0495987 0
    outer loop
      vertex 97.5022 -110.456 5
      vertex 97.4949 -110.309 -5
      vertex 97.4949 -110.309 5
    endloop
  endfacet
  facet normal 0.998769 0.0495987 0
    outer loop
      vertex 97.4949 -110.309 -5
      vertex 97.5022 -110.456 5
      vertex 97.5022 -110.456 -5
    endloop
  endfacet
  facet normal 0.515593 0.856834 -0
    outer loop
      vertex 98.2879 -111.632 -5
      vertex 98.1616 -111.556 5
      vertex 98.2879 -111.632 5
    endloop
  endfacet
  facet normal 0.515593 0.856834 0
    outer loop
      vertex 98.1616 -111.556 5
      vertex 98.2879 -111.632 -5
      vertex 98.1616 -111.556 -5
    endloop
  endfacet
  facet normal 0.142754 0.989758 -0
    outer loop
      vertex 98.8479 -111.801 -5
      vertex 98.7023 -111.78 5
      vertex 98.8479 -111.801 5
    endloop
  endfacet
  facet normal 0.142754 0.989758 0
    outer loop
      vertex 98.7023 -111.78 5
      vertex 98.8479 -111.801 -5
      vertex 98.7023 -111.78 -5
    endloop
  endfacet
  facet normal -0.0543045 0.998524 0
    outer loop
      vertex 99.142 -111.801 -5
      vertex 98.9949 -111.809 5
      vertex 99.142 -111.801 5
    endloop
  endfacet
  facet normal -0.0543045 0.998524 0
    outer loop
      vertex 98.9949 -111.809 5
      vertex 99.142 -111.801 -5
      vertex 98.9949 -111.809 -5
    endloop
  endfacet
  facet normal 0.0543414 0.998522 -0
    outer loop
      vertex 98.9949 -111.809 -5
      vertex 98.8479 -111.801 5
      vertex 98.9949 -111.809 5
    endloop
  endfacet
  facet normal 0.0543414 0.998522 0
    outer loop
      vertex 98.8479 -111.801 5
      vertex 98.9949 -111.809 -5
      vertex 98.8479 -111.801 -5
    endloop
  endfacet
  facet normal -0.989758 -0.142754 0
    outer loop
      vertex 111.801 -98.8479 -5
      vertex 111.78 -98.7023 5
      vertex 111.78 -98.7023 -5
    endloop
  endfacet
  facet normal -0.989758 -0.142754 0
    outer loop
      vertex 111.78 -98.7023 5
      vertex 111.801 -98.8479 -5
      vertex 111.801 -98.8479 5
    endloop
  endfacet
  facet normal -0.336079 -0.941834 0
    outer loop
      vertex 110.744 -97.5595 -5
      vertex 110.883 -97.6091 5
      vertex 110.744 -97.5595 5
    endloop
  endfacet
  facet normal -0.336079 -0.941834 -0
    outer loop
      vertex 110.883 -97.6091 5
      vertex 110.744 -97.5595 -5
      vertex 110.883 -97.6091 -5
    endloop
  endfacet
  facet normal 0.428086 -0.903738 0
    outer loop
      vertex 109.602 -97.6721 -5
      vertex 109.735 -97.6091 5
      vertex 109.602 -97.6721 5
    endloop
  endfacet
  facet normal 0.428086 -0.903738 0
    outer loop
      vertex 109.735 -97.6091 5
      vertex 109.602 -97.6721 -5
      vertex 109.735 -97.6091 -5
    endloop
  endfacet
  facet normal -0.940662 0.339344 0
    outer loop
      vertex 111.694 -99.569 -5
      vertex 111.744 -99.4304 5
      vertex 111.744 -99.4304 -5
    endloop
  endfacet
  facet normal -0.940662 0.339344 0
    outer loop
      vertex 111.744 -99.4304 5
      vertex 111.694 -99.569 -5
      vertex 111.694 -99.569 5
    endloop
  endfacet
  facet normal -0.969661 0.244452 0
    outer loop
      vertex 111.744 -99.4304 -5
      vertex 111.78 -99.2876 5
      vertex 111.78 -99.2876 -5
    endloop
  endfacet
  facet normal -0.969661 0.244452 0
    outer loop
      vertex 111.78 -99.2876 5
      vertex 111.744 -99.4304 -5
      vertex 111.744 -99.4304 5
    endloop
  endfacet
  facet normal -0.906357 -0.422512 0
    outer loop
      vertex 111.694 -98.4209 -5
      vertex 111.632 -98.2879 5
      vertex 111.632 -98.2879 -5
    endloop
  endfacet
  facet normal -0.906357 -0.422512 0
    outer loop
      vertex 111.632 -98.2879 5
      vertex 111.694 -98.4209 -5
      vertex 111.694 -98.4209 5
    endloop
  endfacet
  facet normal -0.740554 -0.671997 0
    outer loop
      vertex 111.468 -98.0434 -5
      vertex 111.369 -97.9343 5
      vertex 111.369 -97.9343 -5
    endloop
  endfacet
  facet normal -0.740554 -0.671997 0
    outer loop
      vertex 111.369 -97.9343 5
      vertex 111.468 -98.0434 -5
      vertex 111.468 -98.0434 5
    endloop
  endfacet
  facet normal 0.671962 -0.740585 0
    outer loop
      vertex 109.248 -97.9343 -5
      vertex 109.357 -97.8354 5
      vertex 109.248 -97.9343 5
    endloop
  endfacet
  facet normal 0.671962 -0.740585 0
    outer loop
      vertex 109.357 -97.8354 5
      vertex 109.248 -97.9343 -5
      vertex 109.357 -97.8354 -5
    endloop
  endfacet
  facet normal 0.146352 -0.989233 0
    outer loop
      vertex 110.016 -97.5238 -5
      vertex 110.162 -97.5022 5
      vertex 110.016 -97.5238 5
    endloop
  endfacet
  facet normal 0.146352 -0.989233 0
    outer loop
      vertex 110.162 -97.5022 5
      vertex 110.016 -97.5238 -5
      vertex 110.162 -97.5022 -5
    endloop
  endfacet
  facet normal -0.514496 -0.857493 0
    outer loop
      vertex 111.016 -97.6721 -5
      vertex 111.142 -97.7477 5
      vertex 111.016 -97.6721 5
    endloop
  endfacet
  facet normal -0.514496 -0.857493 -0
    outer loop
      vertex 111.142 -97.7477 5
      vertex 111.016 -97.6721 -5
      vertex 111.142 -97.7477 -5
    endloop
  endfacet
  facet normal -0.668588 0.743633 0
    outer loop
      vertex 111.369 -100.056 -5
      vertex 111.26 -100.154 5
      vertex 111.369 -100.056 5
    endloop
  endfacet
  facet normal -0.668588 0.743633 0
    outer loop
      vertex 111.26 -100.154 5
      vertex 111.369 -100.056 -5
      vertex 111.26 -100.154 -5
    endloop
  endfacet
  facet normal -0.150007 0.988685 0
    outer loop
      vertex 110.601 -100.466 -5
      vertex 110.456 -100.488 5
      vertex 110.601 -100.466 5
    endloop
  endfacet
  facet normal -0.150007 0.988685 0
    outer loop
      vertex 110.456 -100.488 5
      vertex 110.601 -100.466 -5
      vertex 110.456 -100.488 -5
    endloop
  endfacet
  facet normal 0.741776 0.670647 0
    outer loop
      vertex 109.248 -100.056 5
      vertex 109.149 -99.9465 -5
      vertex 109.149 -99.9465 5
    endloop
  endfacet
  facet normal 0.741776 0.670647 0
    outer loop
      vertex 109.149 -99.9465 -5
      vertex 109.248 -100.056 5
      vertex 109.248 -100.056 -5
    endloop
  endfacet
  facet normal 0.989758 0.142754 0
    outer loop
      vertex 108.837 -99.2876 5
      vertex 108.816 -99.142 -5
      vertex 108.816 -99.142 5
    endloop
  endfacet
  facet normal 0.989758 0.142754 0
    outer loop
      vertex 108.816 -99.142 -5
      vertex 108.837 -99.2876 5
      vertex 108.837 -99.2876 -5
    endloop
  endfacet
  facet normal 0.940662 -0.339344 0
    outer loop
      vertex 108.873 -98.5595 5
      vertex 108.923 -98.4209 -5
      vertex 108.923 -98.4209 5
    endloop
  endfacet
  facet normal 0.940662 -0.339344 0
    outer loop
      vertex 108.923 -98.4209 -5
      vertex 108.873 -98.5595 5
      vertex 108.873 -98.5595 -5
    endloop
  endfacet
  facet normal 0.998868 -0.0475651 0
    outer loop
      vertex 108.809 -98.9949 5
      vertex 108.816 -98.8479 -5
      vertex 108.816 -98.8479 5
    endloop
  endfacet
  facet normal 0.998868 -0.0475651 0
    outer loop
      vertex 108.816 -98.8479 -5
      vertex 108.809 -98.9949 5
      vertex 108.809 -98.9949 -5
    endloop
  endfacet
  facet normal -0.802112 0.597173 0
    outer loop
      vertex 111.468 -99.9465 -5
      vertex 111.556 -99.8283 5
      vertex 111.556 -99.8283 -5
    endloop
  endfacet
  facet normal -0.802112 0.597173 0
    outer loop
      vertex 111.556 -99.8283 5
      vertex 111.468 -99.9465 -5
      vertex 111.468 -99.9465 5
    endloop
  endfacet
  facet normal -0.856834 0.515593 0
    outer loop
      vertex 111.556 -99.8283 -5
      vertex 111.632 -99.702 5
      vertex 111.632 -99.702 -5
    endloop
  endfacet
  facet normal -0.856834 0.515593 0
    outer loop
      vertex 111.632 -99.702 5
      vertex 111.556 -99.8283 -5
      vertex 111.556 -99.8283 5
    endloop
  endfacet
  facet normal -0.906357 0.422512 0
    outer loop
      vertex 111.632 -99.702 -5
      vertex 111.694 -99.569 5
      vertex 111.694 -99.569 -5
    endloop
  endfacet
  facet normal -0.906357 0.422512 0
    outer loop
      vertex 111.694 -99.569 5
      vertex 111.632 -99.702 -5
      vertex 111.632 -99.702 5
    endloop
  endfacet
  facet normal -0.998524 0.0543045 0
    outer loop
      vertex 111.801 -99.142 -5
      vertex 111.809 -98.9949 5
      vertex 111.809 -98.9949 -5
    endloop
  endfacet
  facet normal -0.998524 0.0543045 0
    outer loop
      vertex 111.809 -98.9949 5
      vertex 111.801 -99.142 -5
      vertex 111.801 -99.142 5
    endloop
  endfacet
  facet normal -0.989758 0.142754 0
    outer loop
      vertex 111.78 -99.2876 -5
      vertex 111.801 -99.142 5
      vertex 111.801 -99.142 -5
    endloop
  endfacet
  facet normal -0.989758 0.142754 0
    outer loop
      vertex 111.801 -99.142 5
      vertex 111.78 -99.2876 -5
      vertex 111.78 -99.2876 5
    endloop
  endfacet
  facet normal -0.998522 -0.0543414 0
    outer loop
      vertex 111.809 -98.9949 -5
      vertex 111.801 -98.8479 5
      vertex 111.801 -98.8479 -5
    endloop
  endfacet
  facet normal -0.998522 -0.0543414 0
    outer loop
      vertex 111.801 -98.8479 5
      vertex 111.809 -98.9949 -5
      vertex 111.809 -98.9949 5
    endloop
  endfacet
  facet normal -0.969661 -0.244452 0
    outer loop
      vertex 111.78 -98.7023 -5
      vertex 111.744 -98.5595 5
      vertex 111.744 -98.5595 -5
    endloop
  endfacet
  facet normal -0.969661 -0.244452 0
    outer loop
      vertex 111.744 -98.5595 5
      vertex 111.78 -98.7023 -5
      vertex 111.78 -98.7023 5
    endloop
  endfacet
  facet normal -0.671962 -0.740585 0
    outer loop
      vertex 111.26 -97.8354 -5
      vertex 111.369 -97.9343 5
      vertex 111.26 -97.8354 5
    endloop
  endfacet
  facet normal -0.671962 -0.740585 -0
    outer loop
      vertex 111.369 -97.9343 5
      vertex 111.26 -97.8354 -5
      vertex 111.369 -97.9343 -5
    endloop
  endfacet
  facet normal -0.940662 -0.339344 0
    outer loop
      vertex 111.744 -98.5595 -5
      vertex 111.694 -98.4209 5
      vertex 111.694 -98.4209 -5
    endloop
  endfacet
  facet normal -0.940662 -0.339344 0
    outer loop
      vertex 111.694 -98.4209 5
      vertex 111.744 -98.5595 -5
      vertex 111.744 -98.5595 5
    endloop
  endfacet
  facet normal -0.856834 -0.515593 0
    outer loop
      vertex 111.632 -98.2879 -5
      vertex 111.556 -98.1616 5
      vertex 111.556 -98.1616 -5
    endloop
  endfacet
  facet normal -0.856834 -0.515593 0
    outer loop
      vertex 111.556 -98.1616 5
      vertex 111.632 -98.2879 -5
      vertex 111.632 -98.2879 5
    endloop
  endfacet
  facet normal -0.802112 -0.597173 0
    outer loop
      vertex 111.556 -98.1616 -5
      vertex 111.468 -98.0434 5
      vertex 111.468 -98.0434 -5
    endloop
  endfacet
  facet normal -0.802112 -0.597173 0
    outer loop
      vertex 111.468 -98.0434 5
      vertex 111.556 -98.1616 -5
      vertex 111.556 -98.1616 5
    endloop
  endfacet
  facet normal 0.511508 -0.859279 0
    outer loop
      vertex 109.475 -97.7477 -5
      vertex 109.602 -97.6721 5
      vertex 109.475 -97.7477 5
    endloop
  endfacet
  facet normal 0.511508 -0.859279 0
    outer loop
      vertex 109.602 -97.6721 5
      vertex 109.475 -97.7477 -5
      vertex 109.602 -97.6721 -5
    endloop
  endfacet
  facet normal 0.596512 -0.802604 0
    outer loop
      vertex 109.357 -97.8354 -5
      vertex 109.475 -97.7477 5
      vertex 109.357 -97.8354 5
    endloop
  endfacet
  facet normal 0.596512 -0.802604 0
    outer loop
      vertex 109.475 -97.7477 5
      vertex 109.357 -97.8354 -5
      vertex 109.475 -97.7477 -5
    endloop
  endfacet
  facet normal 0.338236 -0.941061 0
    outer loop
      vertex 109.735 -97.6091 -5
      vertex 109.873 -97.5595 5
      vertex 109.735 -97.6091 5
    endloop
  endfacet
  facet normal 0.338236 -0.941061 0
    outer loop
      vertex 109.873 -97.5595 5
      vertex 109.735 -97.6091 -5
      vertex 109.873 -97.5595 -5
    endloop
  endfacet
  facet normal 0.242216 -0.970222 0
    outer loop
      vertex 109.873 -97.5595 -5
      vertex 110.016 -97.5238 5
      vertex 109.873 -97.5595 5
    endloop
  endfacet
  facet normal 0.242216 -0.970222 0
    outer loop
      vertex 110.016 -97.5238 5
      vertex 109.873 -97.5595 -5
      vertex 110.016 -97.5238 -5
    endloop
  endfacet
  facet normal -0.428086 -0.903738 0
    outer loop
      vertex 110.883 -97.6091 -5
      vertex 111.016 -97.6721 5
      vertex 110.883 -97.6091 5
    endloop
  endfacet
  facet normal -0.428086 -0.903738 -0
    outer loop
      vertex 111.016 -97.6721 5
      vertex 110.883 -97.6091 -5
      vertex 111.016 -97.6721 -5
    endloop
  endfacet
  facet normal -0.596512 -0.802604 0
    outer loop
      vertex 111.142 -97.7477 -5
      vertex 111.26 -97.8354 5
      vertex 111.142 -97.7477 5
    endloop
  endfacet
  facet normal -0.596512 -0.802604 -0
    outer loop
      vertex 111.26 -97.8354 5
      vertex 111.142 -97.7477 -5
      vertex 111.26 -97.8354 -5
    endloop
  endfacet
  facet normal -0.14734 -0.989086 0
    outer loop
      vertex 110.456 -97.5022 -5
      vertex 110.601 -97.5238 5
      vertex 110.456 -97.5022 5
    endloop
  endfacet
  facet normal -0.14734 -0.989086 -0
    outer loop
      vertex 110.601 -97.5238 5
      vertex 110.456 -97.5022 -5
      vertex 110.601 -97.5238 -5
    endloop
  endfacet
  facet normal -0.0495987 -0.998769 0
    outer loop
      vertex 110.309 -97.4949 -5
      vertex 110.456 -97.5022 5
      vertex 110.309 -97.4949 5
    endloop
  endfacet
  facet normal -0.0495987 -0.998769 -0
    outer loop
      vertex 110.456 -97.5022 5
      vertex 110.309 -97.4949 -5
      vertex 110.456 -97.5022 -5
    endloop
  endfacet
  facet normal -0.242216 -0.970222 0
    outer loop
      vertex 110.601 -97.5238 -5
      vertex 110.744 -97.5595 5
      vertex 110.601 -97.5238 5
    endloop
  endfacet
  facet normal -0.242216 -0.970222 -0
    outer loop
      vertex 110.744 -97.5595 5
      vertex 110.601 -97.5238 -5
      vertex 110.744 -97.5595 -5
    endloop
  endfacet
  facet normal 0.0495987 -0.998769 0
    outer loop
      vertex 110.162 -97.5022 -5
      vertex 110.309 -97.4949 5
      vertex 110.162 -97.5022 5
    endloop
  endfacet
  facet normal 0.0495987 -0.998769 0
    outer loop
      vertex 110.309 -97.4949 5
      vertex 110.162 -97.5022 -5
      vertex 110.309 -97.4949 -5
    endloop
  endfacet
  facet normal -0.741776 0.670647 0
    outer loop
      vertex 111.369 -100.056 -5
      vertex 111.468 -99.9465 5
      vertex 111.468 -99.9465 -5
    endloop
  endfacet
  facet normal -0.741776 0.670647 0
    outer loop
      vertex 111.468 -99.9465 5
      vertex 111.369 -100.056 -5
      vertex 111.369 -100.056 5
    endloop
  endfacet
  facet normal 0.597824 0.801627 -0
    outer loop
      vertex 109.475 -100.242 -5
      vertex 109.357 -100.154 5
      vertex 109.475 -100.242 5
    endloop
  endfacet
  facet normal 0.597824 0.801627 0
    outer loop
      vertex 109.357 -100.154 5
      vertex 109.475 -100.242 -5
      vertex 109.357 -100.154 -5
    endloop
  endfacet
  facet normal -0.516493 0.856291 0
    outer loop
      vertex 111.142 -100.242 -5
      vertex 111.016 -100.318 5
      vertex 111.142 -100.242 5
    endloop
  endfacet
  facet normal -0.516493 0.856291 0
    outer loop
      vertex 111.016 -100.318 5
      vertex 111.142 -100.242 -5
      vertex 111.016 -100.318 -5
    endloop
  endfacet
  facet normal 0.428086 0.903738 -0
    outer loop
      vertex 109.735 -100.381 -5
      vertex 109.602 -100.318 5
      vertex 109.735 -100.381 5
    endloop
  endfacet
  facet normal 0.428086 0.903738 0
    outer loop
      vertex 109.602 -100.318 5
      vertex 109.735 -100.381 -5
      vertex 109.602 -100.318 -5
    endloop
  endfacet
  facet normal 0.0475651 0.998868 -0
    outer loop
      vertex 110.309 -100.495 -5
      vertex 110.162 -100.488 5
      vertex 110.309 -100.495 5
    endloop
  endfacet
  facet normal 0.0475651 0.998868 0
    outer loop
      vertex 110.162 -100.488 5
      vertex 110.309 -100.495 -5
      vertex 110.162 -100.488 -5
    endloop
  endfacet
  facet normal 0.244131 0.969742 -0
    outer loop
      vertex 110.016 -100.466 -5
      vertex 109.873 -100.43 5
      vertex 110.016 -100.466 5
    endloop
  endfacet
  facet normal 0.244131 0.969742 0
    outer loop
      vertex 109.873 -100.43 5
      vertex 110.016 -100.466 -5
      vertex 109.873 -100.43 -5
    endloop
  endfacet
  facet normal -0.332465 0.943116 0
    outer loop
      vertex 110.883 -100.381 -5
      vertex 110.744 -100.43 5
      vertex 110.883 -100.381 5
    endloop
  endfacet
  facet normal -0.332465 0.943116 0
    outer loop
      vertex 110.744 -100.43 5
      vertex 110.883 -100.381 -5
      vertex 110.744 -100.43 -5
    endloop
  endfacet
  facet normal 0.859827 0.510586 0
    outer loop
      vertex 109.061 -99.8283 5
      vertex 108.986 -99.702 -5
      vertex 108.986 -99.702 5
    endloop
  endfacet
  facet normal 0.859827 0.510586 0
    outer loop
      vertex 108.986 -99.702 -5
      vertex 109.061 -99.8283 5
      vertex 109.061 -99.8283 -5
    endloop
  endfacet
  facet normal 0.940662 0.339344 0
    outer loop
      vertex 108.923 -99.569 5
      vertex 108.873 -99.4304 -5
      vertex 108.873 -99.4304 5
    endloop
  endfacet
  facet normal 0.940662 0.339344 0
    outer loop
      vertex 108.873 -99.4304 -5
      vertex 108.923 -99.569 5
      vertex 108.923 -99.569 -5
    endloop
  endfacet
  facet normal 0.802112 -0.597173 0
    outer loop
      vertex 109.061 -98.1616 5
      vertex 109.149 -98.0434 -5
      vertex 109.149 -98.0434 5
    endloop
  endfacet
  facet normal 0.802112 -0.597173 0
    outer loop
      vertex 109.149 -98.0434 -5
      vertex 109.061 -98.1616 5
      vertex 109.061 -98.1616 -5
    endloop
  endfacet
  facet normal 0.903738 -0.428086 0
    outer loop
      vertex 108.923 -98.4209 5
      vertex 108.986 -98.2879 -5
      vertex 108.986 -98.2879 5
    endloop
  endfacet
  facet normal 0.903738 -0.428086 0
    outer loop
      vertex 108.986 -98.2879 -5
      vertex 108.923 -98.4209 5
      vertex 108.923 -98.4209 -5
    endloop
  endfacet
  facet normal 0.969661 -0.244452 0
    outer loop
      vertex 108.837 -98.7023 5
      vertex 108.873 -98.5595 -5
      vertex 108.873 -98.5595 5
    endloop
  endfacet
  facet normal 0.969661 -0.244452 0
    outer loop
      vertex 108.873 -98.5595 -5
      vertex 108.837 -98.7023 5
      vertex 108.837 -98.7023 -5
    endloop
  endfacet
  facet normal 0.740554 -0.671997 0
    outer loop
      vertex 109.149 -98.0434 5
      vertex 109.248 -97.9343 -5
      vertex 109.248 -97.9343 5
    endloop
  endfacet
  facet normal 0.740554 -0.671997 0
    outer loop
      vertex 109.248 -97.9343 -5
      vertex 109.149 -98.0434 5
      vertex 109.149 -98.0434 -5
    endloop
  endfacet
  facet normal -0.597824 0.801627 0
    outer loop
      vertex 111.26 -100.154 -5
      vertex 111.142 -100.242 5
      vertex 111.26 -100.154 5
    endloop
  endfacet
  facet normal -0.597824 0.801627 0
    outer loop
      vertex 111.142 -100.242 5
      vertex 111.26 -100.154 -5
      vertex 111.142 -100.242 -5
    endloop
  endfacet
  facet normal 0.513502 0.858089 -0
    outer loop
      vertex 109.602 -100.318 -5
      vertex 109.475 -100.242 5
      vertex 109.602 -100.318 5
    endloop
  endfacet
  facet normal 0.513502 0.858089 0
    outer loop
      vertex 109.475 -100.242 5
      vertex 109.602 -100.318 -5
      vertex 109.475 -100.242 -5
    endloop
  endfacet
  facet normal 0.334605 0.942358 -0
    outer loop
      vertex 109.873 -100.43 -5
      vertex 109.735 -100.381 5
      vertex 109.873 -100.43 5
    endloop
  endfacet
  facet normal 0.334605 0.942358 0
    outer loop
      vertex 109.735 -100.381 5
      vertex 109.873 -100.43 -5
      vertex 109.735 -100.381 -5
    endloop
  endfacet
  facet normal -0.0475651 0.998868 0
    outer loop
      vertex 110.456 -100.488 -5
      vertex 110.309 -100.495 5
      vertex 110.456 -100.488 5
    endloop
  endfacet
  facet normal -0.0475651 0.998868 0
    outer loop
      vertex 110.309 -100.495 5
      vertex 110.456 -100.488 -5
      vertex 110.309 -100.495 -5
    endloop
  endfacet
  facet normal 0.149003 0.988837 -0
    outer loop
      vertex 110.162 -100.488 -5
      vertex 110.016 -100.466 5
      vertex 110.162 -100.488 5
    endloop
  endfacet
  facet normal 0.149003 0.988837 0
    outer loop
      vertex 110.016 -100.466 5
      vertex 110.162 -100.488 -5
      vertex 110.016 -100.466 -5
    endloop
  endfacet
  facet normal -0.428086 0.903738 0
    outer loop
      vertex 111.016 -100.318 -5
      vertex 110.883 -100.381 5
      vertex 111.016 -100.318 5
    endloop
  endfacet
  facet normal -0.428086 0.903738 0
    outer loop
      vertex 110.883 -100.381 5
      vertex 111.016 -100.318 -5
      vertex 110.883 -100.381 -5
    endloop
  endfacet
  facet normal -0.244131 0.969742 0
    outer loop
      vertex 110.744 -100.43 -5
      vertex 110.601 -100.466 5
      vertex 110.744 -100.43 5
    endloop
  endfacet
  facet normal -0.244131 0.969742 0
    outer loop
      vertex 110.601 -100.466 5
      vertex 110.744 -100.43 -5
      vertex 110.601 -100.466 -5
    endloop
  endfacet
  facet normal 0.668588 0.743633 -0
    outer loop
      vertex 109.357 -100.154 -5
      vertex 109.248 -100.056 5
      vertex 109.357 -100.154 5
    endloop
  endfacet
  facet normal 0.668588 0.743633 0
    outer loop
      vertex 109.248 -100.056 5
      vertex 109.357 -100.154 -5
      vertex 109.248 -100.056 -5
    endloop
  endfacet
  facet normal 0.802112 0.597173 0
    outer loop
      vertex 109.149 -99.9465 5
      vertex 109.061 -99.8283 -5
      vertex 109.061 -99.8283 5
    endloop
  endfacet
  facet normal 0.802112 0.597173 0
    outer loop
      vertex 109.061 -99.8283 -5
      vertex 109.149 -99.9465 5
      vertex 109.149 -99.9465 -5
    endloop
  endfacet
  facet normal 0.903738 0.428086 0
    outer loop
      vertex 108.986 -99.702 5
      vertex 108.923 -99.569 -5
      vertex 108.923 -99.569 5
    endloop
  endfacet
  facet normal 0.903738 0.428086 0
    outer loop
      vertex 108.923 -99.569 -5
      vertex 108.986 -99.702 5
      vertex 108.986 -99.702 -5
    endloop
  endfacet
  facet normal 0.969661 0.244452 0
    outer loop
      vertex 108.873 -99.4304 5
      vertex 108.837 -99.2876 -5
      vertex 108.837 -99.2876 5
    endloop
  endfacet
  facet normal 0.969661 0.244452 0
    outer loop
      vertex 108.837 -99.2876 -5
      vertex 108.873 -99.4304 5
      vertex 108.873 -99.4304 -5
    endloop
  endfacet
  facet normal 0.859827 -0.510586 0
    outer loop
      vertex 108.986 -98.2879 5
      vertex 109.061 -98.1616 -5
      vertex 109.061 -98.1616 5
    endloop
  endfacet
  facet normal 0.859827 -0.510586 0
    outer loop
      vertex 109.061 -98.1616 -5
      vertex 108.986 -98.2879 5
      vertex 108.986 -98.2879 -5
    endloop
  endfacet
  facet normal 0.989758 -0.142754 0
    outer loop
      vertex 108.816 -98.8479 5
      vertex 108.837 -98.7023 -5
      vertex 108.837 -98.7023 5
    endloop
  endfacet
  facet normal 0.989758 -0.142754 0
    outer loop
      vertex 108.837 -98.7023 -5
      vertex 108.816 -98.8479 5
      vertex 108.816 -98.8479 -5
    endloop
  endfacet
  facet normal 0.99887 0.0475329 0
    outer loop
      vertex 108.816 -99.142 5
      vertex 108.809 -98.9949 -5
      vertex 108.809 -98.9949 5
    endloop
  endfacet
  facet normal 0.99887 0.0475329 0
    outer loop
      vertex 108.809 -98.9949 -5
      vertex 108.816 -99.142 5
      vertex 108.816 -99.142 -5
    endloop
  endfacet
  facet normal -0.988776 -0.149403 0
    outer loop
      vertex 100.488 -87.5342 -5
      vertex 100.466 -87.3886 5
      vertex 100.466 -87.3886 -5
    endloop
  endfacet
  facet normal -0.988776 -0.149403 0
    outer loop
      vertex 100.466 -87.3886 5
      vertex 100.488 -87.5342 -5
      vertex 100.488 -87.5342 5
    endloop
  endfacet
  facet normal -0.336939 -0.941527 0
    outer loop
      vertex 99.4304 -86.2458 -5
      vertex 99.569 -86.2954 5
      vertex 99.4304 -86.2458 5
    endloop
  endfacet
  facet normal -0.336939 -0.941527 -0
    outer loop
      vertex 99.569 -86.2954 5
      vertex 99.4304 -86.2458 -5
      vertex 99.569 -86.2954 -5
    endloop
  endfacet
  facet normal 0.428086 -0.903738 0
    outer loop
      vertex 98.2879 -86.3584 -5
      vertex 98.4209 -86.2954 5
      vertex 98.2879 -86.3584 5
    endloop
  endfacet
  facet normal 0.428086 -0.903738 0
    outer loop
      vertex 98.4209 -86.2954 5
      vertex 98.2879 -86.3584 -5
      vertex 98.4209 -86.2954 -5
    endloop
  endfacet
  facet normal -0.942814 0.333318 0
    outer loop
      vertex 100.381 -88.2553 -5
      vertex 100.43 -88.1167 5
      vertex 100.43 -88.1167 -5
    endloop
  endfacet
  facet normal -0.942814 0.333318 0
    outer loop
      vertex 100.43 -88.1167 5
      vertex 100.381 -88.2553 -5
      vertex 100.381 -88.2553 5
    endloop
  endfacet
  facet normal -0.969661 0.244452 0
    outer loop
      vertex 100.43 -88.1167 -5
      vertex 100.466 -87.9739 5
      vertex 100.466 -87.9739 -5
    endloop
  endfacet
  facet normal -0.969661 0.244452 0
    outer loop
      vertex 100.466 -87.9739 5
      vertex 100.43 -88.1167 -5
      vertex 100.43 -88.1167 5
    endloop
  endfacet
  facet normal -0.903862 -0.427824 0
    outer loop
      vertex 100.381 -87.1072 -5
      vertex 100.318 -86.9741 5
      vertex 100.318 -86.9741 -5
    endloop
  endfacet
  facet normal -0.903862 -0.427824 0
    outer loop
      vertex 100.318 -86.9741 5
      vertex 100.381 -87.1072 -5
      vertex 100.381 -87.1072 5
    endloop
  endfacet
  facet normal -0.743938 -0.668249 0
    outer loop
      vertex 100.154 -86.7297 -5
      vertex 100.056 -86.6206 5
      vertex 100.056 -86.6206 -5
    endloop
  endfacet
  facet normal -0.743938 -0.668249 0
    outer loop
      vertex 100.056 -86.6206 5
      vertex 100.154 -86.7297 -5
      vertex 100.154 -86.7297 5
    endloop
  endfacet
  facet normal 0.671624 -0.740892 0
    outer loop
      vertex 97.9343 -86.6206 -5
      vertex 98.0434 -86.5217 5
      vertex 97.9343 -86.6206 5
    endloop
  endfacet
  facet normal 0.671624 -0.740892 0
    outer loop
      vertex 98.0434 -86.5217 5
      vertex 97.9343 -86.6206 -5
      vertex 98.0434 -86.5217 -5
    endloop
  endfacet
  facet normal 0.146746 -0.989174 0
    outer loop
      vertex 98.7023 -86.2101 -5
      vertex 98.8479 -86.1885 5
      vertex 98.7023 -86.2101 5
    endloop
  endfacet
  facet normal 0.146746 -0.989174 0
    outer loop
      vertex 98.8479 -86.1885 5
      vertex 98.7023 -86.2101 -5
      vertex 98.8479 -86.1885 -5
    endloop
  endfacet
  facet normal -0.513596 -0.858032 0
    outer loop
      vertex 99.702 -86.3584 -5
      vertex 99.8283 -86.434 5
      vertex 99.702 -86.3584 5
    endloop
  endfacet
  facet normal -0.513596 -0.858032 -0
    outer loop
      vertex 99.8283 -86.434 5
      vertex 99.702 -86.3584 -5
      vertex 99.8283 -86.434 -5
    endloop
  endfacet
  facet normal -0.670274 0.742114 0
    outer loop
      vertex 100.056 -88.7419 -5
      vertex 99.9465 -88.8408 5
      vertex 100.056 -88.7419 5
    endloop
  endfacet
  facet normal -0.670274 0.742114 0
    outer loop
      vertex 99.9465 -88.8408 5
      vertex 100.056 -88.7419 -5
      vertex 99.9465 -88.8408 -5
    endloop
  endfacet
  facet normal -0.146746 0.989174 0
    outer loop
      vertex 99.2876 -89.1524 -5
      vertex 99.142 -89.174 5
      vertex 99.2876 -89.1524 5
    endloop
  endfacet
  facet normal -0.146746 0.989174 0
    outer loop
      vertex 99.142 -89.174 5
      vertex 99.2876 -89.1524 -5
      vertex 99.142 -89.174 -5
    endloop
  endfacet
  facet normal 0.740892 0.671624 0
    outer loop
      vertex 97.9343 -88.7419 5
      vertex 97.8354 -88.6328 -5
      vertex 97.8354 -88.6328 5
    endloop
  endfacet
  facet normal 0.740892 0.671624 0
    outer loop
      vertex 97.8354 -88.6328 -5
      vertex 97.9343 -88.7419 5
      vertex 97.9343 -88.7419 -5
    endloop
  endfacet
  facet normal 0.989174 0.146746 0
    outer loop
      vertex 97.5238 -87.9739 5
      vertex 97.5022 -87.8283 -5
      vertex 97.5022 -87.8283 5
    endloop
  endfacet
  facet normal 0.989174 0.146746 0
    outer loop
      vertex 97.5022 -87.8283 -5
      vertex 97.5238 -87.9739 5
      vertex 97.5238 -87.9739 -5
    endloop
  endfacet
  facet normal -0.802112 0.597173 0
    outer loop
      vertex 100.154 -88.6328 -5
      vertex 100.242 -88.5146 5
      vertex 100.242 -88.5146 -5
    endloop
  endfacet
  facet normal -0.802112 0.597173 0
    outer loop
      vertex 100.242 -88.5146 5
      vertex 100.154 -88.6328 -5
      vertex 100.154 -88.6328 5
    endloop
  endfacet
  facet normal -0.856834 0.515593 0
    outer loop
      vertex 100.242 -88.5146 -5
      vertex 100.318 -88.3883 5
      vertex 100.318 -88.3883 -5
    endloop
  endfacet
  facet normal -0.856834 0.515593 0
    outer loop
      vertex 100.318 -88.3883 5
      vertex 100.242 -88.5146 -5
      vertex 100.242 -88.5146 5
    endloop
  endfacet
  facet normal -0.903738 0.428086 0
    outer loop
      vertex 100.318 -88.3883 -5
      vertex 100.381 -88.2553 5
      vertex 100.381 -88.2553 -5
    endloop
  endfacet
  facet normal -0.903738 0.428086 0
    outer loop
      vertex 100.381 -88.2553 5
      vertex 100.318 -88.3883 -5
      vertex 100.318 -88.3883 5
    endloop
  endfacet
  facet normal -0.99887 0.0475329 0
    outer loop
      vertex 100.488 -87.8283 -5
      vertex 100.495 -87.6812 5
      vertex 100.495 -87.6812 -5
    endloop
  endfacet
  facet normal -0.99887 0.0475329 0
    outer loop
      vertex 100.495 -87.6812 5
      vertex 100.488 -87.8283 -5
      vertex 100.488 -87.8283 5
    endloop
  endfacet
  facet normal -0.988776 0.149403 0
    outer loop
      vertex 100.466 -87.9739 -5
      vertex 100.488 -87.8283 5
      vertex 100.488 -87.8283 -5
    endloop
  endfacet
  facet normal -0.988776 0.149403 0
    outer loop
      vertex 100.488 -87.8283 5
      vertex 100.466 -87.9739 -5
      vertex 100.466 -87.9739 5
    endloop
  endfacet
  facet normal -0.998868 -0.0475651 0
    outer loop
      vertex 100.495 -87.6812 -5
      vertex 100.488 -87.5342 5
      vertex 100.488 -87.5342 -5
    endloop
  endfacet
  facet normal -0.998868 -0.0475651 0
    outer loop
      vertex 100.488 -87.5342 5
      vertex 100.495 -87.6812 -5
      vertex 100.495 -87.6812 5
    endloop
  endfacet
  facet normal -0.969661 -0.244452 0
    outer loop
      vertex 100.466 -87.3886 -5
      vertex 100.43 -87.2458 5
      vertex 100.43 -87.2458 -5
    endloop
  endfacet
  facet normal -0.969661 -0.244452 0
    outer loop
      vertex 100.43 -87.2458 5
      vertex 100.466 -87.3886 -5
      vertex 100.466 -87.3886 5
    endloop
  endfacet
  facet normal -0.670274 -0.742114 0
    outer loop
      vertex 99.9465 -86.5217 -5
      vertex 100.056 -86.6206 5
      vertex 99.9465 -86.5217 5
    endloop
  endfacet
  facet normal -0.670274 -0.742114 -0
    outer loop
      vertex 100.056 -86.6206 5
      vertex 99.9465 -86.5217 -5
      vertex 100.056 -86.6206 -5
    endloop
  endfacet
  facet normal -0.942814 -0.333318 0
    outer loop
      vertex 100.43 -87.2458 -5
      vertex 100.381 -87.1072 5
      vertex 100.381 -87.1072 -5
    endloop
  endfacet
  facet normal -0.942814 -0.333318 0
    outer loop
      vertex 100.381 -87.1072 5
      vertex 100.43 -87.2458 -5
      vertex 100.43 -87.2458 5
    endloop
  endfacet
  facet normal -0.856653 -0.515893 0
    outer loop
      vertex 100.318 -86.9741 -5
      vertex 100.242 -86.8479 5
      vertex 100.242 -86.8479 -5
    endloop
  endfacet
  facet normal -0.856653 -0.515893 0
    outer loop
      vertex 100.242 -86.8479 5
      vertex 100.318 -86.9741 -5
      vertex 100.318 -86.9741 5
    endloop
  endfacet
  facet normal -0.802112 -0.597173 0
    outer loop
      vertex 100.242 -86.8479 -5
      vertex 100.154 -86.7297 5
      vertex 100.154 -86.7297 -5
    endloop
  endfacet
  facet normal -0.802112 -0.597173 0
    outer loop
      vertex 100.154 -86.7297 5
      vertex 100.242 -86.8479 -5
      vertex 100.242 -86.8479 5
    endloop
  endfacet
  facet normal 0.513596 -0.858032 0
    outer loop
      vertex 98.1616 -86.434 -5
      vertex 98.2879 -86.3584 5
      vertex 98.1616 -86.434 5
    endloop
  endfacet
  facet normal 0.513596 -0.858032 0
    outer loop
      vertex 98.2879 -86.3584 5
      vertex 98.1616 -86.434 -5
      vertex 98.2879 -86.3584 -5
    endloop
  endfacet
  facet normal 0.595861 -0.803088 0
    outer loop
      vertex 98.0434 -86.5217 -5
      vertex 98.1616 -86.434 5
      vertex 98.0434 -86.5217 5
    endloop
  endfacet
  facet normal 0.595861 -0.803088 0
    outer loop
      vertex 98.1616 -86.434 5
      vertex 98.0434 -86.5217 -5
      vertex 98.1616 -86.434 -5
    endloop
  endfacet
  facet normal 0.336939 -0.941527 0
    outer loop
      vertex 98.4209 -86.2954 -5
      vertex 98.5595 -86.2458 5
      vertex 98.4209 -86.2954 5
    endloop
  endfacet
  facet normal 0.336939 -0.941527 0
    outer loop
      vertex 98.5595 -86.2458 5
      vertex 98.4209 -86.2954 -5
      vertex 98.5595 -86.2458 -5
    endloop
  endfacet
  facet normal 0.242536 -0.970143 0
    outer loop
      vertex 98.5595 -86.2458 -5
      vertex 98.7023 -86.2101 5
      vertex 98.5595 -86.2458 5
    endloop
  endfacet
  facet normal 0.242536 -0.970143 0
    outer loop
      vertex 98.7023 -86.2101 5
      vertex 98.5595 -86.2458 -5
      vertex 98.7023 -86.2101 -5
    endloop
  endfacet
  facet normal -0.428086 -0.903738 0
    outer loop
      vertex 99.569 -86.2954 -5
      vertex 99.702 -86.3584 5
      vertex 99.569 -86.2954 5
    endloop
  endfacet
  facet normal -0.428086 -0.903738 -0
    outer loop
      vertex 99.702 -86.3584 5
      vertex 99.569 -86.2954 -5
      vertex 99.702 -86.3584 -5
    endloop
  endfacet
  facet normal -0.595861 -0.803088 0
    outer loop
      vertex 99.8283 -86.434 -5
      vertex 99.9465 -86.5217 5
      vertex 99.8283 -86.434 5
    endloop
  endfacet
  facet normal -0.595861 -0.803088 -0
    outer loop
      vertex 99.9465 -86.5217 5
      vertex 99.8283 -86.434 -5
      vertex 99.9465 -86.5217 -5
    endloop
  endfacet
  facet normal -0.146746 -0.989174 0
    outer loop
      vertex 99.142 -86.1885 -5
      vertex 99.2876 -86.2101 5
      vertex 99.142 -86.1885 5
    endloop
  endfacet
  facet normal -0.146746 -0.989174 -0
    outer loop
      vertex 99.2876 -86.2101 5
      vertex 99.142 -86.1885 -5
      vertex 99.2876 -86.2101 -5
    endloop
  endfacet
  facet normal -0.0495651 -0.998771 0
    outer loop
      vertex 98.9949 -86.1812 -5
      vertex 99.142 -86.1885 5
      vertex 98.9949 -86.1812 5
    endloop
  endfacet
  facet normal -0.0495651 -0.998771 -0
    outer loop
      vertex 99.142 -86.1885 5
      vertex 98.9949 -86.1812 -5
      vertex 99.142 -86.1885 -5
    endloop
  endfacet
  facet normal -0.242536 -0.970143 0
    outer loop
      vertex 99.2876 -86.2101 -5
      vertex 99.4304 -86.2458 5
      vertex 99.2876 -86.2101 5
    endloop
  endfacet
  facet normal -0.242536 -0.970143 -0
    outer loop
      vertex 99.4304 -86.2458 5
      vertex 99.2876 -86.2101 -5
      vertex 99.4304 -86.2458 -5
    endloop
  endfacet
  facet normal 0.0495987 -0.998769 0
    outer loop
      vertex 98.8479 -86.1885 -5
      vertex 98.9949 -86.1812 5
      vertex 98.8479 -86.1885 5
    endloop
  endfacet
  facet normal 0.0495987 -0.998769 0
    outer loop
      vertex 98.9949 -86.1812 5
      vertex 98.8479 -86.1885 -5
      vertex 98.9949 -86.1812 -5
    endloop
  endfacet
  facet normal -0.743938 0.668249 0
    outer loop
      vertex 100.056 -88.7419 -5
      vertex 100.154 -88.6328 5
      vertex 100.154 -88.6328 -5
    endloop
  endfacet
  facet normal -0.743938 0.668249 0
    outer loop
      vertex 100.154 -88.6328 5
      vertex 100.056 -88.7419 -5
      vertex 100.056 -88.7419 5
    endloop
  endfacet
  facet normal 0.595423 0.803413 -0
    outer loop
      vertex 98.1616 -88.9284 -5
      vertex 98.0434 -88.8408 5
      vertex 98.1616 -88.9284 5
    endloop
  endfacet
  facet normal 0.595423 0.803413 0
    outer loop
      vertex 98.0434 -88.8408 5
      vertex 98.1616 -88.9284 -5
      vertex 98.0434 -88.8408 -5
    endloop
  endfacet
  facet normal 0.428086 0.903738 -0
    outer loop
      vertex 98.4209 -89.0671 -5
      vertex 98.2879 -89.0041 5
      vertex 98.4209 -89.0671 5
    endloop
  endfacet
  facet normal 0.428086 0.903738 0
    outer loop
      vertex 98.2879 -89.0041 5
      vertex 98.4209 -89.0671 -5
      vertex 98.2879 -89.0041 -5
    endloop
  endfacet
  facet normal 0.0489209 0.998803 -0
    outer loop
      vertex 98.9949 -89.1812 -5
      vertex 98.8479 -89.174 5
      vertex 98.9949 -89.1812 5
    endloop
  endfacet
  facet normal 0.0489209 0.998803 0
    outer loop
      vertex 98.8479 -89.174 5
      vertex 98.9949 -89.1812 -5
      vertex 98.8479 -89.174 -5
    endloop
  endfacet
  facet normal 0.242536 0.970143 -0
    outer loop
      vertex 98.7023 -89.1524 -5
      vertex 98.5595 -89.1167 5
      vertex 98.7023 -89.1524 5
    endloop
  endfacet
  facet normal 0.242536 0.970143 0
    outer loop
      vertex 98.5595 -89.1167 5
      vertex 98.7023 -89.1524 -5
      vertex 98.5595 -89.1167 -5
    endloop
  endfacet
  facet normal -0.336939 0.941527 0
    outer loop
      vertex 99.569 -89.0671 -5
      vertex 99.4304 -89.1167 5
      vertex 99.569 -89.0671 5
    endloop
  endfacet
  facet normal -0.336939 0.941527 0
    outer loop
      vertex 99.4304 -89.1167 5
      vertex 99.569 -89.0671 -5
      vertex 99.4304 -89.1167 -5
    endloop
  endfacet
  facet normal 0.671624 0.740892 -0
    outer loop
      vertex 98.0434 -88.8408 -5
      vertex 97.9343 -88.7419 5
      vertex 98.0434 -88.8408 5
    endloop
  endfacet
  facet normal 0.671624 0.740892 0
    outer loop
      vertex 97.9343 -88.7419 5
      vertex 98.0434 -88.8408 -5
      vertex 97.9343 -88.7419 -5
    endloop
  endfacet
  facet normal 0.858032 0.513596 0
    outer loop
      vertex 97.7477 -88.5146 5
      vertex 97.6721 -88.3883 -5
      vertex 97.6721 -88.3883 5
    endloop
  endfacet
  facet normal 0.858032 0.513596 0
    outer loop
      vertex 97.6721 -88.3883 -5
      vertex 97.7477 -88.5146 5
      vertex 97.7477 -88.5146 -5
    endloop
  endfacet
  facet normal 0.941527 0.336939 0
    outer loop
      vertex 97.6091 -88.2553 5
      vertex 97.5595 -88.1167 -5
      vertex 97.5595 -88.1167 5
    endloop
  endfacet
  facet normal 0.941527 0.336939 0
    outer loop
      vertex 97.5595 -88.1167 -5
      vertex 97.6091 -88.2553 5
      vertex 97.6091 -88.2553 -5
    endloop
  endfacet
  facet normal 0.903862 -0.427824 0
    outer loop
      vertex 97.6091 -87.1072 5
      vertex 97.6721 -86.9741 -5
      vertex 97.6721 -86.9741 5
    endloop
  endfacet
  facet normal 0.903862 -0.427824 0
    outer loop
      vertex 97.6721 -86.9741 -5
      vertex 97.6091 -87.1072 5
      vertex 97.6091 -87.1072 -5
    endloop
  endfacet
  facet normal 0.803088 -0.595861 0
    outer loop
      vertex 97.7477 -86.8479 5
      vertex 97.8354 -86.7297 -5
      vertex 97.8354 -86.7297 5
    endloop
  endfacet
  facet normal 0.803088 -0.595861 0
    outer loop
      vertex 97.8354 -86.7297 -5
      vertex 97.7477 -86.8479 5
      vertex 97.7477 -86.8479 -5
    endloop
  endfacet
  facet normal 0.998769 -0.0495987 0
    outer loop
      vertex 97.4949 -87.6812 5
      vertex 97.5022 -87.5342 -5
      vertex 97.5022 -87.5342 5
    endloop
  endfacet
  facet normal 0.998769 -0.0495987 0
    outer loop
      vertex 97.5022 -87.5342 -5
      vertex 97.4949 -87.6812 5
      vertex 97.4949 -87.6812 -5
    endloop
  endfacet
  facet normal 0.970143 -0.242536 0
    outer loop
      vertex 97.5238 -87.3886 5
      vertex 97.5595 -87.2458 -5
      vertex 97.5595 -87.2458 5
    endloop
  endfacet
  facet normal 0.970143 -0.242536 0
    outer loop
      vertex 97.5595 -87.2458 -5
      vertex 97.5238 -87.3886 5
      vertex 97.5238 -87.3886 -5
    endloop
  endfacet
  facet normal 0.998771 0.0495651 0
    outer loop
      vertex 97.5022 -87.8283 5
      vertex 97.4949 -87.6812 -5
      vertex 97.4949 -87.6812 5
    endloop
  endfacet
  facet normal 0.998771 0.0495651 0
    outer loop
      vertex 97.4949 -87.6812 -5
      vertex 97.5022 -87.8283 5
      vertex 97.5022 -87.8283 -5
    endloop
  endfacet
  facet normal 0.740892 -0.671624 0
    outer loop
      vertex 97.8354 -86.7297 5
      vertex 97.9343 -86.6206 -5
      vertex 97.9343 -86.6206 5
    endloop
  endfacet
  facet normal 0.740892 -0.671624 0
    outer loop
      vertex 97.9343 -86.6206 -5
      vertex 97.8354 -86.7297 5
      vertex 97.8354 -86.7297 -5
    endloop
  endfacet
  facet normal -0.595423 0.803413 0
    outer loop
      vertex 99.9465 -88.8408 -5
      vertex 99.8283 -88.9284 5
      vertex 99.9465 -88.8408 5
    endloop
  endfacet
  facet normal -0.595423 0.803413 0
    outer loop
      vertex 99.8283 -88.9284 5
      vertex 99.9465 -88.8408 -5
      vertex 99.8283 -88.9284 -5
    endloop
  endfacet
  facet normal -0.514096 0.857733 0
    outer loop
      vertex 99.8283 -88.9284 -5
      vertex 99.702 -89.0041 5
      vertex 99.8283 -88.9284 5
    endloop
  endfacet
  facet normal -0.514096 0.857733 0
    outer loop
      vertex 99.702 -89.0041 5
      vertex 99.8283 -88.9284 -5
      vertex 99.702 -89.0041 -5
    endloop
  endfacet
  facet normal 0.514096 0.857733 -0
    outer loop
      vertex 98.2879 -89.0041 -5
      vertex 98.1616 -88.9284 5
      vertex 98.2879 -89.0041 5
    endloop
  endfacet
  facet normal 0.514096 0.857733 0
    outer loop
      vertex 98.1616 -88.9284 5
      vertex 98.2879 -89.0041 -5
      vertex 98.1616 -88.9284 -5
    endloop
  endfacet
  facet normal 0.336939 0.941527 -0
    outer loop
      vertex 98.5595 -89.1167 -5
      vertex 98.4209 -89.0671 5
      vertex 98.5595 -89.1167 5
    endloop
  endfacet
  facet normal 0.336939 0.941527 0
    outer loop
      vertex 98.4209 -89.0671 5
      vertex 98.5595 -89.1167 -5
      vertex 98.4209 -89.0671 -5
    endloop
  endfacet
  facet normal -0.0488878 0.998804 0
    outer loop
      vertex 99.142 -89.174 -5
      vertex 98.9949 -89.1812 5
      vertex 99.142 -89.174 5
    endloop
  endfacet
  facet normal -0.0488878 0.998804 0
    outer loop
      vertex 98.9949 -89.1812 5
      vertex 99.142 -89.174 -5
      vertex 98.9949 -89.1812 -5
    endloop
  endfacet
  facet normal 0.146746 0.989174 -0
    outer loop
      vertex 98.8479 -89.174 -5
      vertex 98.7023 -89.1524 5
      vertex 98.8479 -89.174 5
    endloop
  endfacet
  facet normal 0.146746 0.989174 0
    outer loop
      vertex 98.7023 -89.1524 5
      vertex 98.8479 -89.174 -5
      vertex 98.7023 -89.1524 -5
    endloop
  endfacet
  facet normal -0.428086 0.903738 0
    outer loop
      vertex 99.702 -89.0041 -5
      vertex 99.569 -89.0671 5
      vertex 99.702 -89.0041 5
    endloop
  endfacet
  facet normal -0.428086 0.903738 0
    outer loop
      vertex 99.569 -89.0671 5
      vertex 99.702 -89.0041 -5
      vertex 99.569 -89.0671 -5
    endloop
  endfacet
  facet normal -0.242536 0.970143 0
    outer loop
      vertex 99.4304 -89.1167 -5
      vertex 99.2876 -89.1524 5
      vertex 99.4304 -89.1167 5
    endloop
  endfacet
  facet normal -0.242536 0.970143 0
    outer loop
      vertex 99.2876 -89.1524 5
      vertex 99.4304 -89.1167 -5
      vertex 99.2876 -89.1524 -5
    endloop
  endfacet
  facet normal 0.803088 0.595861 0
    outer loop
      vertex 97.8354 -88.6328 5
      vertex 97.7477 -88.5146 -5
      vertex 97.7477 -88.5146 5
    endloop
  endfacet
  facet normal 0.803088 0.595861 0
    outer loop
      vertex 97.7477 -88.5146 -5
      vertex 97.8354 -88.6328 5
      vertex 97.8354 -88.6328 -5
    endloop
  endfacet
  facet normal 0.903738 0.428086 0
    outer loop
      vertex 97.6721 -88.3883 5
      vertex 97.6091 -88.2553 -5
      vertex 97.6091 -88.2553 5
    endloop
  endfacet
  facet normal 0.903738 0.428086 0
    outer loop
      vertex 97.6091 -88.2553 -5
      vertex 97.6721 -88.3883 5
      vertex 97.6721 -88.3883 -5
    endloop
  endfacet
  facet normal 0.970143 0.242536 0
    outer loop
      vertex 97.5595 -88.1167 5
      vertex 97.5238 -87.9739 -5
      vertex 97.5238 -87.9739 5
    endloop
  endfacet
  facet normal 0.970143 0.242536 0
    outer loop
      vertex 97.5238 -87.9739 -5
      vertex 97.5595 -88.1167 5
      vertex 97.5595 -88.1167 -5
    endloop
  endfacet
  facet normal 0.941527 -0.336939 0
    outer loop
      vertex 97.5595 -87.2458 5
      vertex 97.6091 -87.1072 -5
      vertex 97.6091 -87.1072 5
    endloop
  endfacet
  facet normal 0.941527 -0.336939 0
    outer loop
      vertex 97.6091 -87.1072 -5
      vertex 97.5595 -87.2458 5
      vertex 97.5595 -87.2458 -5
    endloop
  endfacet
  facet normal 0.857853 -0.513896 0
    outer loop
      vertex 97.6721 -86.9741 5
      vertex 97.7477 -86.8479 -5
      vertex 97.7477 -86.8479 5
    endloop
  endfacet
  facet normal 0.857853 -0.513896 0
    outer loop
      vertex 97.7477 -86.8479 -5
      vertex 97.6721 -86.9741 5
      vertex 97.6721 -86.9741 -5
    endloop
  endfacet
  facet normal 0.989174 -0.146746 0
    outer loop
      vertex 97.5022 -87.5342 5
      vertex 97.5238 -87.3886 -5
      vertex 97.5238 -87.3886 5
    endloop
  endfacet
  facet normal 0.989174 -0.146746 0
    outer loop
      vertex 97.5238 -87.3886 -5
      vertex 97.5022 -87.5342 5
      vertex 97.5022 -87.5342 -5
    endloop
  endfacet
endsolid OpenSCAD_Model
