solid OpenSCAD_Model
  facet normal 0.994643 0.103374 0
    outer loop
      vertex 26.2223 18.5502 3
      vertex 25.5 25.5 -3
      vertex 25.5 25.5 3
    endloop
  endfacet
  facet normal 0.994643 0.103374 0
    outer loop
      vertex 25.5 25.5 -3
      vertex 26.2223 18.5502 3
      vertex 26.2223 18.5502 -3
    endloop
  endfacet
  facet normal -0.998795 0.0490854 0
    outer loop
      vertex -28 0 -3
      vertex -27.8817 2.40718 3
      vertex -27.8817 2.40718 -3
    endloop
  endfacet
  facet normal -0.998795 0.0490854 0
    outer loop
      vertex -27.8817 2.40718 3
      vertex -28 0 -3
      vertex -28 0 3
    endloop
  endfacet
  facet normal -0.998795 -0.0490854 0
    outer loop
      vertex -27.8817 -2.40718 -3
      vertex -28 0 3
      vertex -28 0 -3
    endloop
  endfacet
  facet normal -0.998795 -0.0490854 0
    outer loop
      vertex -28 0 3
      vertex -27.8817 -2.40718 -3
      vertex -27.8817 -2.40718 3
    endloop
  endfacet
  facet normal 0.994643 -0.103374 0
    outer loop
      vertex 25.5 -25.5 3
      vertex 26.2223 -18.5502 -3
      vertex 26.2223 -18.5502 3
    endloop
  endfacet
  facet normal 0.994643 -0.103374 0
    outer loop
      vertex 26.2223 -18.5502 -3
      vertex 25.5 -25.5 3
      vertex 25.5 -25.5 -3
    endloop
  endfacet
  facet normal 0.103374 0.994643 -0
    outer loop
      vertex 25.5 25.5 -3
      vertex 18.5502 26.2223 3
      vertex 25.5 25.5 3
    endloop
  endfacet
  facet normal 0.103374 0.994643 0
    outer loop
      vertex 18.5502 26.2223 3
      vertex 25.5 25.5 -3
      vertex 18.5502 26.2223 -3
    endloop
  endfacet
  facet normal -0.103374 -0.994643 0
    outer loop
      vertex -25.5 -25.5 -3
      vertex -18.5502 -26.2223 3
      vertex -25.5 -25.5 3
    endloop
  endfacet
  facet normal -0.103374 -0.994643 -0
    outer loop
      vertex -18.5502 -26.2223 3
      vertex -25.5 -25.5 -3
      vertex -18.5502 -26.2223 -3
    endloop
  endfacet
  facet normal 0 0 -1
    outer loop
      vertex 77.6347 -87.6027 -3
      vertex 67.9608 -77.9288 -3
      vertex 67.968 -77.7817 -3
    endloop
  endfacet
  facet normal 0 0 -1
    outer loop
      vertex 76.5345 -88.2621 -3
      vertex 67.9392 -78.0744 -3
      vertex 67.9608 -77.9288 -3
    endloop
  endfacet
  facet normal 0 0 -1
    outer loop
      vertex 76.5345 -88.2621 -3
      vertex 67.9035 -78.2172 -3
      vertex 67.9392 -78.0744 -3
    endloop
  endfacet
  facet normal 0 0 -1
    outer loop
      vertex 76.5345 -88.2621 -3
      vertex 67.8539 -78.3558 -3
      vertex 67.9035 -78.2172 -3
    endloop
  endfacet
  facet normal 0 0 -1
    outer loop
      vertex 76.5345 -88.2621 -3
      vertex 67.7909 -78.4888 -3
      vertex 67.8539 -78.3558 -3
    endloop
  endfacet
  facet normal 0 0 -1
    outer loop
      vertex 76.5345 -88.2621 -3
      vertex 67.7152 -78.6151 -3
      vertex 67.7909 -78.4888 -3
    endloop
  endfacet
  facet normal 0 0 -1
    outer loop
      vertex 66.468 -89.0955 -3
      vertex 76.5345 -88.2621 -3
      vertex 67.6315 -90.1499 -3
    endloop
  endfacet
  facet normal 0 0 -1
    outer loop
      vertex 76.5345 -88.2621 -3
      vertex 67.6276 -78.7333 -3
      vertex 67.7152 -78.6151 -3
    endloop
  endfacet
  facet normal 0 0 -1
    outer loop
      vertex 76.5345 -88.2621 -3
      vertex 67.5287 -78.8424 -3
      vertex 67.6276 -78.7333 -3
    endloop
  endfacet
  facet normal 0 0 -1
    outer loop
      vertex 76.5345 -88.2621 -3
      vertex 67.4196 -78.9413 -3
      vertex 67.5287 -78.8424 -3
    endloop
  endfacet
  facet normal 0 -0 -1
    outer loop
      vertex 67.3014 -79.0289 -3
      vertex 76.5345 -88.2621 -3
      vertex 66.468 -89.0955 -3
    endloop
  endfacet
  facet normal 0 0 -1
    outer loop
      vertex 76.5345 -88.2621 -3
      vertex 67.3014 -79.0289 -3
      vertex 67.4196 -78.9413 -3
    endloop
  endfacet
  facet normal 0 0 -1
    outer loop
      vertex 67.3014 -79.0289 -3
      vertex 66.468 -89.0955 -3
      vertex 67.1751 -79.1046 -3
    endloop
  endfacet
  facet normal 0 0 -1
    outer loop
      vertex 67.1751 -79.1046 -3
      vertex 66.468 -89.0955 -3
      vertex 67.0421 -79.1676 -3
    endloop
  endfacet
  facet normal 0 0 -1
    outer loop
      vertex 67.0421 -79.1676 -3
      vertex 66.468 -89.0955 -3
      vertex 66.9035 -79.2172 -3
    endloop
  endfacet
  facet normal 0 0 -1
    outer loop
      vertex 66.9035 -79.2172 -3
      vertex 66.468 -89.0955 -3
      vertex 66.7607 -79.2529 -3
    endloop
  endfacet
  facet normal 0 0 -1
    outer loop
      vertex 66.7607 -79.2529 -3
      vertex 66.468 -89.0955 -3
      vertex 66.6151 -79.2745 -3
    endloop
  endfacet
  facet normal 0 0 -1
    outer loop
      vertex 66.468 -89.0955 -3
      vertex 66.468 -79.2817 -3
      vertex 66.6151 -79.2745 -3
    endloop
  endfacet
  facet normal 0 0 -1
    outer loop
      vertex 66.468 -89.0955 -3
      vertex 66.321 -79.2745 -3
      vertex 66.468 -79.2817 -3
    endloop
  endfacet
  facet normal 0 0 -1
    outer loop
      vertex 66.468 -89.0955 -3
      vertex 66.1754 -79.2529 -3
      vertex 66.321 -79.2745 -3
    endloop
  endfacet
  facet normal 0 0 -1
    outer loop
      vertex 66.468 -89.0955 -3
      vertex 66.0326 -79.2172 -3
      vertex 66.1754 -79.2529 -3
    endloop
  endfacet
  facet normal 0 0 -1
    outer loop
      vertex 66.468 -89.0955 -3
      vertex 65.894 -79.1676 -3
      vertex 66.0326 -79.2172 -3
    endloop
  endfacet
  facet normal 0 0 -1
    outer loop
      vertex 66.468 -89.0955 -3
      vertex 65.7609 -79.1046 -3
      vertex 65.894 -79.1676 -3
    endloop
  endfacet
  facet normal 0 0 -1
    outer loop
      vertex 66.468 -89.0955 -3
      vertex 65.6347 -79.0289 -3
      vertex 65.7609 -79.1046 -3
    endloop
  endfacet
  facet normal 0 0 -1
    outer loop
      vertex 66.468 -89.0955 -3
      vertex 65.5164 -78.9413 -3
      vertex 65.6347 -79.0289 -3
    endloop
  endfacet
  facet normal 0 0 -1
    outer loop
      vertex 66.468 -89.0955 -3
      vertex 65.4074 -78.8424 -3
      vertex 65.5164 -78.9413 -3
    endloop
  endfacet
  facet normal 0 0 -1
    outer loop
      vertex 66.468 -89.0955 -3
      vertex 65.3085 -78.7333 -3
      vertex 65.4074 -78.8424 -3
    endloop
  endfacet
  facet normal 0 0 -1
    outer loop
      vertex 66.468 -89.0955 -3
      vertex 65.2208 -78.6151 -3
      vertex 65.3085 -78.7333 -3
    endloop
  endfacet
  facet normal 0 0 -1
    outer loop
      vertex 66.468 -89.0955 -3
      vertex 65.1452 -78.4888 -3
      vertex 65.2208 -78.6151 -3
    endloop
  endfacet
  facet normal 0 0 -1
    outer loop
      vertex 66.468 -89.0955 -3
      vertex 65.0822 -78.3558 -3
      vertex 65.1452 -78.4888 -3
    endloop
  endfacet
  facet normal 0 0 -1
    outer loop
      vertex 66.468 -89.0955 -3
      vertex 65.0326 -78.2172 -3
      vertex 65.0822 -78.3558 -3
    endloop
  endfacet
  facet normal 0 0 -1
    outer loop
      vertex 46.7221 -54.3942 -3
      vertex 65.0326 -78.2172 -3
      vertex 66.468 -89.0955 -3
    endloop
  endfacet
  facet normal 0 0 -1
    outer loop
      vertex 65.0326 -78.2172 -3
      vertex 46.7221 -54.3942 -3
      vertex 64.9969 -78.0744 -3
    endloop
  endfacet
  facet normal 0 0 -1
    outer loop
      vertex 46.7221 -54.3942 -3
      vertex 64.968 -77.7817 -3
      vertex 64.9753 -77.9288 -3
    endloop
  endfacet
  facet normal 0 0 -1
    outer loop
      vertex 64.9969 -78.0744 -3
      vertex 46.7221 -54.3942 -3
      vertex 64.9753 -77.9288 -3
    endloop
  endfacet
  facet normal 0 0 -1
    outer loop
      vertex 64.968 -77.7817 -3
      vertex 46.7221 -54.3942 -3
      vertex 54.3942 -46.7221 -3
    endloop
  endfacet
  facet normal 0 0 -1
    outer loop
      vertex 2.40718 -27.8817 -3
      vertex 46.7221 -54.3942 -3
      vertex 66.468 -89.0955 -3
    endloop
  endfacet
  facet normal 0 0 -1
    outer loop
      vertex 2.40718 27.8817 -3
      vertex 27.8817 2.40718 -3
      vertex 2.40718 -27.8817 -3
    endloop
  endfacet
  facet normal 0 0 -1
    outer loop
      vertex 46.7221 -54.3942 -3
      vertex 2.40718 -27.8817 -3
      vertex 18.5502 -26.2223 -3
    endloop
  endfacet
  facet normal -0 0 -1
    outer loop
      vertex 28 0 -3
      vertex 27.8817 -2.40718 -3
      vertex 27.8817 2.40718 -3
    endloop
  endfacet
  facet normal 0 0 -1
    outer loop
      vertex 78.7333 67.6276 -3
      vertex 87.9359 76.8302 -3
      vertex 78.8424 67.5287 -3
    endloop
  endfacet
  facet normal 0 0 -1
    outer loop
      vertex 87.5955 77.7817 -3
      vertex 79.2745 88.9484 -3
      vertex 79.2817 89.0955 -3
    endloop
  endfacet
  facet normal -0 0 -1
    outer loop
      vertex 87.9359 76.8302 -3
      vertex 78.7333 67.6276 -3
      vertex 87.8483 76.9484 -3
    endloop
  endfacet
  facet normal 0 0 -1
    outer loop
      vertex 87.5955 77.7817 -3
      vertex 79.2529 88.8028 -3
      vertex 79.2745 88.9484 -3
    endloop
  endfacet
  facet normal 0 0 -1
    outer loop
      vertex 78.6151 67.7152 -3
      vertex 87.8483 76.9484 -3
      vertex 78.7333 67.6276 -3
    endloop
  endfacet
  facet normal 0 0 -1
    outer loop
      vertex 87.5955 77.7817 -3
      vertex 79.2172 88.66 -3
      vertex 79.2529 88.8028 -3
    endloop
  endfacet
  facet normal -0 0 -1
    outer loop
      vertex 87.8483 76.9484 -3
      vertex 78.6151 67.7152 -3
      vertex 87.7726 77.0747 -3
    endloop
  endfacet
  facet normal 0 0 -1
    outer loop
      vertex 87.5955 77.7817 -3
      vertex 79.1676 88.5214 -3
      vertex 79.2172 88.66 -3
    endloop
  endfacet
  facet normal 0 0 -1
    outer loop
      vertex 78.4888 67.7909 -3
      vertex 87.7726 77.0747 -3
      vertex 78.6151 67.7152 -3
    endloop
  endfacet
  facet normal 0 0 -1
    outer loop
      vertex 87.5955 77.7817 -3
      vertex 79.1046 88.3884 -3
      vertex 79.1676 88.5214 -3
    endloop
  endfacet
  facet normal 0 0 -1
    outer loop
      vertex 87.5955 77.7817 -3
      vertex 79.029 88.2621 -3
      vertex 79.1046 88.3884 -3
    endloop
  endfacet
  facet normal -0 0 -1
    outer loop
      vertex 87.7726 77.0747 -3
      vertex 78.4888 67.7909 -3
      vertex 87.7096 77.2077 -3
    endloop
  endfacet
  facet normal 0 0 -1
    outer loop
      vertex 78.3558 67.8539 -3
      vertex 87.7096 77.2077 -3
      vertex 78.4888 67.7909 -3
    endloop
  endfacet
  facet normal 0 0 -1
    outer loop
      vertex 87.5955 77.7817 -3
      vertex 78.9413 88.1439 -3
      vertex 79.029 88.2621 -3
    endloop
  endfacet
  facet normal -0 0 -1
    outer loop
      vertex 87.7096 77.2077 -3
      vertex 78.3558 67.8539 -3
      vertex 87.66 77.3463 -3
    endloop
  endfacet
  facet normal 0 0 -1
    outer loop
      vertex 87.5955 77.7817 -3
      vertex 78.8424 88.0348 -3
      vertex 78.9413 88.1439 -3
    endloop
  endfacet
  facet normal 0 0 -1
    outer loop
      vertex 78.2172 67.9035 -3
      vertex 87.66 77.3463 -3
      vertex 78.3558 67.8539 -3
    endloop
  endfacet
  facet normal 0 0 -1
    outer loop
      vertex 87.5955 77.7817 -3
      vertex 78.7333 87.9359 -3
      vertex 78.8424 88.0348 -3
    endloop
  endfacet
  facet normal 0 0 -1
    outer loop
      vertex 87.5955 77.7817 -3
      vertex 78.6151 87.8483 -3
      vertex 78.7333 87.9359 -3
    endloop
  endfacet
  facet normal -0 0 -1
    outer loop
      vertex 87.66 77.3463 -3
      vertex 78.2172 67.9035 -3
      vertex 87.6243 77.4891 -3
    endloop
  endfacet
  facet normal 0 0 -1
    outer loop
      vertex 78.0744 67.9392 -3
      vertex 87.6243 77.4891 -3
      vertex 78.2172 67.9035 -3
    endloop
  endfacet
  facet normal 0 0 -1
    outer loop
      vertex 87.5955 77.7817 -3
      vertex 78.4888 87.7726 -3
      vertex 78.6151 87.8483 -3
    endloop
  endfacet
  facet normal -0 0 -1
    outer loop
      vertex 87.6243 77.4891 -3
      vertex 78.0744 67.9392 -3
      vertex 87.6027 77.6347 -3
    endloop
  endfacet
  facet normal 0 0 -1
    outer loop
      vertex 87.5955 77.7817 -3
      vertex 78.3558 87.7096 -3
      vertex 78.4888 87.7726 -3
    endloop
  endfacet
  facet normal 0 0 -1
    outer loop
      vertex 77.9288 67.9608 -3
      vertex 87.6027 77.6347 -3
      vertex 78.0744 67.9392 -3
    endloop
  endfacet
  facet normal 0 0 -1
    outer loop
      vertex 87.5955 77.7817 -3
      vertex 78.2172 87.66 -3
      vertex 78.3558 87.7096 -3
    endloop
  endfacet
  facet normal -0 0 -1
    outer loop
      vertex 87.6027 77.6347 -3
      vertex 77.9288 67.9608 -3
      vertex 87.5955 77.7817 -3
    endloop
  endfacet
  facet normal 0 0 -1
    outer loop
      vertex 87.5955 77.7817 -3
      vertex 78.0744 87.6243 -3
      vertex 78.2172 87.66 -3
    endloop
  endfacet
  facet normal 0 0 -1
    outer loop
      vertex 77.7817 67.968 -3
      vertex 87.5955 77.7817 -3
      vertex 77.9288 67.9608 -3
    endloop
  endfacet
  facet normal 0 0 -1
    outer loop
      vertex 87.5955 77.7817 -3
      vertex 77.9288 87.6027 -3
      vertex 78.0744 87.6243 -3
    endloop
  endfacet
  facet normal 0 0 -1
    outer loop
      vertex 77.7817 87.5955 -3
      vertex 87.5955 77.7817 -3
      vertex 77.7817 67.968 -3
    endloop
  endfacet
  facet normal 0 0 -1
    outer loop
      vertex 87.5955 77.7817 -3
      vertex 77.7817 87.5955 -3
      vertex 77.9288 87.6027 -3
    endloop
  endfacet
  facet normal 0 0 -1
    outer loop
      vertex 67.968 77.7817 -3
      vertex 77.7817 67.968 -3
      vertex 77.6347 67.9608 -3
    endloop
  endfacet
  facet normal 0 0 -1
    outer loop
      vertex 77.7817 67.968 -3
      vertex 67.968 77.7817 -3
      vertex 77.7817 87.5955 -3
    endloop
  endfacet
  facet normal 0 0 -1
    outer loop
      vertex 67.9608 77.6347 -3
      vertex 77.6347 67.9608 -3
      vertex 77.4891 67.9392 -3
    endloop
  endfacet
  facet normal -0 0 -1
    outer loop
      vertex 77.7817 87.5955 -3
      vertex 67.968 77.7817 -3
      vertex 77.6347 87.6027 -3
    endloop
  endfacet
  facet normal 0 0 -1
    outer loop
      vertex 67.9392 77.4891 -3
      vertex 77.4891 67.9392 -3
      vertex 77.3463 67.9035 -3
    endloop
  endfacet
  facet normal 0 0 -1
    outer loop
      vertex 67.9608 77.9288 -3
      vertex 77.6347 87.6027 -3
      vertex 67.968 77.7817 -3
    endloop
  endfacet
  facet normal 0 0 -1
    outer loop
      vertex 67.9035 77.3463 -3
      vertex 77.3463 67.9035 -3
      vertex 77.2077 67.8539 -3
    endloop
  endfacet
  facet normal -0 0 -1
    outer loop
      vertex 77.6347 87.6027 -3
      vertex 67.9608 77.9288 -3
      vertex 77.4891 87.6243 -3
    endloop
  endfacet
  facet normal 0 0 -1
    outer loop
      vertex 67.8539 77.2077 -3
      vertex 77.2077 67.8539 -3
      vertex 77.0747 67.7909 -3
    endloop
  endfacet
  facet normal 0 0 -1
    outer loop
      vertex 67.9392 78.0744 -3
      vertex 77.4891 87.6243 -3
      vertex 67.9608 77.9288 -3
    endloop
  endfacet
  facet normal 0 0 -1
    outer loop
      vertex 67.7909 77.0747 -3
      vertex 77.0747 67.7909 -3
      vertex 76.9484 67.7152 -3
    endloop
  endfacet
  facet normal -0 0 -1
    outer loop
      vertex 77.4891 87.6243 -3
      vertex 67.9392 78.0744 -3
      vertex 77.3463 87.66 -3
    endloop
  endfacet
  facet normal 0 0 -1
    outer loop
      vertex 67.7152 76.9484 -3
      vertex 76.9484 67.7152 -3
      vertex 76.8302 67.6276 -3
    endloop
  endfacet
  facet normal 0 0 -1
    outer loop
      vertex 67.9035 78.2172 -3
      vertex 77.3463 87.66 -3
      vertex 67.9392 78.0744 -3
    endloop
  endfacet
  facet normal 0 0 -1
    outer loop
      vertex 67.6276 76.8302 -3
      vertex 76.8302 67.6276 -3
      vertex 76.7211 67.5287 -3
    endloop
  endfacet
  facet normal -0 0 -1
    outer loop
      vertex 77.3463 87.66 -3
      vertex 67.9035 78.2172 -3
      vertex 77.2077 87.7096 -3
    endloop
  endfacet
  facet normal 0 0 -1
    outer loop
      vertex 67.5287 76.7211 -3
      vertex 76.7211 67.5287 -3
      vertex 76.6222 67.4196 -3
    endloop
  endfacet
  facet normal 0 0 -1
    outer loop
      vertex 67.8539 78.3558 -3
      vertex 77.2077 87.7096 -3
      vertex 67.9035 78.2172 -3
    endloop
  endfacet
  facet normal 0 0 -1
    outer loop
      vertex 67.4196 76.6222 -3
      vertex 76.6222 67.4196 -3
      vertex 76.5345 67.3014 -3
    endloop
  endfacet
  facet normal -0 0 -1
    outer loop
      vertex 77.2077 87.7096 -3
      vertex 67.8539 78.3558 -3
      vertex 77.0747 87.7726 -3
    endloop
  endfacet
  facet normal 0 0 -1
    outer loop
      vertex 67.3014 76.5345 -3
      vertex 76.5345 67.3014 -3
      vertex 76.4589 67.1751 -3
    endloop
  endfacet
  facet normal 0 0 -1
    outer loop
      vertex 67.7909 78.4888 -3
      vertex 77.0747 87.7726 -3
      vertex 67.8539 78.3558 -3
    endloop
  endfacet
  facet normal 0 0 -1
    outer loop
      vertex 67.1751 76.4589 -3
      vertex 76.4589 67.1751 -3
      vertex 76.3959 67.0421 -3
    endloop
  endfacet
  facet normal -0 0 -1
    outer loop
      vertex 77.0747 87.7726 -3
      vertex 67.7909 78.4888 -3
      vertex 76.9484 87.8483 -3
    endloop
  endfacet
  facet normal 0 0 -1
    outer loop
      vertex 67.0421 76.3959 -3
      vertex 76.3959 67.0421 -3
      vertex 76.3463 66.9035 -3
    endloop
  endfacet
  facet normal 0 0 -1
    outer loop
      vertex 67.7152 78.6151 -3
      vertex 76.9484 87.8483 -3
      vertex 67.7909 78.4888 -3
    endloop
  endfacet
  facet normal 0 0 -1
    outer loop
      vertex 66.9035 76.3463 -3
      vertex 76.3463 66.9035 -3
      vertex 76.3106 66.7607 -3
    endloop
  endfacet
  facet normal -0 0 -1
    outer loop
      vertex 76.9484 87.8483 -3
      vertex 67.7152 78.6151 -3
      vertex 76.8302 87.9359 -3
    endloop
  endfacet
  facet normal 0 0 -1
    outer loop
      vertex 66.7607 76.3106 -3
      vertex 76.3106 66.7607 -3
      vertex 76.289 66.6151 -3
    endloop
  endfacet
  facet normal 0 0 -1
    outer loop
      vertex 67.6276 78.7333 -3
      vertex 76.8302 87.9359 -3
      vertex 67.7152 78.6151 -3
    endloop
  endfacet
  facet normal 0 0 -1
    outer loop
      vertex 66.6151 76.289 -3
      vertex 76.289 66.6151 -3
      vertex 76.2817 66.468 -3
    endloop
  endfacet
  facet normal -0 0 -1
    outer loop
      vertex 76.8302 87.9359 -3
      vertex 67.6276 78.7333 -3
      vertex 76.7211 88.0348 -3
    endloop
  endfacet
  facet normal 0 0 -1
    outer loop
      vertex 90.5666 77.4891 -3
      vertex 93.7817 77.7817 -3
      vertex 93.7047 76.2135 -3
    endloop
  endfacet
  facet normal 0 0 -1
    outer loop
      vertex 90.255 76.8302 -3
      vertex 93.7047 76.2135 -3
      vertex 93.4743 74.6603 -3
    endloop
  endfacet
  facet normal 0 0 -1
    outer loop
      vertex 93.7817 77.7817 -3
      vertex 90.5666 77.4891 -3
      vertex 90.5882 77.6347 -3
    endloop
  endfacet
  facet normal 0 0 -1
    outer loop
      vertex 89.9288 76.5345 -3
      vertex 93.4743 74.6603 -3
      vertex 93.0928 73.1372 -3
    endloop
  endfacet
  facet normal 0 0 -1
    outer loop
      vertex 90.5882 77.9288 -3
      vertex 93.7817 77.7817 -3
      vertex 90.5955 77.7817 -3
    endloop
  endfacet
  facet normal 0 0 -1
    outer loop
      vertex 89.3881 76.3106 -3
      vertex 93.0928 73.1372 -3
      vertex 92.5638 71.6588 -3
    endloop
  endfacet
  facet normal 0 0 -1
    outer loop
      vertex 90.5666 78.0744 -3
      vertex 93.7817 77.7817 -3
      vertex 90.5882 77.9288 -3
    endloop
  endfacet
  facet normal 0 0 -1
    outer loop
      vertex 89.0955 76.2817 -3
      vertex 92.5638 71.6588 -3
      vertex 91.8925 70.2394 -3
    endloop
  endfacet
  facet normal 0 0 -1
    outer loop
      vertex 93.7817 77.7817 -3
      vertex 90.5666 78.0744 -3
      vertex 93.7047 79.35 -3
    endloop
  endfacet
  facet normal 0 0 -1
    outer loop
      vertex 88.8028 76.3106 -3
      vertex 91.8925 70.2394 -3
      vertex 91.0853 68.8926 -3
    endloop
  endfacet
  facet normal 0 0 -1
    outer loop
      vertex 90.5309 78.2172 -3
      vertex 93.7047 79.35 -3
      vertex 90.5666 78.0744 -3
    endloop
  endfacet
  facet normal 0 0 -1
    outer loop
      vertex 90.4183 78.4888 -3
      vertex 93.7047 79.35 -3
      vertex 90.4813 78.3558 -3
    endloop
  endfacet
  facet normal 0 0 -1
    outer loop
      vertex 90.4813 78.3558 -3
      vertex 93.7047 79.35 -3
      vertex 90.5309 78.2172 -3
    endloop
  endfacet
  facet normal -0 0 -1
    outer loop
      vertex 93.7817 77.7817 -3
      vertex 90.5882 77.6347 -3
      vertex 90.5955 77.7817 -3
    endloop
  endfacet
  facet normal 0 0 -1
    outer loop
      vertex 93.7047 76.2135 -3
      vertex 90.5309 77.3463 -3
      vertex 90.5666 77.4891 -3
    endloop
  endfacet
  facet normal 0 0 -1
    outer loop
      vertex 93.7047 76.2135 -3
      vertex 90.4813 77.2077 -3
      vertex 90.5309 77.3463 -3
    endloop
  endfacet
  facet normal 0 0 -1
    outer loop
      vertex 93.7047 76.2135 -3
      vertex 90.4183 77.0747 -3
      vertex 90.4813 77.2077 -3
    endloop
  endfacet
  facet normal 0 0 -1
    outer loop
      vertex 93.7047 76.2135 -3
      vertex 90.3427 76.9484 -3
      vertex 90.4183 77.0747 -3
    endloop
  endfacet
  facet normal 0 0 -1
    outer loop
      vertex 93.7047 76.2135 -3
      vertex 90.255 76.8302 -3
      vertex 90.3427 76.9484 -3
    endloop
  endfacet
  facet normal 0 0 -1
    outer loop
      vertex 93.4743 74.6603 -3
      vertex 90.1561 76.7211 -3
      vertex 90.255 76.8302 -3
    endloop
  endfacet
  facet normal 0 0 -1
    outer loop
      vertex 88.5214 76.3959 -3
      vertex 91.0853 68.8926 -3
      vertex 90.1499 67.6315 -3
    endloop
  endfacet
  facet normal 0 0 -1
    outer loop
      vertex 93.4743 74.6603 -3
      vertex 90.047 76.6222 -3
      vertex 90.1561 76.7211 -3
    endloop
  endfacet
  facet normal 0 0 -1
    outer loop
      vertex 93.4743 74.6603 -3
      vertex 89.9288 76.5345 -3
      vertex 90.047 76.6222 -3
    endloop
  endfacet
  facet normal 0 0 -1
    outer loop
      vertex 93.0928 73.1372 -3
      vertex 89.8026 76.4589 -3
      vertex 89.9288 76.5345 -3
    endloop
  endfacet
  facet normal 0 0 -1
    outer loop
      vertex 93.0928 73.1372 -3
      vertex 89.6695 76.3959 -3
      vertex 89.8026 76.4589 -3
    endloop
  endfacet
  facet normal 0 0 -1
    outer loop
      vertex 93.0928 73.1372 -3
      vertex 89.5309 76.3463 -3
      vertex 89.6695 76.3959 -3
    endloop
  endfacet
  facet normal 0 0 -1
    outer loop
      vertex 93.0928 73.1372 -3
      vertex 89.3881 76.3106 -3
      vertex 89.5309 76.3463 -3
    endloop
  endfacet
  facet normal 0 0 -1
    outer loop
      vertex 92.5638 71.6588 -3
      vertex 89.2425 76.289 -3
      vertex 89.3881 76.3106 -3
    endloop
  endfacet
  facet normal 0 0 -1
    outer loop
      vertex 88.2621 76.5345 -3
      vertex 90.1499 67.6315 -3
      vertex 89.0955 66.468 -3
    endloop
  endfacet
  facet normal 0 0 -1
    outer loop
      vertex 92.5638 71.6588 -3
      vertex 89.0955 76.2817 -3
      vertex 89.2425 76.289 -3
    endloop
  endfacet
  facet normal 0 0 -1
    outer loop
      vertex 91.8925 70.2394 -3
      vertex 88.9484 76.289 -3
      vertex 89.0955 76.2817 -3
    endloop
  endfacet
  facet normal 0 0 -1
    outer loop
      vertex 91.8925 70.2394 -3
      vertex 88.8028 76.3106 -3
      vertex 88.9484 76.289 -3
    endloop
  endfacet
  facet normal 0 0 -1
    outer loop
      vertex 91.0853 68.8926 -3
      vertex 88.66 76.3463 -3
      vertex 88.8028 76.3106 -3
    endloop
  endfacet
  facet normal 0 0 -1
    outer loop
      vertex 91.0853 68.8926 -3
      vertex 88.5214 76.3959 -3
      vertex 88.66 76.3463 -3
    endloop
  endfacet
  facet normal 0 0 -1
    outer loop
      vertex 90.1499 67.6315 -3
      vertex 88.3884 76.4589 -3
      vertex 88.5214 76.3959 -3
    endloop
  endfacet
  facet normal 0 0 -1
    outer loop
      vertex 90.1499 67.6315 -3
      vertex 88.2621 76.5345 -3
      vertex 88.3884 76.4589 -3
    endloop
  endfacet
  facet normal 0 0 -1
    outer loop
      vertex 79.2529 66.7607 -3
      vertex 89.0955 66.468 -3
      vertex 79.2745 66.6151 -3
    endloop
  endfacet
  facet normal 0 0 -1
    outer loop
      vertex 79.2745 66.6151 -3
      vertex 89.0955 66.468 -3
      vertex 79.2817 66.468 -3
    endloop
  endfacet
  facet normal 0 0 -1
    outer loop
      vertex 79.2172 66.9035 -3
      vertex 89.0955 66.468 -3
      vertex 79.2529 66.7607 -3
    endloop
  endfacet
  facet normal 0 0 -1
    outer loop
      vertex 79.1676 67.0421 -3
      vertex 89.0955 66.468 -3
      vertex 79.2172 66.9035 -3
    endloop
  endfacet
  facet normal 0 0 -1
    outer loop
      vertex 79.1046 67.1751 -3
      vertex 89.0955 66.468 -3
      vertex 79.1676 67.0421 -3
    endloop
  endfacet
  facet normal 0 0 -1
    outer loop
      vertex 79.0289 67.3014 -3
      vertex 89.0955 66.468 -3
      vertex 79.1046 67.1751 -3
    endloop
  endfacet
  facet normal 0 0 -1
    outer loop
      vertex 89.0955 66.468 -3
      vertex 79.0289 67.3014 -3
      vertex 88.2621 76.5345 -3
    endloop
  endfacet
  facet normal -0 0 -1
    outer loop
      vertex 88.2621 76.5345 -3
      vertex 79.0289 67.3014 -3
      vertex 88.1439 76.6222 -3
    endloop
  endfacet
  facet normal 0 0 -1
    outer loop
      vertex 78.9413 67.4196 -3
      vertex 88.1439 76.6222 -3
      vertex 79.0289 67.3014 -3
    endloop
  endfacet
  facet normal 0 0 -1
    outer loop
      vertex 78.8424 67.5287 -3
      vertex 88.0348 76.7211 -3
      vertex 78.9413 67.4196 -3
    endloop
  endfacet
  facet normal 0 0 -1
    outer loop
      vertex 87.5955 77.7817 -3
      vertex 79.2817 89.0955 -3
      vertex 86.6709 91.0853 -3
    endloop
  endfacet
  facet normal -0 0 -1
    outer loop
      vertex 88.1439 76.6222 -3
      vertex 78.9413 67.4196 -3
      vertex 88.0348 76.7211 -3
    endloop
  endfacet
  facet normal -0 0 -1
    outer loop
      vertex 86.6709 91.0853 -3
      vertex 79.2817 89.0955 -3
      vertex 85.3241 91.8925 -3
    endloop
  endfacet
  facet normal -0 0 -1
    outer loop
      vertex 85.3241 91.8925 -3
      vertex 79.2817 89.0955 -3
      vertex 83.9047 92.5638 -3
    endloop
  endfacet
  facet normal 0 0 -1
    outer loop
      vertex 79.2745 89.2425 -3
      vertex 83.9047 92.5638 -3
      vertex 79.2817 89.0955 -3
    endloop
  endfacet
  facet normal 0 0 -1
    outer loop
      vertex 79.2529 89.3881 -3
      vertex 83.9047 92.5638 -3
      vertex 79.2745 89.2425 -3
    endloop
  endfacet
  facet normal -0 0 -1
    outer loop
      vertex 88.0348 76.7211 -3
      vertex 78.8424 67.5287 -3
      vertex 87.9359 76.8302 -3
    endloop
  endfacet
  facet normal -0 0 -1
    outer loop
      vertex 89.0955 66.468 -3
      vertex 79.2745 66.321 -3
      vertex 79.2817 66.468 -3
    endloop
  endfacet
  facet normal 0 0 -1
    outer loop
      vertex 89.0955 66.468 -3
      vertex 79.2529 66.1754 -3
      vertex 79.2745 66.321 -3
    endloop
  endfacet
  facet normal 0 0 -1
    outer loop
      vertex 89.0955 66.468 -3
      vertex 79.2172 66.0326 -3
      vertex 79.2529 66.1754 -3
    endloop
  endfacet
  facet normal 0 0 -1
    outer loop
      vertex 89.0955 66.468 -3
      vertex 79.1676 65.894 -3
      vertex 79.2172 66.0326 -3
    endloop
  endfacet
  facet normal 0 0 -1
    outer loop
      vertex 89.0955 66.468 -3
      vertex 79.1046 65.7609 -3
      vertex 79.1676 65.894 -3
    endloop
  endfacet
  facet normal 0 0 -1
    outer loop
      vertex 89.0955 66.468 -3
      vertex 79.0289 65.6347 -3
      vertex 79.1046 65.7609 -3
    endloop
  endfacet
  facet normal 0 0 -1
    outer loop
      vertex 89.0955 66.468 -3
      vertex 78.9413 65.5164 -3
      vertex 79.0289 65.6347 -3
    endloop
  endfacet
  facet normal 0 0 -1
    outer loop
      vertex 89.0955 66.468 -3
      vertex 78.8424 65.4074 -3
      vertex 78.9413 65.5164 -3
    endloop
  endfacet
  facet normal 0 0 -1
    outer loop
      vertex 89.0955 66.468 -3
      vertex 78.7333 65.3085 -3
      vertex 78.8424 65.4074 -3
    endloop
  endfacet
  facet normal 0 0 -1
    outer loop
      vertex 89.0955 66.468 -3
      vertex 78.6151 65.2208 -3
      vertex 78.7333 65.3085 -3
    endloop
  endfacet
  facet normal 0 0 -1
    outer loop
      vertex 89.0955 66.468 -3
      vertex 78.4888 65.1452 -3
      vertex 78.6151 65.2208 -3
    endloop
  endfacet
  facet normal 0 0 -1
    outer loop
      vertex 89.0955 66.468 -3
      vertex 78.3558 65.0822 -3
      vertex 78.4888 65.1452 -3
    endloop
  endfacet
  facet normal 0 0 -1
    outer loop
      vertex 89.0955 66.468 -3
      vertex 78.2172 65.0326 -3
      vertex 78.3558 65.0822 -3
    endloop
  endfacet
  facet normal 0 0 -1
    outer loop
      vertex 54.3942 46.7221 -3
      vertex 78.2172 65.0326 -3
      vertex 89.0955 66.468 -3
    endloop
  endfacet
  facet normal 0 0 -1
    outer loop
      vertex 78.2172 65.0326 -3
      vertex 54.3942 46.7221 -3
      vertex 78.0744 64.9969 -3
    endloop
  endfacet
  facet normal 0 0 -1
    outer loop
      vertex 67.5287 78.8424 -3
      vertex 76.7211 88.0348 -3
      vertex 67.6276 78.7333 -3
    endloop
  endfacet
  facet normal -0 0 -1
    outer loop
      vertex 76.6222 88.1439 -3
      vertex 67.4196 78.9413 -3
      vertex 76.5345 88.2621 -3
    endloop
  endfacet
  facet normal 0 0 -1
    outer loop
      vertex 66.468 76.2817 -3
      vertex 76.2817 66.468 -3
      vertex 76.289 66.321 -3
    endloop
  endfacet
  facet normal 0 0 -1
    outer loop
      vertex 67.3014 79.0289 -3
      vertex 76.5345 88.2621 -3
      vertex 67.4196 78.9413 -3
    endloop
  endfacet
  facet normal 0 0 -1
    outer loop
      vertex 66.468 89.0955 -3
      vertex 76.5345 88.2621 -3
      vertex 67.3014 79.0289 -3
    endloop
  endfacet
  facet normal 0 0 -1
    outer loop
      vertex 66.321 76.289 -3
      vertex 76.289 66.321 -3
      vertex 76.3106 66.1754 -3
    endloop
  endfacet
  facet normal 0 -0 -1
    outer loop
      vertex 67.6315 90.1499 -3
      vertex 76.5345 88.2621 -3
      vertex 66.468 89.0955 -3
    endloop
  endfacet
  facet normal 0 0 -1
    outer loop
      vertex 76.2817 89.0955 -3
      vertex 74.6603 93.4743 -3
      vertex 76.2135 93.7047 -3
    endloop
  endfacet
  facet normal 0 0 -1
    outer loop
      vertex 66.1754 76.3106 -3
      vertex 76.3106 66.1754 -3
      vertex 76.3463 66.0326 -3
    endloop
  endfacet
  facet normal -0 0 -1
    outer loop
      vertex 76.7211 88.0348 -3
      vertex 67.5287 78.8424 -3
      vertex 76.6222 88.1439 -3
    endloop
  endfacet
  facet normal 0 0 -1
    outer loop
      vertex 54.3942 46.7221 -3
      vertex 76.3463 66.0326 -3
      vertex 76.3959 65.894 -3
    endloop
  endfacet
  facet normal 0 0 -1
    outer loop
      vertex 54.3942 46.7221 -3
      vertex 76.3959 65.894 -3
      vertex 76.4589 65.7609 -3
    endloop
  endfacet
  facet normal 0 0 -1
    outer loop
      vertex 54.3942 46.7221 -3
      vertex 76.4589 65.7609 -3
      vertex 76.5345 65.6347 -3
    endloop
  endfacet
  facet normal 0 0 -1
    outer loop
      vertex 77.6347 67.9608 -3
      vertex 67.9608 77.6347 -3
      vertex 67.968 77.7817 -3
    endloop
  endfacet
  facet normal 0 0 -1
    outer loop
      vertex 77.4891 67.9392 -3
      vertex 67.9392 77.4891 -3
      vertex 67.9608 77.6347 -3
    endloop
  endfacet
  facet normal 0 0 -1
    outer loop
      vertex 77.3463 67.9035 -3
      vertex 67.9035 77.3463 -3
      vertex 67.9392 77.4891 -3
    endloop
  endfacet
  facet normal 0 0 -1
    outer loop
      vertex 77.2077 67.8539 -3
      vertex 67.8539 77.2077 -3
      vertex 67.9035 77.3463 -3
    endloop
  endfacet
  facet normal 0 0 -1
    outer loop
      vertex 54.3942 46.7221 -3
      vertex 76.5345 65.6347 -3
      vertex 76.6222 65.5164 -3
    endloop
  endfacet
  facet normal 0 0 -1
    outer loop
      vertex 77.0747 67.7909 -3
      vertex 67.7909 77.0747 -3
      vertex 67.8539 77.2077 -3
    endloop
  endfacet
  facet normal 0 0 -1
    outer loop
      vertex 76.9484 67.7152 -3
      vertex 67.7152 76.9484 -3
      vertex 67.7909 77.0747 -3
    endloop
  endfacet
  facet normal 0 0 -1
    outer loop
      vertex 76.8302 67.6276 -3
      vertex 67.6276 76.8302 -3
      vertex 67.7152 76.9484 -3
    endloop
  endfacet
  facet normal 0 0 -1
    outer loop
      vertex 76.7211 67.5287 -3
      vertex 67.5287 76.7211 -3
      vertex 67.6276 76.8302 -3
    endloop
  endfacet
  facet normal 0 0 -1
    outer loop
      vertex 76.6222 67.4196 -3
      vertex 67.4196 76.6222 -3
      vertex 67.5287 76.7211 -3
    endloop
  endfacet
  facet normal 0 0 -1
    outer loop
      vertex 76.5345 67.3014 -3
      vertex 67.3014 76.5345 -3
      vertex 67.4196 76.6222 -3
    endloop
  endfacet
  facet normal 0 0 -1
    outer loop
      vertex 76.4589 67.1751 -3
      vertex 67.1751 76.4589 -3
      vertex 67.3014 76.5345 -3
    endloop
  endfacet
  facet normal 0 0 -1
    outer loop
      vertex 76.3959 67.0421 -3
      vertex 67.0421 76.3959 -3
      vertex 67.1751 76.4589 -3
    endloop
  endfacet
  facet normal 0 0 -1
    outer loop
      vertex 76.3463 66.9035 -3
      vertex 66.9035 76.3463 -3
      vertex 67.0421 76.3959 -3
    endloop
  endfacet
  facet normal 0 0 -1
    outer loop
      vertex 76.3106 66.7607 -3
      vertex 66.7607 76.3106 -3
      vertex 66.9035 76.3463 -3
    endloop
  endfacet
  facet normal 0 0 -1
    outer loop
      vertex 54.3942 46.7221 -3
      vertex 76.6222 65.5164 -3
      vertex 76.7211 65.4074 -3
    endloop
  endfacet
  facet normal 0 0 -1
    outer loop
      vertex 76.289 66.6151 -3
      vertex 66.6151 76.289 -3
      vertex 66.7607 76.3106 -3
    endloop
  endfacet
  facet normal 0 0 -1
    outer loop
      vertex 76.2817 66.468 -3
      vertex 66.468 76.2817 -3
      vertex 66.6151 76.289 -3
    endloop
  endfacet
  facet normal 0 0 -1
    outer loop
      vertex 76.289 66.321 -3
      vertex 66.321 76.289 -3
      vertex 66.468 76.2817 -3
    endloop
  endfacet
  facet normal 0 0 -1
    outer loop
      vertex 76.3106 66.1754 -3
      vertex 66.1754 76.3106 -3
      vertex 66.321 76.289 -3
    endloop
  endfacet
  facet normal 0 0 -1
    outer loop
      vertex 76.3463 66.0326 -3
      vertex 66.0326 76.3463 -3
      vertex 66.1754 76.3106 -3
    endloop
  endfacet
  facet normal -0 0 -1
    outer loop
      vertex 76.3463 66.0326 -3
      vertex 54.3942 46.7221 -3
      vertex 66.0326 76.3463 -3
    endloop
  endfacet
  facet normal 0 0 -1
    outer loop
      vertex 46.7221 54.3942 -3
      vertex 66.0326 76.3463 -3
      vertex 54.3942 46.7221 -3
    endloop
  endfacet
  facet normal -0 0 -1
    outer loop
      vertex 66.0326 76.3463 -3
      vertex 46.7221 54.3942 -3
      vertex 65.894 76.3959 -3
    endloop
  endfacet
  facet normal -0 0 -1
    outer loop
      vertex 65.894 76.3959 -3
      vertex 46.7221 54.3942 -3
      vertex 65.7609 76.4589 -3
    endloop
  endfacet
  facet normal -0 0 -1
    outer loop
      vertex 65.7609 76.4589 -3
      vertex 46.7221 54.3942 -3
      vertex 65.6347 76.5345 -3
    endloop
  endfacet
  facet normal -0 0 -1
    outer loop
      vertex 64.9969 77.4891 -3
      vertex 46.7221 54.3942 -3
      vertex 64.9753 77.6347 -3
    endloop
  endfacet
  facet normal -0 0 -1
    outer loop
      vertex 65.0326 77.3463 -3
      vertex 46.7221 54.3942 -3
      vertex 64.9969 77.4891 -3
    endloop
  endfacet
  facet normal -0 0 -1
    outer loop
      vertex 65.0822 77.2077 -3
      vertex 46.7221 54.3942 -3
      vertex 65.0326 77.3463 -3
    endloop
  endfacet
  facet normal -0 0 -1
    outer loop
      vertex 65.1452 77.0747 -3
      vertex 46.7221 54.3942 -3
      vertex 65.0822 77.2077 -3
    endloop
  endfacet
  facet normal -0 0 -1
    outer loop
      vertex 65.2208 76.9484 -3
      vertex 46.7221 54.3942 -3
      vertex 65.1452 77.0747 -3
    endloop
  endfacet
  facet normal -0 0 -1
    outer loop
      vertex 65.3085 76.8302 -3
      vertex 46.7221 54.3942 -3
      vertex 65.2208 76.9484 -3
    endloop
  endfacet
  facet normal -0 0 -1
    outer loop
      vertex 65.4074 76.7211 -3
      vertex 46.7221 54.3942 -3
      vertex 65.3085 76.8302 -3
    endloop
  endfacet
  facet normal -0 0 -1
    outer loop
      vertex 65.5164 76.6222 -3
      vertex 46.7221 54.3942 -3
      vertex 65.4074 76.7211 -3
    endloop
  endfacet
  facet normal -0 0 -1
    outer loop
      vertex 65.6347 76.5345 -3
      vertex 46.7221 54.3942 -3
      vertex 65.5164 76.6222 -3
    endloop
  endfacet
  facet normal -0 0 -1
    outer loop
      vertex 76.8302 65.3085 -3
      vertex 54.3942 46.7221 -3
      vertex 76.7211 65.4074 -3
    endloop
  endfacet
  facet normal -0 0 -1
    outer loop
      vertex 76.9484 65.2208 -3
      vertex 54.3942 46.7221 -3
      vertex 76.8302 65.3085 -3
    endloop
  endfacet
  facet normal -0 0 -1
    outer loop
      vertex 77.0747 65.1452 -3
      vertex 54.3942 46.7221 -3
      vertex 76.9484 65.2208 -3
    endloop
  endfacet
  facet normal -0 0 -1
    outer loop
      vertex 77.2077 65.0822 -3
      vertex 54.3942 46.7221 -3
      vertex 77.0747 65.1452 -3
    endloop
  endfacet
  facet normal -0 0 -1
    outer loop
      vertex 77.3463 65.0326 -3
      vertex 54.3942 46.7221 -3
      vertex 77.2077 65.0822 -3
    endloop
  endfacet
  facet normal -0 0 -1
    outer loop
      vertex 77.4891 64.9969 -3
      vertex 54.3942 46.7221 -3
      vertex 77.3463 65.0326 -3
    endloop
  endfacet
  facet normal -0 0 -1
    outer loop
      vertex 77.6347 64.9753 -3
      vertex 54.3942 46.7221 -3
      vertex 77.4891 64.9969 -3
    endloop
  endfacet
  facet normal -0 0 -1
    outer loop
      vertex 77.7817 64.968 -3
      vertex 54.3942 46.7221 -3
      vertex 77.6347 64.9753 -3
    endloop
  endfacet
  facet normal 0 0 -1
    outer loop
      vertex 77.9288 64.9753 -3
      vertex 54.3942 46.7221 -3
      vertex 77.7817 64.968 -3
    endloop
  endfacet
  facet normal 0 0 -1
    outer loop
      vertex 78.0744 64.9969 -3
      vertex 54.3942 46.7221 -3
      vertex 77.9288 64.9753 -3
    endloop
  endfacet
  facet normal 0 0 -1
    outer loop
      vertex 27.8817 2.40718 -3
      vertex 54.3942 46.7221 -3
      vertex 89.0955 66.468 -3
    endloop
  endfacet
  facet normal 0 0 -1
    outer loop
      vertex 27.8817 2.40718 -3
      vertex 26.2223 18.5502 -3
      vertex 54.3942 46.7221 -3
    endloop
  endfacet
  facet normal 0 0 -1
    outer loop
      vertex 2.40718 -27.8817 -3
      vertex 27.8817 -2.40718 -3
      vertex 18.5502 -26.2223 -3
    endloop
  endfacet
  facet normal 0 0 -1
    outer loop
      vertex 18.5502 -26.2223 -3
      vertex 26.2223 -18.5502 -3
      vertex 25.5 -25.5 -3
    endloop
  endfacet
  facet normal -0 0 -1
    outer loop
      vertex 27.8817 -2.40718 -3
      vertex 2.40718 -27.8817 -3
      vertex 27.8817 2.40718 -3
    endloop
  endfacet
  facet normal 0 0 -1
    outer loop
      vertex 27.8817 2.40718 -3
      vertex 18.5502 26.2223 -3
      vertex 26.2223 18.5502 -3
    endloop
  endfacet
  facet normal 0 0 -1
    outer loop
      vertex 26.2223 18.5502 -3
      vertex 18.5502 26.2223 -3
      vertex 25.5 25.5 -3
    endloop
  endfacet
  facet normal 0 0 -1
    outer loop
      vertex 90.3427 78.6151 -3
      vertex 93.7047 79.35 -3
      vertex 90.4183 78.4888 -3
    endloop
  endfacet
  facet normal 0 0 -1
    outer loop
      vertex 90.255 78.7333 -3
      vertex 93.7047 79.35 -3
      vertex 90.3427 78.6151 -3
    endloop
  endfacet
  facet normal -0 0 -1
    outer loop
      vertex 93.7047 79.35 -3
      vertex 90.255 78.7333 -3
      vertex 93.4743 80.9032 -3
    endloop
  endfacet
  facet normal 0 0 -1
    outer loop
      vertex 90.1561 78.8424 -3
      vertex 93.4743 80.9032 -3
      vertex 90.255 78.7333 -3
    endloop
  endfacet
  facet normal 0 0 -1
    outer loop
      vertex 90.047 78.9413 -3
      vertex 93.4743 80.9032 -3
      vertex 90.1561 78.8424 -3
    endloop
  endfacet
  facet normal 0 0 -1
    outer loop
      vertex 89.9288 79.029 -3
      vertex 93.4743 80.9032 -3
      vertex 90.047 78.9413 -3
    endloop
  endfacet
  facet normal -0 0 -1
    outer loop
      vertex 93.4743 80.9032 -3
      vertex 89.9288 79.029 -3
      vertex 93.0928 82.4263 -3
    endloop
  endfacet
  facet normal 0 0 -1
    outer loop
      vertex 89.8026 79.1046 -3
      vertex 93.0928 82.4263 -3
      vertex 89.9288 79.029 -3
    endloop
  endfacet
  facet normal 0 0 -1
    outer loop
      vertex 89.6695 79.1676 -3
      vertex 93.0928 82.4263 -3
      vertex 89.8026 79.1046 -3
    endloop
  endfacet
  facet normal 0 0 -1
    outer loop
      vertex 89.5309 79.2172 -3
      vertex 93.0928 82.4263 -3
      vertex 89.6695 79.1676 -3
    endloop
  endfacet
  facet normal 0 0 -1
    outer loop
      vertex 89.3881 79.2529 -3
      vertex 93.0928 82.4263 -3
      vertex 89.5309 79.2172 -3
    endloop
  endfacet
  facet normal -0 0 -1
    outer loop
      vertex 93.0928 82.4263 -3
      vertex 89.3881 79.2529 -3
      vertex 92.5638 83.9047 -3
    endloop
  endfacet
  facet normal 0 0 -1
    outer loop
      vertex 89.2425 79.2745 -3
      vertex 92.5638 83.9047 -3
      vertex 89.3881 79.2529 -3
    endloop
  endfacet
  facet normal 0 0 -1
    outer loop
      vertex 89.0955 79.2817 -3
      vertex 92.5638 83.9047 -3
      vertex 89.2425 79.2745 -3
    endloop
  endfacet
  facet normal -0 0 -1
    outer loop
      vertex 92.5638 83.9047 -3
      vertex 89.0955 79.2817 -3
      vertex 91.8925 85.3241 -3
    endloop
  endfacet
  facet normal 0 0 -1
    outer loop
      vertex 88.9484 79.2745 -3
      vertex 91.8925 85.3241 -3
      vertex 89.0955 79.2817 -3
    endloop
  endfacet
  facet normal 0 0 -1
    outer loop
      vertex 88.8028 79.2529 -3
      vertex 91.8925 85.3241 -3
      vertex 88.9484 79.2745 -3
    endloop
  endfacet
  facet normal -0 0 -1
    outer loop
      vertex 91.8925 85.3241 -3
      vertex 88.8028 79.2529 -3
      vertex 91.0853 86.6709 -3
    endloop
  endfacet
  facet normal 0 0 -1
    outer loop
      vertex 88.66 79.2172 -3
      vertex 91.0853 86.6709 -3
      vertex 88.8028 79.2529 -3
    endloop
  endfacet
  facet normal 0 0 -1
    outer loop
      vertex 88.5214 79.1676 -3
      vertex 91.0853 86.6709 -3
      vertex 88.66 79.2172 -3
    endloop
  endfacet
  facet normal -0 0 -1
    outer loop
      vertex 91.0853 86.6709 -3
      vertex 88.5214 79.1676 -3
      vertex 90.1499 87.932 -3
    endloop
  endfacet
  facet normal 0 0 -1
    outer loop
      vertex 88.3884 79.1046 -3
      vertex 90.1499 87.932 -3
      vertex 88.5214 79.1676 -3
    endloop
  endfacet
  facet normal 0 0 -1
    outer loop
      vertex 88.2621 79.029 -3
      vertex 90.1499 87.932 -3
      vertex 88.3884 79.1046 -3
    endloop
  endfacet
  facet normal -0 0 -1
    outer loop
      vertex 90.1499 87.932 -3
      vertex 88.2621 79.029 -3
      vertex 89.0955 89.0955 -3
    endloop
  endfacet
  facet normal 0 0 -1
    outer loop
      vertex 88.1439 78.9413 -3
      vertex 89.0955 89.0955 -3
      vertex 88.2621 79.029 -3
    endloop
  endfacet
  facet normal 0 0 -1
    outer loop
      vertex 87.932 90.1499 -3
      vertex 88.1439 78.9413 -3
      vertex 88.0348 78.8424 -3
    endloop
  endfacet
  facet normal 0 0 -1
    outer loop
      vertex 86.6709 91.0853 -3
      vertex 88.0348 78.8424 -3
      vertex 87.9359 78.7333 -3
    endloop
  endfacet
  facet normal 0 0 -1
    outer loop
      vertex 88.1439 78.9413 -3
      vertex 87.932 90.1499 -3
      vertex 89.0955 89.0955 -3
    endloop
  endfacet
  facet normal 0 0 -1
    outer loop
      vertex 86.6709 91.0853 -3
      vertex 87.9359 78.7333 -3
      vertex 87.8483 78.6151 -3
    endloop
  endfacet
  facet normal 0 0 -1
    outer loop
      vertex 86.6709 91.0853 -3
      vertex 87.8483 78.6151 -3
      vertex 87.7726 78.4888 -3
    endloop
  endfacet
  facet normal 0 0 -1
    outer loop
      vertex 86.6709 91.0853 -3
      vertex 87.7726 78.4888 -3
      vertex 87.7096 78.3558 -3
    endloop
  endfacet
  facet normal 0 0 -1
    outer loop
      vertex 86.6709 91.0853 -3
      vertex 87.7096 78.3558 -3
      vertex 87.66 78.2172 -3
    endloop
  endfacet
  facet normal 0 0 -1
    outer loop
      vertex 86.6709 91.0853 -3
      vertex 87.66 78.2172 -3
      vertex 87.6243 78.0744 -3
    endloop
  endfacet
  facet normal 0 0 -1
    outer loop
      vertex 86.6709 91.0853 -3
      vertex 87.6243 78.0744 -3
      vertex 87.6027 77.9288 -3
    endloop
  endfacet
  facet normal 0 0 -1
    outer loop
      vertex 86.6709 91.0853 -3
      vertex 87.6027 77.9288 -3
      vertex 87.5955 77.7817 -3
    endloop
  endfacet
  facet normal 0 0 -1
    outer loop
      vertex 88.0348 78.8424 -3
      vertex 86.6709 91.0853 -3
      vertex 87.932 90.1499 -3
    endloop
  endfacet
  facet normal -0 0 -1
    outer loop
      vertex 83.9047 92.5638 -3
      vertex 79.2529 89.3881 -3
      vertex 82.4263 93.0928 -3
    endloop
  endfacet
  facet normal 0 0 -1
    outer loop
      vertex 79.2172 89.5309 -3
      vertex 82.4263 93.0928 -3
      vertex 79.2529 89.3881 -3
    endloop
  endfacet
  facet normal 0 0 -1
    outer loop
      vertex 79.1676 89.6695 -3
      vertex 82.4263 93.0928 -3
      vertex 79.2172 89.5309 -3
    endloop
  endfacet
  facet normal 0 0 -1
    outer loop
      vertex 79.1046 89.8026 -3
      vertex 82.4263 93.0928 -3
      vertex 79.1676 89.6695 -3
    endloop
  endfacet
  facet normal -0 0 -1
    outer loop
      vertex 82.4263 93.0928 -3
      vertex 79.1046 89.8026 -3
      vertex 80.9032 93.4743 -3
    endloop
  endfacet
  facet normal 0 0 -1
    outer loop
      vertex 79.029 89.9288 -3
      vertex 80.9032 93.4743 -3
      vertex 79.1046 89.8026 -3
    endloop
  endfacet
  facet normal 0 0 -1
    outer loop
      vertex 78.9413 90.047 -3
      vertex 80.9032 93.4743 -3
      vertex 79.029 89.9288 -3
    endloop
  endfacet
  facet normal 0 0 -1
    outer loop
      vertex 78.8424 90.1561 -3
      vertex 80.9032 93.4743 -3
      vertex 78.9413 90.047 -3
    endloop
  endfacet
  facet normal 0 0 -1
    outer loop
      vertex 78.7333 90.255 -3
      vertex 80.9032 93.4743 -3
      vertex 78.8424 90.1561 -3
    endloop
  endfacet
  facet normal -0 0 -1
    outer loop
      vertex 80.9032 93.4743 -3
      vertex 78.7333 90.255 -3
      vertex 79.35 93.7047 -3
    endloop
  endfacet
  facet normal 0 0 -1
    outer loop
      vertex 78.6151 90.3427 -3
      vertex 79.35 93.7047 -3
      vertex 78.7333 90.255 -3
    endloop
  endfacet
  facet normal 0 0 -1
    outer loop
      vertex 78.4888 90.4183 -3
      vertex 79.35 93.7047 -3
      vertex 78.6151 90.3427 -3
    endloop
  endfacet
  facet normal 0 0 -1
    outer loop
      vertex 78.3558 90.4813 -3
      vertex 79.35 93.7047 -3
      vertex 78.4888 90.4183 -3
    endloop
  endfacet
  facet normal 0 0 -1
    outer loop
      vertex 78.2172 90.5309 -3
      vertex 79.35 93.7047 -3
      vertex 78.3558 90.4813 -3
    endloop
  endfacet
  facet normal 0 0 -1
    outer loop
      vertex 78.0744 90.5666 -3
      vertex 79.35 93.7047 -3
      vertex 78.2172 90.5309 -3
    endloop
  endfacet
  facet normal 0 0 -1
    outer loop
      vertex 77.7817 93.7817 -3
      vertex 78.0744 90.5666 -3
      vertex 77.9288 90.5882 -3
    endloop
  endfacet
  facet normal 0 0 -1
    outer loop
      vertex 77.7817 93.7817 -3
      vertex 77.9288 90.5882 -3
      vertex 77.7817 90.5955 -3
    endloop
  endfacet
  facet normal 0 0 -1
    outer loop
      vertex 78.0744 90.5666 -3
      vertex 77.7817 93.7817 -3
      vertex 79.35 93.7047 -3
    endloop
  endfacet
  facet normal 0 0 -1
    outer loop
      vertex 77.6347 90.5882 -3
      vertex 77.7817 93.7817 -3
      vertex 77.7817 90.5955 -3
    endloop
  endfacet
  facet normal 0 0 -1
    outer loop
      vertex 77.4891 90.5666 -3
      vertex 77.7817 93.7817 -3
      vertex 77.6347 90.5882 -3
    endloop
  endfacet
  facet normal 0 0 -1
    outer loop
      vertex 76.2135 93.7047 -3
      vertex 77.4891 90.5666 -3
      vertex 77.3463 90.5309 -3
    endloop
  endfacet
  facet normal 0 0 -1
    outer loop
      vertex 76.2135 93.7047 -3
      vertex 77.3463 90.5309 -3
      vertex 77.2077 90.4813 -3
    endloop
  endfacet
  facet normal 0 0 -1
    outer loop
      vertex 76.2135 93.7047 -3
      vertex 77.2077 90.4813 -3
      vertex 77.0747 90.4183 -3
    endloop
  endfacet
  facet normal 0 0 -1
    outer loop
      vertex 76.2135 93.7047 -3
      vertex 77.0747 90.4183 -3
      vertex 76.9484 90.3427 -3
    endloop
  endfacet
  facet normal 0 0 -1
    outer loop
      vertex 76.2135 93.7047 -3
      vertex 76.9484 90.3427 -3
      vertex 76.8302 90.255 -3
    endloop
  endfacet
  facet normal 0 0 -1
    outer loop
      vertex 76.2135 93.7047 -3
      vertex 76.8302 90.255 -3
      vertex 76.7211 90.1561 -3
    endloop
  endfacet
  facet normal 0 0 -1
    outer loop
      vertex 76.2135 93.7047 -3
      vertex 76.7211 90.1561 -3
      vertex 76.6222 90.047 -3
    endloop
  endfacet
  facet normal 0 0 -1
    outer loop
      vertex 76.2135 93.7047 -3
      vertex 76.6222 90.047 -3
      vertex 76.5345 89.9288 -3
    endloop
  endfacet
  facet normal 0 0 -1
    outer loop
      vertex 76.2135 93.7047 -3
      vertex 76.5345 89.9288 -3
      vertex 76.4589 89.8026 -3
    endloop
  endfacet
  facet normal 0 0 -1
    outer loop
      vertex 76.2135 93.7047 -3
      vertex 76.4589 89.8026 -3
      vertex 76.3959 89.6695 -3
    endloop
  endfacet
  facet normal 0 0 -1
    outer loop
      vertex 76.2135 93.7047 -3
      vertex 76.3959 89.6695 -3
      vertex 76.3463 89.5309 -3
    endloop
  endfacet
  facet normal 0 0 -1
    outer loop
      vertex 77.4891 90.5666 -3
      vertex 76.2135 93.7047 -3
      vertex 77.7817 93.7817 -3
    endloop
  endfacet
  facet normal 0 0 -1
    outer loop
      vertex 76.3106 89.3881 -3
      vertex 76.2135 93.7047 -3
      vertex 76.3463 89.5309 -3
    endloop
  endfacet
  facet normal 0 0 -1
    outer loop
      vertex 76.289 89.2425 -3
      vertex 76.2135 93.7047 -3
      vertex 76.3106 89.3881 -3
    endloop
  endfacet
  facet normal 0 0 -1
    outer loop
      vertex 76.2135 93.7047 -3
      vertex 76.289 89.2425 -3
      vertex 76.2817 89.0955 -3
    endloop
  endfacet
  facet normal 0 0 -1
    outer loop
      vertex 67.4196 78.9413 -3
      vertex 76.6222 88.1439 -3
      vertex 67.5287 78.8424 -3
    endloop
  endfacet
  facet normal 0 0 -1
    outer loop
      vertex 76.2817 89.0955 -3
      vertex 73.1372 93.0928 -3
      vertex 74.6603 93.4743 -3
    endloop
  endfacet
  facet normal 0 0 -1
    outer loop
      vertex 76.5345 88.2621 -3
      vertex 67.6315 90.1499 -3
      vertex 76.4589 88.3884 -3
    endloop
  endfacet
  facet normal 0 0 -1
    outer loop
      vertex 76.2817 89.0955 -3
      vertex 71.6588 92.5638 -3
      vertex 73.1372 93.0928 -3
    endloop
  endfacet
  facet normal 0 0 -1
    outer loop
      vertex 76.4589 88.3884 -3
      vertex 67.6315 90.1499 -3
      vertex 76.3959 88.5214 -3
    endloop
  endfacet
  facet normal 0 0 -1
    outer loop
      vertex 76.2817 89.0955 -3
      vertex 70.2394 91.8925 -3
      vertex 71.6588 92.5638 -3
    endloop
  endfacet
  facet normal 0 0 -1
    outer loop
      vertex 76.289 88.9484 -3
      vertex 70.2394 91.8925 -3
      vertex 76.2817 89.0955 -3
    endloop
  endfacet
  facet normal 0 -0 -1
    outer loop
      vertex 68.8926 91.0853 -3
      vertex 76.3959 88.5214 -3
      vertex 67.6315 90.1499 -3
    endloop
  endfacet
  facet normal 0 0 -1
    outer loop
      vertex 76.3106 88.8028 -3
      vertex 70.2394 91.8925 -3
      vertex 76.289 88.9484 -3
    endloop
  endfacet
  facet normal 0 0 -1
    outer loop
      vertex 76.3463 88.66 -3
      vertex 68.8926 91.0853 -3
      vertex 76.3106 88.8028 -3
    endloop
  endfacet
  facet normal 0 0 -1
    outer loop
      vertex 76.3959 88.5214 -3
      vertex 68.8926 91.0853 -3
      vertex 76.3463 88.66 -3
    endloop
  endfacet
  facet normal 0 0 -1
    outer loop
      vertex 66.468 89.0955 -3
      vertex 67.3014 79.0289 -3
      vertex 67.1751 79.1046 -3
    endloop
  endfacet
  facet normal 0 0 -1
    outer loop
      vertex 66.468 89.0955 -3
      vertex 67.1751 79.1046 -3
      vertex 67.0421 79.1676 -3
    endloop
  endfacet
  facet normal 0 0 -1
    outer loop
      vertex 66.468 89.0955 -3
      vertex 67.0421 79.1676 -3
      vertex 66.9035 79.2172 -3
    endloop
  endfacet
  facet normal 0 0 -1
    outer loop
      vertex 66.468 89.0955 -3
      vertex 66.9035 79.2172 -3
      vertex 66.7607 79.2529 -3
    endloop
  endfacet
  facet normal 0 0 -1
    outer loop
      vertex 66.468 89.0955 -3
      vertex 66.7607 79.2529 -3
      vertex 66.6151 79.2745 -3
    endloop
  endfacet
  facet normal 0 0 -1
    outer loop
      vertex 66.468 89.0955 -3
      vertex 66.6151 79.2745 -3
      vertex 66.468 79.2817 -3
    endloop
  endfacet
  facet normal 0 -0 -1
    outer loop
      vertex 70.2394 91.8925 -3
      vertex 76.3106 88.8028 -3
      vertex 68.8926 91.0853 -3
    endloop
  endfacet
  facet normal 0 0 -1
    outer loop
      vertex 66.321 79.2745 -3
      vertex 66.468 89.0955 -3
      vertex 66.468 79.2817 -3
    endloop
  endfacet
  facet normal 0 0 -1
    outer loop
      vertex 66.1754 79.2529 -3
      vertex 66.468 89.0955 -3
      vertex 66.321 79.2745 -3
    endloop
  endfacet
  facet normal 0 0 -1
    outer loop
      vertex 66.0326 79.2172 -3
      vertex 66.468 89.0955 -3
      vertex 66.1754 79.2529 -3
    endloop
  endfacet
  facet normal 0 0 -1
    outer loop
      vertex 65.894 79.1676 -3
      vertex 66.468 89.0955 -3
      vertex 66.0326 79.2172 -3
    endloop
  endfacet
  facet normal 0 0 -1
    outer loop
      vertex 65.7609 79.1046 -3
      vertex 66.468 89.0955 -3
      vertex 65.894 79.1676 -3
    endloop
  endfacet
  facet normal 0 0 -1
    outer loop
      vertex 65.6347 79.0289 -3
      vertex 66.468 89.0955 -3
      vertex 65.7609 79.1046 -3
    endloop
  endfacet
  facet normal 0 0 -1
    outer loop
      vertex 65.5164 78.9413 -3
      vertex 66.468 89.0955 -3
      vertex 65.6347 79.0289 -3
    endloop
  endfacet
  facet normal 0 0 -1
    outer loop
      vertex 65.4074 78.8424 -3
      vertex 66.468 89.0955 -3
      vertex 65.5164 78.9413 -3
    endloop
  endfacet
  facet normal 0 0 -1
    outer loop
      vertex 65.3085 78.7333 -3
      vertex 66.468 89.0955 -3
      vertex 65.4074 78.8424 -3
    endloop
  endfacet
  facet normal 0 0 -1
    outer loop
      vertex 65.2208 78.6151 -3
      vertex 66.468 89.0955 -3
      vertex 65.3085 78.7333 -3
    endloop
  endfacet
  facet normal 0 0 -1
    outer loop
      vertex 65.1452 78.4888 -3
      vertex 66.468 89.0955 -3
      vertex 65.2208 78.6151 -3
    endloop
  endfacet
  facet normal 0 0 -1
    outer loop
      vertex 65.0822 78.3558 -3
      vertex 66.468 89.0955 -3
      vertex 65.1452 78.4888 -3
    endloop
  endfacet
  facet normal 0 0 -1
    outer loop
      vertex 65.0326 78.2172 -3
      vertex 66.468 89.0955 -3
      vertex 65.0822 78.3558 -3
    endloop
  endfacet
  facet normal 0 0 -1
    outer loop
      vertex 46.7221 54.3942 -3
      vertex 65.0326 78.2172 -3
      vertex 64.9969 78.0744 -3
    endloop
  endfacet
  facet normal 0 0 -1
    outer loop
      vertex 46.7221 54.3942 -3
      vertex 64.9969 78.0744 -3
      vertex 64.9753 77.9288 -3
    endloop
  endfacet
  facet normal -0 0 -1
    outer loop
      vertex 64.9753 77.6347 -3
      vertex 46.7221 54.3942 -3
      vertex 64.968 77.7817 -3
    endloop
  endfacet
  facet normal -0 0 -1
    outer loop
      vertex 64.968 77.7817 -3
      vertex 46.7221 54.3942 -3
      vertex 64.9753 77.9288 -3
    endloop
  endfacet
  facet normal -0 0 -1
    outer loop
      vertex 65.0326 78.2172 -3
      vertex 46.7221 54.3942 -3
      vertex 66.468 89.0955 -3
    endloop
  endfacet
  facet normal 0 0 -1
    outer loop
      vertex 2.40718 27.8817 -3
      vertex 46.7221 54.3942 -3
      vertex 18.5502 26.2223 -3
    endloop
  endfacet
  facet normal -0 0 -1
    outer loop
      vertex 46.7221 54.3942 -3
      vertex 2.40718 27.8817 -3
      vertex 66.468 89.0955 -3
    endloop
  endfacet
  facet normal 0 0 -1
    outer loop
      vertex 27.8817 2.40718 -3
      vertex 2.40718 27.8817 -3
      vertex 18.5502 26.2223 -3
    endloop
  endfacet
  facet normal 0 0 -1
    outer loop
      vertex -2.40718 -27.8817 -3
      vertex 2.40718 -27.8817 -3
      vertex 0 -28 -3
    endloop
  endfacet
  facet normal 0 0 -1
    outer loop
      vertex 2.40718 -27.8817 -3
      vertex -2.40718 -27.8817 -3
      vertex 2.40718 27.8817 -3
    endloop
  endfacet
  facet normal 0 0 -1
    outer loop
      vertex -2.40718 27.8817 -3
      vertex 2.40718 27.8817 -3
      vertex -2.40718 -27.8817 -3
    endloop
  endfacet
  facet normal 0 0 -1
    outer loop
      vertex 2.40718 27.8817 -3
      vertex -2.40718 27.8817 -3
      vertex 0 28 -3
    endloop
  endfacet
  facet normal 0 0 -1
    outer loop
      vertex -2.40718 -27.8817 -3
      vertex -18.5502 -26.2223 -3
      vertex -2.40718 27.8817 -3
    endloop
  endfacet
  facet normal -0 0 -1
    outer loop
      vertex -2.40718 -27.8817 -3
      vertex -46.7221 -54.3942 -3
      vertex -18.5502 -26.2223 -3
    endloop
  endfacet
  facet normal 0 0 -1
    outer loop
      vertex -64.9753 -77.6347 -3
      vertex -46.7221 -54.3942 -3
      vertex -64.968 -77.7817 -3
    endloop
  endfacet
  facet normal 0 0 -1
    outer loop
      vertex -66.468 -89.0955 -3
      vertex -46.7221 -54.3942 -3
      vertex -2.40718 -27.8817 -3
    endloop
  endfacet
  facet normal 0 0 -1
    outer loop
      vertex -46.7221 -54.3942 -3
      vertex -64.9753 -77.9288 -3
      vertex -64.968 -77.7817 -3
    endloop
  endfacet
  facet normal 0 0 -1
    outer loop
      vertex -46.7221 -54.3942 -3
      vertex -64.9969 -78.0744 -3
      vertex -64.9753 -77.9288 -3
    endloop
  endfacet
  facet normal 0 -0 -1
    outer loop
      vertex -65.0326 -78.2172 -3
      vertex -46.7221 -54.3942 -3
      vertex -66.468 -89.0955 -3
    endloop
  endfacet
  facet normal 0 0 -1
    outer loop
      vertex -46.7221 -54.3942 -3
      vertex -65.0326 -78.2172 -3
      vertex -64.9969 -78.0744 -3
    endloop
  endfacet
  facet normal 0 0 -1
    outer loop
      vertex -65.0326 -78.2172 -3
      vertex -66.468 -89.0955 -3
      vertex -65.0822 -78.3558 -3
    endloop
  endfacet
  facet normal 0 0 -1
    outer loop
      vertex -65.0822 -78.3558 -3
      vertex -66.468 -89.0955 -3
      vertex -65.1452 -78.4888 -3
    endloop
  endfacet
  facet normal 0 0 -1
    outer loop
      vertex -65.1452 -78.4888 -3
      vertex -66.468 -89.0955 -3
      vertex -65.2208 -78.6151 -3
    endloop
  endfacet
  facet normal 0 0 -1
    outer loop
      vertex -65.2208 -78.6151 -3
      vertex -66.468 -89.0955 -3
      vertex -65.3085 -78.7333 -3
    endloop
  endfacet
  facet normal 0 0 -1
    outer loop
      vertex -65.3085 -78.7333 -3
      vertex -66.468 -89.0955 -3
      vertex -65.4074 -78.8424 -3
    endloop
  endfacet
  facet normal 0 0 -1
    outer loop
      vertex -65.4074 -78.8424 -3
      vertex -66.468 -89.0955 -3
      vertex -65.5164 -78.9413 -3
    endloop
  endfacet
  facet normal 0 0 -1
    outer loop
      vertex -66.468 -89.0955 -3
      vertex -65.6347 -79.0289 -3
      vertex -65.5164 -78.9413 -3
    endloop
  endfacet
  facet normal 0 0 -1
    outer loop
      vertex -66.468 -89.0955 -3
      vertex -65.7609 -79.1046 -3
      vertex -65.6347 -79.0289 -3
    endloop
  endfacet
  facet normal 0 0 -1
    outer loop
      vertex -66.468 -89.0955 -3
      vertex -65.894 -79.1676 -3
      vertex -65.7609 -79.1046 -3
    endloop
  endfacet
  facet normal 0 0 -1
    outer loop
      vertex -66.468 -89.0955 -3
      vertex -66.0326 -79.2172 -3
      vertex -65.894 -79.1676 -3
    endloop
  endfacet
  facet normal 0 0 -1
    outer loop
      vertex -66.468 -89.0955 -3
      vertex -66.1754 -79.2529 -3
      vertex -66.0326 -79.2172 -3
    endloop
  endfacet
  facet normal 0 0 -1
    outer loop
      vertex -66.468 -89.0955 -3
      vertex -66.321 -79.2745 -3
      vertex -66.1754 -79.2529 -3
    endloop
  endfacet
  facet normal 0 0 -1
    outer loop
      vertex -66.468 -89.0955 -3
      vertex -66.468 -79.2817 -3
      vertex -66.321 -79.2745 -3
    endloop
  endfacet
  facet normal 0 0 -1
    outer loop
      vertex -66.468 -89.0955 -3
      vertex -66.6151 -79.2745 -3
      vertex -66.468 -79.2817 -3
    endloop
  endfacet
  facet normal 0 0 -1
    outer loop
      vertex -66.468 -89.0955 -3
      vertex -66.7607 -79.2529 -3
      vertex -66.6151 -79.2745 -3
    endloop
  endfacet
  facet normal 0 0 -1
    outer loop
      vertex -66.468 -89.0955 -3
      vertex -66.9035 -79.2172 -3
      vertex -66.7607 -79.2529 -3
    endloop
  endfacet
  facet normal 0 0 -1
    outer loop
      vertex -66.468 -89.0955 -3
      vertex -67.0421 -79.1676 -3
      vertex -66.9035 -79.2172 -3
    endloop
  endfacet
  facet normal 0 0 -1
    outer loop
      vertex -66.468 -89.0955 -3
      vertex -67.1751 -79.1046 -3
      vertex -67.0421 -79.1676 -3
    endloop
  endfacet
  facet normal 0 0 -1
    outer loop
      vertex -66.468 -89.0955 -3
      vertex -67.3014 -79.0289 -3
      vertex -67.1751 -79.1046 -3
    endloop
  endfacet
  facet normal 0 0 -1
    outer loop
      vertex -76.5345 -88.2621 -3
      vertex -67.3014 -79.0289 -3
      vertex -66.468 -89.0955 -3
    endloop
  endfacet
  facet normal -0 0 -1
    outer loop
      vertex -67.3014 -79.0289 -3
      vertex -76.5345 -88.2621 -3
      vertex -67.4196 -78.9413 -3
    endloop
  endfacet
  facet normal 0 0 -1
    outer loop
      vertex -76.6222 -88.1439 -3
      vertex -67.4196 -78.9413 -3
      vertex -76.5345 -88.2621 -3
    endloop
  endfacet
  facet normal 0 0 -1
    outer loop
      vertex -76.5345 -88.2621 -3
      vertex -66.468 -89.0955 -3
      vertex -67.6315 -90.1499 -3
    endloop
  endfacet
  facet normal -0 0 -1
    outer loop
      vertex -67.4196 -78.9413 -3
      vertex -76.6222 -88.1439 -3
      vertex -67.5287 -78.8424 -3
    endloop
  endfacet
  facet normal 0 0 -1
    outer loop
      vertex -76.7211 -88.0348 -3
      vertex -67.5287 -78.8424 -3
      vertex -76.6222 -88.1439 -3
    endloop
  endfacet
  facet normal -0 0 -1
    outer loop
      vertex -67.5287 -78.8424 -3
      vertex -76.7211 -88.0348 -3
      vertex -67.6276 -78.7333 -3
    endloop
  endfacet
  facet normal 0 0 -1
    outer loop
      vertex -76.8302 -87.9359 -3
      vertex -67.6276 -78.7333 -3
      vertex -76.7211 -88.0348 -3
    endloop
  endfacet
  facet normal -0 0 -1
    outer loop
      vertex -67.6276 -78.7333 -3
      vertex -76.8302 -87.9359 -3
      vertex -67.7152 -78.6151 -3
    endloop
  endfacet
  facet normal 0 0 -1
    outer loop
      vertex -76.9484 -87.8483 -3
      vertex -67.7152 -78.6151 -3
      vertex -76.8302 -87.9359 -3
    endloop
  endfacet
  facet normal -0 0 -1
    outer loop
      vertex -67.7152 -78.6151 -3
      vertex -76.9484 -87.8483 -3
      vertex -67.7909 -78.4888 -3
    endloop
  endfacet
  facet normal 0 0 -1
    outer loop
      vertex -76.3959 -88.5214 -3
      vertex -67.6315 -90.1499 -3
      vertex -68.8926 -91.0853 -3
    endloop
  endfacet
  facet normal 0 0 -1
    outer loop
      vertex -77.9288 -87.6027 -3
      vertex -87.6027 -77.9288 -3
      vertex -87.5955 -77.7817 -3
    endloop
  endfacet
  facet normal 0 0 -1
    outer loop
      vertex -79.029 -88.2621 -3
      vertex -87.6243 -78.0744 -3
      vertex -87.6027 -77.9288 -3
    endloop
  endfacet
  facet normal 0 0 -1
    outer loop
      vertex -79.029 -88.2621 -3
      vertex -87.66 -78.2172 -3
      vertex -87.6243 -78.0744 -3
    endloop
  endfacet
  facet normal 0 0 -1
    outer loop
      vertex -79.029 -88.2621 -3
      vertex -87.7096 -78.3558 -3
      vertex -87.66 -78.2172 -3
    endloop
  endfacet
  facet normal 0 0 -1
    outer loop
      vertex -79.029 -88.2621 -3
      vertex -87.7726 -78.4888 -3
      vertex -87.7096 -78.3558 -3
    endloop
  endfacet
  facet normal 0 0 -1
    outer loop
      vertex -79.029 -88.2621 -3
      vertex -87.8483 -78.6151 -3
      vertex -87.7726 -78.4888 -3
    endloop
  endfacet
  facet normal 0 0 -1
    outer loop
      vertex -89.0955 -89.0955 -3
      vertex -79.029 -88.2621 -3
      vertex -87.932 -90.1499 -3
    endloop
  endfacet
  facet normal 0 0 -1
    outer loop
      vertex -79.029 -88.2621 -3
      vertex -87.9359 -78.7333 -3
      vertex -87.8483 -78.6151 -3
    endloop
  endfacet
  facet normal 0 0 -1
    outer loop
      vertex -79.029 -88.2621 -3
      vertex -88.0348 -78.8424 -3
      vertex -87.9359 -78.7333 -3
    endloop
  endfacet
  facet normal 0 0 -1
    outer loop
      vertex -79.029 -88.2621 -3
      vertex -88.1439 -78.9413 -3
      vertex -88.0348 -78.8424 -3
    endloop
  endfacet
  facet normal 0 -0 -1
    outer loop
      vertex -88.2621 -79.029 -3
      vertex -79.029 -88.2621 -3
      vertex -89.0955 -89.0955 -3
    endloop
  endfacet
  facet normal 0 0 -1
    outer loop
      vertex -79.029 -88.2621 -3
      vertex -88.2621 -79.029 -3
      vertex -88.1439 -78.9413 -3
    endloop
  endfacet
  facet normal 0 0 -1
    outer loop
      vertex -90.1499 -87.932 -3
      vertex -88.2621 -79.029 -3
      vertex -89.0955 -89.0955 -3
    endloop
  endfacet
  facet normal 0 0 -1
    outer loop
      vertex -88.2621 -79.029 -3
      vertex -90.1499 -87.932 -3
      vertex -88.3884 -79.1046 -3
    endloop
  endfacet
  facet normal 0 0 -1
    outer loop
      vertex -88.3884 -79.1046 -3
      vertex -90.1499 -87.932 -3
      vertex -88.5214 -79.1676 -3
    endloop
  endfacet
  facet normal 0 0 -1
    outer loop
      vertex -91.0853 -86.6709 -3
      vertex -88.5214 -79.1676 -3
      vertex -90.1499 -87.932 -3
    endloop
  endfacet
  facet normal 0 0 -1
    outer loop
      vertex -88.5214 -79.1676 -3
      vertex -91.0853 -86.6709 -3
      vertex -88.66 -79.2172 -3
    endloop
  endfacet
  facet normal 0 0 -1
    outer loop
      vertex -88.66 -79.2172 -3
      vertex -91.0853 -86.6709 -3
      vertex -88.8028 -79.2529 -3
    endloop
  endfacet
  facet normal 0 0 -1
    outer loop
      vertex -91.8925 -85.3241 -3
      vertex -88.8028 -79.2529 -3
      vertex -91.0853 -86.6709 -3
    endloop
  endfacet
  facet normal 0 0 -1
    outer loop
      vertex -88.8028 -79.2529 -3
      vertex -91.8925 -85.3241 -3
      vertex -88.9484 -79.2745 -3
    endloop
  endfacet
  facet normal 0 0 -1
    outer loop
      vertex -88.9484 -79.2745 -3
      vertex -91.8925 -85.3241 -3
      vertex -89.0955 -79.2817 -3
    endloop
  endfacet
  facet normal 0 0 -1
    outer loop
      vertex -92.5638 -83.9047 -3
      vertex -89.0955 -79.2817 -3
      vertex -91.8925 -85.3241 -3
    endloop
  endfacet
  facet normal -0 0 -1
    outer loop
      vertex -89.0955 -79.2817 -3
      vertex -92.5638 -83.9047 -3
      vertex -89.2425 -79.2745 -3
    endloop
  endfacet
  facet normal -0 0 -1
    outer loop
      vertex -89.2425 -79.2745 -3
      vertex -92.5638 -83.9047 -3
      vertex -89.3881 -79.2529 -3
    endloop
  endfacet
  facet normal 0 0 -1
    outer loop
      vertex -93.0928 -82.4263 -3
      vertex -89.3881 -79.2529 -3
      vertex -92.5638 -83.9047 -3
    endloop
  endfacet
  facet normal -0 0 -1
    outer loop
      vertex -89.3881 -79.2529 -3
      vertex -93.0928 -82.4263 -3
      vertex -89.5309 -79.2172 -3
    endloop
  endfacet
  facet normal -0 0 -1
    outer loop
      vertex -89.5309 -79.2172 -3
      vertex -93.0928 -82.4263 -3
      vertex -89.6695 -79.1676 -3
    endloop
  endfacet
  facet normal -0 0 -1
    outer loop
      vertex -89.6695 -79.1676 -3
      vertex -93.0928 -82.4263 -3
      vertex -89.8026 -79.1046 -3
    endloop
  endfacet
  facet normal -0 0 -1
    outer loop
      vertex -89.8026 -79.1046 -3
      vertex -93.0928 -82.4263 -3
      vertex -89.9288 -79.029 -3
    endloop
  endfacet
  facet normal 0 0 -1
    outer loop
      vertex -93.4743 -80.9032 -3
      vertex -89.9288 -79.029 -3
      vertex -93.0928 -82.4263 -3
    endloop
  endfacet
  facet normal -0 0 -1
    outer loop
      vertex -89.9288 -79.029 -3
      vertex -93.4743 -80.9032 -3
      vertex -90.047 -78.9413 -3
    endloop
  endfacet
  facet normal -0 0 -1
    outer loop
      vertex -90.047 -78.9413 -3
      vertex -93.4743 -80.9032 -3
      vertex -90.1561 -78.8424 -3
    endloop
  endfacet
  facet normal -0 0 -1
    outer loop
      vertex -90.1561 -78.8424 -3
      vertex -93.4743 -80.9032 -3
      vertex -90.255 -78.7333 -3
    endloop
  endfacet
  facet normal 0 0 -1
    outer loop
      vertex -93.7047 -79.35 -3
      vertex -90.255 -78.7333 -3
      vertex -93.4743 -80.9032 -3
    endloop
  endfacet
  facet normal -0 0 -1
    outer loop
      vertex -90.255 -78.7333 -3
      vertex -93.7047 -79.35 -3
      vertex -90.3427 -78.6151 -3
    endloop
  endfacet
  facet normal -0 0 -1
    outer loop
      vertex -90.3427 -78.6151 -3
      vertex -93.7047 -79.35 -3
      vertex -90.4183 -78.4888 -3
    endloop
  endfacet
  facet normal 0 0 -1
    outer loop
      vertex -87.8483 78.6151 -3
      vertex -78.6151 87.8483 -3
      vertex -87.7726 78.4888 -3
    endloop
  endfacet
  facet normal -0 0 -1
    outer loop
      vertex -78.6151 87.8483 -3
      vertex -87.8483 78.6151 -3
      vertex -78.7333 87.9359 -3
    endloop
  endfacet
  facet normal 0 0 -1
    outer loop
      vertex -87.9359 78.7333 -3
      vertex -78.7333 87.9359 -3
      vertex -87.8483 78.6151 -3
    endloop
  endfacet
  facet normal -0 0 -1
    outer loop
      vertex -78.7333 87.9359 -3
      vertex -87.9359 78.7333 -3
      vertex -78.8424 88.0348 -3
    endloop
  endfacet
  facet normal 0 0 -1
    outer loop
      vertex -88.0348 78.8424 -3
      vertex -78.8424 88.0348 -3
      vertex -87.9359 78.7333 -3
    endloop
  endfacet
  facet normal -0 0 -1
    outer loop
      vertex -78.8424 88.0348 -3
      vertex -88.0348 78.8424 -3
      vertex -78.9413 88.1439 -3
    endloop
  endfacet
  facet normal 0 0 -1
    outer loop
      vertex -88.1439 78.9413 -3
      vertex -78.9413 88.1439 -3
      vertex -88.0348 78.8424 -3
    endloop
  endfacet
  facet normal -0 0 -1
    outer loop
      vertex -78.9413 88.1439 -3
      vertex -88.1439 78.9413 -3
      vertex -79.029 88.2621 -3
    endloop
  endfacet
  facet normal 0 0 -1
    outer loop
      vertex -79.029 88.2621 -3
      vertex -87.932 90.1499 -3
      vertex -86.6709 91.0853 -3
    endloop
  endfacet
  facet normal 0 0 -1
    outer loop
      vertex -88.2621 79.029 -3
      vertex -79.029 88.2621 -3
      vertex -88.1439 78.9413 -3
    endloop
  endfacet
  facet normal -0 0 -1
    outer loop
      vertex -79.029 88.2621 -3
      vertex -88.2621 79.029 -3
      vertex -89.0955 89.0955 -3
    endloop
  endfacet
  facet normal 0 0 -1
    outer loop
      vertex -90.1499 87.932 -3
      vertex -88.2621 79.029 -3
      vertex -88.3884 79.1046 -3
    endloop
  endfacet
  facet normal 0 0 -1
    outer loop
      vertex -90.1499 87.932 -3
      vertex -88.3884 79.1046 -3
      vertex -88.5214 79.1676 -3
    endloop
  endfacet
  facet normal 0 0 -1
    outer loop
      vertex -91.0853 86.6709 -3
      vertex -88.5214 79.1676 -3
      vertex -88.66 79.2172 -3
    endloop
  endfacet
  facet normal 0 0 -1
    outer loop
      vertex -91.0853 86.6709 -3
      vertex -88.66 79.2172 -3
      vertex -88.8028 79.2529 -3
    endloop
  endfacet
  facet normal 0 0 -1
    outer loop
      vertex -91.8925 85.3241 -3
      vertex -88.8028 79.2529 -3
      vertex -88.9484 79.2745 -3
    endloop
  endfacet
  facet normal 0 0 -1
    outer loop
      vertex -91.8925 85.3241 -3
      vertex -88.9484 79.2745 -3
      vertex -89.0955 79.2817 -3
    endloop
  endfacet
  facet normal 0 0 -1
    outer loop
      vertex -79.029 88.2621 -3
      vertex -89.0955 89.0955 -3
      vertex -87.932 90.1499 -3
    endloop
  endfacet
  facet normal 0 0 -1
    outer loop
      vertex -92.5638 83.9047 -3
      vertex -89.0955 79.2817 -3
      vertex -89.2425 79.2745 -3
    endloop
  endfacet
  facet normal 0 0 -1
    outer loop
      vertex -92.5638 83.9047 -3
      vertex -89.2425 79.2745 -3
      vertex -89.3881 79.2529 -3
    endloop
  endfacet
  facet normal 0 0 -1
    outer loop
      vertex -93.0928 82.4263 -3
      vertex -89.3881 79.2529 -3
      vertex -89.5309 79.2172 -3
    endloop
  endfacet
  facet normal 0 0 -1
    outer loop
      vertex -93.0928 82.4263 -3
      vertex -89.5309 79.2172 -3
      vertex -89.6695 79.1676 -3
    endloop
  endfacet
  facet normal 0 0 -1
    outer loop
      vertex -93.0928 82.4263 -3
      vertex -89.6695 79.1676 -3
      vertex -89.8026 79.1046 -3
    endloop
  endfacet
  facet normal 0 0 -1
    outer loop
      vertex -93.0928 82.4263 -3
      vertex -89.8026 79.1046 -3
      vertex -89.9288 79.029 -3
    endloop
  endfacet
  facet normal 0 0 -1
    outer loop
      vertex -93.4743 80.9032 -3
      vertex -89.9288 79.029 -3
      vertex -90.047 78.9413 -3
    endloop
  endfacet
  facet normal 0 0 -1
    outer loop
      vertex -88.2621 79.029 -3
      vertex -90.1499 87.932 -3
      vertex -89.0955 89.0955 -3
    endloop
  endfacet
  facet normal 0 0 -1
    outer loop
      vertex -93.4743 80.9032 -3
      vertex -90.047 78.9413 -3
      vertex -90.1561 78.8424 -3
    endloop
  endfacet
  facet normal 0 0 -1
    outer loop
      vertex -93.4743 80.9032 -3
      vertex -90.1561 78.8424 -3
      vertex -90.255 78.7333 -3
    endloop
  endfacet
  facet normal 0 0 -1
    outer loop
      vertex -93.7047 79.35 -3
      vertex -90.255 78.7333 -3
      vertex -90.3427 78.6151 -3
    endloop
  endfacet
  facet normal 0 0 -1
    outer loop
      vertex -93.7047 79.35 -3
      vertex -90.3427 78.6151 -3
      vertex -90.4183 78.4888 -3
    endloop
  endfacet
  facet normal 0 0 -1
    outer loop
      vertex -93.7047 79.35 -3
      vertex -90.4183 78.4888 -3
      vertex -90.4813 78.3558 -3
    endloop
  endfacet
  facet normal 0 0 -1
    outer loop
      vertex -93.7047 79.35 -3
      vertex -90.4813 78.3558 -3
      vertex -90.5309 78.2172 -3
    endloop
  endfacet
  facet normal 0 0 -1
    outer loop
      vertex -93.7047 79.35 -3
      vertex -90.5309 78.2172 -3
      vertex -90.5666 78.0744 -3
    endloop
  endfacet
  facet normal 0 0 -1
    outer loop
      vertex -93.7817 77.7817 -3
      vertex -90.5666 78.0744 -3
      vertex -90.5882 77.9288 -3
    endloop
  endfacet
  facet normal 0 0 -1
    outer loop
      vertex -93.7817 77.7817 -3
      vertex -90.5882 77.9288 -3
      vertex -90.5955 77.7817 -3
    endloop
  endfacet
  facet normal -0 0 -1
    outer loop
      vertex -90.4183 77.0747 -3
      vertex -93.7047 76.2135 -3
      vertex -90.4813 77.2077 -3
    endloop
  endfacet
  facet normal 0 0 -1
    outer loop
      vertex -88.5214 79.1676 -3
      vertex -91.0853 86.6709 -3
      vertex -90.1499 87.932 -3
    endloop
  endfacet
  facet normal -0 0 -1
    outer loop
      vertex -90.4813 77.2077 -3
      vertex -93.7047 76.2135 -3
      vertex -90.5309 77.3463 -3
    endloop
  endfacet
  facet normal 0 0 -1
    outer loop
      vertex -88.8028 79.2529 -3
      vertex -91.8925 85.3241 -3
      vertex -91.0853 86.6709 -3
    endloop
  endfacet
  facet normal -0 0 -1
    outer loop
      vertex -90.5309 77.3463 -3
      vertex -93.7047 76.2135 -3
      vertex -90.5666 77.4891 -3
    endloop
  endfacet
  facet normal 0 0 -1
    outer loop
      vertex -89.0955 79.2817 -3
      vertex -92.5638 83.9047 -3
      vertex -91.8925 85.3241 -3
    endloop
  endfacet
  facet normal 0 0 -1
    outer loop
      vertex -93.7817 77.7817 -3
      vertex -90.5666 77.4891 -3
      vertex -93.7047 76.2135 -3
    endloop
  endfacet
  facet normal 0 0 -1
    outer loop
      vertex -89.3881 79.2529 -3
      vertex -93.0928 82.4263 -3
      vertex -92.5638 83.9047 -3
    endloop
  endfacet
  facet normal 0 0 -1
    outer loop
      vertex -90.5666 77.4891 -3
      vertex -93.7817 77.7817 -3
      vertex -90.5882 77.6347 -3
    endloop
  endfacet
  facet normal 0 0 -1
    outer loop
      vertex -89.9288 79.029 -3
      vertex -93.4743 80.9032 -3
      vertex -93.0928 82.4263 -3
    endloop
  endfacet
  facet normal 0 0 -1
    outer loop
      vertex -90.5882 77.6347 -3
      vertex -93.7817 77.7817 -3
      vertex -90.5955 77.7817 -3
    endloop
  endfacet
  facet normal 0 0 -1
    outer loop
      vertex -90.255 78.7333 -3
      vertex -93.7047 79.35 -3
      vertex -93.4743 80.9032 -3
    endloop
  endfacet
  facet normal -0 0 -1
    outer loop
      vertex -90.5666 78.0744 -3
      vertex -93.7817 77.7817 -3
      vertex -93.7047 79.35 -3
    endloop
  endfacet
  facet normal 0 0 -1
    outer loop
      vertex -76.8302 67.6276 -3
      vertex -67.6276 76.8302 -3
      vertex -76.7211 67.5287 -3
    endloop
  endfacet
  facet normal 0 0 -1
    outer loop
      vertex -67.968 77.7817 -3
      vertex -76.289 88.9484 -3
      vertex -76.2817 89.0955 -3
    endloop
  endfacet
  facet normal -0 0 -1
    outer loop
      vertex -67.6276 76.8302 -3
      vertex -76.8302 67.6276 -3
      vertex -67.7152 76.9484 -3
    endloop
  endfacet
  facet normal 0 0 -1
    outer loop
      vertex -67.968 77.7817 -3
      vertex -76.3106 88.8028 -3
      vertex -76.289 88.9484 -3
    endloop
  endfacet
  facet normal 0 0 -1
    outer loop
      vertex -76.9484 67.7152 -3
      vertex -67.7152 76.9484 -3
      vertex -76.8302 67.6276 -3
    endloop
  endfacet
  facet normal 0 0 -1
    outer loop
      vertex -67.968 77.7817 -3
      vertex -76.3463 88.66 -3
      vertex -76.3106 88.8028 -3
    endloop
  endfacet
  facet normal -0 0 -1
    outer loop
      vertex -67.7152 76.9484 -3
      vertex -76.9484 67.7152 -3
      vertex -67.7909 77.0747 -3
    endloop
  endfacet
  facet normal 0 0 -1
    outer loop
      vertex -67.968 77.7817 -3
      vertex -76.3959 88.5214 -3
      vertex -76.3463 88.66 -3
    endloop
  endfacet
  facet normal 0 0 -1
    outer loop
      vertex -77.0747 67.7909 -3
      vertex -67.7909 77.0747 -3
      vertex -76.9484 67.7152 -3
    endloop
  endfacet
  facet normal 0 0 -1
    outer loop
      vertex -67.968 77.7817 -3
      vertex -76.4589 88.3884 -3
      vertex -76.3959 88.5214 -3
    endloop
  endfacet
  facet normal -0 0 -1
    outer loop
      vertex -67.7909 77.0747 -3
      vertex -77.0747 67.7909 -3
      vertex -67.8539 77.2077 -3
    endloop
  endfacet
  facet normal 0 0 -1
    outer loop
      vertex -67.968 77.7817 -3
      vertex -76.5345 88.2621 -3
      vertex -76.4589 88.3884 -3
    endloop
  endfacet
  facet normal 0 0 -1
    outer loop
      vertex -77.2077 67.8539 -3
      vertex -67.8539 77.2077 -3
      vertex -77.0747 67.7909 -3
    endloop
  endfacet
  facet normal 0 0 -1
    outer loop
      vertex -67.968 77.7817 -3
      vertex -76.6222 88.1439 -3
      vertex -76.5345 88.2621 -3
    endloop
  endfacet
  facet normal -0 0 -1
    outer loop
      vertex -67.8539 77.2077 -3
      vertex -77.2077 67.8539 -3
      vertex -67.9035 77.3463 -3
    endloop
  endfacet
  facet normal 0 0 -1
    outer loop
      vertex -67.968 77.7817 -3
      vertex -76.7211 88.0348 -3
      vertex -76.6222 88.1439 -3
    endloop
  endfacet
  facet normal 0 0 -1
    outer loop
      vertex -77.3463 67.9035 -3
      vertex -67.9035 77.3463 -3
      vertex -77.2077 67.8539 -3
    endloop
  endfacet
  facet normal 0 0 -1
    outer loop
      vertex -67.968 77.7817 -3
      vertex -76.8302 87.9359 -3
      vertex -76.7211 88.0348 -3
    endloop
  endfacet
  facet normal -0 0 -1
    outer loop
      vertex -67.9035 77.3463 -3
      vertex -77.3463 67.9035 -3
      vertex -67.9392 77.4891 -3
    endloop
  endfacet
  facet normal 0 0 -1
    outer loop
      vertex -67.968 77.7817 -3
      vertex -76.9484 87.8483 -3
      vertex -76.8302 87.9359 -3
    endloop
  endfacet
  facet normal 0 0 -1
    outer loop
      vertex -77.4891 67.9392 -3
      vertex -67.9392 77.4891 -3
      vertex -77.3463 67.9035 -3
    endloop
  endfacet
  facet normal 0 0 -1
    outer loop
      vertex -67.968 77.7817 -3
      vertex -77.0747 87.7726 -3
      vertex -76.9484 87.8483 -3
    endloop
  endfacet
  facet normal -0 0 -1
    outer loop
      vertex -67.9392 77.4891 -3
      vertex -77.4891 67.9392 -3
      vertex -67.9608 77.6347 -3
    endloop
  endfacet
  facet normal 0 0 -1
    outer loop
      vertex -67.968 77.7817 -3
      vertex -77.2077 87.7096 -3
      vertex -77.0747 87.7726 -3
    endloop
  endfacet
  facet normal 0 0 -1
    outer loop
      vertex -77.6347 67.9608 -3
      vertex -67.9608 77.6347 -3
      vertex -77.4891 67.9392 -3
    endloop
  endfacet
  facet normal 0 0 -1
    outer loop
      vertex -67.968 77.7817 -3
      vertex -77.3463 87.66 -3
      vertex -77.2077 87.7096 -3
    endloop
  endfacet
  facet normal -0 0 -1
    outer loop
      vertex -67.9608 77.6347 -3
      vertex -77.6347 67.9608 -3
      vertex -67.968 77.7817 -3
    endloop
  endfacet
  facet normal 0 0 -1
    outer loop
      vertex -67.968 77.7817 -3
      vertex -77.4891 87.6243 -3
      vertex -77.3463 87.66 -3
    endloop
  endfacet
  facet normal 0 0 -1
    outer loop
      vertex -77.7817 67.968 -3
      vertex -67.968 77.7817 -3
      vertex -77.6347 67.9608 -3
    endloop
  endfacet
  facet normal 0 0 -1
    outer loop
      vertex -67.968 77.7817 -3
      vertex -77.6347 87.6027 -3
      vertex -77.4891 87.6243 -3
    endloop
  endfacet
  facet normal 0 0 -1
    outer loop
      vertex -77.7817 87.5955 -3
      vertex -67.968 77.7817 -3
      vertex -77.7817 67.968 -3
    endloop
  endfacet
  facet normal 0 0 -1
    outer loop
      vertex -67.968 77.7817 -3
      vertex -77.7817 87.5955 -3
      vertex -77.6347 87.6027 -3
    endloop
  endfacet
  facet normal 0 0 -1
    outer loop
      vertex -87.5955 77.7817 -3
      vertex -77.7817 67.968 -3
      vertex -77.9288 67.9608 -3
    endloop
  endfacet
  facet normal 0 0 -1
    outer loop
      vertex -77.7817 67.968 -3
      vertex -87.5955 77.7817 -3
      vertex -77.7817 87.5955 -3
    endloop
  endfacet
  facet normal 0 0 -1
    outer loop
      vertex -87.6027 77.6347 -3
      vertex -77.9288 67.9608 -3
      vertex -78.0744 67.9392 -3
    endloop
  endfacet
  facet normal -0 0 -1
    outer loop
      vertex -77.7817 87.5955 -3
      vertex -87.5955 77.7817 -3
      vertex -77.9288 87.6027 -3
    endloop
  endfacet
  facet normal 0 0 -1
    outer loop
      vertex -87.6243 77.4891 -3
      vertex -78.0744 67.9392 -3
      vertex -78.2172 67.9035 -3
    endloop
  endfacet
  facet normal 0 0 -1
    outer loop
      vertex -87.6027 77.9288 -3
      vertex -77.9288 87.6027 -3
      vertex -87.5955 77.7817 -3
    endloop
  endfacet
  facet normal 0 0 -1
    outer loop
      vertex -87.66 77.3463 -3
      vertex -78.2172 67.9035 -3
      vertex -78.3558 67.8539 -3
    endloop
  endfacet
  facet normal -0 0 -1
    outer loop
      vertex -77.9288 87.6027 -3
      vertex -87.6027 77.9288 -3
      vertex -78.0744 87.6243 -3
    endloop
  endfacet
  facet normal 0 0 -1
    outer loop
      vertex -87.7096 77.2077 -3
      vertex -78.3558 67.8539 -3
      vertex -78.4888 67.7909 -3
    endloop
  endfacet
  facet normal 0 0 -1
    outer loop
      vertex -87.6243 78.0744 -3
      vertex -78.0744 87.6243 -3
      vertex -87.6027 77.9288 -3
    endloop
  endfacet
  facet normal 0 0 -1
    outer loop
      vertex -87.7726 77.0747 -3
      vertex -78.4888 67.7909 -3
      vertex -78.6151 67.7152 -3
    endloop
  endfacet
  facet normal -0 0 -1
    outer loop
      vertex -78.0744 87.6243 -3
      vertex -87.6243 78.0744 -3
      vertex -78.2172 87.66 -3
    endloop
  endfacet
  facet normal 0 0 -1
    outer loop
      vertex -87.8483 76.9484 -3
      vertex -78.6151 67.7152 -3
      vertex -78.7333 67.6276 -3
    endloop
  endfacet
  facet normal 0 0 -1
    outer loop
      vertex -87.66 78.2172 -3
      vertex -78.2172 87.66 -3
      vertex -87.6243 78.0744 -3
    endloop
  endfacet
  facet normal 0 0 -1
    outer loop
      vertex -87.9359 76.8302 -3
      vertex -78.7333 67.6276 -3
      vertex -78.8424 67.5287 -3
    endloop
  endfacet
  facet normal -0 0 -1
    outer loop
      vertex -78.2172 87.66 -3
      vertex -87.66 78.2172 -3
      vertex -78.3558 87.7096 -3
    endloop
  endfacet
  facet normal 0 0 -1
    outer loop
      vertex -88.0348 76.7211 -3
      vertex -78.8424 67.5287 -3
      vertex -78.9413 67.4196 -3
    endloop
  endfacet
  facet normal 0 0 -1
    outer loop
      vertex -87.7096 78.3558 -3
      vertex -78.3558 87.7096 -3
      vertex -87.66 78.2172 -3
    endloop
  endfacet
  facet normal 0 0 -1
    outer loop
      vertex -88.1439 76.6222 -3
      vertex -78.9413 67.4196 -3
      vertex -79.0289 67.3014 -3
    endloop
  endfacet
  facet normal -0 0 -1
    outer loop
      vertex -78.3558 87.7096 -3
      vertex -87.7096 78.3558 -3
      vertex -78.4888 87.7726 -3
    endloop
  endfacet
  facet normal 0 0 -1
    outer loop
      vertex -89.0955 66.468 -3
      vertex -79.0289 67.3014 -3
      vertex -79.1046 67.1751 -3
    endloop
  endfacet
  facet normal 0 0 -1
    outer loop
      vertex -87.7726 78.4888 -3
      vertex -78.4888 87.7726 -3
      vertex -87.7096 78.3558 -3
    endloop
  endfacet
  facet normal 0 0 -1
    outer loop
      vertex -89.0955 66.468 -3
      vertex -79.1046 67.1751 -3
      vertex -79.1676 67.0421 -3
    endloop
  endfacet
  facet normal -0 0 -1
    outer loop
      vertex -78.4888 87.7726 -3
      vertex -87.7726 78.4888 -3
      vertex -78.6151 87.8483 -3
    endloop
  endfacet
  facet normal 0 0 -1
    outer loop
      vertex -89.0955 66.468 -3
      vertex -79.1676 67.0421 -3
      vertex -79.2172 66.9035 -3
    endloop
  endfacet
  facet normal 0 0 -1
    outer loop
      vertex -79.029 88.2621 -3
      vertex -86.6709 91.0853 -3
      vertex -79.1046 88.3884 -3
    endloop
  endfacet
  facet normal 0 0 -1
    outer loop
      vertex -89.0955 66.468 -3
      vertex -79.2172 66.9035 -3
      vertex -79.2529 66.7607 -3
    endloop
  endfacet
  facet normal 0 0 -1
    outer loop
      vertex -79.1046 88.3884 -3
      vertex -86.6709 91.0853 -3
      vertex -79.1676 88.5214 -3
    endloop
  endfacet
  facet normal 0 0 -1
    outer loop
      vertex -89.0955 66.468 -3
      vertex -79.2529 66.7607 -3
      vertex -79.2745 66.6151 -3
    endloop
  endfacet
  facet normal 0 0 -1
    outer loop
      vertex -79.1676 88.5214 -3
      vertex -86.6709 91.0853 -3
      vertex -79.2172 88.66 -3
    endloop
  endfacet
  facet normal 0 0 -1
    outer loop
      vertex -89.0955 66.468 -3
      vertex -79.2745 66.6151 -3
      vertex -79.2817 66.468 -3
    endloop
  endfacet
  facet normal 0 0 -1
    outer loop
      vertex -79.2172 88.66 -3
      vertex -86.6709 91.0853 -3
      vertex -79.2529 88.8028 -3
    endloop
  endfacet
  facet normal 0 0 -1
    outer loop
      vertex -76.3463 -88.66 -3
      vertex -68.8926 -91.0853 -3
      vertex -76.3106 -88.8028 -3
    endloop
  endfacet
  facet normal 0 0 -1
    outer loop
      vertex -67.968 -77.7817 -3
      vertex -76.289 -66.6151 -3
      vertex -76.2817 -66.468 -3
    endloop
  endfacet
  facet normal 0 0 -1
    outer loop
      vertex -76.3959 -88.5214 -3
      vertex -68.8926 -91.0853 -3
      vertex -76.3463 -88.66 -3
    endloop
  endfacet
  facet normal 0 0 -1
    outer loop
      vertex -67.968 -77.7817 -3
      vertex -76.3106 -66.7607 -3
      vertex -76.289 -66.6151 -3
    endloop
  endfacet
  facet normal 0 0 -1
    outer loop
      vertex -67.6315 -90.1499 -3
      vertex -76.3959 -88.5214 -3
      vertex -76.4589 -88.3884 -3
    endloop
  endfacet
  facet normal 0 0 -1
    outer loop
      vertex -67.968 -77.7817 -3
      vertex -76.3463 -66.9035 -3
      vertex -76.3106 -66.7607 -3
    endloop
  endfacet
  facet normal 0 0 -1
    outer loop
      vertex -67.6315 -90.1499 -3
      vertex -76.4589 -88.3884 -3
      vertex -76.5345 -88.2621 -3
    endloop
  endfacet
  facet normal 0 0 -1
    outer loop
      vertex -67.968 -77.7817 -3
      vertex -76.3959 -67.0421 -3
      vertex -76.3463 -66.9035 -3
    endloop
  endfacet
  facet normal 0 0 -1
    outer loop
      vertex -77.0747 -87.7726 -3
      vertex -67.7909 -78.4888 -3
      vertex -76.9484 -87.8483 -3
    endloop
  endfacet
  facet normal 0 0 -1
    outer loop
      vertex -67.968 -77.7817 -3
      vertex -76.4589 -67.1751 -3
      vertex -76.3959 -67.0421 -3
    endloop
  endfacet
  facet normal -0 0 -1
    outer loop
      vertex -67.7909 -78.4888 -3
      vertex -77.0747 -87.7726 -3
      vertex -67.8539 -78.3558 -3
    endloop
  endfacet
  facet normal 0 0 -1
    outer loop
      vertex -67.968 -77.7817 -3
      vertex -76.5345 -67.3014 -3
      vertex -76.4589 -67.1751 -3
    endloop
  endfacet
  facet normal 0 0 -1
    outer loop
      vertex -77.2077 -87.7096 -3
      vertex -67.8539 -78.3558 -3
      vertex -77.0747 -87.7726 -3
    endloop
  endfacet
  facet normal 0 0 -1
    outer loop
      vertex -67.968 -77.7817 -3
      vertex -76.6222 -67.4196 -3
      vertex -76.5345 -67.3014 -3
    endloop
  endfacet
  facet normal -0 0 -1
    outer loop
      vertex -67.8539 -78.3558 -3
      vertex -77.2077 -87.7096 -3
      vertex -67.9035 -78.2172 -3
    endloop
  endfacet
  facet normal 0 0 -1
    outer loop
      vertex -67.968 -77.7817 -3
      vertex -76.7211 -67.5287 -3
      vertex -76.6222 -67.4196 -3
    endloop
  endfacet
  facet normal 0 0 -1
    outer loop
      vertex -77.3463 -87.66 -3
      vertex -67.9035 -78.2172 -3
      vertex -77.2077 -87.7096 -3
    endloop
  endfacet
  facet normal 0 0 -1
    outer loop
      vertex -67.968 -77.7817 -3
      vertex -76.8302 -67.6276 -3
      vertex -76.7211 -67.5287 -3
    endloop
  endfacet
  facet normal -0 0 -1
    outer loop
      vertex -67.9035 -78.2172 -3
      vertex -77.3463 -87.66 -3
      vertex -67.9392 -78.0744 -3
    endloop
  endfacet
  facet normal 0 0 -1
    outer loop
      vertex -67.968 -77.7817 -3
      vertex -76.9484 -67.7152 -3
      vertex -76.8302 -67.6276 -3
    endloop
  endfacet
  facet normal 0 0 -1
    outer loop
      vertex -77.4891 -87.6243 -3
      vertex -67.9392 -78.0744 -3
      vertex -77.3463 -87.66 -3
    endloop
  endfacet
  facet normal 0 0 -1
    outer loop
      vertex -67.968 -77.7817 -3
      vertex -77.0747 -67.7909 -3
      vertex -76.9484 -67.7152 -3
    endloop
  endfacet
  facet normal -0 0 -1
    outer loop
      vertex -67.9392 -78.0744 -3
      vertex -77.4891 -87.6243 -3
      vertex -67.9608 -77.9288 -3
    endloop
  endfacet
  facet normal 0 0 -1
    outer loop
      vertex -67.968 -77.7817 -3
      vertex -77.2077 -67.8539 -3
      vertex -77.0747 -67.7909 -3
    endloop
  endfacet
  facet normal 0 0 -1
    outer loop
      vertex -77.6347 -87.6027 -3
      vertex -67.9608 -77.9288 -3
      vertex -77.4891 -87.6243 -3
    endloop
  endfacet
  facet normal 0 0 -1
    outer loop
      vertex -67.968 -77.7817 -3
      vertex -77.3463 -67.9035 -3
      vertex -77.2077 -67.8539 -3
    endloop
  endfacet
  facet normal -0 0 -1
    outer loop
      vertex -67.9608 -77.9288 -3
      vertex -77.6347 -87.6027 -3
      vertex -67.968 -77.7817 -3
    endloop
  endfacet
  facet normal 0 0 -1
    outer loop
      vertex -67.968 -77.7817 -3
      vertex -77.4891 -67.9392 -3
      vertex -77.3463 -67.9035 -3
    endloop
  endfacet
  facet normal 0 0 -1
    outer loop
      vertex -77.7817 -87.5955 -3
      vertex -67.968 -77.7817 -3
      vertex -77.6347 -87.6027 -3
    endloop
  endfacet
  facet normal 0 0 -1
    outer loop
      vertex -67.968 -77.7817 -3
      vertex -77.6347 -67.9608 -3
      vertex -77.4891 -67.9392 -3
    endloop
  endfacet
  facet normal 0 0 -1
    outer loop
      vertex -77.7817 -67.968 -3
      vertex -67.968 -77.7817 -3
      vertex -77.7817 -87.5955 -3
    endloop
  endfacet
  facet normal 0 0 -1
    outer loop
      vertex -67.968 -77.7817 -3
      vertex -77.7817 -67.968 -3
      vertex -77.6347 -67.9608 -3
    endloop
  endfacet
  facet normal 0 0 -1
    outer loop
      vertex -87.5955 -77.7817 -3
      vertex -77.7817 -87.5955 -3
      vertex -77.9288 -87.6027 -3
    endloop
  endfacet
  facet normal 0 0 -1
    outer loop
      vertex -77.7817 -87.5955 -3
      vertex -87.5955 -77.7817 -3
      vertex -77.7817 -67.968 -3
    endloop
  endfacet
  facet normal 0 0 -1
    outer loop
      vertex -87.6027 -77.9288 -3
      vertex -77.9288 -87.6027 -3
      vertex -78.0744 -87.6243 -3
    endloop
  endfacet
  facet normal -0 0 -1
    outer loop
      vertex -77.7817 -67.968 -3
      vertex -87.5955 -77.7817 -3
      vertex -77.9288 -67.9608 -3
    endloop
  endfacet
  facet normal 0 0 -1
    outer loop
      vertex -87.6027 -77.9288 -3
      vertex -78.0744 -87.6243 -3
      vertex -78.2172 -87.66 -3
    endloop
  endfacet
  facet normal 0 0 -1
    outer loop
      vertex -87.6027 -77.6347 -3
      vertex -77.9288 -67.9608 -3
      vertex -87.5955 -77.7817 -3
    endloop
  endfacet
  facet normal 0 0 -1
    outer loop
      vertex -87.6027 -77.9288 -3
      vertex -78.2172 -87.66 -3
      vertex -78.3558 -87.7096 -3
    endloop
  endfacet
  facet normal -0 0 -1
    outer loop
      vertex -77.9288 -67.9608 -3
      vertex -87.6027 -77.6347 -3
      vertex -78.0744 -67.9392 -3
    endloop
  endfacet
  facet normal 0 0 -1
    outer loop
      vertex -87.6027 -77.9288 -3
      vertex -78.3558 -87.7096 -3
      vertex -78.4888 -87.7726 -3
    endloop
  endfacet
  facet normal 0 0 -1
    outer loop
      vertex -87.6243 -77.4891 -3
      vertex -78.0744 -67.9392 -3
      vertex -87.6027 -77.6347 -3
    endloop
  endfacet
  facet normal -0 0 -1
    outer loop
      vertex -78.0744 -67.9392 -3
      vertex -87.6243 -77.4891 -3
      vertex -78.2172 -67.9035 -3
    endloop
  endfacet
  facet normal 0 0 -1
    outer loop
      vertex -87.6027 -77.9288 -3
      vertex -78.4888 -87.7726 -3
      vertex -78.6151 -87.8483 -3
    endloop
  endfacet
  facet normal 0 0 -1
    outer loop
      vertex -87.6027 -77.9288 -3
      vertex -78.6151 -87.8483 -3
      vertex -78.7333 -87.9359 -3
    endloop
  endfacet
  facet normal 0 0 -1
    outer loop
      vertex -87.66 -77.3463 -3
      vertex -78.2172 -67.9035 -3
      vertex -87.6243 -77.4891 -3
    endloop
  endfacet
  facet normal 0 0 -1
    outer loop
      vertex -87.6027 -77.9288 -3
      vertex -78.7333 -87.9359 -3
      vertex -78.8424 -88.0348 -3
    endloop
  endfacet
  facet normal -0 0 -1
    outer loop
      vertex -78.2172 -67.9035 -3
      vertex -87.66 -77.3463 -3
      vertex -78.3558 -67.8539 -3
    endloop
  endfacet
  facet normal 0 0 -1
    outer loop
      vertex -87.6027 -77.9288 -3
      vertex -78.8424 -88.0348 -3
      vertex -78.9413 -88.1439 -3
    endloop
  endfacet
  facet normal 0 0 -1
    outer loop
      vertex -87.7096 -77.2077 -3
      vertex -78.3558 -67.8539 -3
      vertex -87.66 -77.3463 -3
    endloop
  endfacet
  facet normal -0 0 -1
    outer loop
      vertex -78.3558 -67.8539 -3
      vertex -87.7096 -77.2077 -3
      vertex -78.4888 -67.7909 -3
    endloop
  endfacet
  facet normal 0 0 -1
    outer loop
      vertex -87.6027 -77.9288 -3
      vertex -78.9413 -88.1439 -3
      vertex -79.029 -88.2621 -3
    endloop
  endfacet
  facet normal -0 0 -1
    outer loop
      vertex -79.1676 -88.5214 -3
      vertex -87.932 -90.1499 -3
      vertex -79.1046 -88.3884 -3
    endloop
  endfacet
  facet normal 0 0 -1
    outer loop
      vertex -87.7726 -77.0747 -3
      vertex -78.4888 -67.7909 -3
      vertex -87.7096 -77.2077 -3
    endloop
  endfacet
  facet normal 0 0 -1
    outer loop
      vertex -87.932 -90.1499 -3
      vertex -79.1676 -88.5214 -3
      vertex -86.6709 -91.0853 -3
    endloop
  endfacet
  facet normal -0 0 -1
    outer loop
      vertex -78.4888 -67.7909 -3
      vertex -87.7726 -77.0747 -3
      vertex -78.6151 -67.7152 -3
    endloop
  endfacet
  facet normal 0 0 -1
    outer loop
      vertex -86.6709 -91.0853 -3
      vertex -79.1676 -88.5214 -3
      vertex -79.2172 -88.66 -3
    endloop
  endfacet
  facet normal 0 0 -1
    outer loop
      vertex -87.8483 -76.9484 -3
      vertex -78.6151 -67.7152 -3
      vertex -87.7726 -77.0747 -3
    endloop
  endfacet
  facet normal 0 0 -1
    outer loop
      vertex -86.6709 -91.0853 -3
      vertex -79.2172 -88.66 -3
      vertex -79.2529 -88.8028 -3
    endloop
  endfacet
  facet normal -0 0 -1
    outer loop
      vertex -78.6151 -67.7152 -3
      vertex -87.8483 -76.9484 -3
      vertex -78.7333 -67.6276 -3
    endloop
  endfacet
  facet normal 0 0 -1
    outer loop
      vertex -85.3241 -91.8925 -3
      vertex -79.2529 -88.8028 -3
      vertex -79.2745 -88.9484 -3
    endloop
  endfacet
  facet normal 0 0 -1
    outer loop
      vertex -87.9359 -76.8302 -3
      vertex -78.7333 -67.6276 -3
      vertex -87.8483 -76.9484 -3
    endloop
  endfacet
  facet normal 0 0 -1
    outer loop
      vertex -85.3241 -91.8925 -3
      vertex -79.2745 -88.9484 -3
      vertex -79.2817 -89.0955 -3
    endloop
  endfacet
  facet normal -0 0 -1
    outer loop
      vertex -78.7333 -67.6276 -3
      vertex -87.9359 -76.8302 -3
      vertex -78.8424 -67.5287 -3
    endloop
  endfacet
  facet normal 0 0 -1
    outer loop
      vertex -71.6588 -92.5638 -3
      vertex -76.289 -89.2425 -3
      vertex -76.2817 -89.0955 -3
    endloop
  endfacet
  facet normal 0 0 -1
    outer loop
      vertex -74.6603 -93.4743 -3
      vertex -76.3106 -89.3881 -3
      vertex -76.289 -89.2425 -3
    endloop
  endfacet
  facet normal 0 0 -1
    outer loop
      vertex -74.6603 -93.4743 -3
      vertex -76.3463 -89.5309 -3
      vertex -76.3106 -89.3881 -3
    endloop
  endfacet
  facet normal 0 0 -1
    outer loop
      vertex -74.6603 -93.4743 -3
      vertex -76.3959 -89.6695 -3
      vertex -76.3463 -89.5309 -3
    endloop
  endfacet
  facet normal 0 0 -1
    outer loop
      vertex -74.6603 -93.4743 -3
      vertex -76.4589 -89.8026 -3
      vertex -76.3959 -89.6695 -3
    endloop
  endfacet
  facet normal 0 0 -1
    outer loop
      vertex -74.6603 -93.4743 -3
      vertex -76.5345 -89.9288 -3
      vertex -76.4589 -89.8026 -3
    endloop
  endfacet
  facet normal 0 0 -1
    outer loop
      vertex -74.6603 -93.4743 -3
      vertex -76.6222 -90.047 -3
      vertex -76.5345 -89.9288 -3
    endloop
  endfacet
  facet normal 0 0 -1
    outer loop
      vertex -74.6603 -93.4743 -3
      vertex -76.7211 -90.1561 -3
      vertex -76.6222 -90.047 -3
    endloop
  endfacet
  facet normal 0 0 -1
    outer loop
      vertex -74.6603 -93.4743 -3
      vertex -76.8302 -90.255 -3
      vertex -76.7211 -90.1561 -3
    endloop
  endfacet
  facet normal 0 0 -1
    outer loop
      vertex -76.2135 -93.7047 -3
      vertex -76.9484 -90.3427 -3
      vertex -76.8302 -90.255 -3
    endloop
  endfacet
  facet normal 0 0 -1
    outer loop
      vertex -76.2135 -93.7047 -3
      vertex -77.0747 -90.4183 -3
      vertex -76.9484 -90.3427 -3
    endloop
  endfacet
  facet normal 0 0 -1
    outer loop
      vertex -76.2135 -93.7047 -3
      vertex -77.2077 -90.4813 -3
      vertex -77.0747 -90.4183 -3
    endloop
  endfacet
  facet normal 0 0 -1
    outer loop
      vertex -76.2135 -93.7047 -3
      vertex -77.3463 -90.5309 -3
      vertex -77.2077 -90.4813 -3
    endloop
  endfacet
  facet normal 0 0 -1
    outer loop
      vertex -76.2135 -93.7047 -3
      vertex -77.4891 -90.5666 -3
      vertex -77.3463 -90.5309 -3
    endloop
  endfacet
  facet normal 0 0 -1
    outer loop
      vertex -77.7817 -93.7817 -3
      vertex -77.4891 -90.5666 -3
      vertex -76.2135 -93.7047 -3
    endloop
  endfacet
  facet normal 0 0 -1
    outer loop
      vertex -77.4891 -90.5666 -3
      vertex -77.7817 -93.7817 -3
      vertex -77.6347 -90.5882 -3
    endloop
  endfacet
  facet normal 0 0 -1
    outer loop
      vertex -77.7817 -93.7817 -3
      vertex -77.7817 -90.5955 -3
      vertex -77.6347 -90.5882 -3
    endloop
  endfacet
  facet normal 0 0 -1
    outer loop
      vertex -77.7817 -93.7817 -3
      vertex -77.9288 -90.5882 -3
      vertex -77.7817 -90.5955 -3
    endloop
  endfacet
  facet normal 0 0 -1
    outer loop
      vertex -77.7817 -93.7817 -3
      vertex -78.0744 -90.5666 -3
      vertex -77.9288 -90.5882 -3
    endloop
  endfacet
  facet normal 0 0 -1
    outer loop
      vertex -79.35 -93.7047 -3
      vertex -78.0744 -90.5666 -3
      vertex -77.7817 -93.7817 -3
    endloop
  endfacet
  facet normal -0 0 -1
    outer loop
      vertex -78.0744 -90.5666 -3
      vertex -79.35 -93.7047 -3
      vertex -78.2172 -90.5309 -3
    endloop
  endfacet
  facet normal -0 0 -1
    outer loop
      vertex -78.2172 -90.5309 -3
      vertex -79.35 -93.7047 -3
      vertex -78.3558 -90.4813 -3
    endloop
  endfacet
  facet normal -0 0 -1
    outer loop
      vertex -78.3558 -90.4813 -3
      vertex -79.35 -93.7047 -3
      vertex -78.4888 -90.4183 -3
    endloop
  endfacet
  facet normal -0 0 -1
    outer loop
      vertex -78.4888 -90.4183 -3
      vertex -79.35 -93.7047 -3
      vertex -78.6151 -90.3427 -3
    endloop
  endfacet
  facet normal -0 0 -1
    outer loop
      vertex -78.6151 -90.3427 -3
      vertex -79.35 -93.7047 -3
      vertex -78.7333 -90.255 -3
    endloop
  endfacet
  facet normal 0 0 -1
    outer loop
      vertex -80.9032 -93.4743 -3
      vertex -78.7333 -90.255 -3
      vertex -79.35 -93.7047 -3
    endloop
  endfacet
  facet normal -0 0 -1
    outer loop
      vertex -78.7333 -90.255 -3
      vertex -80.9032 -93.4743 -3
      vertex -78.8424 -90.1561 -3
    endloop
  endfacet
  facet normal -0 0 -1
    outer loop
      vertex -78.8424 -90.1561 -3
      vertex -80.9032 -93.4743 -3
      vertex -78.9413 -90.047 -3
    endloop
  endfacet
  facet normal -0 0 -1
    outer loop
      vertex -78.9413 -90.047 -3
      vertex -80.9032 -93.4743 -3
      vertex -79.029 -89.9288 -3
    endloop
  endfacet
  facet normal -0 0 -1
    outer loop
      vertex -79.029 -89.9288 -3
      vertex -80.9032 -93.4743 -3
      vertex -79.1046 -89.8026 -3
    endloop
  endfacet
  facet normal 0 0 -1
    outer loop
      vertex -83.9047 -92.5638 -3
      vertex -79.2529 -89.3881 -3
      vertex -82.4263 -93.0928 -3
    endloop
  endfacet
  facet normal -0 0 -1
    outer loop
      vertex -79.2172 -89.5309 -3
      vertex -82.4263 -93.0928 -3
      vertex -79.2529 -89.3881 -3
    endloop
  endfacet
  facet normal -0 0 -1
    outer loop
      vertex -79.1676 -89.6695 -3
      vertex -82.4263 -93.0928 -3
      vertex -79.2172 -89.5309 -3
    endloop
  endfacet
  facet normal -0 0 -1
    outer loop
      vertex -79.1046 -89.8026 -3
      vertex -82.4263 -93.0928 -3
      vertex -79.1676 -89.6695 -3
    endloop
  endfacet
  facet normal 0 0 -1
    outer loop
      vertex -82.4263 -93.0928 -3
      vertex -79.1046 -89.8026 -3
      vertex -80.9032 -93.4743 -3
    endloop
  endfacet
  facet normal -0 0 -1
    outer loop
      vertex -71.6588 92.5638 -3
      vertex -76.3106 89.3881 -3
      vertex -73.1372 93.0928 -3
    endloop
  endfacet
  facet normal 0 0 -1
    outer loop
      vertex -76.3463 89.5309 -3
      vertex -73.1372 93.0928 -3
      vertex -76.3106 89.3881 -3
    endloop
  endfacet
  facet normal 0 0 -1
    outer loop
      vertex -76.3959 89.6695 -3
      vertex -73.1372 93.0928 -3
      vertex -76.3463 89.5309 -3
    endloop
  endfacet
  facet normal 0 0 -1
    outer loop
      vertex -76.4589 89.8026 -3
      vertex -73.1372 93.0928 -3
      vertex -76.3959 89.6695 -3
    endloop
  endfacet
  facet normal -0 0 -1
    outer loop
      vertex -73.1372 93.0928 -3
      vertex -76.4589 89.8026 -3
      vertex -74.6603 93.4743 -3
    endloop
  endfacet
  facet normal 0 0 -1
    outer loop
      vertex -76.5345 89.9288 -3
      vertex -74.6603 93.4743 -3
      vertex -76.4589 89.8026 -3
    endloop
  endfacet
  facet normal 0 0 -1
    outer loop
      vertex -76.6222 90.047 -3
      vertex -74.6603 93.4743 -3
      vertex -76.5345 89.9288 -3
    endloop
  endfacet
  facet normal 0 0 -1
    outer loop
      vertex -76.7211 90.1561 -3
      vertex -74.6603 93.4743 -3
      vertex -76.6222 90.047 -3
    endloop
  endfacet
  facet normal 0 0 -1
    outer loop
      vertex -76.8302 90.255 -3
      vertex -74.6603 93.4743 -3
      vertex -76.7211 90.1561 -3
    endloop
  endfacet
  facet normal -0 0 -1
    outer loop
      vertex -74.6603 93.4743 -3
      vertex -76.8302 90.255 -3
      vertex -76.2135 93.7047 -3
    endloop
  endfacet
  facet normal 0 0 -1
    outer loop
      vertex -76.9484 90.3427 -3
      vertex -76.2135 93.7047 -3
      vertex -76.8302 90.255 -3
    endloop
  endfacet
  facet normal 0 0 -1
    outer loop
      vertex -77.0747 90.4183 -3
      vertex -76.2135 93.7047 -3
      vertex -76.9484 90.3427 -3
    endloop
  endfacet
  facet normal 0 0 -1
    outer loop
      vertex -77.2077 90.4813 -3
      vertex -76.2135 93.7047 -3
      vertex -77.0747 90.4183 -3
    endloop
  endfacet
  facet normal 0 0 -1
    outer loop
      vertex -77.3463 90.5309 -3
      vertex -76.2135 93.7047 -3
      vertex -77.2077 90.4813 -3
    endloop
  endfacet
  facet normal 0 0 -1
    outer loop
      vertex -77.4891 90.5666 -3
      vertex -76.2135 93.7047 -3
      vertex -77.3463 90.5309 -3
    endloop
  endfacet
  facet normal 0 0 -1
    outer loop
      vertex -77.7817 93.7817 -3
      vertex -77.4891 90.5666 -3
      vertex -77.6347 90.5882 -3
    endloop
  endfacet
  facet normal 0 0 -1
    outer loop
      vertex -77.7817 93.7817 -3
      vertex -77.6347 90.5882 -3
      vertex -77.7817 90.5955 -3
    endloop
  endfacet
  facet normal 0 0 -1
    outer loop
      vertex -77.4891 90.5666 -3
      vertex -77.7817 93.7817 -3
      vertex -76.2135 93.7047 -3
    endloop
  endfacet
  facet normal 0 0 -1
    outer loop
      vertex -77.9288 90.5882 -3
      vertex -77.7817 93.7817 -3
      vertex -77.7817 90.5955 -3
    endloop
  endfacet
  facet normal 0 0 -1
    outer loop
      vertex -78.0744 90.5666 -3
      vertex -77.7817 93.7817 -3
      vertex -77.9288 90.5882 -3
    endloop
  endfacet
  facet normal 0 0 -1
    outer loop
      vertex -79.35 93.7047 -3
      vertex -78.0744 90.5666 -3
      vertex -78.2172 90.5309 -3
    endloop
  endfacet
  facet normal 0 0 -1
    outer loop
      vertex -79.35 93.7047 -3
      vertex -78.2172 90.5309 -3
      vertex -78.3558 90.4813 -3
    endloop
  endfacet
  facet normal 0 0 -1
    outer loop
      vertex -79.35 93.7047 -3
      vertex -78.3558 90.4813 -3
      vertex -78.4888 90.4183 -3
    endloop
  endfacet
  facet normal 0 0 -1
    outer loop
      vertex -79.35 93.7047 -3
      vertex -78.4888 90.4183 -3
      vertex -78.6151 90.3427 -3
    endloop
  endfacet
  facet normal 0 0 -1
    outer loop
      vertex -79.35 93.7047 -3
      vertex -78.6151 90.3427 -3
      vertex -78.7333 90.255 -3
    endloop
  endfacet
  facet normal 0 0 -1
    outer loop
      vertex -80.9032 93.4743 -3
      vertex -78.7333 90.255 -3
      vertex -78.8424 90.1561 -3
    endloop
  endfacet
  facet normal 0 0 -1
    outer loop
      vertex -80.9032 93.4743 -3
      vertex -78.8424 90.1561 -3
      vertex -78.9413 90.047 -3
    endloop
  endfacet
  facet normal 0 0 -1
    outer loop
      vertex -80.9032 93.4743 -3
      vertex -78.9413 90.047 -3
      vertex -79.029 89.9288 -3
    endloop
  endfacet
  facet normal 0 0 -1
    outer loop
      vertex -80.9032 93.4743 -3
      vertex -79.029 89.9288 -3
      vertex -79.1046 89.8026 -3
    endloop
  endfacet
  facet normal 0 0 -1
    outer loop
      vertex -82.4263 93.0928 -3
      vertex -79.1046 89.8026 -3
      vertex -79.1676 89.6695 -3
    endloop
  endfacet
  facet normal 0 0 -1
    outer loop
      vertex -82.4263 93.0928 -3
      vertex -79.1676 89.6695 -3
      vertex -79.2172 89.5309 -3
    endloop
  endfacet
  facet normal 0 0 -1
    outer loop
      vertex -78.0744 90.5666 -3
      vertex -79.35 93.7047 -3
      vertex -77.7817 93.7817 -3
    endloop
  endfacet
  facet normal 0 0 -1
    outer loop
      vertex -82.4263 93.0928 -3
      vertex -79.2172 89.5309 -3
      vertex -79.2529 89.3881 -3
    endloop
  endfacet
  facet normal 0 0 -1
    outer loop
      vertex -83.9047 92.5638 -3
      vertex -79.2529 89.3881 -3
      vertex -79.2745 89.2425 -3
    endloop
  endfacet
  facet normal 0 0 -1
    outer loop
      vertex -83.9047 92.5638 -3
      vertex -79.2745 89.2425 -3
      vertex -79.2817 89.0955 -3
    endloop
  endfacet
  facet normal 0 0 -1
    outer loop
      vertex -27.8817 -2.40718 -3
      vertex -28 0 -3
      vertex -27.8817 2.40718 -3
    endloop
  endfacet
  facet normal 0 0 -1
    outer loop
      vertex -26.2223 -18.5502 -3
      vertex -18.5502 -26.2223 -3
      vertex -25.5 -25.5 -3
    endloop
  endfacet
  facet normal 0 0 -1
    outer loop
      vertex -27.8817 -2.40718 -3
      vertex -18.5502 -26.2223 -3
      vertex -26.2223 -18.5502 -3
    endloop
  endfacet
  facet normal 0 0 -1
    outer loop
      vertex -18.5502 -26.2223 -3
      vertex -27.8817 -2.40718 -3
      vertex -18.5502 26.2223 -3
    endloop
  endfacet
  facet normal 0 0 -1
    outer loop
      vertex -18.5502 26.2223 -3
      vertex -26.2223 18.5502 -3
      vertex -25.5 25.5 -3
    endloop
  endfacet
  facet normal 0 0 -1
    outer loop
      vertex -27.8817 2.40718 -3
      vertex -18.5502 26.2223 -3
      vertex -27.8817 -2.40718 -3
    endloop
  endfacet
  facet normal 0 0 -1
    outer loop
      vertex -54.3942 -46.7221 -3
      vertex -27.8817 -2.40718 -3
      vertex -26.2223 -18.5502 -3
    endloop
  endfacet
  facet normal 0 0 -1
    outer loop
      vertex -64.9969 -77.4891 -3
      vertex -46.7221 -54.3942 -3
      vertex -64.9753 -77.6347 -3
    endloop
  endfacet
  facet normal 0 0 -1
    outer loop
      vertex -65.0326 -77.3463 -3
      vertex -46.7221 -54.3942 -3
      vertex -64.9969 -77.4891 -3
    endloop
  endfacet
  facet normal 0 0 -1
    outer loop
      vertex -65.0822 -77.2077 -3
      vertex -46.7221 -54.3942 -3
      vertex -65.0326 -77.3463 -3
    endloop
  endfacet
  facet normal 0 0 -1
    outer loop
      vertex -65.1452 -77.0747 -3
      vertex -46.7221 -54.3942 -3
      vertex -65.0822 -77.2077 -3
    endloop
  endfacet
  facet normal 0 0 -1
    outer loop
      vertex -65.2208 -76.9484 -3
      vertex -46.7221 -54.3942 -3
      vertex -65.1452 -77.0747 -3
    endloop
  endfacet
  facet normal 0 0 -1
    outer loop
      vertex -65.3085 -76.8302 -3
      vertex -46.7221 -54.3942 -3
      vertex -65.2208 -76.9484 -3
    endloop
  endfacet
  facet normal 0 0 -1
    outer loop
      vertex -65.4074 -76.7211 -3
      vertex -46.7221 -54.3942 -3
      vertex -65.3085 -76.8302 -3
    endloop
  endfacet
  facet normal 0 0 -1
    outer loop
      vertex -65.5164 -76.6222 -3
      vertex -46.7221 -54.3942 -3
      vertex -65.4074 -76.7211 -3
    endloop
  endfacet
  facet normal 0 0 -1
    outer loop
      vertex -65.6347 -76.5345 -3
      vertex -46.7221 -54.3942 -3
      vertex -65.5164 -76.6222 -3
    endloop
  endfacet
  facet normal 0 0 -1
    outer loop
      vertex -65.7609 -76.4589 -3
      vertex -46.7221 -54.3942 -3
      vertex -65.6347 -76.5345 -3
    endloop
  endfacet
  facet normal 0 0 -1
    outer loop
      vertex -65.894 -76.3959 -3
      vertex -46.7221 -54.3942 -3
      vertex -65.7609 -76.4589 -3
    endloop
  endfacet
  facet normal 0 0 -1
    outer loop
      vertex -66.0326 -76.3463 -3
      vertex -46.7221 -54.3942 -3
      vertex -65.894 -76.3959 -3
    endloop
  endfacet
  facet normal -0 0 -1
    outer loop
      vertex -46.7221 -54.3942 -3
      vertex -66.0326 -76.3463 -3
      vertex -54.3942 -46.7221 -3
    endloop
  endfacet
  facet normal 0 0 -1
    outer loop
      vertex -76.3463 -66.0326 -3
      vertex -66.0326 -76.3463 -3
      vertex -66.1754 -76.3106 -3
    endloop
  endfacet
  facet normal 0 0 -1
    outer loop
      vertex -76.3106 -66.1754 -3
      vertex -66.1754 -76.3106 -3
      vertex -66.321 -76.289 -3
    endloop
  endfacet
  facet normal 0 0 -1
    outer loop
      vertex -76.289 -66.321 -3
      vertex -66.321 -76.289 -3
      vertex -66.468 -76.2817 -3
    endloop
  endfacet
  facet normal 0 0 -1
    outer loop
      vertex -76.2817 -66.468 -3
      vertex -66.468 -76.2817 -3
      vertex -66.6151 -76.289 -3
    endloop
  endfacet
  facet normal 0 0 -1
    outer loop
      vertex -76.2817 -66.468 -3
      vertex -66.6151 -76.289 -3
      vertex -66.7607 -76.3106 -3
    endloop
  endfacet
  facet normal 0 0 -1
    outer loop
      vertex -76.2817 -66.468 -3
      vertex -66.7607 -76.3106 -3
      vertex -66.9035 -76.3463 -3
    endloop
  endfacet
  facet normal 0 0 -1
    outer loop
      vertex -76.2817 -66.468 -3
      vertex -66.9035 -76.3463 -3
      vertex -67.0421 -76.3959 -3
    endloop
  endfacet
  facet normal 0 0 -1
    outer loop
      vertex -76.2817 -66.468 -3
      vertex -67.0421 -76.3959 -3
      vertex -67.1751 -76.4589 -3
    endloop
  endfacet
  facet normal 0 0 -1
    outer loop
      vertex -76.2817 -66.468 -3
      vertex -67.1751 -76.4589 -3
      vertex -67.3014 -76.5345 -3
    endloop
  endfacet
  facet normal 0 0 -1
    outer loop
      vertex -76.2817 -66.468 -3
      vertex -67.3014 -76.5345 -3
      vertex -67.4196 -76.6222 -3
    endloop
  endfacet
  facet normal 0 0 -1
    outer loop
      vertex -76.2817 -66.468 -3
      vertex -67.4196 -76.6222 -3
      vertex -67.5287 -76.7211 -3
    endloop
  endfacet
  facet normal 0 0 -1
    outer loop
      vertex -76.2817 -66.468 -3
      vertex -67.5287 -76.7211 -3
      vertex -67.6276 -76.8302 -3
    endloop
  endfacet
  facet normal 0 0 -1
    outer loop
      vertex -76.2817 -66.468 -3
      vertex -67.6276 -76.8302 -3
      vertex -67.7152 -76.9484 -3
    endloop
  endfacet
  facet normal 0 0 -1
    outer loop
      vertex -76.2817 -66.468 -3
      vertex -67.7152 -76.9484 -3
      vertex -67.7909 -77.0747 -3
    endloop
  endfacet
  facet normal 0 0 -1
    outer loop
      vertex -76.2817 -66.468 -3
      vertex -67.7909 -77.0747 -3
      vertex -67.8539 -77.2077 -3
    endloop
  endfacet
  facet normal 0 0 -1
    outer loop
      vertex -76.3106 -88.8028 -3
      vertex -70.2394 -91.8925 -3
      vertex -76.289 -88.9484 -3
    endloop
  endfacet
  facet normal 0 0 -1
    outer loop
      vertex -76.289 -88.9484 -3
      vertex -70.2394 -91.8925 -3
      vertex -76.2817 -89.0955 -3
    endloop
  endfacet
  facet normal 0 0 -1
    outer loop
      vertex -70.2394 -91.8925 -3
      vertex -76.3106 -88.8028 -3
      vertex -68.8926 -91.0853 -3
    endloop
  endfacet
  facet normal 0 0 -1
    outer loop
      vertex -76.2817 -89.0955 -3
      vertex -70.2394 -91.8925 -3
      vertex -71.6588 -92.5638 -3
    endloop
  endfacet
  facet normal 0 0 -1
    outer loop
      vertex -76.289 -89.2425 -3
      vertex -71.6588 -92.5638 -3
      vertex -73.1372 -93.0928 -3
    endloop
  endfacet
  facet normal 0 0 -1
    outer loop
      vertex -67.968 -77.7817 -3
      vertex -76.2817 -66.468 -3
      vertex -67.9608 -77.6347 -3
    endloop
  endfacet
  facet normal 0 0 -1
    outer loop
      vertex -76.289 -89.2425 -3
      vertex -73.1372 -93.0928 -3
      vertex -74.6603 -93.4743 -3
    endloop
  endfacet
  facet normal 0 0 -1
    outer loop
      vertex -67.9608 -77.6347 -3
      vertex -76.2817 -66.468 -3
      vertex -67.9392 -77.4891 -3
    endloop
  endfacet
  facet normal 0 0 -1
    outer loop
      vertex -76.8302 -90.255 -3
      vertex -74.6603 -93.4743 -3
      vertex -76.2135 -93.7047 -3
    endloop
  endfacet
  facet normal 0 0 -1
    outer loop
      vertex -67.9392 -77.4891 -3
      vertex -76.2817 -66.468 -3
      vertex -67.9035 -77.3463 -3
    endloop
  endfacet
  facet normal 0 0 -1
    outer loop
      vertex -67.9035 -77.3463 -3
      vertex -76.2817 -66.468 -3
      vertex -67.8539 -77.2077 -3
    endloop
  endfacet
  facet normal 0 0 -1
    outer loop
      vertex -66.468 -76.2817 -3
      vertex -76.2817 -66.468 -3
      vertex -76.289 -66.321 -3
    endloop
  endfacet
  facet normal 0 0 -1
    outer loop
      vertex -66.321 -76.289 -3
      vertex -76.289 -66.321 -3
      vertex -76.3106 -66.1754 -3
    endloop
  endfacet
  facet normal 0 0 -1
    outer loop
      vertex -66.1754 -76.3106 -3
      vertex -76.3106 -66.1754 -3
      vertex -76.3463 -66.0326 -3
    endloop
  endfacet
  facet normal 0 0 -1
    outer loop
      vertex -66.0326 -76.3463 -3
      vertex -76.3463 -66.0326 -3
      vertex -54.3942 -46.7221 -3
    endloop
  endfacet
  facet normal 0 0 -1
    outer loop
      vertex -76.3959 -65.894 -3
      vertex -54.3942 -46.7221 -3
      vertex -76.3463 -66.0326 -3
    endloop
  endfacet
  facet normal 0 0 -1
    outer loop
      vertex -76.4589 -65.7609 -3
      vertex -54.3942 -46.7221 -3
      vertex -76.3959 -65.894 -3
    endloop
  endfacet
  facet normal 0 0 -1
    outer loop
      vertex -76.5345 -65.6347 -3
      vertex -54.3942 -46.7221 -3
      vertex -76.4589 -65.7609 -3
    endloop
  endfacet
  facet normal 0 0 -1
    outer loop
      vertex -76.6222 -65.5164 -3
      vertex -54.3942 -46.7221 -3
      vertex -76.5345 -65.6347 -3
    endloop
  endfacet
  facet normal 0 0 -1
    outer loop
      vertex -76.7211 -65.4074 -3
      vertex -54.3942 -46.7221 -3
      vertex -76.6222 -65.5164 -3
    endloop
  endfacet
  facet normal 0 0 -1
    outer loop
      vertex -76.8302 -65.3085 -3
      vertex -54.3942 -46.7221 -3
      vertex -76.7211 -65.4074 -3
    endloop
  endfacet
  facet normal 0 0 -1
    outer loop
      vertex -76.9484 -65.2208 -3
      vertex -54.3942 -46.7221 -3
      vertex -76.8302 -65.3085 -3
    endloop
  endfacet
  facet normal 0 0 -1
    outer loop
      vertex -77.0747 -65.1452 -3
      vertex -54.3942 -46.7221 -3
      vertex -76.9484 -65.2208 -3
    endloop
  endfacet
  facet normal 0 0 -1
    outer loop
      vertex -77.2077 -65.0822 -3
      vertex -54.3942 -46.7221 -3
      vertex -77.0747 -65.1452 -3
    endloop
  endfacet
  facet normal 0 0 -1
    outer loop
      vertex -77.3463 -65.0326 -3
      vertex -54.3942 -46.7221 -3
      vertex -77.2077 -65.0822 -3
    endloop
  endfacet
  facet normal 0 0 -1
    outer loop
      vertex -77.4891 -64.9969 -3
      vertex -54.3942 -46.7221 -3
      vertex -77.3463 -65.0326 -3
    endloop
  endfacet
  facet normal 0 0 -1
    outer loop
      vertex -77.6347 -64.9753 -3
      vertex -54.3942 -46.7221 -3
      vertex -77.4891 -64.9969 -3
    endloop
  endfacet
  facet normal 0 0 -1
    outer loop
      vertex -77.7817 -64.968 -3
      vertex -54.3942 -46.7221 -3
      vertex -77.6347 -64.9753 -3
    endloop
  endfacet
  facet normal 0 0 -1
    outer loop
      vertex -77.9288 -64.9753 -3
      vertex -54.3942 -46.7221 -3
      vertex -77.7817 -64.968 -3
    endloop
  endfacet
  facet normal 0 0 -1
    outer loop
      vertex -78.0744 -64.9969 -3
      vertex -54.3942 -46.7221 -3
      vertex -77.9288 -64.9753 -3
    endloop
  endfacet
  facet normal 0 0 -1
    outer loop
      vertex -78.2172 -65.0326 -3
      vertex -54.3942 -46.7221 -3
      vertex -78.0744 -64.9969 -3
    endloop
  endfacet
  facet normal 0 0 -1
    outer loop
      vertex -54.3942 -46.7221 -3
      vertex -78.2172 -65.0326 -3
      vertex -89.0955 -66.468 -3
    endloop
  endfacet
  facet normal 0 0 -1
    outer loop
      vertex -89.0955 -66.468 -3
      vertex -78.2172 -65.0326 -3
      vertex -78.3558 -65.0822 -3
    endloop
  endfacet
  facet normal 0 0 -1
    outer loop
      vertex -89.0955 -66.468 -3
      vertex -78.3558 -65.0822 -3
      vertex -78.4888 -65.1452 -3
    endloop
  endfacet
  facet normal 0 0 -1
    outer loop
      vertex -89.0955 -66.468 -3
      vertex -78.4888 -65.1452 -3
      vertex -78.6151 -65.2208 -3
    endloop
  endfacet
  facet normal 0 0 -1
    outer loop
      vertex -89.0955 -66.468 -3
      vertex -78.6151 -65.2208 -3
      vertex -78.7333 -65.3085 -3
    endloop
  endfacet
  facet normal 0 0 -1
    outer loop
      vertex -89.0955 -66.468 -3
      vertex -78.7333 -65.3085 -3
      vertex -78.8424 -65.4074 -3
    endloop
  endfacet
  facet normal 0 0 -1
    outer loop
      vertex -89.0955 -66.468 -3
      vertex -78.8424 -65.4074 -3
      vertex -78.9413 -65.5164 -3
    endloop
  endfacet
  facet normal -0 0 -1
    outer loop
      vertex -79.2529 -89.3881 -3
      vertex -83.9047 -92.5638 -3
      vertex -79.2745 -89.2425 -3
    endloop
  endfacet
  facet normal 0 0 -1
    outer loop
      vertex -88.0348 -76.7211 -3
      vertex -78.8424 -67.5287 -3
      vertex -87.9359 -76.8302 -3
    endloop
  endfacet
  facet normal -0 0 -1
    outer loop
      vertex -79.2745 -89.2425 -3
      vertex -83.9047 -92.5638 -3
      vertex -79.2817 -89.0955 -3
    endloop
  endfacet
  facet normal 0 0 -1
    outer loop
      vertex -85.3241 -91.8925 -3
      vertex -79.2817 -89.0955 -3
      vertex -83.9047 -92.5638 -3
    endloop
  endfacet
  facet normal -0 0 -1
    outer loop
      vertex -78.8424 -67.5287 -3
      vertex -88.0348 -76.7211 -3
      vertex -78.9413 -67.4196 -3
    endloop
  endfacet
  facet normal 0 0 -1
    outer loop
      vertex -79.2529 -88.8028 -3
      vertex -85.3241 -91.8925 -3
      vertex -86.6709 -91.0853 -3
    endloop
  endfacet
  facet normal -0 0 -1
    outer loop
      vertex -79.1046 -88.3884 -3
      vertex -87.932 -90.1499 -3
      vertex -79.029 -88.2621 -3
    endloop
  endfacet
  facet normal 0 0 -1
    outer loop
      vertex -88.1439 -76.6222 -3
      vertex -78.9413 -67.4196 -3
      vertex -88.0348 -76.7211 -3
    endloop
  endfacet
  facet normal -0 0 -1
    outer loop
      vertex -78.9413 -67.4196 -3
      vertex -88.1439 -76.6222 -3
      vertex -79.0289 -67.3014 -3
    endloop
  endfacet
  facet normal 0 0 -1
    outer loop
      vertex -88.2621 -76.5345 -3
      vertex -79.0289 -67.3014 -3
      vertex -88.1439 -76.6222 -3
    endloop
  endfacet
  facet normal 0 0 -1
    outer loop
      vertex -89.0955 -66.468 -3
      vertex -79.0289 -67.3014 -3
      vertex -88.2621 -76.5345 -3
    endloop
  endfacet
  facet normal 0 0 -1
    outer loop
      vertex -79.0289 -67.3014 -3
      vertex -89.0955 -66.468 -3
      vertex -79.1046 -67.1751 -3
    endloop
  endfacet
  facet normal 0 0 -1
    outer loop
      vertex -79.1046 -67.1751 -3
      vertex -89.0955 -66.468 -3
      vertex -79.1676 -67.0421 -3
    endloop
  endfacet
  facet normal 0 0 -1
    outer loop
      vertex -79.1676 -67.0421 -3
      vertex -89.0955 -66.468 -3
      vertex -79.2172 -66.9035 -3
    endloop
  endfacet
  facet normal 0 0 -1
    outer loop
      vertex -79.2172 -66.9035 -3
      vertex -89.0955 -66.468 -3
      vertex -79.2529 -66.7607 -3
    endloop
  endfacet
  facet normal 0 0 -1
    outer loop
      vertex -79.2745 -66.6151 -3
      vertex -89.0955 -66.468 -3
      vertex -79.2817 -66.468 -3
    endloop
  endfacet
  facet normal 0 0 -1
    outer loop
      vertex -79.2817 -66.468 -3
      vertex -89.0955 -66.468 -3
      vertex -79.2745 -66.321 -3
    endloop
  endfacet
  facet normal -0 0 -1
    outer loop
      vertex -79.2745 -66.321 -3
      vertex -89.0955 -66.468 -3
      vertex -79.2529 -66.1754 -3
    endloop
  endfacet
  facet normal -0 0 -1
    outer loop
      vertex -79.2529 -66.1754 -3
      vertex -89.0955 -66.468 -3
      vertex -79.2172 -66.0326 -3
    endloop
  endfacet
  facet normal -0 0 -1
    outer loop
      vertex -79.2172 -66.0326 -3
      vertex -89.0955 -66.468 -3
      vertex -79.1676 -65.894 -3
    endloop
  endfacet
  facet normal -0 0 -1
    outer loop
      vertex -79.1676 -65.894 -3
      vertex -89.0955 -66.468 -3
      vertex -79.1046 -65.7609 -3
    endloop
  endfacet
  facet normal -0 0 -1
    outer loop
      vertex -79.1046 -65.7609 -3
      vertex -89.0955 -66.468 -3
      vertex -79.0289 -65.6347 -3
    endloop
  endfacet
  facet normal -0 0 -1
    outer loop
      vertex -79.0289 -65.6347 -3
      vertex -89.0955 -66.468 -3
      vertex -78.9413 -65.5164 -3
    endloop
  endfacet
  facet normal 0 0 -1
    outer loop
      vertex -79.2529 -66.7607 -3
      vertex -89.0955 -66.468 -3
      vertex -79.2745 -66.6151 -3
    endloop
  endfacet
  facet normal 0 0 -1
    outer loop
      vertex -90.1499 -67.6315 -3
      vertex -88.2621 -76.5345 -3
      vertex -88.3884 -76.4589 -3
    endloop
  endfacet
  facet normal 0 0 -1
    outer loop
      vertex -90.1499 -67.6315 -3
      vertex -88.3884 -76.4589 -3
      vertex -88.5214 -76.3959 -3
    endloop
  endfacet
  facet normal 0 0 -1
    outer loop
      vertex -91.0853 -68.8926 -3
      vertex -88.5214 -76.3959 -3
      vertex -88.66 -76.3463 -3
    endloop
  endfacet
  facet normal 0 0 -1
    outer loop
      vertex -91.0853 -68.8926 -3
      vertex -88.66 -76.3463 -3
      vertex -88.8028 -76.3106 -3
    endloop
  endfacet
  facet normal 0 0 -1
    outer loop
      vertex -91.8925 -70.2394 -3
      vertex -88.8028 -76.3106 -3
      vertex -88.9484 -76.289 -3
    endloop
  endfacet
  facet normal 0 0 -1
    outer loop
      vertex -91.8925 -70.2394 -3
      vertex -88.9484 -76.289 -3
      vertex -89.0955 -76.2817 -3
    endloop
  endfacet
  facet normal -0 0 -1
    outer loop
      vertex -54.3942 -46.7221 -3
      vertex -89.0955 -66.468 -3
      vertex -27.8817 -2.40718 -3
    endloop
  endfacet
  facet normal 0 0 -1
    outer loop
      vertex -92.5638 -71.6588 -3
      vertex -89.0955 -76.2817 -3
      vertex -89.2425 -76.289 -3
    endloop
  endfacet
  facet normal 0 0 -1
    outer loop
      vertex -92.5638 -71.6588 -3
      vertex -89.2425 -76.289 -3
      vertex -89.3881 -76.3106 -3
    endloop
  endfacet
  facet normal 0 0 -1
    outer loop
      vertex -93.0928 -73.1372 -3
      vertex -89.3881 -76.3106 -3
      vertex -89.5309 -76.3463 -3
    endloop
  endfacet
  facet normal 0 0 -1
    outer loop
      vertex -93.0928 -73.1372 -3
      vertex -89.5309 -76.3463 -3
      vertex -89.6695 -76.3959 -3
    endloop
  endfacet
  facet normal 0 0 -1
    outer loop
      vertex -93.0928 -73.1372 -3
      vertex -89.6695 -76.3959 -3
      vertex -89.8026 -76.4589 -3
    endloop
  endfacet
  facet normal 0 0 -1
    outer loop
      vertex -93.0928 -73.1372 -3
      vertex -89.8026 -76.4589 -3
      vertex -89.9288 -76.5345 -3
    endloop
  endfacet
  facet normal 0 0 -1
    outer loop
      vertex -93.4743 -74.6603 -3
      vertex -89.9288 -76.5345 -3
      vertex -90.047 -76.6222 -3
    endloop
  endfacet
  facet normal 0 0 -1
    outer loop
      vertex -88.2621 -76.5345 -3
      vertex -90.1499 -67.6315 -3
      vertex -89.0955 -66.468 -3
    endloop
  endfacet
  facet normal 0 0 -1
    outer loop
      vertex -93.4743 -74.6603 -3
      vertex -90.047 -76.6222 -3
      vertex -90.1561 -76.7211 -3
    endloop
  endfacet
  facet normal 0 0 -1
    outer loop
      vertex -93.4743 -74.6603 -3
      vertex -90.1561 -76.7211 -3
      vertex -90.255 -76.8302 -3
    endloop
  endfacet
  facet normal 0 0 -1
    outer loop
      vertex -93.7047 -76.2135 -3
      vertex -90.255 -76.8302 -3
      vertex -90.3427 -76.9484 -3
    endloop
  endfacet
  facet normal 0 0 -1
    outer loop
      vertex -93.7047 -76.2135 -3
      vertex -90.3427 -76.9484 -3
      vertex -90.4183 -77.0747 -3
    endloop
  endfacet
  facet normal 0 0 -1
    outer loop
      vertex -93.7047 -76.2135 -3
      vertex -90.4183 -77.0747 -3
      vertex -90.4813 -77.2077 -3
    endloop
  endfacet
  facet normal 0 0 -1
    outer loop
      vertex -93.7047 -76.2135 -3
      vertex -90.4813 -77.2077 -3
      vertex -90.5309 -77.3463 -3
    endloop
  endfacet
  facet normal 0 0 -1
    outer loop
      vertex -93.7047 -76.2135 -3
      vertex -90.5309 -77.3463 -3
      vertex -90.5666 -77.4891 -3
    endloop
  endfacet
  facet normal 0 0 -1
    outer loop
      vertex -93.7817 -77.7817 -3
      vertex -90.5666 -77.4891 -3
      vertex -90.5882 -77.6347 -3
    endloop
  endfacet
  facet normal 0 0 -1
    outer loop
      vertex -93.7817 -77.7817 -3
      vertex -90.5882 -77.6347 -3
      vertex -90.5955 -77.7817 -3
    endloop
  endfacet
  facet normal -0 0 -1
    outer loop
      vertex -90.4183 -78.4888 -3
      vertex -93.7047 -79.35 -3
      vertex -90.4813 -78.3558 -3
    endloop
  endfacet
  facet normal 0 0 -1
    outer loop
      vertex -88.5214 -76.3959 -3
      vertex -91.0853 -68.8926 -3
      vertex -90.1499 -67.6315 -3
    endloop
  endfacet
  facet normal -0 0 -1
    outer loop
      vertex -90.4813 -78.3558 -3
      vertex -93.7047 -79.35 -3
      vertex -90.5309 -78.2172 -3
    endloop
  endfacet
  facet normal 0 0 -1
    outer loop
      vertex -88.8028 -76.3106 -3
      vertex -91.8925 -70.2394 -3
      vertex -91.0853 -68.8926 -3
    endloop
  endfacet
  facet normal -0 0 -1
    outer loop
      vertex -90.5309 -78.2172 -3
      vertex -93.7047 -79.35 -3
      vertex -90.5666 -78.0744 -3
    endloop
  endfacet
  facet normal 0 0 -1
    outer loop
      vertex -89.0955 -76.2817 -3
      vertex -92.5638 -71.6588 -3
      vertex -91.8925 -70.2394 -3
    endloop
  endfacet
  facet normal 0 0 -1
    outer loop
      vertex -93.7817 -77.7817 -3
      vertex -90.5666 -78.0744 -3
      vertex -93.7047 -79.35 -3
    endloop
  endfacet
  facet normal 0 0 -1
    outer loop
      vertex -89.3881 -76.3106 -3
      vertex -93.0928 -73.1372 -3
      vertex -92.5638 -71.6588 -3
    endloop
  endfacet
  facet normal 0 0 -1
    outer loop
      vertex -90.5666 -78.0744 -3
      vertex -93.7817 -77.7817 -3
      vertex -90.5882 -77.9288 -3
    endloop
  endfacet
  facet normal 0 0 -1
    outer loop
      vertex -89.9288 -76.5345 -3
      vertex -93.4743 -74.6603 -3
      vertex -93.0928 -73.1372 -3
    endloop
  endfacet
  facet normal 0 0 -1
    outer loop
      vertex -90.5882 -77.9288 -3
      vertex -93.7817 -77.7817 -3
      vertex -90.5955 -77.7817 -3
    endloop
  endfacet
  facet normal 0 0 -1
    outer loop
      vertex -90.255 -76.8302 -3
      vertex -93.7047 -76.2135 -3
      vertex -93.4743 -74.6603 -3
    endloop
  endfacet
  facet normal -0 0 -1
    outer loop
      vertex -90.5666 -77.4891 -3
      vertex -93.7817 -77.7817 -3
      vertex -93.7047 -76.2135 -3
    endloop
  endfacet
  facet normal 0 0 -1
    outer loop
      vertex -18.5502 26.2223 -3
      vertex -2.40718 27.8817 -3
      vertex -18.5502 -26.2223 -3
    endloop
  endfacet
  facet normal 0 0 -1
    outer loop
      vertex -46.7221 54.3942 -3
      vertex -2.40718 27.8817 -3
      vertex -18.5502 26.2223 -3
    endloop
  endfacet
  facet normal 0 0 -1
    outer loop
      vertex -66.0326 76.3463 -3
      vertex -46.7221 54.3942 -3
      vertex -54.3942 46.7221 -3
    endloop
  endfacet
  facet normal 0 0 -1
    outer loop
      vertex -64.9753 77.9288 -3
      vertex -46.7221 54.3942 -3
      vertex -64.968 77.7817 -3
    endloop
  endfacet
  facet normal 0 0 -1
    outer loop
      vertex -64.9969 78.0744 -3
      vertex -46.7221 54.3942 -3
      vertex -64.9753 77.9288 -3
    endloop
  endfacet
  facet normal 0 0 -1
    outer loop
      vertex -65.0326 78.2172 -3
      vertex -46.7221 54.3942 -3
      vertex -64.9969 78.0744 -3
    endloop
  endfacet
  facet normal 0 0 -1
    outer loop
      vertex -46.7221 54.3942 -3
      vertex -65.0326 78.2172 -3
      vertex -66.468 89.0955 -3
    endloop
  endfacet
  facet normal 0 0 -1
    outer loop
      vertex -66.468 89.0955 -3
      vertex -65.0326 78.2172 -3
      vertex -65.0822 78.3558 -3
    endloop
  endfacet
  facet normal 0 0 -1
    outer loop
      vertex -66.468 89.0955 -3
      vertex -65.0822 78.3558 -3
      vertex -65.1452 78.4888 -3
    endloop
  endfacet
  facet normal 0 0 -1
    outer loop
      vertex -66.468 89.0955 -3
      vertex -65.1452 78.4888 -3
      vertex -65.2208 78.6151 -3
    endloop
  endfacet
  facet normal 0 0 -1
    outer loop
      vertex -66.468 89.0955 -3
      vertex -65.2208 78.6151 -3
      vertex -65.3085 78.7333 -3
    endloop
  endfacet
  facet normal 0 0 -1
    outer loop
      vertex -66.468 89.0955 -3
      vertex -65.3085 78.7333 -3
      vertex -65.4074 78.8424 -3
    endloop
  endfacet
  facet normal 0 0 -1
    outer loop
      vertex -66.468 89.0955 -3
      vertex -65.4074 78.8424 -3
      vertex -65.5164 78.9413 -3
    endloop
  endfacet
  facet normal 0 0 -1
    outer loop
      vertex -46.7221 54.3942 -3
      vertex -66.468 89.0955 -3
      vertex -2.40718 27.8817 -3
    endloop
  endfacet
  facet normal 0 0 -1
    outer loop
      vertex -65.6347 79.0289 -3
      vertex -66.468 89.0955 -3
      vertex -65.5164 78.9413 -3
    endloop
  endfacet
  facet normal 0 0 -1
    outer loop
      vertex -65.7609 79.1046 -3
      vertex -66.468 89.0955 -3
      vertex -65.6347 79.0289 -3
    endloop
  endfacet
  facet normal 0 0 -1
    outer loop
      vertex -65.894 79.1676 -3
      vertex -66.468 89.0955 -3
      vertex -65.7609 79.1046 -3
    endloop
  endfacet
  facet normal 0 0 -1
    outer loop
      vertex -66.0326 79.2172 -3
      vertex -66.468 89.0955 -3
      vertex -65.894 79.1676 -3
    endloop
  endfacet
  facet normal 0 0 -1
    outer loop
      vertex -66.1754 79.2529 -3
      vertex -66.468 89.0955 -3
      vertex -66.0326 79.2172 -3
    endloop
  endfacet
  facet normal 0 0 -1
    outer loop
      vertex -66.321 79.2745 -3
      vertex -66.468 89.0955 -3
      vertex -66.1754 79.2529 -3
    endloop
  endfacet
  facet normal 0 0 -1
    outer loop
      vertex -66.468 79.2817 -3
      vertex -66.468 89.0955 -3
      vertex -66.321 79.2745 -3
    endloop
  endfacet
  facet normal 0 0 -1
    outer loop
      vertex -66.6151 79.2745 -3
      vertex -66.468 89.0955 -3
      vertex -66.468 79.2817 -3
    endloop
  endfacet
  facet normal 0 0 -1
    outer loop
      vertex -66.7607 79.2529 -3
      vertex -66.468 89.0955 -3
      vertex -66.6151 79.2745 -3
    endloop
  endfacet
  facet normal 0 0 -1
    outer loop
      vertex -66.9035 79.2172 -3
      vertex -66.468 89.0955 -3
      vertex -66.7607 79.2529 -3
    endloop
  endfacet
  facet normal 0 0 -1
    outer loop
      vertex -67.0421 79.1676 -3
      vertex -66.468 89.0955 -3
      vertex -66.9035 79.2172 -3
    endloop
  endfacet
  facet normal 0 0 -1
    outer loop
      vertex -67.1751 79.1046 -3
      vertex -66.468 89.0955 -3
      vertex -67.0421 79.1676 -3
    endloop
  endfacet
  facet normal 0 0 -1
    outer loop
      vertex -67.3014 79.0289 -3
      vertex -66.468 89.0955 -3
      vertex -67.1751 79.1046 -3
    endloop
  endfacet
  facet normal 0 0 -1
    outer loop
      vertex -67.4196 78.9413 -3
      vertex -66.468 89.0955 -3
      vertex -67.3014 79.0289 -3
    endloop
  endfacet
  facet normal 0 0 -1
    outer loop
      vertex -76.2817 89.0955 -3
      vertex -67.4196 78.9413 -3
      vertex -67.5287 78.8424 -3
    endloop
  endfacet
  facet normal 0 0 -1
    outer loop
      vertex -76.2817 89.0955 -3
      vertex -67.5287 78.8424 -3
      vertex -67.6276 78.7333 -3
    endloop
  endfacet
  facet normal 0 0 -1
    outer loop
      vertex -76.2817 89.0955 -3
      vertex -66.468 89.0955 -3
      vertex -67.4196 78.9413 -3
    endloop
  endfacet
  facet normal 0 0 -1
    outer loop
      vertex -76.2817 89.0955 -3
      vertex -67.6276 78.7333 -3
      vertex -67.7152 78.6151 -3
    endloop
  endfacet
  facet normal 0 0 -1
    outer loop
      vertex -76.2817 89.0955 -3
      vertex -67.7152 78.6151 -3
      vertex -67.7909 78.4888 -3
    endloop
  endfacet
  facet normal 0 0 -1
    outer loop
      vertex -76.2817 89.0955 -3
      vertex -67.7909 78.4888 -3
      vertex -67.8539 78.3558 -3
    endloop
  endfacet
  facet normal 0 0 -1
    outer loop
      vertex -76.2817 89.0955 -3
      vertex -67.8539 78.3558 -3
      vertex -67.9035 78.2172 -3
    endloop
  endfacet
  facet normal 0 0 -1
    outer loop
      vertex -76.2817 89.0955 -3
      vertex -67.9035 78.2172 -3
      vertex -67.9392 78.0744 -3
    endloop
  endfacet
  facet normal 0 0 -1
    outer loop
      vertex -76.2817 89.0955 -3
      vertex -67.9392 78.0744 -3
      vertex -67.9608 77.9288 -3
    endloop
  endfacet
  facet normal -0 0 -1
    outer loop
      vertex -67.5287 76.7211 -3
      vertex -76.7211 67.5287 -3
      vertex -67.6276 76.8302 -3
    endloop
  endfacet
  facet normal 0 0 -1
    outer loop
      vertex -66.468 89.0955 -3
      vertex -76.2817 89.0955 -3
      vertex -67.6315 90.1499 -3
    endloop
  endfacet
  facet normal 0 0 -1
    outer loop
      vertex -18.5502 26.2223 -3
      vertex -27.8817 2.40718 -3
      vertex -26.2223 18.5502 -3
    endloop
  endfacet
  facet normal 0 0 -1
    outer loop
      vertex -27.8817 2.40718 -3
      vertex -54.3942 46.7221 -3
      vertex -26.2223 18.5502 -3
    endloop
  endfacet
  facet normal 0 0 -1
    outer loop
      vertex -46.7221 54.3942 -3
      vertex -64.9753 77.6347 -3
      vertex -64.968 77.7817 -3
    endloop
  endfacet
  facet normal 0 0 -1
    outer loop
      vertex -46.7221 54.3942 -3
      vertex -64.9969 77.4891 -3
      vertex -64.9753 77.6347 -3
    endloop
  endfacet
  facet normal 0 0 -1
    outer loop
      vertex -46.7221 54.3942 -3
      vertex -65.0326 77.3463 -3
      vertex -64.9969 77.4891 -3
    endloop
  endfacet
  facet normal 0 0 -1
    outer loop
      vertex -46.7221 54.3942 -3
      vertex -65.0822 77.2077 -3
      vertex -65.0326 77.3463 -3
    endloop
  endfacet
  facet normal 0 0 -1
    outer loop
      vertex -46.7221 54.3942 -3
      vertex -65.1452 77.0747 -3
      vertex -65.0822 77.2077 -3
    endloop
  endfacet
  facet normal 0 0 -1
    outer loop
      vertex -46.7221 54.3942 -3
      vertex -65.2208 76.9484 -3
      vertex -65.1452 77.0747 -3
    endloop
  endfacet
  facet normal 0 0 -1
    outer loop
      vertex -46.7221 54.3942 -3
      vertex -65.3085 76.8302 -3
      vertex -65.2208 76.9484 -3
    endloop
  endfacet
  facet normal 0 0 -1
    outer loop
      vertex -46.7221 54.3942 -3
      vertex -65.4074 76.7211 -3
      vertex -65.3085 76.8302 -3
    endloop
  endfacet
  facet normal 0 0 -1
    outer loop
      vertex -46.7221 54.3942 -3
      vertex -65.5164 76.6222 -3
      vertex -65.4074 76.7211 -3
    endloop
  endfacet
  facet normal 0 0 -1
    outer loop
      vertex -46.7221 54.3942 -3
      vertex -65.6347 76.5345 -3
      vertex -65.5164 76.6222 -3
    endloop
  endfacet
  facet normal 0 0 -1
    outer loop
      vertex -46.7221 54.3942 -3
      vertex -65.7609 76.4589 -3
      vertex -65.6347 76.5345 -3
    endloop
  endfacet
  facet normal 0 0 -1
    outer loop
      vertex -46.7221 54.3942 -3
      vertex -65.894 76.3959 -3
      vertex -65.7609 76.4589 -3
    endloop
  endfacet
  facet normal 0 0 -1
    outer loop
      vertex -46.7221 54.3942 -3
      vertex -66.0326 76.3463 -3
      vertex -65.894 76.3959 -3
    endloop
  endfacet
  facet normal 0 0 -1
    outer loop
      vertex -76.3463 66.0326 -3
      vertex -66.0326 76.3463 -3
      vertex -54.3942 46.7221 -3
    endloop
  endfacet
  facet normal 0 0 -1
    outer loop
      vertex -66.0326 76.3463 -3
      vertex -76.3463 66.0326 -3
      vertex -66.1754 76.3106 -3
    endloop
  endfacet
  facet normal 0 -0 -1
    outer loop
      vertex -76.3106 66.1754 -3
      vertex -66.1754 76.3106 -3
      vertex -76.3463 66.0326 -3
    endloop
  endfacet
  facet normal 0 0 -1
    outer loop
      vertex -66.1754 76.3106 -3
      vertex -76.3106 66.1754 -3
      vertex -66.321 76.289 -3
    endloop
  endfacet
  facet normal 0 -0 -1
    outer loop
      vertex -76.289 66.321 -3
      vertex -66.321 76.289 -3
      vertex -76.3106 66.1754 -3
    endloop
  endfacet
  facet normal 0 0 -1
    outer loop
      vertex -66.321 76.289 -3
      vertex -76.289 66.321 -3
      vertex -66.468 76.2817 -3
    endloop
  endfacet
  facet normal 0 -0 -1
    outer loop
      vertex -76.2817 66.468 -3
      vertex -66.468 76.2817 -3
      vertex -76.289 66.321 -3
    endloop
  endfacet
  facet normal -0 0 -1
    outer loop
      vertex -66.468 76.2817 -3
      vertex -76.2817 66.468 -3
      vertex -66.6151 76.289 -3
    endloop
  endfacet
  facet normal 0 0 -1
    outer loop
      vertex -76.289 66.6151 -3
      vertex -66.6151 76.289 -3
      vertex -76.2817 66.468 -3
    endloop
  endfacet
  facet normal -0 0 -1
    outer loop
      vertex -66.6151 76.289 -3
      vertex -76.289 66.6151 -3
      vertex -66.7607 76.3106 -3
    endloop
  endfacet
  facet normal 0 0 -1
    outer loop
      vertex -76.3106 66.7607 -3
      vertex -66.7607 76.3106 -3
      vertex -76.289 66.6151 -3
    endloop
  endfacet
  facet normal -0 0 -1
    outer loop
      vertex -66.7607 76.3106 -3
      vertex -76.3106 66.7607 -3
      vertex -66.9035 76.3463 -3
    endloop
  endfacet
  facet normal -0 0 -1
    outer loop
      vertex -66.9035 76.3463 -3
      vertex -76.3463 66.9035 -3
      vertex -67.0421 76.3959 -3
    endloop
  endfacet
  facet normal 0 0 -1
    outer loop
      vertex -76.3959 67.0421 -3
      vertex -67.0421 76.3959 -3
      vertex -76.3463 66.9035 -3
    endloop
  endfacet
  facet normal -0 0 -1
    outer loop
      vertex -67.0421 76.3959 -3
      vertex -76.3959 67.0421 -3
      vertex -67.1751 76.4589 -3
    endloop
  endfacet
  facet normal 0 0 -1
    outer loop
      vertex -76.7211 67.5287 -3
      vertex -67.5287 76.7211 -3
      vertex -76.6222 67.4196 -3
    endloop
  endfacet
  facet normal -0 0 -1
    outer loop
      vertex -67.6315 90.1499 -3
      vertex -76.2817 89.0955 -3
      vertex -68.8926 91.0853 -3
    endloop
  endfacet
  facet normal -0 0 -1
    outer loop
      vertex -67.4196 76.6222 -3
      vertex -76.6222 67.4196 -3
      vertex -67.5287 76.7211 -3
    endloop
  endfacet
  facet normal -0 0 -1
    outer loop
      vertex -68.8926 91.0853 -3
      vertex -76.2817 89.0955 -3
      vertex -70.2394 91.8925 -3
    endloop
  endfacet
  facet normal -0 0 -1
    outer loop
      vertex -70.2394 91.8925 -3
      vertex -76.2817 89.0955 -3
      vertex -71.6588 92.5638 -3
    endloop
  endfacet
  facet normal 0 0 -1
    outer loop
      vertex -76.6222 67.4196 -3
      vertex -67.4196 76.6222 -3
      vertex -76.5345 67.3014 -3
    endloop
  endfacet
  facet normal 0 0 -1
    outer loop
      vertex -76.289 89.2425 -3
      vertex -71.6588 92.5638 -3
      vertex -76.2817 89.0955 -3
    endloop
  endfacet
  facet normal -0 0 -1
    outer loop
      vertex -67.3014 76.5345 -3
      vertex -76.5345 67.3014 -3
      vertex -67.4196 76.6222 -3
    endloop
  endfacet
  facet normal 0 0 -1
    outer loop
      vertex -76.3106 89.3881 -3
      vertex -71.6588 92.5638 -3
      vertex -76.289 89.2425 -3
    endloop
  endfacet
  facet normal 0 0 -1
    outer loop
      vertex -76.4589 67.1751 -3
      vertex -67.1751 76.4589 -3
      vertex -76.3959 67.0421 -3
    endloop
  endfacet
  facet normal 0 0 -1
    outer loop
      vertex -67.968 77.7817 -3
      vertex -76.2817 89.0955 -3
      vertex -67.9608 77.9288 -3
    endloop
  endfacet
  facet normal 0 0 -1
    outer loop
      vertex -89.0955 66.468 -3
      vertex -54.3942 46.7221 -3
      vertex -27.8817 2.40718 -3
    endloop
  endfacet
  facet normal 0 0 -1
    outer loop
      vertex -76.5345 67.3014 -3
      vertex -67.3014 76.5345 -3
      vertex -76.4589 67.1751 -3
    endloop
  endfacet
  facet normal -0 0 -1
    outer loop
      vertex -67.1751 76.4589 -3
      vertex -76.4589 67.1751 -3
      vertex -67.3014 76.5345 -3
    endloop
  endfacet
  facet normal 0 0 -1
    outer loop
      vertex -76.3463 66.9035 -3
      vertex -66.9035 76.3463 -3
      vertex -76.3106 66.7607 -3
    endloop
  endfacet
  facet normal 0 0 -1
    outer loop
      vertex -54.3942 46.7221 -3
      vertex -76.3959 65.894 -3
      vertex -76.3463 66.0326 -3
    endloop
  endfacet
  facet normal 0 0 -1
    outer loop
      vertex -54.3942 46.7221 -3
      vertex -76.4589 65.7609 -3
      vertex -76.3959 65.894 -3
    endloop
  endfacet
  facet normal 0 0 -1
    outer loop
      vertex -54.3942 46.7221 -3
      vertex -76.5345 65.6347 -3
      vertex -76.4589 65.7609 -3
    endloop
  endfacet
  facet normal 0 0 -1
    outer loop
      vertex -54.3942 46.7221 -3
      vertex -76.6222 65.5164 -3
      vertex -76.5345 65.6347 -3
    endloop
  endfacet
  facet normal 0 0 -1
    outer loop
      vertex -54.3942 46.7221 -3
      vertex -76.7211 65.4074 -3
      vertex -76.6222 65.5164 -3
    endloop
  endfacet
  facet normal 0 0 -1
    outer loop
      vertex -54.3942 46.7221 -3
      vertex -76.8302 65.3085 -3
      vertex -76.7211 65.4074 -3
    endloop
  endfacet
  facet normal 0 0 -1
    outer loop
      vertex -54.3942 46.7221 -3
      vertex -76.9484 65.2208 -3
      vertex -76.8302 65.3085 -3
    endloop
  endfacet
  facet normal 0 0 -1
    outer loop
      vertex -54.3942 46.7221 -3
      vertex -77.0747 65.1452 -3
      vertex -76.9484 65.2208 -3
    endloop
  endfacet
  facet normal 0 0 -1
    outer loop
      vertex -54.3942 46.7221 -3
      vertex -77.2077 65.0822 -3
      vertex -77.0747 65.1452 -3
    endloop
  endfacet
  facet normal 0 0 -1
    outer loop
      vertex -54.3942 46.7221 -3
      vertex -77.3463 65.0326 -3
      vertex -77.2077 65.0822 -3
    endloop
  endfacet
  facet normal 0 0 -1
    outer loop
      vertex -54.3942 46.7221 -3
      vertex -77.4891 64.9969 -3
      vertex -77.3463 65.0326 -3
    endloop
  endfacet
  facet normal 0 0 -1
    outer loop
      vertex -54.3942 46.7221 -3
      vertex -77.6347 64.9753 -3
      vertex -77.4891 64.9969 -3
    endloop
  endfacet
  facet normal 0 0 -1
    outer loop
      vertex -54.3942 46.7221 -3
      vertex -77.7817 64.968 -3
      vertex -77.6347 64.9753 -3
    endloop
  endfacet
  facet normal 0 0 -1
    outer loop
      vertex -54.3942 46.7221 -3
      vertex -77.9288 64.9753 -3
      vertex -77.7817 64.968 -3
    endloop
  endfacet
  facet normal 0 0 -1
    outer loop
      vertex -54.3942 46.7221 -3
      vertex -78.0744 64.9969 -3
      vertex -77.9288 64.9753 -3
    endloop
  endfacet
  facet normal -0 -0 -1
    outer loop
      vertex -78.2172 65.0326 -3
      vertex -54.3942 46.7221 -3
      vertex -89.0955 66.468 -3
    endloop
  endfacet
  facet normal 0 0 -1
    outer loop
      vertex -54.3942 46.7221 -3
      vertex -78.2172 65.0326 -3
      vertex -78.0744 64.9969 -3
    endloop
  endfacet
  facet normal 0 0 -1
    outer loop
      vertex -78.2172 65.0326 -3
      vertex -89.0955 66.468 -3
      vertex -78.3558 65.0822 -3
    endloop
  endfacet
  facet normal 0 0 -1
    outer loop
      vertex -78.3558 65.0822 -3
      vertex -89.0955 66.468 -3
      vertex -78.4888 65.1452 -3
    endloop
  endfacet
  facet normal 0 0 -1
    outer loop
      vertex -78.4888 65.1452 -3
      vertex -89.0955 66.468 -3
      vertex -78.6151 65.2208 -3
    endloop
  endfacet
  facet normal 0 0 -1
    outer loop
      vertex -78.6151 65.2208 -3
      vertex -89.0955 66.468 -3
      vertex -78.7333 65.3085 -3
    endloop
  endfacet
  facet normal 0 0 -1
    outer loop
      vertex -78.7333 65.3085 -3
      vertex -89.0955 66.468 -3
      vertex -78.8424 65.4074 -3
    endloop
  endfacet
  facet normal 0 -0 -1
    outer loop
      vertex -85.3241 91.8925 -3
      vertex -79.2529 88.8028 -3
      vertex -86.6709 91.0853 -3
    endloop
  endfacet
  facet normal 0 0 -1
    outer loop
      vertex -79.2529 88.8028 -3
      vertex -85.3241 91.8925 -3
      vertex -79.2745 88.9484 -3
    endloop
  endfacet
  facet normal 0 0 -1
    outer loop
      vertex -89.0955 66.468 -3
      vertex -79.2817 66.468 -3
      vertex -79.2745 66.321 -3
    endloop
  endfacet
  facet normal 0 0 -1
    outer loop
      vertex -78.7333 90.255 -3
      vertex -80.9032 93.4743 -3
      vertex -79.35 93.7047 -3
    endloop
  endfacet
  facet normal 0 0 -1
    outer loop
      vertex -79.1046 89.8026 -3
      vertex -82.4263 93.0928 -3
      vertex -80.9032 93.4743 -3
    endloop
  endfacet
  facet normal 0 0 -1
    outer loop
      vertex -89.0955 66.468 -3
      vertex -79.2745 66.321 -3
      vertex -79.2529 66.1754 -3
    endloop
  endfacet
  facet normal 0 0 -1
    outer loop
      vertex -79.2529 89.3881 -3
      vertex -83.9047 92.5638 -3
      vertex -82.4263 93.0928 -3
    endloop
  endfacet
  facet normal 0 0 -1
    outer loop
      vertex -79.2817 89.0955 -3
      vertex -85.3241 91.8925 -3
      vertex -83.9047 92.5638 -3
    endloop
  endfacet
  facet normal 0 0 -1
    outer loop
      vertex -89.0955 66.468 -3
      vertex -79.2529 66.1754 -3
      vertex -79.2172 66.0326 -3
    endloop
  endfacet
  facet normal 0 0 -1
    outer loop
      vertex -79.2745 88.9484 -3
      vertex -85.3241 91.8925 -3
      vertex -79.2817 89.0955 -3
    endloop
  endfacet
  facet normal 0 0 -1
    outer loop
      vertex -89.0955 66.468 -3
      vertex -79.2172 66.0326 -3
      vertex -79.1676 65.894 -3
    endloop
  endfacet
  facet normal 0 0 -1
    outer loop
      vertex -89.0955 66.468 -3
      vertex -79.1676 65.894 -3
      vertex -79.1046 65.7609 -3
    endloop
  endfacet
  facet normal 0 0 -1
    outer loop
      vertex -89.0955 66.468 -3
      vertex -79.1046 65.7609 -3
      vertex -79.0289 65.6347 -3
    endloop
  endfacet
  facet normal 0 0 -1
    outer loop
      vertex -77.9288 67.9608 -3
      vertex -87.6027 77.6347 -3
      vertex -87.5955 77.7817 -3
    endloop
  endfacet
  facet normal 0 0 -1
    outer loop
      vertex -78.0744 67.9392 -3
      vertex -87.6243 77.4891 -3
      vertex -87.6027 77.6347 -3
    endloop
  endfacet
  facet normal 0 0 -1
    outer loop
      vertex -78.2172 67.9035 -3
      vertex -87.66 77.3463 -3
      vertex -87.6243 77.4891 -3
    endloop
  endfacet
  facet normal 0 0 -1
    outer loop
      vertex -78.3558 67.8539 -3
      vertex -87.7096 77.2077 -3
      vertex -87.66 77.3463 -3
    endloop
  endfacet
  facet normal 0 0 -1
    outer loop
      vertex -89.0955 66.468 -3
      vertex -79.0289 65.6347 -3
      vertex -78.9413 65.5164 -3
    endloop
  endfacet
  facet normal 0 0 -1
    outer loop
      vertex -78.4888 67.7909 -3
      vertex -87.7726 77.0747 -3
      vertex -87.7096 77.2077 -3
    endloop
  endfacet
  facet normal 0 0 -1
    outer loop
      vertex -78.6151 67.7152 -3
      vertex -87.8483 76.9484 -3
      vertex -87.7726 77.0747 -3
    endloop
  endfacet
  facet normal 0 0 -1
    outer loop
      vertex -78.7333 67.6276 -3
      vertex -87.9359 76.8302 -3
      vertex -87.8483 76.9484 -3
    endloop
  endfacet
  facet normal 0 0 -1
    outer loop
      vertex -78.8424 67.5287 -3
      vertex -88.0348 76.7211 -3
      vertex -87.9359 76.8302 -3
    endloop
  endfacet
  facet normal 0 0 -1
    outer loop
      vertex -78.8424 65.4074 -3
      vertex -89.0955 66.468 -3
      vertex -78.9413 65.5164 -3
    endloop
  endfacet
  facet normal -0 0 -1
    outer loop
      vertex -79.0289 67.3014 -3
      vertex -89.0955 66.468 -3
      vertex -88.2621 76.5345 -3
    endloop
  endfacet
  facet normal 0 0 -1
    outer loop
      vertex -78.9413 67.4196 -3
      vertex -88.1439 76.6222 -3
      vertex -88.0348 76.7211 -3
    endloop
  endfacet
  facet normal 0 0 -1
    outer loop
      vertex -79.0289 67.3014 -3
      vertex -88.2621 76.5345 -3
      vertex -88.1439 76.6222 -3
    endloop
  endfacet
  facet normal 0 0 -1
    outer loop
      vertex -90.1499 67.6315 -3
      vertex -88.2621 76.5345 -3
      vertex -89.0955 66.468 -3
    endloop
  endfacet
  facet normal 0 0 -1
    outer loop
      vertex -88.2621 76.5345 -3
      vertex -90.1499 67.6315 -3
      vertex -88.3884 76.4589 -3
    endloop
  endfacet
  facet normal 0 0 -1
    outer loop
      vertex -88.3884 76.4589 -3
      vertex -90.1499 67.6315 -3
      vertex -88.5214 76.3959 -3
    endloop
  endfacet
  facet normal 0 0 -1
    outer loop
      vertex -91.0853 68.8926 -3
      vertex -88.5214 76.3959 -3
      vertex -90.1499 67.6315 -3
    endloop
  endfacet
  facet normal 0 0 -1
    outer loop
      vertex -88.5214 76.3959 -3
      vertex -91.0853 68.8926 -3
      vertex -88.66 76.3463 -3
    endloop
  endfacet
  facet normal 0 0 -1
    outer loop
      vertex -88.66 76.3463 -3
      vertex -91.0853 68.8926 -3
      vertex -88.8028 76.3106 -3
    endloop
  endfacet
  facet normal 0 0 -1
    outer loop
      vertex -91.8925 70.2394 -3
      vertex -88.8028 76.3106 -3
      vertex -91.0853 68.8926 -3
    endloop
  endfacet
  facet normal 0 0 -1
    outer loop
      vertex -88.8028 76.3106 -3
      vertex -91.8925 70.2394 -3
      vertex -88.9484 76.289 -3
    endloop
  endfacet
  facet normal 0 0 -1
    outer loop
      vertex -88.9484 76.289 -3
      vertex -91.8925 70.2394 -3
      vertex -89.0955 76.2817 -3
    endloop
  endfacet
  facet normal 0 0 -1
    outer loop
      vertex -92.5638 71.6588 -3
      vertex -89.0955 76.2817 -3
      vertex -91.8925 70.2394 -3
    endloop
  endfacet
  facet normal -0 0 -1
    outer loop
      vertex -89.0955 76.2817 -3
      vertex -92.5638 71.6588 -3
      vertex -89.2425 76.289 -3
    endloop
  endfacet
  facet normal -0 0 -1
    outer loop
      vertex -89.2425 76.289 -3
      vertex -92.5638 71.6588 -3
      vertex -89.3881 76.3106 -3
    endloop
  endfacet
  facet normal 0 0 -1
    outer loop
      vertex -93.0928 73.1372 -3
      vertex -89.3881 76.3106 -3
      vertex -92.5638 71.6588 -3
    endloop
  endfacet
  facet normal -0 0 -1
    outer loop
      vertex -89.3881 76.3106 -3
      vertex -93.0928 73.1372 -3
      vertex -89.5309 76.3463 -3
    endloop
  endfacet
  facet normal -0 0 -1
    outer loop
      vertex -89.5309 76.3463 -3
      vertex -93.0928 73.1372 -3
      vertex -89.6695 76.3959 -3
    endloop
  endfacet
  facet normal -0 0 -1
    outer loop
      vertex -89.6695 76.3959 -3
      vertex -93.0928 73.1372 -3
      vertex -89.8026 76.4589 -3
    endloop
  endfacet
  facet normal -0 0 -1
    outer loop
      vertex -89.8026 76.4589 -3
      vertex -93.0928 73.1372 -3
      vertex -89.9288 76.5345 -3
    endloop
  endfacet
  facet normal 0 0 -1
    outer loop
      vertex -93.4743 74.6603 -3
      vertex -89.9288 76.5345 -3
      vertex -93.0928 73.1372 -3
    endloop
  endfacet
  facet normal -0 0 -1
    outer loop
      vertex -89.9288 76.5345 -3
      vertex -93.4743 74.6603 -3
      vertex -90.047 76.6222 -3
    endloop
  endfacet
  facet normal -0 0 -1
    outer loop
      vertex -90.047 76.6222 -3
      vertex -93.4743 74.6603 -3
      vertex -90.1561 76.7211 -3
    endloop
  endfacet
  facet normal -0 0 -1
    outer loop
      vertex -90.1561 76.7211 -3
      vertex -93.4743 74.6603 -3
      vertex -90.255 76.8302 -3
    endloop
  endfacet
  facet normal 0 0 -1
    outer loop
      vertex -93.7047 76.2135 -3
      vertex -90.255 76.8302 -3
      vertex -93.4743 74.6603 -3
    endloop
  endfacet
  facet normal -0 0 -1
    outer loop
      vertex -90.255 76.8302 -3
      vertex -93.7047 76.2135 -3
      vertex -90.3427 76.9484 -3
    endloop
  endfacet
  facet normal -0 0 -1
    outer loop
      vertex -90.3427 76.9484 -3
      vertex -93.7047 76.2135 -3
      vertex -90.4183 77.0747 -3
    endloop
  endfacet
  facet normal 0 0 -1
    outer loop
      vertex 78.7333 -87.9359 -3
      vertex 87.9359 -78.7333 -3
      vertex 78.8424 -88.0348 -3
    endloop
  endfacet
  facet normal 0 0 -1
    outer loop
      vertex 87.5955 -77.7817 -3
      vertex 79.2745 -66.6151 -3
      vertex 79.2817 -66.468 -3
    endloop
  endfacet
  facet normal -0 0 -1
    outer loop
      vertex 87.9359 -78.7333 -3
      vertex 78.7333 -87.9359 -3
      vertex 87.8483 -78.6151 -3
    endloop
  endfacet
  facet normal 0 0 -1
    outer loop
      vertex 87.5955 -77.7817 -3
      vertex 79.2529 -66.7607 -3
      vertex 79.2745 -66.6151 -3
    endloop
  endfacet
  facet normal 0 0 -1
    outer loop
      vertex 78.6151 -87.8483 -3
      vertex 87.8483 -78.6151 -3
      vertex 78.7333 -87.9359 -3
    endloop
  endfacet
  facet normal 0 0 -1
    outer loop
      vertex 87.5955 -77.7817 -3
      vertex 79.2172 -66.9035 -3
      vertex 79.2529 -66.7607 -3
    endloop
  endfacet
  facet normal -0 0 -1
    outer loop
      vertex 87.8483 -78.6151 -3
      vertex 78.6151 -87.8483 -3
      vertex 87.7726 -78.4888 -3
    endloop
  endfacet
  facet normal 0 0 -1
    outer loop
      vertex 87.5955 -77.7817 -3
      vertex 79.1676 -67.0421 -3
      vertex 79.2172 -66.9035 -3
    endloop
  endfacet
  facet normal 0 0 -1
    outer loop
      vertex 78.4888 -87.7726 -3
      vertex 87.7726 -78.4888 -3
      vertex 78.6151 -87.8483 -3
    endloop
  endfacet
  facet normal 0 0 -1
    outer loop
      vertex 87.5955 -77.7817 -3
      vertex 79.1046 -67.1751 -3
      vertex 79.1676 -67.0421 -3
    endloop
  endfacet
  facet normal -0 0 -1
    outer loop
      vertex 87.7726 -78.4888 -3
      vertex 78.4888 -87.7726 -3
      vertex 87.7096 -78.3558 -3
    endloop
  endfacet
  facet normal 0 0 -1
    outer loop
      vertex 87.5955 -77.7817 -3
      vertex 79.0289 -67.3014 -3
      vertex 79.1046 -67.1751 -3
    endloop
  endfacet
  facet normal 0 0 -1
    outer loop
      vertex 78.3558 -87.7096 -3
      vertex 87.7096 -78.3558 -3
      vertex 78.4888 -87.7726 -3
    endloop
  endfacet
  facet normal 0 0 -1
    outer loop
      vertex 87.5955 -77.7817 -3
      vertex 78.9413 -67.4196 -3
      vertex 79.0289 -67.3014 -3
    endloop
  endfacet
  facet normal -0 0 -1
    outer loop
      vertex 87.7096 -78.3558 -3
      vertex 78.3558 -87.7096 -3
      vertex 87.66 -78.2172 -3
    endloop
  endfacet
  facet normal 0 0 -1
    outer loop
      vertex 87.5955 -77.7817 -3
      vertex 78.8424 -67.5287 -3
      vertex 78.9413 -67.4196 -3
    endloop
  endfacet
  facet normal 0 0 -1
    outer loop
      vertex 78.2172 -87.66 -3
      vertex 87.66 -78.2172 -3
      vertex 78.3558 -87.7096 -3
    endloop
  endfacet
  facet normal 0 0 -1
    outer loop
      vertex 87.5955 -77.7817 -3
      vertex 78.7333 -67.6276 -3
      vertex 78.8424 -67.5287 -3
    endloop
  endfacet
  facet normal -0 0 -1
    outer loop
      vertex 87.66 -78.2172 -3
      vertex 78.2172 -87.66 -3
      vertex 87.6243 -78.0744 -3
    endloop
  endfacet
  facet normal 0 0 -1
    outer loop
      vertex 87.5955 -77.7817 -3
      vertex 78.6151 -67.7152 -3
      vertex 78.7333 -67.6276 -3
    endloop
  endfacet
  facet normal 0 0 -1
    outer loop
      vertex 78.0744 -87.6243 -3
      vertex 87.6243 -78.0744 -3
      vertex 78.2172 -87.66 -3
    endloop
  endfacet
  facet normal 0 0 -1
    outer loop
      vertex 87.5955 -77.7817 -3
      vertex 78.4888 -67.7909 -3
      vertex 78.6151 -67.7152 -3
    endloop
  endfacet
  facet normal -0 0 -1
    outer loop
      vertex 87.6243 -78.0744 -3
      vertex 78.0744 -87.6243 -3
      vertex 87.6027 -77.9288 -3
    endloop
  endfacet
  facet normal 0 0 -1
    outer loop
      vertex 87.5955 -77.7817 -3
      vertex 78.3558 -67.8539 -3
      vertex 78.4888 -67.7909 -3
    endloop
  endfacet
  facet normal 0 0 -1
    outer loop
      vertex 77.9288 -87.6027 -3
      vertex 87.6027 -77.9288 -3
      vertex 78.0744 -87.6243 -3
    endloop
  endfacet
  facet normal 0 0 -1
    outer loop
      vertex 87.5955 -77.7817 -3
      vertex 78.2172 -67.9035 -3
      vertex 78.3558 -67.8539 -3
    endloop
  endfacet
  facet normal -0 0 -1
    outer loop
      vertex 87.6027 -77.9288 -3
      vertex 77.9288 -87.6027 -3
      vertex 87.5955 -77.7817 -3
    endloop
  endfacet
  facet normal 0 0 -1
    outer loop
      vertex 87.5955 -77.7817 -3
      vertex 78.0744 -67.9392 -3
      vertex 78.2172 -67.9035 -3
    endloop
  endfacet
  facet normal 0 0 -1
    outer loop
      vertex 77.7817 -87.5955 -3
      vertex 87.5955 -77.7817 -3
      vertex 77.9288 -87.6027 -3
    endloop
  endfacet
  facet normal 0 0 -1
    outer loop
      vertex 87.5955 -77.7817 -3
      vertex 77.9288 -67.9608 -3
      vertex 78.0744 -67.9392 -3
    endloop
  endfacet
  facet normal 0 0 -1
    outer loop
      vertex 77.7817 -67.968 -3
      vertex 87.5955 -77.7817 -3
      vertex 77.7817 -87.5955 -3
    endloop
  endfacet
  facet normal 0 0 -1
    outer loop
      vertex 87.5955 -77.7817 -3
      vertex 77.7817 -67.968 -3
      vertex 77.9288 -67.9608 -3
    endloop
  endfacet
  facet normal 0 0 -1
    outer loop
      vertex 67.968 -77.7817 -3
      vertex 77.7817 -87.5955 -3
      vertex 77.6347 -87.6027 -3
    endloop
  endfacet
  facet normal 0 0 -1
    outer loop
      vertex 77.7817 -87.5955 -3
      vertex 67.968 -77.7817 -3
      vertex 77.7817 -67.968 -3
    endloop
  endfacet
  facet normal 0 0 -1
    outer loop
      vertex 67.9608 -77.9288 -3
      vertex 77.6347 -87.6027 -3
      vertex 77.4891 -87.6243 -3
    endloop
  endfacet
  facet normal -0 0 -1
    outer loop
      vertex 77.7817 -67.968 -3
      vertex 67.968 -77.7817 -3
      vertex 77.6347 -67.9608 -3
    endloop
  endfacet
  facet normal 0 0 -1
    outer loop
      vertex 67.9608 -77.9288 -3
      vertex 77.4891 -87.6243 -3
      vertex 77.3463 -87.66 -3
    endloop
  endfacet
  facet normal 0 0 -1
    outer loop
      vertex 67.9608 -77.6347 -3
      vertex 77.6347 -67.9608 -3
      vertex 67.968 -77.7817 -3
    endloop
  endfacet
  facet normal 0 0 -1
    outer loop
      vertex 67.9608 -77.9288 -3
      vertex 77.3463 -87.66 -3
      vertex 77.2077 -87.7096 -3
    endloop
  endfacet
  facet normal -0 0 -1
    outer loop
      vertex 77.6347 -67.9608 -3
      vertex 67.9608 -77.6347 -3
      vertex 77.4891 -67.9392 -3
    endloop
  endfacet
  facet normal 0 0 -1
    outer loop
      vertex 67.9608 -77.9288 -3
      vertex 77.2077 -87.7096 -3
      vertex 77.0747 -87.7726 -3
    endloop
  endfacet
  facet normal 0 0 -1
    outer loop
      vertex 67.9392 -77.4891 -3
      vertex 77.4891 -67.9392 -3
      vertex 67.9608 -77.6347 -3
    endloop
  endfacet
  facet normal 0 0 -1
    outer loop
      vertex 67.9608 -77.9288 -3
      vertex 77.0747 -87.7726 -3
      vertex 76.9484 -87.8483 -3
    endloop
  endfacet
  facet normal -0 0 -1
    outer loop
      vertex 77.4891 -67.9392 -3
      vertex 67.9392 -77.4891 -3
      vertex 77.3463 -67.9035 -3
    endloop
  endfacet
  facet normal 0 0 -1
    outer loop
      vertex 67.9608 -77.9288 -3
      vertex 76.9484 -87.8483 -3
      vertex 76.8302 -87.9359 -3
    endloop
  endfacet
  facet normal 0 0 -1
    outer loop
      vertex 67.9035 -77.3463 -3
      vertex 77.3463 -67.9035 -3
      vertex 67.9392 -77.4891 -3
    endloop
  endfacet
  facet normal 0 0 -1
    outer loop
      vertex 67.9608 -77.9288 -3
      vertex 76.8302 -87.9359 -3
      vertex 76.7211 -88.0348 -3
    endloop
  endfacet
  facet normal -0 0 -1
    outer loop
      vertex 77.3463 -67.9035 -3
      vertex 67.9035 -77.3463 -3
      vertex 77.2077 -67.8539 -3
    endloop
  endfacet
  facet normal 0 0 -1
    outer loop
      vertex 67.9608 -77.9288 -3
      vertex 76.7211 -88.0348 -3
      vertex 76.6222 -88.1439 -3
    endloop
  endfacet
  facet normal 0 0 -1
    outer loop
      vertex 67.8539 -77.2077 -3
      vertex 77.2077 -67.8539 -3
      vertex 67.9035 -77.3463 -3
    endloop
  endfacet
  facet normal 0 0 -1
    outer loop
      vertex 67.9608 -77.9288 -3
      vertex 76.6222 -88.1439 -3
      vertex 76.5345 -88.2621 -3
    endloop
  endfacet
  facet normal -0 0 -1
    outer loop
      vertex 77.2077 -67.8539 -3
      vertex 67.8539 -77.2077 -3
      vertex 77.0747 -67.7909 -3
    endloop
  endfacet
  facet normal -0 0 -1
    outer loop
      vertex 76.3959 -88.5214 -3
      vertex 67.6315 -90.1499 -3
      vertex 76.4589 -88.3884 -3
    endloop
  endfacet
  facet normal 0 0 -1
    outer loop
      vertex 67.7909 -77.0747 -3
      vertex 77.0747 -67.7909 -3
      vertex 67.8539 -77.2077 -3
    endloop
  endfacet
  facet normal 0 0 -1
    outer loop
      vertex 67.6315 -90.1499 -3
      vertex 76.3959 -88.5214 -3
      vertex 68.8926 -91.0853 -3
    endloop
  endfacet
  facet normal -0 0 -1
    outer loop
      vertex 77.0747 -67.7909 -3
      vertex 67.7909 -77.0747 -3
      vertex 76.9484 -67.7152 -3
    endloop
  endfacet
  facet normal 0 0 -1
    outer loop
      vertex 68.8926 -91.0853 -3
      vertex 76.3959 -88.5214 -3
      vertex 76.3463 -88.66 -3
    endloop
  endfacet
  facet normal 0 0 -1
    outer loop
      vertex 67.7152 -76.9484 -3
      vertex 76.9484 -67.7152 -3
      vertex 67.7909 -77.0747 -3
    endloop
  endfacet
  facet normal 0 0 -1
    outer loop
      vertex 68.8926 -91.0853 -3
      vertex 76.3463 -88.66 -3
      vertex 76.3106 -88.8028 -3
    endloop
  endfacet
  facet normal -0 0 -1
    outer loop
      vertex 76.9484 -67.7152 -3
      vertex 67.7152 -76.9484 -3
      vertex 76.8302 -67.6276 -3
    endloop
  endfacet
  facet normal 0 0 -1
    outer loop
      vertex 70.2394 -91.8925 -3
      vertex 76.3106 -88.8028 -3
      vertex 76.289 -88.9484 -3
    endloop
  endfacet
  facet normal 0 0 -1
    outer loop
      vertex 67.6276 -76.8302 -3
      vertex 76.8302 -67.6276 -3
      vertex 67.7152 -76.9484 -3
    endloop
  endfacet
  facet normal 0 0 -1
    outer loop
      vertex 70.2394 -91.8925 -3
      vertex 76.289 -88.9484 -3
      vertex 76.2817 -89.0955 -3
    endloop
  endfacet
  facet normal -0 0 -1
    outer loop
      vertex 76.8302 -67.6276 -3
      vertex 67.6276 -76.8302 -3
      vertex 76.7211 -67.5287 -3
    endloop
  endfacet
  facet normal 0 0 -1
    outer loop
      vertex 83.9047 -92.5638 -3
      vertex 79.2745 -89.2425 -3
      vertex 79.2817 -89.0955 -3
    endloop
  endfacet
  facet normal 0 0 -1
    outer loop
      vertex 80.9032 -93.4743 -3
      vertex 79.2529 -89.3881 -3
      vertex 79.2745 -89.2425 -3
    endloop
  endfacet
  facet normal 0 0 -1
    outer loop
      vertex 80.9032 -93.4743 -3
      vertex 79.2172 -89.5309 -3
      vertex 79.2529 -89.3881 -3
    endloop
  endfacet
  facet normal 0 0 -1
    outer loop
      vertex 80.9032 -93.4743 -3
      vertex 79.1676 -89.6695 -3
      vertex 79.2172 -89.5309 -3
    endloop
  endfacet
  facet normal 0 0 -1
    outer loop
      vertex 80.9032 -93.4743 -3
      vertex 79.1046 -89.8026 -3
      vertex 79.1676 -89.6695 -3
    endloop
  endfacet
  facet normal 0 0 -1
    outer loop
      vertex 80.9032 -93.4743 -3
      vertex 79.029 -89.9288 -3
      vertex 79.1046 -89.8026 -3
    endloop
  endfacet
  facet normal 0 0 -1
    outer loop
      vertex 80.9032 -93.4743 -3
      vertex 78.9413 -90.047 -3
      vertex 79.029 -89.9288 -3
    endloop
  endfacet
  facet normal 0 0 -1
    outer loop
      vertex 80.9032 -93.4743 -3
      vertex 78.8424 -90.1561 -3
      vertex 78.9413 -90.047 -3
    endloop
  endfacet
  facet normal 0 0 -1
    outer loop
      vertex 80.9032 -93.4743 -3
      vertex 78.7333 -90.255 -3
      vertex 78.8424 -90.1561 -3
    endloop
  endfacet
  facet normal 0 0 -1
    outer loop
      vertex 79.35 -93.7047 -3
      vertex 78.6151 -90.3427 -3
      vertex 78.7333 -90.255 -3
    endloop
  endfacet
  facet normal 0 0 -1
    outer loop
      vertex 79.35 -93.7047 -3
      vertex 78.4888 -90.4183 -3
      vertex 78.6151 -90.3427 -3
    endloop
  endfacet
  facet normal 0 0 -1
    outer loop
      vertex 79.35 -93.7047 -3
      vertex 78.3558 -90.4813 -3
      vertex 78.4888 -90.4183 -3
    endloop
  endfacet
  facet normal 0 0 -1
    outer loop
      vertex 79.35 -93.7047 -3
      vertex 78.2172 -90.5309 -3
      vertex 78.3558 -90.4813 -3
    endloop
  endfacet
  facet normal 0 0 -1
    outer loop
      vertex 79.35 -93.7047 -3
      vertex 78.0744 -90.5666 -3
      vertex 78.2172 -90.5309 -3
    endloop
  endfacet
  facet normal 0 0 -1
    outer loop
      vertex 77.7817 -93.7817 -3
      vertex 78.0744 -90.5666 -3
      vertex 79.35 -93.7047 -3
    endloop
  endfacet
  facet normal 0 0 -1
    outer loop
      vertex 78.0744 -90.5666 -3
      vertex 77.7817 -93.7817 -3
      vertex 77.9288 -90.5882 -3
    endloop
  endfacet
  facet normal 0 0 -1
    outer loop
      vertex 77.7817 -93.7817 -3
      vertex 77.7817 -90.5955 -3
      vertex 77.9288 -90.5882 -3
    endloop
  endfacet
  facet normal 0 0 -1
    outer loop
      vertex 77.7817 -93.7817 -3
      vertex 77.6347 -90.5882 -3
      vertex 77.7817 -90.5955 -3
    endloop
  endfacet
  facet normal 0 0 -1
    outer loop
      vertex 77.7817 -93.7817 -3
      vertex 77.4891 -90.5666 -3
      vertex 77.6347 -90.5882 -3
    endloop
  endfacet
  facet normal 0 0 -1
    outer loop
      vertex 76.2135 -93.7047 -3
      vertex 77.4891 -90.5666 -3
      vertex 77.7817 -93.7817 -3
    endloop
  endfacet
  facet normal -0 0 -1
    outer loop
      vertex 77.4891 -90.5666 -3
      vertex 76.2135 -93.7047 -3
      vertex 77.3463 -90.5309 -3
    endloop
  endfacet
  facet normal -0 0 -1
    outer loop
      vertex 77.3463 -90.5309 -3
      vertex 76.2135 -93.7047 -3
      vertex 77.2077 -90.4813 -3
    endloop
  endfacet
  facet normal -0 0 -1
    outer loop
      vertex 77.2077 -90.4813 -3
      vertex 76.2135 -93.7047 -3
      vertex 77.0747 -90.4183 -3
    endloop
  endfacet
  facet normal -0 0 -1
    outer loop
      vertex 77.0747 -90.4183 -3
      vertex 76.2135 -93.7047 -3
      vertex 76.9484 -90.3427 -3
    endloop
  endfacet
  facet normal -0 0 -1
    outer loop
      vertex 76.9484 -90.3427 -3
      vertex 76.2135 -93.7047 -3
      vertex 76.8302 -90.255 -3
    endloop
  endfacet
  facet normal 0 0 -1
    outer loop
      vertex 74.6603 -93.4743 -3
      vertex 76.8302 -90.255 -3
      vertex 76.2135 -93.7047 -3
    endloop
  endfacet
  facet normal -0 0 -1
    outer loop
      vertex 76.8302 -90.255 -3
      vertex 74.6603 -93.4743 -3
      vertex 76.7211 -90.1561 -3
    endloop
  endfacet
  facet normal -0 0 -1
    outer loop
      vertex 76.7211 -90.1561 -3
      vertex 74.6603 -93.4743 -3
      vertex 76.6222 -90.047 -3
    endloop
  endfacet
  facet normal -0 0 -1
    outer loop
      vertex 76.6222 -90.047 -3
      vertex 74.6603 -93.4743 -3
      vertex 76.5345 -89.9288 -3
    endloop
  endfacet
  facet normal -0 0 -1
    outer loop
      vertex 76.5345 -89.9288 -3
      vertex 74.6603 -93.4743 -3
      vertex 76.4589 -89.8026 -3
    endloop
  endfacet
  facet normal 0 0 -1
    outer loop
      vertex 71.6588 -92.5638 -3
      vertex 76.3106 -89.3881 -3
      vertex 73.1372 -93.0928 -3
    endloop
  endfacet
  facet normal -0 0 -1
    outer loop
      vertex 76.3463 -89.5309 -3
      vertex 73.1372 -93.0928 -3
      vertex 76.3106 -89.3881 -3
    endloop
  endfacet
  facet normal -0 0 -1
    outer loop
      vertex 76.3959 -89.6695 -3
      vertex 73.1372 -93.0928 -3
      vertex 76.3463 -89.5309 -3
    endloop
  endfacet
  facet normal -0 0 -1
    outer loop
      vertex 76.4589 -89.8026 -3
      vertex 73.1372 -93.0928 -3
      vertex 76.3959 -89.6695 -3
    endloop
  endfacet
  facet normal 0 0 -1
    outer loop
      vertex 73.1372 -93.0928 -3
      vertex 76.4589 -89.8026 -3
      vertex 74.6603 -93.4743 -3
    endloop
  endfacet
  facet normal 0 0 -1
    outer loop
      vertex 90.5666 -78.0744 -3
      vertex 93.7817 -77.7817 -3
      vertex 93.7047 -79.35 -3
    endloop
  endfacet
  facet normal 0 0 -1
    outer loop
      vertex 90.255 -78.7333 -3
      vertex 93.7047 -79.35 -3
      vertex 93.4743 -80.9032 -3
    endloop
  endfacet
  facet normal 0 0 -1
    outer loop
      vertex 93.7817 -77.7817 -3
      vertex 90.5666 -78.0744 -3
      vertex 90.5882 -77.9288 -3
    endloop
  endfacet
  facet normal 0 0 -1
    outer loop
      vertex 89.9288 -79.029 -3
      vertex 93.4743 -80.9032 -3
      vertex 93.0928 -82.4263 -3
    endloop
  endfacet
  facet normal 0 0 -1
    outer loop
      vertex 90.5882 -77.6347 -3
      vertex 93.7817 -77.7817 -3
      vertex 90.5955 -77.7817 -3
    endloop
  endfacet
  facet normal 0 0 -1
    outer loop
      vertex 89.3881 -79.2529 -3
      vertex 93.0928 -82.4263 -3
      vertex 92.5638 -83.9047 -3
    endloop
  endfacet
  facet normal 0 0 -1
    outer loop
      vertex 90.5666 -77.4891 -3
      vertex 93.7817 -77.7817 -3
      vertex 90.5882 -77.6347 -3
    endloop
  endfacet
  facet normal 0 0 -1
    outer loop
      vertex 89.0955 -79.2817 -3
      vertex 92.5638 -83.9047 -3
      vertex 91.8925 -85.3241 -3
    endloop
  endfacet
  facet normal 0 0 -1
    outer loop
      vertex 93.7817 -77.7817 -3
      vertex 90.5666 -77.4891 -3
      vertex 93.7047 -76.2135 -3
    endloop
  endfacet
  facet normal 0 0 -1
    outer loop
      vertex 88.8028 -79.2529 -3
      vertex 91.8925 -85.3241 -3
      vertex 91.0853 -86.6709 -3
    endloop
  endfacet
  facet normal 0 0 -1
    outer loop
      vertex 90.5309 -77.3463 -3
      vertex 93.7047 -76.2135 -3
      vertex 90.5666 -77.4891 -3
    endloop
  endfacet
  facet normal 0 0 -1
    outer loop
      vertex 90.4183 -77.0747 -3
      vertex 93.7047 -76.2135 -3
      vertex 90.4813 -77.2077 -3
    endloop
  endfacet
  facet normal 0 0 -1
    outer loop
      vertex 90.4813 -77.2077 -3
      vertex 93.7047 -76.2135 -3
      vertex 90.5309 -77.3463 -3
    endloop
  endfacet
  facet normal -0 0 -1
    outer loop
      vertex 93.7817 -77.7817 -3
      vertex 90.5882 -77.9288 -3
      vertex 90.5955 -77.7817 -3
    endloop
  endfacet
  facet normal 0 0 -1
    outer loop
      vertex 93.7047 -79.35 -3
      vertex 90.5309 -78.2172 -3
      vertex 90.5666 -78.0744 -3
    endloop
  endfacet
  facet normal 0 0 -1
    outer loop
      vertex 93.7047 -79.35 -3
      vertex 90.4813 -78.3558 -3
      vertex 90.5309 -78.2172 -3
    endloop
  endfacet
  facet normal 0 0 -1
    outer loop
      vertex 93.7047 -79.35 -3
      vertex 90.4183 -78.4888 -3
      vertex 90.4813 -78.3558 -3
    endloop
  endfacet
  facet normal 0 0 -1
    outer loop
      vertex 93.7047 -79.35 -3
      vertex 90.3427 -78.6151 -3
      vertex 90.4183 -78.4888 -3
    endloop
  endfacet
  facet normal 0 0 -1
    outer loop
      vertex 93.7047 -79.35 -3
      vertex 90.255 -78.7333 -3
      vertex 90.3427 -78.6151 -3
    endloop
  endfacet
  facet normal 0 0 -1
    outer loop
      vertex 93.4743 -80.9032 -3
      vertex 90.1561 -78.8424 -3
      vertex 90.255 -78.7333 -3
    endloop
  endfacet
  facet normal 0 0 -1
    outer loop
      vertex 88.5214 -79.1676 -3
      vertex 91.0853 -86.6709 -3
      vertex 90.1499 -87.932 -3
    endloop
  endfacet
  facet normal 0 0 -1
    outer loop
      vertex 93.4743 -80.9032 -3
      vertex 90.047 -78.9413 -3
      vertex 90.1561 -78.8424 -3
    endloop
  endfacet
  facet normal 0 0 -1
    outer loop
      vertex 93.4743 -80.9032 -3
      vertex 89.9288 -79.029 -3
      vertex 90.047 -78.9413 -3
    endloop
  endfacet
  facet normal 0 0 -1
    outer loop
      vertex 93.0928 -82.4263 -3
      vertex 89.8026 -79.1046 -3
      vertex 89.9288 -79.029 -3
    endloop
  endfacet
  facet normal 0 0 -1
    outer loop
      vertex 93.0928 -82.4263 -3
      vertex 89.6695 -79.1676 -3
      vertex 89.8026 -79.1046 -3
    endloop
  endfacet
  facet normal 0 0 -1
    outer loop
      vertex 93.0928 -82.4263 -3
      vertex 89.5309 -79.2172 -3
      vertex 89.6695 -79.1676 -3
    endloop
  endfacet
  facet normal 0 0 -1
    outer loop
      vertex 93.0928 -82.4263 -3
      vertex 89.3881 -79.2529 -3
      vertex 89.5309 -79.2172 -3
    endloop
  endfacet
  facet normal 0 0 -1
    outer loop
      vertex 92.5638 -83.9047 -3
      vertex 89.2425 -79.2745 -3
      vertex 89.3881 -79.2529 -3
    endloop
  endfacet
  facet normal 0 0 -1
    outer loop
      vertex 88.2621 -79.029 -3
      vertex 90.1499 -87.932 -3
      vertex 89.0955 -89.0955 -3
    endloop
  endfacet
  facet normal 0 0 -1
    outer loop
      vertex 92.5638 -83.9047 -3
      vertex 89.0955 -79.2817 -3
      vertex 89.2425 -79.2745 -3
    endloop
  endfacet
  facet normal 0 0 -1
    outer loop
      vertex 91.8925 -85.3241 -3
      vertex 88.9484 -79.2745 -3
      vertex 89.0955 -79.2817 -3
    endloop
  endfacet
  facet normal 0 0 -1
    outer loop
      vertex 91.8925 -85.3241 -3
      vertex 88.8028 -79.2529 -3
      vertex 88.9484 -79.2745 -3
    endloop
  endfacet
  facet normal 0 0 -1
    outer loop
      vertex 91.0853 -86.6709 -3
      vertex 88.66 -79.2172 -3
      vertex 88.8028 -79.2529 -3
    endloop
  endfacet
  facet normal 0 0 -1
    outer loop
      vertex 91.0853 -86.6709 -3
      vertex 88.5214 -79.1676 -3
      vertex 88.66 -79.2172 -3
    endloop
  endfacet
  facet normal 0 0 -1
    outer loop
      vertex 90.1499 -87.932 -3
      vertex 88.3884 -79.1046 -3
      vertex 88.5214 -79.1676 -3
    endloop
  endfacet
  facet normal 0 0 -1
    outer loop
      vertex 90.1499 -87.932 -3
      vertex 88.2621 -79.029 -3
      vertex 88.3884 -79.1046 -3
    endloop
  endfacet
  facet normal 0 0 -1
    outer loop
      vertex 79.1676 -88.5214 -3
      vertex 86.6709 -91.0853 -3
      vertex 79.2172 -88.66 -3
    endloop
  endfacet
  facet normal 0 0 -1
    outer loop
      vertex 79.2172 -88.66 -3
      vertex 86.6709 -91.0853 -3
      vertex 79.2529 -88.8028 -3
    endloop
  endfacet
  facet normal 0 0 -1
    outer loop
      vertex 86.6709 -91.0853 -3
      vertex 79.1676 -88.5214 -3
      vertex 87.932 -90.1499 -3
    endloop
  endfacet
  facet normal 0 0 -1
    outer loop
      vertex 85.3241 -91.8925 -3
      vertex 79.2529 -88.8028 -3
      vertex 86.6709 -91.0853 -3
    endloop
  endfacet
  facet normal 0 0 -1
    outer loop
      vertex 79.1046 -88.3884 -3
      vertex 87.932 -90.1499 -3
      vertex 79.1676 -88.5214 -3
    endloop
  endfacet
  facet normal 0 0 -1
    outer loop
      vertex 79.029 -88.2621 -3
      vertex 87.932 -90.1499 -3
      vertex 79.1046 -88.3884 -3
    endloop
  endfacet
  facet normal 0 0 -1
    outer loop
      vertex 87.932 -90.1499 -3
      vertex 79.029 -88.2621 -3
      vertex 89.0955 -89.0955 -3
    endloop
  endfacet
  facet normal 0 0 -1
    outer loop
      vertex 89.0955 -89.0955 -3
      vertex 79.029 -88.2621 -3
      vertex 88.2621 -79.029 -3
    endloop
  endfacet
  facet normal -0 0 -1
    outer loop
      vertex 88.2621 -79.029 -3
      vertex 79.029 -88.2621 -3
      vertex 88.1439 -78.9413 -3
    endloop
  endfacet
  facet normal 0 0 -1
    outer loop
      vertex 78.9413 -88.1439 -3
      vertex 88.1439 -78.9413 -3
      vertex 79.029 -88.2621 -3
    endloop
  endfacet
  facet normal -0 0 -1
    outer loop
      vertex 88.1439 -78.9413 -3
      vertex 78.9413 -88.1439 -3
      vertex 88.0348 -78.8424 -3
    endloop
  endfacet
  facet normal 0 0 -1
    outer loop
      vertex 79.2529 -88.8028 -3
      vertex 85.3241 -91.8925 -3
      vertex 79.2745 -88.9484 -3
    endloop
  endfacet
  facet normal 0 0 -1
    outer loop
      vertex 90.3427 -76.9484 -3
      vertex 93.7047 -76.2135 -3
      vertex 90.4183 -77.0747 -3
    endloop
  endfacet
  facet normal 0 0 -1
    outer loop
      vertex 90.255 -76.8302 -3
      vertex 93.7047 -76.2135 -3
      vertex 90.3427 -76.9484 -3
    endloop
  endfacet
  facet normal -0 0 -1
    outer loop
      vertex 93.7047 -76.2135 -3
      vertex 90.255 -76.8302 -3
      vertex 93.4743 -74.6603 -3
    endloop
  endfacet
  facet normal 0 0 -1
    outer loop
      vertex 90.1561 -76.7211 -3
      vertex 93.4743 -74.6603 -3
      vertex 90.255 -76.8302 -3
    endloop
  endfacet
  facet normal 0 0 -1
    outer loop
      vertex 90.047 -76.6222 -3
      vertex 93.4743 -74.6603 -3
      vertex 90.1561 -76.7211 -3
    endloop
  endfacet
  facet normal 0 0 -1
    outer loop
      vertex 89.9288 -76.5345 -3
      vertex 93.4743 -74.6603 -3
      vertex 90.047 -76.6222 -3
    endloop
  endfacet
  facet normal -0 0 -1
    outer loop
      vertex 93.4743 -74.6603 -3
      vertex 89.9288 -76.5345 -3
      vertex 93.0928 -73.1372 -3
    endloop
  endfacet
  facet normal 0 0 -1
    outer loop
      vertex 89.8026 -76.4589 -3
      vertex 93.0928 -73.1372 -3
      vertex 89.9288 -76.5345 -3
    endloop
  endfacet
  facet normal 0 0 -1
    outer loop
      vertex 89.6695 -76.3959 -3
      vertex 93.0928 -73.1372 -3
      vertex 89.8026 -76.4589 -3
    endloop
  endfacet
  facet normal 0 0 -1
    outer loop
      vertex 89.5309 -76.3463 -3
      vertex 93.0928 -73.1372 -3
      vertex 89.6695 -76.3959 -3
    endloop
  endfacet
  facet normal 0 0 -1
    outer loop
      vertex 89.3881 -76.3106 -3
      vertex 93.0928 -73.1372 -3
      vertex 89.5309 -76.3463 -3
    endloop
  endfacet
  facet normal -0 0 -1
    outer loop
      vertex 93.0928 -73.1372 -3
      vertex 89.3881 -76.3106 -3
      vertex 92.5638 -71.6588 -3
    endloop
  endfacet
  facet normal 0 0 -1
    outer loop
      vertex 89.2425 -76.289 -3
      vertex 92.5638 -71.6588 -3
      vertex 89.3881 -76.3106 -3
    endloop
  endfacet
  facet normal 0 0 -1
    outer loop
      vertex 89.0955 -76.2817 -3
      vertex 92.5638 -71.6588 -3
      vertex 89.2425 -76.289 -3
    endloop
  endfacet
  facet normal -0 0 -1
    outer loop
      vertex 92.5638 -71.6588 -3
      vertex 89.0955 -76.2817 -3
      vertex 91.8925 -70.2394 -3
    endloop
  endfacet
  facet normal 0 0 -1
    outer loop
      vertex 88.9484 -76.289 -3
      vertex 91.8925 -70.2394 -3
      vertex 89.0955 -76.2817 -3
    endloop
  endfacet
  facet normal 0 0 -1
    outer loop
      vertex 88.8028 -76.3106 -3
      vertex 91.8925 -70.2394 -3
      vertex 88.9484 -76.289 -3
    endloop
  endfacet
  facet normal -0 0 -1
    outer loop
      vertex 91.8925 -70.2394 -3
      vertex 88.8028 -76.3106 -3
      vertex 91.0853 -68.8926 -3
    endloop
  endfacet
  facet normal 0 0 -1
    outer loop
      vertex 88.66 -76.3463 -3
      vertex 91.0853 -68.8926 -3
      vertex 88.8028 -76.3106 -3
    endloop
  endfacet
  facet normal 0 0 -1
    outer loop
      vertex 88.5214 -76.3959 -3
      vertex 91.0853 -68.8926 -3
      vertex 88.66 -76.3463 -3
    endloop
  endfacet
  facet normal -0 0 -1
    outer loop
      vertex 91.0853 -68.8926 -3
      vertex 88.5214 -76.3959 -3
      vertex 90.1499 -67.6315 -3
    endloop
  endfacet
  facet normal 0 0 -1
    outer loop
      vertex 88.3884 -76.4589 -3
      vertex 90.1499 -67.6315 -3
      vertex 88.5214 -76.3959 -3
    endloop
  endfacet
  facet normal 0 0 -1
    outer loop
      vertex 88.2621 -76.5345 -3
      vertex 90.1499 -67.6315 -3
      vertex 88.3884 -76.4589 -3
    endloop
  endfacet
  facet normal -0 0 -1
    outer loop
      vertex 90.1499 -67.6315 -3
      vertex 88.2621 -76.5345 -3
      vertex 89.0955 -66.468 -3
    endloop
  endfacet
  facet normal 0 0 -1
    outer loop
      vertex 88.1439 -76.6222 -3
      vertex 89.0955 -66.468 -3
      vertex 88.2621 -76.5345 -3
    endloop
  endfacet
  facet normal 0 0 -1
    outer loop
      vertex 79.2817 -66.468 -3
      vertex 88.1439 -76.6222 -3
      vertex 88.0348 -76.7211 -3
    endloop
  endfacet
  facet normal 0 0 -1
    outer loop
      vertex 79.2817 -66.468 -3
      vertex 88.0348 -76.7211 -3
      vertex 87.9359 -76.8302 -3
    endloop
  endfacet
  facet normal 0 0 -1
    outer loop
      vertex 79.2817 -66.468 -3
      vertex 87.9359 -76.8302 -3
      vertex 87.8483 -76.9484 -3
    endloop
  endfacet
  facet normal 0 0 -1
    outer loop
      vertex 79.2817 -66.468 -3
      vertex 87.8483 -76.9484 -3
      vertex 87.7726 -77.0747 -3
    endloop
  endfacet
  facet normal 0 0 -1
    outer loop
      vertex 79.2817 -66.468 -3
      vertex 87.7726 -77.0747 -3
      vertex 87.7096 -77.2077 -3
    endloop
  endfacet
  facet normal 0 0 -1
    outer loop
      vertex 79.2817 -66.468 -3
      vertex 87.7096 -77.2077 -3
      vertex 87.66 -77.3463 -3
    endloop
  endfacet
  facet normal 0 0 -1
    outer loop
      vertex 79.2817 -66.468 -3
      vertex 87.66 -77.3463 -3
      vertex 87.6243 -77.4891 -3
    endloop
  endfacet
  facet normal 0 0 -1
    outer loop
      vertex 79.2817 -66.468 -3
      vertex 87.6243 -77.4891 -3
      vertex 87.6027 -77.6347 -3
    endloop
  endfacet
  facet normal 0 0 -1
    outer loop
      vertex 78.8424 -88.0348 -3
      vertex 88.0348 -78.8424 -3
      vertex 78.9413 -88.1439 -3
    endloop
  endfacet
  facet normal 0 0 -1
    outer loop
      vertex 79.2745 -88.9484 -3
      vertex 85.3241 -91.8925 -3
      vertex 79.2817 -89.0955 -3
    endloop
  endfacet
  facet normal -0 0 -1
    outer loop
      vertex 88.0348 -78.8424 -3
      vertex 78.8424 -88.0348 -3
      vertex 87.9359 -78.7333 -3
    endloop
  endfacet
  facet normal 0 0 -1
    outer loop
      vertex 79.2817 -89.0955 -3
      vertex 85.3241 -91.8925 -3
      vertex 83.9047 -92.5638 -3
    endloop
  endfacet
  facet normal 0 0 -1
    outer loop
      vertex 79.2745 -89.2425 -3
      vertex 83.9047 -92.5638 -3
      vertex 82.4263 -93.0928 -3
    endloop
  endfacet
  facet normal 0 0 -1
    outer loop
      vertex 79.2745 -89.2425 -3
      vertex 82.4263 -93.0928 -3
      vertex 80.9032 -93.4743 -3
    endloop
  endfacet
  facet normal 0 0 -1
    outer loop
      vertex 78.7333 -90.255 -3
      vertex 80.9032 -93.4743 -3
      vertex 79.35 -93.7047 -3
    endloop
  endfacet
  facet normal 0 0 -1
    outer loop
      vertex 87.5955 -77.7817 -3
      vertex 79.2817 -66.468 -3
      vertex 87.6027 -77.6347 -3
    endloop
  endfacet
  facet normal 0 0 -1
    outer loop
      vertex 88.1439 -76.6222 -3
      vertex 79.2817 -66.468 -3
      vertex 89.0955 -66.468 -3
    endloop
  endfacet
  facet normal 0 0 -1
    outer loop
      vertex 79.2745 -66.321 -3
      vertex 89.0955 -66.468 -3
      vertex 79.2817 -66.468 -3
    endloop
  endfacet
  facet normal 0 0 -1
    outer loop
      vertex 79.2529 -66.1754 -3
      vertex 89.0955 -66.468 -3
      vertex 79.2745 -66.321 -3
    endloop
  endfacet
  facet normal 0 0 -1
    outer loop
      vertex 79.2172 -66.0326 -3
      vertex 89.0955 -66.468 -3
      vertex 79.2529 -66.1754 -3
    endloop
  endfacet
  facet normal 0 0 -1
    outer loop
      vertex 79.1676 -65.894 -3
      vertex 89.0955 -66.468 -3
      vertex 79.2172 -66.0326 -3
    endloop
  endfacet
  facet normal 0 0 -1
    outer loop
      vertex 79.1046 -65.7609 -3
      vertex 89.0955 -66.468 -3
      vertex 79.1676 -65.894 -3
    endloop
  endfacet
  facet normal 0 0 -1
    outer loop
      vertex 79.0289 -65.6347 -3
      vertex 89.0955 -66.468 -3
      vertex 79.1046 -65.7609 -3
    endloop
  endfacet
  facet normal 0 0 -1
    outer loop
      vertex 78.9413 -65.5164 -3
      vertex 89.0955 -66.468 -3
      vertex 79.0289 -65.6347 -3
    endloop
  endfacet
  facet normal 0 0 -1
    outer loop
      vertex 78.8424 -65.4074 -3
      vertex 89.0955 -66.468 -3
      vertex 78.9413 -65.5164 -3
    endloop
  endfacet
  facet normal 0 0 -1
    outer loop
      vertex 78.7333 -65.3085 -3
      vertex 89.0955 -66.468 -3
      vertex 78.8424 -65.4074 -3
    endloop
  endfacet
  facet normal 0 0 -1
    outer loop
      vertex 78.6151 -65.2208 -3
      vertex 89.0955 -66.468 -3
      vertex 78.7333 -65.3085 -3
    endloop
  endfacet
  facet normal 0 0 -1
    outer loop
      vertex 78.4888 -65.1452 -3
      vertex 89.0955 -66.468 -3
      vertex 78.6151 -65.2208 -3
    endloop
  endfacet
  facet normal 0 0 -1
    outer loop
      vertex 78.3558 -65.0822 -3
      vertex 89.0955 -66.468 -3
      vertex 78.4888 -65.1452 -3
    endloop
  endfacet
  facet normal 0 0 -1
    outer loop
      vertex 78.2172 -65.0326 -3
      vertex 89.0955 -66.468 -3
      vertex 78.3558 -65.0822 -3
    endloop
  endfacet
  facet normal 0 0 -1
    outer loop
      vertex 54.3942 -46.7221 -3
      vertex 78.2172 -65.0326 -3
      vertex 78.0744 -64.9969 -3
    endloop
  endfacet
  facet normal 0 0 -1
    outer loop
      vertex 54.3942 -46.7221 -3
      vertex 78.0744 -64.9969 -3
      vertex 77.9288 -64.9753 -3
    endloop
  endfacet
  facet normal -0 0 -1
    outer loop
      vertex 76.3106 -89.3881 -3
      vertex 71.6588 -92.5638 -3
      vertex 76.289 -89.2425 -3
    endloop
  endfacet
  facet normal 0 0 -1
    outer loop
      vertex 67.5287 -76.7211 -3
      vertex 76.7211 -67.5287 -3
      vertex 67.6276 -76.8302 -3
    endloop
  endfacet
  facet normal -0 0 -1
    outer loop
      vertex 76.289 -89.2425 -3
      vertex 71.6588 -92.5638 -3
      vertex 76.2817 -89.0955 -3
    endloop
  endfacet
  facet normal 0 0 -1
    outer loop
      vertex 70.2394 -91.8925 -3
      vertex 76.2817 -89.0955 -3
      vertex 71.6588 -92.5638 -3
    endloop
  endfacet
  facet normal -0 0 -1
    outer loop
      vertex 76.7211 -67.5287 -3
      vertex 67.5287 -76.7211 -3
      vertex 76.6222 -67.4196 -3
    endloop
  endfacet
  facet normal 0 0 -1
    outer loop
      vertex 76.3106 -88.8028 -3
      vertex 70.2394 -91.8925 -3
      vertex 68.8926 -91.0853 -3
    endloop
  endfacet
  facet normal -0 0 -1
    outer loop
      vertex 76.4589 -88.3884 -3
      vertex 67.6315 -90.1499 -3
      vertex 76.5345 -88.2621 -3
    endloop
  endfacet
  facet normal 0 0 -1
    outer loop
      vertex 67.4196 -76.6222 -3
      vertex 76.6222 -67.4196 -3
      vertex 67.5287 -76.7211 -3
    endloop
  endfacet
  facet normal -0 0 -1
    outer loop
      vertex 76.6222 -67.4196 -3
      vertex 67.4196 -76.6222 -3
      vertex 76.5345 -67.3014 -3
    endloop
  endfacet
  facet normal 0 0 -1
    outer loop
      vertex 67.3014 -76.5345 -3
      vertex 76.5345 -67.3014 -3
      vertex 67.4196 -76.6222 -3
    endloop
  endfacet
  facet normal -0 0 -1
    outer loop
      vertex 76.5345 -67.3014 -3
      vertex 67.3014 -76.5345 -3
      vertex 76.4589 -67.1751 -3
    endloop
  endfacet
  facet normal 0 0 -1
    outer loop
      vertex 67.1751 -76.4589 -3
      vertex 76.4589 -67.1751 -3
      vertex 67.3014 -76.5345 -3
    endloop
  endfacet
  facet normal -0 0 -1
    outer loop
      vertex 76.4589 -67.1751 -3
      vertex 67.1751 -76.4589 -3
      vertex 76.3959 -67.0421 -3
    endloop
  endfacet
  facet normal 0 0 -1
    outer loop
      vertex 67.0421 -76.3959 -3
      vertex 76.3959 -67.0421 -3
      vertex 67.1751 -76.4589 -3
    endloop
  endfacet
  facet normal -0 0 -1
    outer loop
      vertex 76.3959 -67.0421 -3
      vertex 67.0421 -76.3959 -3
      vertex 76.3463 -66.9035 -3
    endloop
  endfacet
  facet normal 0 0 -1
    outer loop
      vertex 66.9035 -76.3463 -3
      vertex 76.3463 -66.9035 -3
      vertex 67.0421 -76.3959 -3
    endloop
  endfacet
  facet normal -0 0 -1
    outer loop
      vertex 76.3463 -66.9035 -3
      vertex 66.9035 -76.3463 -3
      vertex 76.3106 -66.7607 -3
    endloop
  endfacet
  facet normal 0 0 -1
    outer loop
      vertex 66.7607 -76.3106 -3
      vertex 76.3106 -66.7607 -3
      vertex 66.9035 -76.3463 -3
    endloop
  endfacet
  facet normal -0 0 -1
    outer loop
      vertex 76.3106 -66.7607 -3
      vertex 66.7607 -76.3106 -3
      vertex 76.289 -66.6151 -3
    endloop
  endfacet
  facet normal 0 0 -1
    outer loop
      vertex 66.6151 -76.289 -3
      vertex 76.289 -66.6151 -3
      vertex 66.7607 -76.3106 -3
    endloop
  endfacet
  facet normal -0 0 -1
    outer loop
      vertex 76.289 -66.6151 -3
      vertex 66.6151 -76.289 -3
      vertex 76.2817 -66.468 -3
    endloop
  endfacet
  facet normal 0 0 -1
    outer loop
      vertex 66.468 -76.2817 -3
      vertex 76.2817 -66.468 -3
      vertex 66.6151 -76.289 -3
    endloop
  endfacet
  facet normal -0 0 -1
    outer loop
      vertex 76.2817 -66.468 -3
      vertex 66.468 -76.2817 -3
      vertex 76.289 -66.321 -3
    endloop
  endfacet
  facet normal 0 0 -1
    outer loop
      vertex 66.321 -76.289 -3
      vertex 76.289 -66.321 -3
      vertex 66.468 -76.2817 -3
    endloop
  endfacet
  facet normal -0 0 -1
    outer loop
      vertex 76.289 -66.321 -3
      vertex 66.321 -76.289 -3
      vertex 76.3106 -66.1754 -3
    endloop
  endfacet
  facet normal 0 0 -1
    outer loop
      vertex 66.1754 -76.3106 -3
      vertex 76.3106 -66.1754 -3
      vertex 66.321 -76.289 -3
    endloop
  endfacet
  facet normal -0 0 -1
    outer loop
      vertex 76.3106 -66.1754 -3
      vertex 66.1754 -76.3106 -3
      vertex 76.3463 -66.0326 -3
    endloop
  endfacet
  facet normal 0 0 -1
    outer loop
      vertex 66.0326 -76.3463 -3
      vertex 76.3463 -66.0326 -3
      vertex 66.1754 -76.3106 -3
    endloop
  endfacet
  facet normal 0 0 -1
    outer loop
      vertex 54.3942 -46.7221 -3
      vertex 76.3463 -66.0326 -3
      vertex 66.0326 -76.3463 -3
    endloop
  endfacet
  facet normal 0 0 -1
    outer loop
      vertex 76.3463 -66.0326 -3
      vertex 54.3942 -46.7221 -3
      vertex 76.3959 -65.894 -3
    endloop
  endfacet
  facet normal 0 0 -1
    outer loop
      vertex 76.3959 -65.894 -3
      vertex 54.3942 -46.7221 -3
      vertex 76.4589 -65.7609 -3
    endloop
  endfacet
  facet normal 0 0 -1
    outer loop
      vertex 76.4589 -65.7609 -3
      vertex 54.3942 -46.7221 -3
      vertex 76.5345 -65.6347 -3
    endloop
  endfacet
  facet normal 0 0 -1
    outer loop
      vertex 76.5345 -65.6347 -3
      vertex 54.3942 -46.7221 -3
      vertex 76.6222 -65.5164 -3
    endloop
  endfacet
  facet normal 0 0 -1
    outer loop
      vertex 54.3942 -46.7221 -3
      vertex 66.0326 -76.3463 -3
      vertex 65.894 -76.3959 -3
    endloop
  endfacet
  facet normal 0 0 -1
    outer loop
      vertex 54.3942 -46.7221 -3
      vertex 65.894 -76.3959 -3
      vertex 65.7609 -76.4589 -3
    endloop
  endfacet
  facet normal 0 0 -1
    outer loop
      vertex 54.3942 -46.7221 -3
      vertex 65.7609 -76.4589 -3
      vertex 65.6347 -76.5345 -3
    endloop
  endfacet
  facet normal 0 0 -1
    outer loop
      vertex 54.3942 -46.7221 -3
      vertex 65.6347 -76.5345 -3
      vertex 65.5164 -76.6222 -3
    endloop
  endfacet
  facet normal 0 0 -1
    outer loop
      vertex 54.3942 -46.7221 -3
      vertex 65.5164 -76.6222 -3
      vertex 65.4074 -76.7211 -3
    endloop
  endfacet
  facet normal 0 0 -1
    outer loop
      vertex 54.3942 -46.7221 -3
      vertex 64.9753 -77.6347 -3
      vertex 64.968 -77.7817 -3
    endloop
  endfacet
  facet normal 0 0 -1
    outer loop
      vertex 54.3942 -46.7221 -3
      vertex 64.9969 -77.4891 -3
      vertex 64.9753 -77.6347 -3
    endloop
  endfacet
  facet normal 0 0 -1
    outer loop
      vertex 54.3942 -46.7221 -3
      vertex 65.0326 -77.3463 -3
      vertex 64.9969 -77.4891 -3
    endloop
  endfacet
  facet normal 0 0 -1
    outer loop
      vertex 54.3942 -46.7221 -3
      vertex 65.0822 -77.2077 -3
      vertex 65.0326 -77.3463 -3
    endloop
  endfacet
  facet normal 0 0 -1
    outer loop
      vertex 54.3942 -46.7221 -3
      vertex 65.1452 -77.0747 -3
      vertex 65.0822 -77.2077 -3
    endloop
  endfacet
  facet normal 0 0 -1
    outer loop
      vertex 54.3942 -46.7221 -3
      vertex 65.2208 -76.9484 -3
      vertex 65.1452 -77.0747 -3
    endloop
  endfacet
  facet normal 0 0 -1
    outer loop
      vertex 54.3942 -46.7221 -3
      vertex 65.3085 -76.8302 -3
      vertex 65.2208 -76.9484 -3
    endloop
  endfacet
  facet normal 0 0 -1
    outer loop
      vertex 54.3942 -46.7221 -3
      vertex 65.4074 -76.7211 -3
      vertex 65.3085 -76.8302 -3
    endloop
  endfacet
  facet normal 0 0 -1
    outer loop
      vertex 76.6222 -65.5164 -3
      vertex 54.3942 -46.7221 -3
      vertex 76.7211 -65.4074 -3
    endloop
  endfacet
  facet normal 0 0 -1
    outer loop
      vertex 54.3942 -46.7221 -3
      vertex 76.8302 -65.3085 -3
      vertex 76.7211 -65.4074 -3
    endloop
  endfacet
  facet normal 0 0 -1
    outer loop
      vertex 54.3942 -46.7221 -3
      vertex 76.9484 -65.2208 -3
      vertex 76.8302 -65.3085 -3
    endloop
  endfacet
  facet normal 0 0 -1
    outer loop
      vertex 54.3942 -46.7221 -3
      vertex 77.0747 -65.1452 -3
      vertex 76.9484 -65.2208 -3
    endloop
  endfacet
  facet normal 0 0 -1
    outer loop
      vertex 54.3942 -46.7221 -3
      vertex 77.2077 -65.0822 -3
      vertex 77.0747 -65.1452 -3
    endloop
  endfacet
  facet normal 0 0 -1
    outer loop
      vertex 54.3942 -46.7221 -3
      vertex 77.3463 -65.0326 -3
      vertex 77.2077 -65.0822 -3
    endloop
  endfacet
  facet normal 0 0 -1
    outer loop
      vertex 54.3942 -46.7221 -3
      vertex 77.4891 -64.9969 -3
      vertex 77.3463 -65.0326 -3
    endloop
  endfacet
  facet normal 0 0 -1
    outer loop
      vertex 54.3942 -46.7221 -3
      vertex 77.6347 -64.9753 -3
      vertex 77.4891 -64.9969 -3
    endloop
  endfacet
  facet normal 0 0 -1
    outer loop
      vertex 54.3942 -46.7221 -3
      vertex 77.7817 -64.968 -3
      vertex 77.6347 -64.9753 -3
    endloop
  endfacet
  facet normal 0 0 -1
    outer loop
      vertex 54.3942 -46.7221 -3
      vertex 77.9288 -64.9753 -3
      vertex 77.7817 -64.968 -3
    endloop
  endfacet
  facet normal 0 0 -1
    outer loop
      vertex 78.2172 -65.0326 -3
      vertex 54.3942 -46.7221 -3
      vertex 89.0955 -66.468 -3
    endloop
  endfacet
  facet normal 0 0 -1
    outer loop
      vertex 54.3942 -46.7221 -3
      vertex 27.8817 -2.40718 -3
      vertex 89.0955 -66.468 -3
    endloop
  endfacet
  facet normal 0 0 -1
    outer loop
      vertex 18.5502 -26.2223 -3
      vertex 27.8817 -2.40718 -3
      vertex 26.2223 -18.5502 -3
    endloop
  endfacet
  facet normal 0 0 -1
    outer loop
      vertex 26.2223 -18.5502 -3
      vertex 27.8817 -2.40718 -3
      vertex 54.3942 -46.7221 -3
    endloop
  endfacet
  facet normal -0.994643 -0.103374 0
    outer loop
      vertex -25.5 -25.5 -3
      vertex -26.2223 -18.5502 3
      vertex -26.2223 -18.5502 -3
    endloop
  endfacet
  facet normal -0.994643 -0.103374 0
    outer loop
      vertex -26.2223 -18.5502 3
      vertex -25.5 -25.5 -3
      vertex -25.5 -25.5 3
    endloop
  endfacet
  facet normal 0.0490854 -0.998795 0
    outer loop
      vertex 0 -28 -3
      vertex 2.40718 -27.8817 3
      vertex 0 -28 3
    endloop
  endfacet
  facet normal 0.0490854 -0.998795 0
    outer loop
      vertex 2.40718 -27.8817 3
      vertex 0 -28 -3
      vertex 2.40718 -27.8817 -3
    endloop
  endfacet
  facet normal 0.0490854 0.998795 -0
    outer loop
      vertex 2.40718 27.8817 -3
      vertex 0 28 3
      vertex 2.40718 27.8817 3
    endloop
  endfacet
  facet normal 0.0490854 0.998795 0
    outer loop
      vertex 0 28 3
      vertex 2.40718 27.8817 -3
      vertex 0 28 -3
    endloop
  endfacet
  facet normal -0.103374 0.994643 0
    outer loop
      vertex -18.5502 26.2223 -3
      vertex -25.5 25.5 3
      vertex -18.5502 26.2223 3
    endloop
  endfacet
  facet normal -0.103374 0.994643 0
    outer loop
      vertex -25.5 25.5 3
      vertex -18.5502 26.2223 -3
      vertex -25.5 25.5 -3
    endloop
  endfacet
  facet normal -0.0490854 -0.998795 0
    outer loop
      vertex -2.40718 -27.8817 -3
      vertex 0 -28 3
      vertex -2.40718 -27.8817 3
    endloop
  endfacet
  facet normal -0.0490854 -0.998795 -0
    outer loop
      vertex 0 -28 3
      vertex -2.40718 -27.8817 -3
      vertex 0 -28 -3
    endloop
  endfacet
  facet normal 0.103374 -0.994643 0
    outer loop
      vertex 18.5502 -26.2223 -3
      vertex 25.5 -25.5 3
      vertex 18.5502 -26.2223 3
    endloop
  endfacet
  facet normal 0.103374 -0.994643 0
    outer loop
      vertex 25.5 -25.5 3
      vertex 18.5502 -26.2223 -3
      vertex 25.5 -25.5 -3
    endloop
  endfacet
  facet normal 0.998795 0.0490854 0
    outer loop
      vertex 28 0 3
      vertex 27.8817 2.40718 -3
      vertex 27.8817 2.40718 3
    endloop
  endfacet
  facet normal 0.998795 0.0490854 0
    outer loop
      vertex 27.8817 2.40718 -3
      vertex 28 0 3
      vertex 28 0 -3
    endloop
  endfacet
  facet normal 0.998795 -0.0490854 0
    outer loop
      vertex 27.8817 -2.40718 3
      vertex 28 0 -3
      vertex 28 0 3
    endloop
  endfacet
  facet normal 0.998795 -0.0490854 0
    outer loop
      vertex 28 0 -3
      vertex 27.8817 -2.40718 3
      vertex 27.8817 -2.40718 -3
    endloop
  endfacet
  facet normal 0 0 1
    outer loop
      vertex 77.6347 87.6027 3
      vertex 67.9608 77.9288 3
      vertex 67.968 77.7817 3
    endloop
  endfacet
  facet normal 0 0 1
    outer loop
      vertex 76.5345 88.2621 3
      vertex 67.9392 78.0744 3
      vertex 67.9608 77.9288 3
    endloop
  endfacet
  facet normal 0 0 1
    outer loop
      vertex 76.5345 88.2621 3
      vertex 67.9035 78.2172 3
      vertex 67.9392 78.0744 3
    endloop
  endfacet
  facet normal 0 0 1
    outer loop
      vertex 76.5345 88.2621 3
      vertex 67.8539 78.3558 3
      vertex 67.9035 78.2172 3
    endloop
  endfacet
  facet normal 0 0 1
    outer loop
      vertex 76.5345 88.2621 3
      vertex 67.7909 78.4888 3
      vertex 67.8539 78.3558 3
    endloop
  endfacet
  facet normal 0 0 1
    outer loop
      vertex 76.5345 88.2621 3
      vertex 67.7152 78.6151 3
      vertex 67.7909 78.4888 3
    endloop
  endfacet
  facet normal -0 0 1
    outer loop
      vertex 66.468 89.0955 3
      vertex 76.5345 88.2621 3
      vertex 67.6315 90.1499 3
    endloop
  endfacet
  facet normal 0 0 1
    outer loop
      vertex 76.5345 88.2621 3
      vertex 67.6276 78.7333 3
      vertex 67.7152 78.6151 3
    endloop
  endfacet
  facet normal 0 0 1
    outer loop
      vertex 76.5345 88.2621 3
      vertex 67.5287 78.8424 3
      vertex 67.6276 78.7333 3
    endloop
  endfacet
  facet normal 0 0 1
    outer loop
      vertex 76.5345 88.2621 3
      vertex 67.4196 78.9413 3
      vertex 67.5287 78.8424 3
    endloop
  endfacet
  facet normal 0 -0 1
    outer loop
      vertex 67.3014 79.0289 3
      vertex 76.5345 88.2621 3
      vertex 66.468 89.0955 3
    endloop
  endfacet
  facet normal 0 0 1
    outer loop
      vertex 76.5345 88.2621 3
      vertex 67.3014 79.0289 3
      vertex 67.4196 78.9413 3
    endloop
  endfacet
  facet normal 0 0 1
    outer loop
      vertex 67.3014 79.0289 3
      vertex 66.468 89.0955 3
      vertex 67.1751 79.1046 3
    endloop
  endfacet
  facet normal 0 0 1
    outer loop
      vertex 67.1751 79.1046 3
      vertex 66.468 89.0955 3
      vertex 67.0421 79.1676 3
    endloop
  endfacet
  facet normal 0 0 1
    outer loop
      vertex 67.0421 79.1676 3
      vertex 66.468 89.0955 3
      vertex 66.9035 79.2172 3
    endloop
  endfacet
  facet normal 0 0 1
    outer loop
      vertex 66.9035 79.2172 3
      vertex 66.468 89.0955 3
      vertex 66.7607 79.2529 3
    endloop
  endfacet
  facet normal 0 0 1
    outer loop
      vertex 66.7607 79.2529 3
      vertex 66.468 89.0955 3
      vertex 66.6151 79.2745 3
    endloop
  endfacet
  facet normal 0 0 1
    outer loop
      vertex 66.468 89.0955 3
      vertex 66.468 79.2817 3
      vertex 66.6151 79.2745 3
    endloop
  endfacet
  facet normal 0 0 1
    outer loop
      vertex 66.468 89.0955 3
      vertex 66.321 79.2745 3
      vertex 66.468 79.2817 3
    endloop
  endfacet
  facet normal 0 0 1
    outer loop
      vertex 66.468 89.0955 3
      vertex 66.1754 79.2529 3
      vertex 66.321 79.2745 3
    endloop
  endfacet
  facet normal 0 0 1
    outer loop
      vertex 66.468 89.0955 3
      vertex 66.0326 79.2172 3
      vertex 66.1754 79.2529 3
    endloop
  endfacet
  facet normal 0 0 1
    outer loop
      vertex 66.468 89.0955 3
      vertex 65.894 79.1676 3
      vertex 66.0326 79.2172 3
    endloop
  endfacet
  facet normal 0 0 1
    outer loop
      vertex 66.468 89.0955 3
      vertex 65.7609 79.1046 3
      vertex 65.894 79.1676 3
    endloop
  endfacet
  facet normal 0 0 1
    outer loop
      vertex 66.468 89.0955 3
      vertex 65.6347 79.0289 3
      vertex 65.7609 79.1046 3
    endloop
  endfacet
  facet normal 0 0 1
    outer loop
      vertex 66.468 89.0955 3
      vertex 65.5164 78.9413 3
      vertex 65.6347 79.0289 3
    endloop
  endfacet
  facet normal 0 0 1
    outer loop
      vertex 66.468 89.0955 3
      vertex 65.4074 78.8424 3
      vertex 65.5164 78.9413 3
    endloop
  endfacet
  facet normal 0 0 1
    outer loop
      vertex 66.468 89.0955 3
      vertex 65.3085 78.7333 3
      vertex 65.4074 78.8424 3
    endloop
  endfacet
  facet normal 0 0 1
    outer loop
      vertex 66.468 89.0955 3
      vertex 65.2208 78.6151 3
      vertex 65.3085 78.7333 3
    endloop
  endfacet
  facet normal 0 0 1
    outer loop
      vertex 66.468 89.0955 3
      vertex 65.1452 78.4888 3
      vertex 65.2208 78.6151 3
    endloop
  endfacet
  facet normal 0 0 1
    outer loop
      vertex 66.468 89.0955 3
      vertex 65.0822 78.3558 3
      vertex 65.1452 78.4888 3
    endloop
  endfacet
  facet normal 0 0 1
    outer loop
      vertex 66.468 89.0955 3
      vertex 65.0326 78.2172 3
      vertex 65.0822 78.3558 3
    endloop
  endfacet
  facet normal 0 0 1
    outer loop
      vertex 46.7221 54.3942 3
      vertex 65.0326 78.2172 3
      vertex 66.468 89.0955 3
    endloop
  endfacet
  facet normal 0 0 1
    outer loop
      vertex 65.0326 78.2172 3
      vertex 46.7221 54.3942 3
      vertex 64.9969 78.0744 3
    endloop
  endfacet
  facet normal 0 0 1
    outer loop
      vertex 46.7221 54.3942 3
      vertex 64.968 77.7817 3
      vertex 64.9753 77.9288 3
    endloop
  endfacet
  facet normal 0 0 1
    outer loop
      vertex 64.9969 78.0744 3
      vertex 46.7221 54.3942 3
      vertex 64.9753 77.9288 3
    endloop
  endfacet
  facet normal 0 0 1
    outer loop
      vertex 64.968 77.7817 3
      vertex 46.7221 54.3942 3
      vertex 54.3942 46.7221 3
    endloop
  endfacet
  facet normal 0 0 1
    outer loop
      vertex 2.40718 27.8817 3
      vertex 46.7221 54.3942 3
      vertex 66.468 89.0955 3
    endloop
  endfacet
  facet normal 0 0 1
    outer loop
      vertex 2.40718 -27.8817 3
      vertex 27.8817 -2.40718 3
      vertex 2.40718 27.8817 3
    endloop
  endfacet
  facet normal 0 0 1
    outer loop
      vertex 46.7221 54.3942 3
      vertex 2.40718 27.8817 3
      vertex 18.5502 26.2223 3
    endloop
  endfacet
  facet normal 0 0 1
    outer loop
      vertex 28 0 3
      vertex 27.8817 2.40718 3
      vertex 27.8817 -2.40718 3
    endloop
  endfacet
  facet normal -0 0 1
    outer loop
      vertex 78.7333 -67.6276 3
      vertex 87.9359 -76.8302 3
      vertex 78.8424 -67.5287 3
    endloop
  endfacet
  facet normal 0 0 1
    outer loop
      vertex 87.5955 -77.7817 3
      vertex 79.2745 -88.9484 3
      vertex 79.2817 -89.0955 3
    endloop
  endfacet
  facet normal 0 0 1
    outer loop
      vertex 87.9359 -76.8302 3
      vertex 78.7333 -67.6276 3
      vertex 87.8483 -76.9484 3
    endloop
  endfacet
  facet normal 0 0 1
    outer loop
      vertex 87.5955 -77.7817 3
      vertex 79.2529 -88.8028 3
      vertex 79.2745 -88.9484 3
    endloop
  endfacet
  facet normal -0 0 1
    outer loop
      vertex 78.6151 -67.7152 3
      vertex 87.8483 -76.9484 3
      vertex 78.7333 -67.6276 3
    endloop
  endfacet
  facet normal 0 0 1
    outer loop
      vertex 87.5955 -77.7817 3
      vertex 79.2172 -88.66 3
      vertex 79.2529 -88.8028 3
    endloop
  endfacet
  facet normal 0 0 1
    outer loop
      vertex 87.8483 -76.9484 3
      vertex 78.6151 -67.7152 3
      vertex 87.7726 -77.0747 3
    endloop
  endfacet
  facet normal 0 0 1
    outer loop
      vertex 87.5955 -77.7817 3
      vertex 79.1676 -88.5214 3
      vertex 79.2172 -88.66 3
    endloop
  endfacet
  facet normal -0 0 1
    outer loop
      vertex 78.4888 -67.7909 3
      vertex 87.7726 -77.0747 3
      vertex 78.6151 -67.7152 3
    endloop
  endfacet
  facet normal 0 0 1
    outer loop
      vertex 87.5955 -77.7817 3
      vertex 79.1046 -88.3884 3
      vertex 79.1676 -88.5214 3
    endloop
  endfacet
  facet normal 0 0 1
    outer loop
      vertex 87.5955 -77.7817 3
      vertex 79.029 -88.2621 3
      vertex 79.1046 -88.3884 3
    endloop
  endfacet
  facet normal 0 0 1
    outer loop
      vertex 87.7726 -77.0747 3
      vertex 78.4888 -67.7909 3
      vertex 87.7096 -77.2077 3
    endloop
  endfacet
  facet normal -0 0 1
    outer loop
      vertex 78.3558 -67.8539 3
      vertex 87.7096 -77.2077 3
      vertex 78.4888 -67.7909 3
    endloop
  endfacet
  facet normal 0 0 1
    outer loop
      vertex 87.5955 -77.7817 3
      vertex 78.9413 -88.1439 3
      vertex 79.029 -88.2621 3
    endloop
  endfacet
  facet normal 0 0 1
    outer loop
      vertex 87.7096 -77.2077 3
      vertex 78.3558 -67.8539 3
      vertex 87.66 -77.3463 3
    endloop
  endfacet
  facet normal 0 0 1
    outer loop
      vertex 87.5955 -77.7817 3
      vertex 78.8424 -88.0348 3
      vertex 78.9413 -88.1439 3
    endloop
  endfacet
  facet normal -0 0 1
    outer loop
      vertex 78.2172 -67.9035 3
      vertex 87.66 -77.3463 3
      vertex 78.3558 -67.8539 3
    endloop
  endfacet
  facet normal 0 0 1
    outer loop
      vertex 87.5955 -77.7817 3
      vertex 78.7333 -87.9359 3
      vertex 78.8424 -88.0348 3
    endloop
  endfacet
  facet normal 0 0 1
    outer loop
      vertex 87.5955 -77.7817 3
      vertex 78.6151 -87.8483 3
      vertex 78.7333 -87.9359 3
    endloop
  endfacet
  facet normal 0 0 1
    outer loop
      vertex 87.66 -77.3463 3
      vertex 78.2172 -67.9035 3
      vertex 87.6243 -77.4891 3
    endloop
  endfacet
  facet normal -0 0 1
    outer loop
      vertex 78.0744 -67.9392 3
      vertex 87.6243 -77.4891 3
      vertex 78.2172 -67.9035 3
    endloop
  endfacet
  facet normal 0 0 1
    outer loop
      vertex 87.5955 -77.7817 3
      vertex 78.4888 -87.7726 3
      vertex 78.6151 -87.8483 3
    endloop
  endfacet
  facet normal 0 0 1
    outer loop
      vertex 87.6243 -77.4891 3
      vertex 78.0744 -67.9392 3
      vertex 87.6027 -77.6347 3
    endloop
  endfacet
  facet normal 0 0 1
    outer loop
      vertex 87.5955 -77.7817 3
      vertex 78.3558 -87.7096 3
      vertex 78.4888 -87.7726 3
    endloop
  endfacet
  facet normal -0 0 1
    outer loop
      vertex 77.9288 -67.9608 3
      vertex 87.6027 -77.6347 3
      vertex 78.0744 -67.9392 3
    endloop
  endfacet
  facet normal 0 0 1
    outer loop
      vertex 87.5955 -77.7817 3
      vertex 78.2172 -87.66 3
      vertex 78.3558 -87.7096 3
    endloop
  endfacet
  facet normal 0 0 1
    outer loop
      vertex 87.6027 -77.6347 3
      vertex 77.9288 -67.9608 3
      vertex 87.5955 -77.7817 3
    endloop
  endfacet
  facet normal 0 0 1
    outer loop
      vertex 87.5955 -77.7817 3
      vertex 78.0744 -87.6243 3
      vertex 78.2172 -87.66 3
    endloop
  endfacet
  facet normal -0 0 1
    outer loop
      vertex 77.7817 -67.968 3
      vertex 87.5955 -77.7817 3
      vertex 77.9288 -67.9608 3
    endloop
  endfacet
  facet normal 0 0 1
    outer loop
      vertex 87.5955 -77.7817 3
      vertex 77.9288 -87.6027 3
      vertex 78.0744 -87.6243 3
    endloop
  endfacet
  facet normal 0 0 1
    outer loop
      vertex 77.7817 -87.5955 3
      vertex 87.5955 -77.7817 3
      vertex 77.7817 -67.968 3
    endloop
  endfacet
  facet normal 0 0 1
    outer loop
      vertex 87.5955 -77.7817 3
      vertex 77.7817 -87.5955 3
      vertex 77.9288 -87.6027 3
    endloop
  endfacet
  facet normal 0 0 1
    outer loop
      vertex 67.968 -77.7817 3
      vertex 77.7817 -67.968 3
      vertex 77.6347 -67.9608 3
    endloop
  endfacet
  facet normal 0 0 1
    outer loop
      vertex 77.7817 -67.968 3
      vertex 67.968 -77.7817 3
      vertex 77.7817 -87.5955 3
    endloop
  endfacet
  facet normal 0 0 1
    outer loop
      vertex 67.9608 -77.6347 3
      vertex 77.6347 -67.9608 3
      vertex 77.4891 -67.9392 3
    endloop
  endfacet
  facet normal 0 0 1
    outer loop
      vertex 77.7817 -87.5955 3
      vertex 67.968 -77.7817 3
      vertex 77.6347 -87.6027 3
    endloop
  endfacet
  facet normal 0 0 1
    outer loop
      vertex 67.9392 -77.4891 3
      vertex 77.4891 -67.9392 3
      vertex 77.3463 -67.9035 3
    endloop
  endfacet
  facet normal -0 0 1
    outer loop
      vertex 67.9608 -77.9288 3
      vertex 77.6347 -87.6027 3
      vertex 67.968 -77.7817 3
    endloop
  endfacet
  facet normal 0 0 1
    outer loop
      vertex 67.9035 -77.3463 3
      vertex 77.3463 -67.9035 3
      vertex 77.2077 -67.8539 3
    endloop
  endfacet
  facet normal 0 0 1
    outer loop
      vertex 77.6347 -87.6027 3
      vertex 67.9608 -77.9288 3
      vertex 77.4891 -87.6243 3
    endloop
  endfacet
  facet normal 0 0 1
    outer loop
      vertex 67.8539 -77.2077 3
      vertex 77.2077 -67.8539 3
      vertex 77.0747 -67.7909 3
    endloop
  endfacet
  facet normal -0 0 1
    outer loop
      vertex 67.9392 -78.0744 3
      vertex 77.4891 -87.6243 3
      vertex 67.9608 -77.9288 3
    endloop
  endfacet
  facet normal 0 0 1
    outer loop
      vertex 67.7909 -77.0747 3
      vertex 77.0747 -67.7909 3
      vertex 76.9484 -67.7152 3
    endloop
  endfacet
  facet normal 0 0 1
    outer loop
      vertex 77.4891 -87.6243 3
      vertex 67.9392 -78.0744 3
      vertex 77.3463 -87.66 3
    endloop
  endfacet
  facet normal 0 0 1
    outer loop
      vertex 67.7152 -76.9484 3
      vertex 76.9484 -67.7152 3
      vertex 76.8302 -67.6276 3
    endloop
  endfacet
  facet normal -0 0 1
    outer loop
      vertex 67.9035 -78.2172 3
      vertex 77.3463 -87.66 3
      vertex 67.9392 -78.0744 3
    endloop
  endfacet
  facet normal 0 0 1
    outer loop
      vertex 67.6276 -76.8302 3
      vertex 76.8302 -67.6276 3
      vertex 76.7211 -67.5287 3
    endloop
  endfacet
  facet normal 0 0 1
    outer loop
      vertex 77.3463 -87.66 3
      vertex 67.9035 -78.2172 3
      vertex 77.2077 -87.7096 3
    endloop
  endfacet
  facet normal 0 0 1
    outer loop
      vertex 67.5287 -76.7211 3
      vertex 76.7211 -67.5287 3
      vertex 76.6222 -67.4196 3
    endloop
  endfacet
  facet normal -0 0 1
    outer loop
      vertex 67.8539 -78.3558 3
      vertex 77.2077 -87.7096 3
      vertex 67.9035 -78.2172 3
    endloop
  endfacet
  facet normal 0 0 1
    outer loop
      vertex 67.4196 -76.6222 3
      vertex 76.6222 -67.4196 3
      vertex 76.5345 -67.3014 3
    endloop
  endfacet
  facet normal 0 0 1
    outer loop
      vertex 77.2077 -87.7096 3
      vertex 67.8539 -78.3558 3
      vertex 77.0747 -87.7726 3
    endloop
  endfacet
  facet normal 0 0 1
    outer loop
      vertex 67.3014 -76.5345 3
      vertex 76.5345 -67.3014 3
      vertex 76.4589 -67.1751 3
    endloop
  endfacet
  facet normal -0 0 1
    outer loop
      vertex 67.7909 -78.4888 3
      vertex 77.0747 -87.7726 3
      vertex 67.8539 -78.3558 3
    endloop
  endfacet
  facet normal 0 0 1
    outer loop
      vertex 67.1751 -76.4589 3
      vertex 76.4589 -67.1751 3
      vertex 76.3959 -67.0421 3
    endloop
  endfacet
  facet normal 0 0 1
    outer loop
      vertex 77.0747 -87.7726 3
      vertex 67.7909 -78.4888 3
      vertex 76.9484 -87.8483 3
    endloop
  endfacet
  facet normal 0 0 1
    outer loop
      vertex 67.0421 -76.3959 3
      vertex 76.3959 -67.0421 3
      vertex 76.3463 -66.9035 3
    endloop
  endfacet
  facet normal -0 0 1
    outer loop
      vertex 67.7152 -78.6151 3
      vertex 76.9484 -87.8483 3
      vertex 67.7909 -78.4888 3
    endloop
  endfacet
  facet normal 0 0 1
    outer loop
      vertex 66.9035 -76.3463 3
      vertex 76.3463 -66.9035 3
      vertex 76.3106 -66.7607 3
    endloop
  endfacet
  facet normal 0 0 1
    outer loop
      vertex 76.9484 -87.8483 3
      vertex 67.7152 -78.6151 3
      vertex 76.8302 -87.9359 3
    endloop
  endfacet
  facet normal 0 0 1
    outer loop
      vertex 66.7607 -76.3106 3
      vertex 76.3106 -66.7607 3
      vertex 76.289 -66.6151 3
    endloop
  endfacet
  facet normal -0 0 1
    outer loop
      vertex 67.6276 -78.7333 3
      vertex 76.8302 -87.9359 3
      vertex 67.7152 -78.6151 3
    endloop
  endfacet
  facet normal 0 0 1
    outer loop
      vertex 66.6151 -76.289 3
      vertex 76.289 -66.6151 3
      vertex 76.2817 -66.468 3
    endloop
  endfacet
  facet normal 0 0 1
    outer loop
      vertex 76.8302 -87.9359 3
      vertex 67.6276 -78.7333 3
      vertex 76.7211 -88.0348 3
    endloop
  endfacet
  facet normal -0 0 1
    outer loop
      vertex 90.5666 -77.4891 3
      vertex 93.7817 -77.7817 3
      vertex 93.7047 -76.2135 3
    endloop
  endfacet
  facet normal 0 0 1
    outer loop
      vertex 90.255 -76.8302 3
      vertex 93.7047 -76.2135 3
      vertex 93.4743 -74.6603 3
    endloop
  endfacet
  facet normal 0 0 1
    outer loop
      vertex 93.7817 -77.7817 3
      vertex 90.5666 -77.4891 3
      vertex 90.5882 -77.6347 3
    endloop
  endfacet
  facet normal 0 0 1
    outer loop
      vertex 89.9288 -76.5345 3
      vertex 93.4743 -74.6603 3
      vertex 93.0928 -73.1372 3
    endloop
  endfacet
  facet normal 0 0 1
    outer loop
      vertex 90.5882 -77.9288 3
      vertex 93.7817 -77.7817 3
      vertex 90.5955 -77.7817 3
    endloop
  endfacet
  facet normal 0 0 1
    outer loop
      vertex 89.3881 -76.3106 3
      vertex 93.0928 -73.1372 3
      vertex 92.5638 -71.6588 3
    endloop
  endfacet
  facet normal 0 0 1
    outer loop
      vertex 90.5666 -78.0744 3
      vertex 93.7817 -77.7817 3
      vertex 90.5882 -77.9288 3
    endloop
  endfacet
  facet normal 0 0 1
    outer loop
      vertex 89.0955 -76.2817 3
      vertex 92.5638 -71.6588 3
      vertex 91.8925 -70.2394 3
    endloop
  endfacet
  facet normal 0 0 1
    outer loop
      vertex 93.7817 -77.7817 3
      vertex 90.5666 -78.0744 3
      vertex 93.7047 -79.35 3
    endloop
  endfacet
  facet normal 0 0 1
    outer loop
      vertex 88.8028 -76.3106 3
      vertex 91.8925 -70.2394 3
      vertex 91.0853 -68.8926 3
    endloop
  endfacet
  facet normal -0 0 1
    outer loop
      vertex 90.5309 -78.2172 3
      vertex 93.7047 -79.35 3
      vertex 90.5666 -78.0744 3
    endloop
  endfacet
  facet normal -0 0 1
    outer loop
      vertex 90.4183 -78.4888 3
      vertex 93.7047 -79.35 3
      vertex 90.4813 -78.3558 3
    endloop
  endfacet
  facet normal -0 0 1
    outer loop
      vertex 90.4813 -78.3558 3
      vertex 93.7047 -79.35 3
      vertex 90.5309 -78.2172 3
    endloop
  endfacet
  facet normal 0 0 1
    outer loop
      vertex 93.7817 -77.7817 3
      vertex 90.5882 -77.6347 3
      vertex 90.5955 -77.7817 3
    endloop
  endfacet
  facet normal 0 0 1
    outer loop
      vertex 93.7047 -76.2135 3
      vertex 90.5309 -77.3463 3
      vertex 90.5666 -77.4891 3
    endloop
  endfacet
  facet normal 0 0 1
    outer loop
      vertex 93.7047 -76.2135 3
      vertex 90.4813 -77.2077 3
      vertex 90.5309 -77.3463 3
    endloop
  endfacet
  facet normal 0 0 1
    outer loop
      vertex 93.7047 -76.2135 3
      vertex 90.4183 -77.0747 3
      vertex 90.4813 -77.2077 3
    endloop
  endfacet
  facet normal 0 0 1
    outer loop
      vertex 93.7047 -76.2135 3
      vertex 90.3427 -76.9484 3
      vertex 90.4183 -77.0747 3
    endloop
  endfacet
  facet normal 0 0 1
    outer loop
      vertex 93.7047 -76.2135 3
      vertex 90.255 -76.8302 3
      vertex 90.3427 -76.9484 3
    endloop
  endfacet
  facet normal 0 0 1
    outer loop
      vertex 93.4743 -74.6603 3
      vertex 90.1561 -76.7211 3
      vertex 90.255 -76.8302 3
    endloop
  endfacet
  facet normal 0 0 1
    outer loop
      vertex 88.5214 -76.3959 3
      vertex 91.0853 -68.8926 3
      vertex 90.1499 -67.6315 3
    endloop
  endfacet
  facet normal 0 0 1
    outer loop
      vertex 93.4743 -74.6603 3
      vertex 90.047 -76.6222 3
      vertex 90.1561 -76.7211 3
    endloop
  endfacet
  facet normal 0 0 1
    outer loop
      vertex 93.4743 -74.6603 3
      vertex 89.9288 -76.5345 3
      vertex 90.047 -76.6222 3
    endloop
  endfacet
  facet normal 0 0 1
    outer loop
      vertex 93.0928 -73.1372 3
      vertex 89.8026 -76.4589 3
      vertex 89.9288 -76.5345 3
    endloop
  endfacet
  facet normal 0 0 1
    outer loop
      vertex 93.0928 -73.1372 3
      vertex 89.6695 -76.3959 3
      vertex 89.8026 -76.4589 3
    endloop
  endfacet
  facet normal 0 0 1
    outer loop
      vertex 93.0928 -73.1372 3
      vertex 89.5309 -76.3463 3
      vertex 89.6695 -76.3959 3
    endloop
  endfacet
  facet normal 0 0 1
    outer loop
      vertex 93.0928 -73.1372 3
      vertex 89.3881 -76.3106 3
      vertex 89.5309 -76.3463 3
    endloop
  endfacet
  facet normal 0 0 1
    outer loop
      vertex 92.5638 -71.6588 3
      vertex 89.2425 -76.289 3
      vertex 89.3881 -76.3106 3
    endloop
  endfacet
  facet normal 0 0 1
    outer loop
      vertex 88.2621 -76.5345 3
      vertex 90.1499 -67.6315 3
      vertex 89.0955 -66.468 3
    endloop
  endfacet
  facet normal 0 0 1
    outer loop
      vertex 92.5638 -71.6588 3
      vertex 89.0955 -76.2817 3
      vertex 89.2425 -76.289 3
    endloop
  endfacet
  facet normal 0 0 1
    outer loop
      vertex 91.8925 -70.2394 3
      vertex 88.9484 -76.289 3
      vertex 89.0955 -76.2817 3
    endloop
  endfacet
  facet normal 0 0 1
    outer loop
      vertex 91.8925 -70.2394 3
      vertex 88.8028 -76.3106 3
      vertex 88.9484 -76.289 3
    endloop
  endfacet
  facet normal 0 0 1
    outer loop
      vertex 91.0853 -68.8926 3
      vertex 88.66 -76.3463 3
      vertex 88.8028 -76.3106 3
    endloop
  endfacet
  facet normal 0 0 1
    outer loop
      vertex 91.0853 -68.8926 3
      vertex 88.5214 -76.3959 3
      vertex 88.66 -76.3463 3
    endloop
  endfacet
  facet normal 0 0 1
    outer loop
      vertex 90.1499 -67.6315 3
      vertex 88.3884 -76.4589 3
      vertex 88.5214 -76.3959 3
    endloop
  endfacet
  facet normal 0 0 1
    outer loop
      vertex 90.1499 -67.6315 3
      vertex 88.2621 -76.5345 3
      vertex 88.3884 -76.4589 3
    endloop
  endfacet
  facet normal 0 0 1
    outer loop
      vertex 79.2529 -66.7607 3
      vertex 89.0955 -66.468 3
      vertex 79.2745 -66.6151 3
    endloop
  endfacet
  facet normal 0 0 1
    outer loop
      vertex 79.2745 -66.6151 3
      vertex 89.0955 -66.468 3
      vertex 79.2817 -66.468 3
    endloop
  endfacet
  facet normal 0 0 1
    outer loop
      vertex 79.2172 -66.9035 3
      vertex 89.0955 -66.468 3
      vertex 79.2529 -66.7607 3
    endloop
  endfacet
  facet normal 0 0 1
    outer loop
      vertex 79.1676 -67.0421 3
      vertex 89.0955 -66.468 3
      vertex 79.2172 -66.9035 3
    endloop
  endfacet
  facet normal 0 0 1
    outer loop
      vertex 79.1046 -67.1751 3
      vertex 89.0955 -66.468 3
      vertex 79.1676 -67.0421 3
    endloop
  endfacet
  facet normal 0 0 1
    outer loop
      vertex 79.0289 -67.3014 3
      vertex 89.0955 -66.468 3
      vertex 79.1046 -67.1751 3
    endloop
  endfacet
  facet normal 0 0 1
    outer loop
      vertex 89.0955 -66.468 3
      vertex 79.0289 -67.3014 3
      vertex 88.2621 -76.5345 3
    endloop
  endfacet
  facet normal 0 0 1
    outer loop
      vertex 88.2621 -76.5345 3
      vertex 79.0289 -67.3014 3
      vertex 88.1439 -76.6222 3
    endloop
  endfacet
  facet normal -0 0 1
    outer loop
      vertex 78.9413 -67.4196 3
      vertex 88.1439 -76.6222 3
      vertex 79.0289 -67.3014 3
    endloop
  endfacet
  facet normal -0 0 1
    outer loop
      vertex 78.8424 -67.5287 3
      vertex 88.0348 -76.7211 3
      vertex 78.9413 -67.4196 3
    endloop
  endfacet
  facet normal 0 0 1
    outer loop
      vertex 87.5955 -77.7817 3
      vertex 79.2817 -89.0955 3
      vertex 86.6709 -91.0853 3
    endloop
  endfacet
  facet normal 0 0 1
    outer loop
      vertex 88.1439 -76.6222 3
      vertex 78.9413 -67.4196 3
      vertex 88.0348 -76.7211 3
    endloop
  endfacet
  facet normal 0 0 1
    outer loop
      vertex 86.6709 -91.0853 3
      vertex 79.2817 -89.0955 3
      vertex 85.3241 -91.8925 3
    endloop
  endfacet
  facet normal 0 0 1
    outer loop
      vertex 85.3241 -91.8925 3
      vertex 79.2817 -89.0955 3
      vertex 83.9047 -92.5638 3
    endloop
  endfacet
  facet normal -0 0 1
    outer loop
      vertex 79.2745 -89.2425 3
      vertex 83.9047 -92.5638 3
      vertex 79.2817 -89.0955 3
    endloop
  endfacet
  facet normal -0 0 1
    outer loop
      vertex 79.2529 -89.3881 3
      vertex 83.9047 -92.5638 3
      vertex 79.2745 -89.2425 3
    endloop
  endfacet
  facet normal 0 0 1
    outer loop
      vertex 88.0348 -76.7211 3
      vertex 78.8424 -67.5287 3
      vertex 87.9359 -76.8302 3
    endloop
  endfacet
  facet normal 0 0 1
    outer loop
      vertex 89.0955 -66.468 3
      vertex 79.2745 -66.321 3
      vertex 79.2817 -66.468 3
    endloop
  endfacet
  facet normal 0 0 1
    outer loop
      vertex 89.0955 -66.468 3
      vertex 79.2529 -66.1754 3
      vertex 79.2745 -66.321 3
    endloop
  endfacet
  facet normal 0 0 1
    outer loop
      vertex 89.0955 -66.468 3
      vertex 79.2172 -66.0326 3
      vertex 79.2529 -66.1754 3
    endloop
  endfacet
  facet normal 0 0 1
    outer loop
      vertex 89.0955 -66.468 3
      vertex 79.1676 -65.894 3
      vertex 79.2172 -66.0326 3
    endloop
  endfacet
  facet normal 0 0 1
    outer loop
      vertex 89.0955 -66.468 3
      vertex 79.1046 -65.7609 3
      vertex 79.1676 -65.894 3
    endloop
  endfacet
  facet normal 0 0 1
    outer loop
      vertex 89.0955 -66.468 3
      vertex 79.0289 -65.6347 3
      vertex 79.1046 -65.7609 3
    endloop
  endfacet
  facet normal 0 0 1
    outer loop
      vertex 89.0955 -66.468 3
      vertex 78.9413 -65.5164 3
      vertex 79.0289 -65.6347 3
    endloop
  endfacet
  facet normal 0 0 1
    outer loop
      vertex 89.0955 -66.468 3
      vertex 78.8424 -65.4074 3
      vertex 78.9413 -65.5164 3
    endloop
  endfacet
  facet normal 0 0 1
    outer loop
      vertex 89.0955 -66.468 3
      vertex 78.7333 -65.3085 3
      vertex 78.8424 -65.4074 3
    endloop
  endfacet
  facet normal 0 0 1
    outer loop
      vertex 89.0955 -66.468 3
      vertex 78.6151 -65.2208 3
      vertex 78.7333 -65.3085 3
    endloop
  endfacet
  facet normal 0 0 1
    outer loop
      vertex 89.0955 -66.468 3
      vertex 78.4888 -65.1452 3
      vertex 78.6151 -65.2208 3
    endloop
  endfacet
  facet normal 0 0 1
    outer loop
      vertex 89.0955 -66.468 3
      vertex 78.3558 -65.0822 3
      vertex 78.4888 -65.1452 3
    endloop
  endfacet
  facet normal 0 0 1
    outer loop
      vertex 89.0955 -66.468 3
      vertex 78.2172 -65.0326 3
      vertex 78.3558 -65.0822 3
    endloop
  endfacet
  facet normal 0 0 1
    outer loop
      vertex 54.3942 -46.7221 3
      vertex 78.2172 -65.0326 3
      vertex 89.0955 -66.468 3
    endloop
  endfacet
  facet normal 0 0 1
    outer loop
      vertex 78.2172 -65.0326 3
      vertex 54.3942 -46.7221 3
      vertex 78.0744 -64.9969 3
    endloop
  endfacet
  facet normal -0 0 1
    outer loop
      vertex 67.5287 -78.8424 3
      vertex 76.7211 -88.0348 3
      vertex 67.6276 -78.7333 3
    endloop
  endfacet
  facet normal 0 0 1
    outer loop
      vertex 76.6222 -88.1439 3
      vertex 67.4196 -78.9413 3
      vertex 76.5345 -88.2621 3
    endloop
  endfacet
  facet normal 0 0 1
    outer loop
      vertex 66.468 -76.2817 3
      vertex 76.2817 -66.468 3
      vertex 76.289 -66.321 3
    endloop
  endfacet
  facet normal -0 0 1
    outer loop
      vertex 67.3014 -79.0289 3
      vertex 76.5345 -88.2621 3
      vertex 67.4196 -78.9413 3
    endloop
  endfacet
  facet normal 0 0 1
    outer loop
      vertex 66.468 -89.0955 3
      vertex 76.5345 -88.2621 3
      vertex 67.3014 -79.0289 3
    endloop
  endfacet
  facet normal 0 0 1
    outer loop
      vertex 66.321 -76.289 3
      vertex 76.289 -66.321 3
      vertex 76.3106 -66.1754 3
    endloop
  endfacet
  facet normal 0 -0 1
    outer loop
      vertex 67.6315 -90.1499 3
      vertex 76.5345 -88.2621 3
      vertex 66.468 -89.0955 3
    endloop
  endfacet
  facet normal 0 0 1
    outer loop
      vertex 76.2817 -89.0955 3
      vertex 74.6603 -93.4743 3
      vertex 76.2135 -93.7047 3
    endloop
  endfacet
  facet normal 0 0 1
    outer loop
      vertex 66.1754 -76.3106 3
      vertex 76.3106 -66.1754 3
      vertex 76.3463 -66.0326 3
    endloop
  endfacet
  facet normal 0 0 1
    outer loop
      vertex 76.7211 -88.0348 3
      vertex 67.5287 -78.8424 3
      vertex 76.6222 -88.1439 3
    endloop
  endfacet
  facet normal 0 0 1
    outer loop
      vertex 54.3942 -46.7221 3
      vertex 76.3463 -66.0326 3
      vertex 76.3959 -65.894 3
    endloop
  endfacet
  facet normal 0 0 1
    outer loop
      vertex 54.3942 -46.7221 3
      vertex 76.3959 -65.894 3
      vertex 76.4589 -65.7609 3
    endloop
  endfacet
  facet normal 0 0 1
    outer loop
      vertex 54.3942 -46.7221 3
      vertex 76.4589 -65.7609 3
      vertex 76.5345 -65.6347 3
    endloop
  endfacet
  facet normal 0 0 1
    outer loop
      vertex 77.6347 -67.9608 3
      vertex 67.9608 -77.6347 3
      vertex 67.968 -77.7817 3
    endloop
  endfacet
  facet normal 0 0 1
    outer loop
      vertex 77.4891 -67.9392 3
      vertex 67.9392 -77.4891 3
      vertex 67.9608 -77.6347 3
    endloop
  endfacet
  facet normal 0 0 1
    outer loop
      vertex 77.3463 -67.9035 3
      vertex 67.9035 -77.3463 3
      vertex 67.9392 -77.4891 3
    endloop
  endfacet
  facet normal 0 0 1
    outer loop
      vertex 77.2077 -67.8539 3
      vertex 67.8539 -77.2077 3
      vertex 67.9035 -77.3463 3
    endloop
  endfacet
  facet normal 0 0 1
    outer loop
      vertex 54.3942 -46.7221 3
      vertex 76.5345 -65.6347 3
      vertex 76.6222 -65.5164 3
    endloop
  endfacet
  facet normal 0 0 1
    outer loop
      vertex 77.0747 -67.7909 3
      vertex 67.7909 -77.0747 3
      vertex 67.8539 -77.2077 3
    endloop
  endfacet
  facet normal 0 0 1
    outer loop
      vertex 76.9484 -67.7152 3
      vertex 67.7152 -76.9484 3
      vertex 67.7909 -77.0747 3
    endloop
  endfacet
  facet normal 0 0 1
    outer loop
      vertex 76.8302 -67.6276 3
      vertex 67.6276 -76.8302 3
      vertex 67.7152 -76.9484 3
    endloop
  endfacet
  facet normal 0 0 1
    outer loop
      vertex 76.7211 -67.5287 3
      vertex 67.5287 -76.7211 3
      vertex 67.6276 -76.8302 3
    endloop
  endfacet
  facet normal 0 0 1
    outer loop
      vertex 76.6222 -67.4196 3
      vertex 67.4196 -76.6222 3
      vertex 67.5287 -76.7211 3
    endloop
  endfacet
  facet normal 0 0 1
    outer loop
      vertex 76.5345 -67.3014 3
      vertex 67.3014 -76.5345 3
      vertex 67.4196 -76.6222 3
    endloop
  endfacet
  facet normal 0 0 1
    outer loop
      vertex 76.4589 -67.1751 3
      vertex 67.1751 -76.4589 3
      vertex 67.3014 -76.5345 3
    endloop
  endfacet
  facet normal 0 0 1
    outer loop
      vertex 76.3959 -67.0421 3
      vertex 67.0421 -76.3959 3
      vertex 67.1751 -76.4589 3
    endloop
  endfacet
  facet normal 0 0 1
    outer loop
      vertex 76.3463 -66.9035 3
      vertex 66.9035 -76.3463 3
      vertex 67.0421 -76.3959 3
    endloop
  endfacet
  facet normal 0 0 1
    outer loop
      vertex 76.3106 -66.7607 3
      vertex 66.7607 -76.3106 3
      vertex 66.9035 -76.3463 3
    endloop
  endfacet
  facet normal 0 0 1
    outer loop
      vertex 54.3942 -46.7221 3
      vertex 76.6222 -65.5164 3
      vertex 76.7211 -65.4074 3
    endloop
  endfacet
  facet normal 0 0 1
    outer loop
      vertex 76.289 -66.6151 3
      vertex 66.6151 -76.289 3
      vertex 66.7607 -76.3106 3
    endloop
  endfacet
  facet normal 0 0 1
    outer loop
      vertex 76.2817 -66.468 3
      vertex 66.468 -76.2817 3
      vertex 66.6151 -76.289 3
    endloop
  endfacet
  facet normal 0 0 1
    outer loop
      vertex 76.289 -66.321 3
      vertex 66.321 -76.289 3
      vertex 66.468 -76.2817 3
    endloop
  endfacet
  facet normal 0 0 1
    outer loop
      vertex 76.3106 -66.1754 3
      vertex 66.1754 -76.3106 3
      vertex 66.321 -76.289 3
    endloop
  endfacet
  facet normal 0 0 1
    outer loop
      vertex 76.3463 -66.0326 3
      vertex 66.0326 -76.3463 3
      vertex 66.1754 -76.3106 3
    endloop
  endfacet
  facet normal 0 0 1
    outer loop
      vertex 76.3463 -66.0326 3
      vertex 54.3942 -46.7221 3
      vertex 66.0326 -76.3463 3
    endloop
  endfacet
  facet normal -0 0 1
    outer loop
      vertex 46.7221 -54.3942 3
      vertex 66.0326 -76.3463 3
      vertex 54.3942 -46.7221 3
    endloop
  endfacet
  facet normal 0 0 1
    outer loop
      vertex 66.0326 -76.3463 3
      vertex 46.7221 -54.3942 3
      vertex 65.894 -76.3959 3
    endloop
  endfacet
  facet normal 0 0 1
    outer loop
      vertex 65.894 -76.3959 3
      vertex 46.7221 -54.3942 3
      vertex 65.7609 -76.4589 3
    endloop
  endfacet
  facet normal 0 0 1
    outer loop
      vertex 65.7609 -76.4589 3
      vertex 46.7221 -54.3942 3
      vertex 65.6347 -76.5345 3
    endloop
  endfacet
  facet normal 0 0 1
    outer loop
      vertex 64.9969 -77.4891 3
      vertex 46.7221 -54.3942 3
      vertex 64.9753 -77.6347 3
    endloop
  endfacet
  facet normal 0 0 1
    outer loop
      vertex 65.0326 -77.3463 3
      vertex 46.7221 -54.3942 3
      vertex 64.9969 -77.4891 3
    endloop
  endfacet
  facet normal 0 0 1
    outer loop
      vertex 65.0822 -77.2077 3
      vertex 46.7221 -54.3942 3
      vertex 65.0326 -77.3463 3
    endloop
  endfacet
  facet normal 0 0 1
    outer loop
      vertex 65.1452 -77.0747 3
      vertex 46.7221 -54.3942 3
      vertex 65.0822 -77.2077 3
    endloop
  endfacet
  facet normal 0 0 1
    outer loop
      vertex 65.2208 -76.9484 3
      vertex 46.7221 -54.3942 3
      vertex 65.1452 -77.0747 3
    endloop
  endfacet
  facet normal 0 0 1
    outer loop
      vertex 65.3085 -76.8302 3
      vertex 46.7221 -54.3942 3
      vertex 65.2208 -76.9484 3
    endloop
  endfacet
  facet normal 0 0 1
    outer loop
      vertex 65.4074 -76.7211 3
      vertex 46.7221 -54.3942 3
      vertex 65.3085 -76.8302 3
    endloop
  endfacet
  facet normal 0 0 1
    outer loop
      vertex 65.5164 -76.6222 3
      vertex 46.7221 -54.3942 3
      vertex 65.4074 -76.7211 3
    endloop
  endfacet
  facet normal 0 0 1
    outer loop
      vertex 65.6347 -76.5345 3
      vertex 46.7221 -54.3942 3
      vertex 65.5164 -76.6222 3
    endloop
  endfacet
  facet normal 0 0 1
    outer loop
      vertex 76.8302 -65.3085 3
      vertex 54.3942 -46.7221 3
      vertex 76.7211 -65.4074 3
    endloop
  endfacet
  facet normal 0 0 1
    outer loop
      vertex 76.9484 -65.2208 3
      vertex 54.3942 -46.7221 3
      vertex 76.8302 -65.3085 3
    endloop
  endfacet
  facet normal 0 0 1
    outer loop
      vertex 77.0747 -65.1452 3
      vertex 54.3942 -46.7221 3
      vertex 76.9484 -65.2208 3
    endloop
  endfacet
  facet normal 0 0 1
    outer loop
      vertex 77.2077 -65.0822 3
      vertex 54.3942 -46.7221 3
      vertex 77.0747 -65.1452 3
    endloop
  endfacet
  facet normal 0 0 1
    outer loop
      vertex 77.3463 -65.0326 3
      vertex 54.3942 -46.7221 3
      vertex 77.2077 -65.0822 3
    endloop
  endfacet
  facet normal 0 0 1
    outer loop
      vertex 77.4891 -64.9969 3
      vertex 54.3942 -46.7221 3
      vertex 77.3463 -65.0326 3
    endloop
  endfacet
  facet normal 0 0 1
    outer loop
      vertex 77.6347 -64.9753 3
      vertex 54.3942 -46.7221 3
      vertex 77.4891 -64.9969 3
    endloop
  endfacet
  facet normal 0 0 1
    outer loop
      vertex 77.7817 -64.968 3
      vertex 54.3942 -46.7221 3
      vertex 77.6347 -64.9753 3
    endloop
  endfacet
  facet normal 0 0 1
    outer loop
      vertex 77.9288 -64.9753 3
      vertex 54.3942 -46.7221 3
      vertex 77.7817 -64.968 3
    endloop
  endfacet
  facet normal 0 0 1
    outer loop
      vertex 78.0744 -64.9969 3
      vertex 54.3942 -46.7221 3
      vertex 77.9288 -64.9753 3
    endloop
  endfacet
  facet normal 0 0 1
    outer loop
      vertex 27.8817 -2.40718 3
      vertex 54.3942 -46.7221 3
      vertex 89.0955 -66.468 3
    endloop
  endfacet
  facet normal 0 0 1
    outer loop
      vertex 27.8817 -2.40718 3
      vertex 26.2223 -18.5502 3
      vertex 54.3942 -46.7221 3
    endloop
  endfacet
  facet normal 0 0 1
    outer loop
      vertex 2.40718 27.8817 3
      vertex 27.8817 2.40718 3
      vertex 18.5502 26.2223 3
    endloop
  endfacet
  facet normal 0 0 1
    outer loop
      vertex 18.5502 26.2223 3
      vertex 26.2223 18.5502 3
      vertex 25.5 25.5 3
    endloop
  endfacet
  facet normal 0 0 1
    outer loop
      vertex 27.8817 2.40718 3
      vertex 2.40718 27.8817 3
      vertex 27.8817 -2.40718 3
    endloop
  endfacet
  facet normal 0 0 1
    outer loop
      vertex 27.8817 -2.40718 3
      vertex 18.5502 -26.2223 3
      vertex 26.2223 -18.5502 3
    endloop
  endfacet
  facet normal 0 0 1
    outer loop
      vertex 26.2223 -18.5502 3
      vertex 18.5502 -26.2223 3
      vertex 25.5 -25.5 3
    endloop
  endfacet
  facet normal -0 0 1
    outer loop
      vertex 90.3427 -78.6151 3
      vertex 93.7047 -79.35 3
      vertex 90.4183 -78.4888 3
    endloop
  endfacet
  facet normal -0 0 1
    outer loop
      vertex 90.255 -78.7333 3
      vertex 93.7047 -79.35 3
      vertex 90.3427 -78.6151 3
    endloop
  endfacet
  facet normal 0 0 1
    outer loop
      vertex 93.7047 -79.35 3
      vertex 90.255 -78.7333 3
      vertex 93.4743 -80.9032 3
    endloop
  endfacet
  facet normal -0 0 1
    outer loop
      vertex 90.1561 -78.8424 3
      vertex 93.4743 -80.9032 3
      vertex 90.255 -78.7333 3
    endloop
  endfacet
  facet normal -0 0 1
    outer loop
      vertex 90.047 -78.9413 3
      vertex 93.4743 -80.9032 3
      vertex 90.1561 -78.8424 3
    endloop
  endfacet
  facet normal -0 0 1
    outer loop
      vertex 89.9288 -79.029 3
      vertex 93.4743 -80.9032 3
      vertex 90.047 -78.9413 3
    endloop
  endfacet
  facet normal 0 0 1
    outer loop
      vertex 93.4743 -80.9032 3
      vertex 89.9288 -79.029 3
      vertex 93.0928 -82.4263 3
    endloop
  endfacet
  facet normal -0 0 1
    outer loop
      vertex 89.8026 -79.1046 3
      vertex 93.0928 -82.4263 3
      vertex 89.9288 -79.029 3
    endloop
  endfacet
  facet normal -0 0 1
    outer loop
      vertex 89.6695 -79.1676 3
      vertex 93.0928 -82.4263 3
      vertex 89.8026 -79.1046 3
    endloop
  endfacet
  facet normal -0 0 1
    outer loop
      vertex 89.5309 -79.2172 3
      vertex 93.0928 -82.4263 3
      vertex 89.6695 -79.1676 3
    endloop
  endfacet
  facet normal -0 0 1
    outer loop
      vertex 89.3881 -79.2529 3
      vertex 93.0928 -82.4263 3
      vertex 89.5309 -79.2172 3
    endloop
  endfacet
  facet normal 0 0 1
    outer loop
      vertex 93.0928 -82.4263 3
      vertex 89.3881 -79.2529 3
      vertex 92.5638 -83.9047 3
    endloop
  endfacet
  facet normal -0 0 1
    outer loop
      vertex 89.2425 -79.2745 3
      vertex 92.5638 -83.9047 3
      vertex 89.3881 -79.2529 3
    endloop
  endfacet
  facet normal -0 0 1
    outer loop
      vertex 89.0955 -79.2817 3
      vertex 92.5638 -83.9047 3
      vertex 89.2425 -79.2745 3
    endloop
  endfacet
  facet normal 0 0 1
    outer loop
      vertex 92.5638 -83.9047 3
      vertex 89.0955 -79.2817 3
      vertex 91.8925 -85.3241 3
    endloop
  endfacet
  facet normal 0 0 1
    outer loop
      vertex 88.9484 -79.2745 3
      vertex 91.8925 -85.3241 3
      vertex 89.0955 -79.2817 3
    endloop
  endfacet
  facet normal 0 0 1
    outer loop
      vertex 88.8028 -79.2529 3
      vertex 91.8925 -85.3241 3
      vertex 88.9484 -79.2745 3
    endloop
  endfacet
  facet normal 0 0 1
    outer loop
      vertex 91.8925 -85.3241 3
      vertex 88.8028 -79.2529 3
      vertex 91.0853 -86.6709 3
    endloop
  endfacet
  facet normal 0 0 1
    outer loop
      vertex 88.66 -79.2172 3
      vertex 91.0853 -86.6709 3
      vertex 88.8028 -79.2529 3
    endloop
  endfacet
  facet normal 0 0 1
    outer loop
      vertex 88.5214 -79.1676 3
      vertex 91.0853 -86.6709 3
      vertex 88.66 -79.2172 3
    endloop
  endfacet
  facet normal 0 0 1
    outer loop
      vertex 91.0853 -86.6709 3
      vertex 88.5214 -79.1676 3
      vertex 90.1499 -87.932 3
    endloop
  endfacet
  facet normal 0 0 1
    outer loop
      vertex 88.3884 -79.1046 3
      vertex 90.1499 -87.932 3
      vertex 88.5214 -79.1676 3
    endloop
  endfacet
  facet normal 0 0 1
    outer loop
      vertex 88.2621 -79.029 3
      vertex 90.1499 -87.932 3
      vertex 88.3884 -79.1046 3
    endloop
  endfacet
  facet normal 0 0 1
    outer loop
      vertex 90.1499 -87.932 3
      vertex 88.2621 -79.029 3
      vertex 89.0955 -89.0955 3
    endloop
  endfacet
  facet normal 0 0 1
    outer loop
      vertex 88.1439 -78.9413 3
      vertex 89.0955 -89.0955 3
      vertex 88.2621 -79.029 3
    endloop
  endfacet
  facet normal 0 0 1
    outer loop
      vertex 87.932 -90.1499 3
      vertex 88.1439 -78.9413 3
      vertex 88.0348 -78.8424 3
    endloop
  endfacet
  facet normal 0 0 1
    outer loop
      vertex 86.6709 -91.0853 3
      vertex 88.0348 -78.8424 3
      vertex 87.9359 -78.7333 3
    endloop
  endfacet
  facet normal 0 0 1
    outer loop
      vertex 88.1439 -78.9413 3
      vertex 87.932 -90.1499 3
      vertex 89.0955 -89.0955 3
    endloop
  endfacet
  facet normal 0 0 1
    outer loop
      vertex 86.6709 -91.0853 3
      vertex 87.9359 -78.7333 3
      vertex 87.8483 -78.6151 3
    endloop
  endfacet
  facet normal 0 0 1
    outer loop
      vertex 86.6709 -91.0853 3
      vertex 87.8483 -78.6151 3
      vertex 87.7726 -78.4888 3
    endloop
  endfacet
  facet normal 0 0 1
    outer loop
      vertex 86.6709 -91.0853 3
      vertex 87.7726 -78.4888 3
      vertex 87.7096 -78.3558 3
    endloop
  endfacet
  facet normal 0 0 1
    outer loop
      vertex 86.6709 -91.0853 3
      vertex 87.7096 -78.3558 3
      vertex 87.66 -78.2172 3
    endloop
  endfacet
  facet normal 0 0 1
    outer loop
      vertex 86.6709 -91.0853 3
      vertex 87.66 -78.2172 3
      vertex 87.6243 -78.0744 3
    endloop
  endfacet
  facet normal 0 0 1
    outer loop
      vertex 86.6709 -91.0853 3
      vertex 87.6243 -78.0744 3
      vertex 87.6027 -77.9288 3
    endloop
  endfacet
  facet normal 0 0 1
    outer loop
      vertex 86.6709 -91.0853 3
      vertex 87.6027 -77.9288 3
      vertex 87.5955 -77.7817 3
    endloop
  endfacet
  facet normal 0 0 1
    outer loop
      vertex 88.0348 -78.8424 3
      vertex 86.6709 -91.0853 3
      vertex 87.932 -90.1499 3
    endloop
  endfacet
  facet normal 0 0 1
    outer loop
      vertex 83.9047 -92.5638 3
      vertex 79.2529 -89.3881 3
      vertex 82.4263 -93.0928 3
    endloop
  endfacet
  facet normal -0 0 1
    outer loop
      vertex 79.2172 -89.5309 3
      vertex 82.4263 -93.0928 3
      vertex 79.2529 -89.3881 3
    endloop
  endfacet
  facet normal -0 0 1
    outer loop
      vertex 79.1676 -89.6695 3
      vertex 82.4263 -93.0928 3
      vertex 79.2172 -89.5309 3
    endloop
  endfacet
  facet normal -0 0 1
    outer loop
      vertex 79.1046 -89.8026 3
      vertex 82.4263 -93.0928 3
      vertex 79.1676 -89.6695 3
    endloop
  endfacet
  facet normal 0 0 1
    outer loop
      vertex 82.4263 -93.0928 3
      vertex 79.1046 -89.8026 3
      vertex 80.9032 -93.4743 3
    endloop
  endfacet
  facet normal -0 0 1
    outer loop
      vertex 79.029 -89.9288 3
      vertex 80.9032 -93.4743 3
      vertex 79.1046 -89.8026 3
    endloop
  endfacet
  facet normal -0 0 1
    outer loop
      vertex 78.9413 -90.047 3
      vertex 80.9032 -93.4743 3
      vertex 79.029 -89.9288 3
    endloop
  endfacet
  facet normal -0 0 1
    outer loop
      vertex 78.8424 -90.1561 3
      vertex 80.9032 -93.4743 3
      vertex 78.9413 -90.047 3
    endloop
  endfacet
  facet normal -0 0 1
    outer loop
      vertex 78.7333 -90.255 3
      vertex 80.9032 -93.4743 3
      vertex 78.8424 -90.1561 3
    endloop
  endfacet
  facet normal 0 0 1
    outer loop
      vertex 80.9032 -93.4743 3
      vertex 78.7333 -90.255 3
      vertex 79.35 -93.7047 3
    endloop
  endfacet
  facet normal -0 0 1
    outer loop
      vertex 78.6151 -90.3427 3
      vertex 79.35 -93.7047 3
      vertex 78.7333 -90.255 3
    endloop
  endfacet
  facet normal -0 0 1
    outer loop
      vertex 78.4888 -90.4183 3
      vertex 79.35 -93.7047 3
      vertex 78.6151 -90.3427 3
    endloop
  endfacet
  facet normal -0 0 1
    outer loop
      vertex 78.3558 -90.4813 3
      vertex 79.35 -93.7047 3
      vertex 78.4888 -90.4183 3
    endloop
  endfacet
  facet normal -0 0 1
    outer loop
      vertex 78.2172 -90.5309 3
      vertex 79.35 -93.7047 3
      vertex 78.3558 -90.4813 3
    endloop
  endfacet
  facet normal -0 0 1
    outer loop
      vertex 78.0744 -90.5666 3
      vertex 79.35 -93.7047 3
      vertex 78.2172 -90.5309 3
    endloop
  endfacet
  facet normal 0 0 1
    outer loop
      vertex 77.7817 -93.7817 3
      vertex 78.0744 -90.5666 3
      vertex 77.9288 -90.5882 3
    endloop
  endfacet
  facet normal 0 0 1
    outer loop
      vertex 77.7817 -93.7817 3
      vertex 77.9288 -90.5882 3
      vertex 77.7817 -90.5955 3
    endloop
  endfacet
  facet normal 0 0 1
    outer loop
      vertex 78.0744 -90.5666 3
      vertex 77.7817 -93.7817 3
      vertex 79.35 -93.7047 3
    endloop
  endfacet
  facet normal 0 0 1
    outer loop
      vertex 77.6347 -90.5882 3
      vertex 77.7817 -93.7817 3
      vertex 77.7817 -90.5955 3
    endloop
  endfacet
  facet normal 0 0 1
    outer loop
      vertex 77.4891 -90.5666 3
      vertex 77.7817 -93.7817 3
      vertex 77.6347 -90.5882 3
    endloop
  endfacet
  facet normal 0 0 1
    outer loop
      vertex 76.2135 -93.7047 3
      vertex 77.4891 -90.5666 3
      vertex 77.3463 -90.5309 3
    endloop
  endfacet
  facet normal 0 0 1
    outer loop
      vertex 76.2135 -93.7047 3
      vertex 77.3463 -90.5309 3
      vertex 77.2077 -90.4813 3
    endloop
  endfacet
  facet normal 0 0 1
    outer loop
      vertex 76.2135 -93.7047 3
      vertex 77.2077 -90.4813 3
      vertex 77.0747 -90.4183 3
    endloop
  endfacet
  facet normal 0 0 1
    outer loop
      vertex 76.2135 -93.7047 3
      vertex 77.0747 -90.4183 3
      vertex 76.9484 -90.3427 3
    endloop
  endfacet
  facet normal 0 0 1
    outer loop
      vertex 76.2135 -93.7047 3
      vertex 76.9484 -90.3427 3
      vertex 76.8302 -90.255 3
    endloop
  endfacet
  facet normal 0 0 1
    outer loop
      vertex 76.2135 -93.7047 3
      vertex 76.8302 -90.255 3
      vertex 76.7211 -90.1561 3
    endloop
  endfacet
  facet normal 0 0 1
    outer loop
      vertex 76.2135 -93.7047 3
      vertex 76.7211 -90.1561 3
      vertex 76.6222 -90.047 3
    endloop
  endfacet
  facet normal 0 0 1
    outer loop
      vertex 76.2135 -93.7047 3
      vertex 76.6222 -90.047 3
      vertex 76.5345 -89.9288 3
    endloop
  endfacet
  facet normal 0 0 1
    outer loop
      vertex 76.2135 -93.7047 3
      vertex 76.5345 -89.9288 3
      vertex 76.4589 -89.8026 3
    endloop
  endfacet
  facet normal 0 0 1
    outer loop
      vertex 76.2135 -93.7047 3
      vertex 76.4589 -89.8026 3
      vertex 76.3959 -89.6695 3
    endloop
  endfacet
  facet normal 0 0 1
    outer loop
      vertex 76.2135 -93.7047 3
      vertex 76.3959 -89.6695 3
      vertex 76.3463 -89.5309 3
    endloop
  endfacet
  facet normal 0 0 1
    outer loop
      vertex 77.4891 -90.5666 3
      vertex 76.2135 -93.7047 3
      vertex 77.7817 -93.7817 3
    endloop
  endfacet
  facet normal 0 0 1
    outer loop
      vertex 76.3106 -89.3881 3
      vertex 76.2135 -93.7047 3
      vertex 76.3463 -89.5309 3
    endloop
  endfacet
  facet normal 0 0 1
    outer loop
      vertex 76.289 -89.2425 3
      vertex 76.2135 -93.7047 3
      vertex 76.3106 -89.3881 3
    endloop
  endfacet
  facet normal 0 0 1
    outer loop
      vertex 76.2135 -93.7047 3
      vertex 76.289 -89.2425 3
      vertex 76.2817 -89.0955 3
    endloop
  endfacet
  facet normal -0 0 1
    outer loop
      vertex 67.4196 -78.9413 3
      vertex 76.6222 -88.1439 3
      vertex 67.5287 -78.8424 3
    endloop
  endfacet
  facet normal 0 0 1
    outer loop
      vertex 76.2817 -89.0955 3
      vertex 73.1372 -93.0928 3
      vertex 74.6603 -93.4743 3
    endloop
  endfacet
  facet normal 0 0 1
    outer loop
      vertex 76.5345 -88.2621 3
      vertex 67.6315 -90.1499 3
      vertex 76.4589 -88.3884 3
    endloop
  endfacet
  facet normal 0 0 1
    outer loop
      vertex 76.2817 -89.0955 3
      vertex 71.6588 -92.5638 3
      vertex 73.1372 -93.0928 3
    endloop
  endfacet
  facet normal 0 0 1
    outer loop
      vertex 76.4589 -88.3884 3
      vertex 67.6315 -90.1499 3
      vertex 76.3959 -88.5214 3
    endloop
  endfacet
  facet normal 0 0 1
    outer loop
      vertex 76.2817 -89.0955 3
      vertex 70.2394 -91.8925 3
      vertex 71.6588 -92.5638 3
    endloop
  endfacet
  facet normal 0 0 1
    outer loop
      vertex 76.289 -88.9484 3
      vertex 70.2394 -91.8925 3
      vertex 76.2817 -89.0955 3
    endloop
  endfacet
  facet normal 0 -0 1
    outer loop
      vertex 68.8926 -91.0853 3
      vertex 76.3959 -88.5214 3
      vertex 67.6315 -90.1499 3
    endloop
  endfacet
  facet normal 0 0 1
    outer loop
      vertex 76.3106 -88.8028 3
      vertex 70.2394 -91.8925 3
      vertex 76.289 -88.9484 3
    endloop
  endfacet
  facet normal 0 0 1
    outer loop
      vertex 76.3463 -88.66 3
      vertex 68.8926 -91.0853 3
      vertex 76.3106 -88.8028 3
    endloop
  endfacet
  facet normal 0 0 1
    outer loop
      vertex 76.3959 -88.5214 3
      vertex 68.8926 -91.0853 3
      vertex 76.3463 -88.66 3
    endloop
  endfacet
  facet normal 0 0 1
    outer loop
      vertex 66.468 -89.0955 3
      vertex 67.3014 -79.0289 3
      vertex 67.1751 -79.1046 3
    endloop
  endfacet
  facet normal 0 0 1
    outer loop
      vertex 66.468 -89.0955 3
      vertex 67.1751 -79.1046 3
      vertex 67.0421 -79.1676 3
    endloop
  endfacet
  facet normal 0 0 1
    outer loop
      vertex 66.468 -89.0955 3
      vertex 67.0421 -79.1676 3
      vertex 66.9035 -79.2172 3
    endloop
  endfacet
  facet normal 0 0 1
    outer loop
      vertex 66.468 -89.0955 3
      vertex 66.9035 -79.2172 3
      vertex 66.7607 -79.2529 3
    endloop
  endfacet
  facet normal 0 0 1
    outer loop
      vertex 66.468 -89.0955 3
      vertex 66.7607 -79.2529 3
      vertex 66.6151 -79.2745 3
    endloop
  endfacet
  facet normal 0 0 1
    outer loop
      vertex 66.468 -89.0955 3
      vertex 66.6151 -79.2745 3
      vertex 66.468 -79.2817 3
    endloop
  endfacet
  facet normal 0 -0 1
    outer loop
      vertex 70.2394 -91.8925 3
      vertex 76.3106 -88.8028 3
      vertex 68.8926 -91.0853 3
    endloop
  endfacet
  facet normal 0 0 1
    outer loop
      vertex 66.321 -79.2745 3
      vertex 66.468 -89.0955 3
      vertex 66.468 -79.2817 3
    endloop
  endfacet
  facet normal 0 0 1
    outer loop
      vertex 66.1754 -79.2529 3
      vertex 66.468 -89.0955 3
      vertex 66.321 -79.2745 3
    endloop
  endfacet
  facet normal 0 0 1
    outer loop
      vertex 66.0326 -79.2172 3
      vertex 66.468 -89.0955 3
      vertex 66.1754 -79.2529 3
    endloop
  endfacet
  facet normal 0 0 1
    outer loop
      vertex 65.894 -79.1676 3
      vertex 66.468 -89.0955 3
      vertex 66.0326 -79.2172 3
    endloop
  endfacet
  facet normal 0 0 1
    outer loop
      vertex 65.7609 -79.1046 3
      vertex 66.468 -89.0955 3
      vertex 65.894 -79.1676 3
    endloop
  endfacet
  facet normal 0 0 1
    outer loop
      vertex 65.6347 -79.0289 3
      vertex 66.468 -89.0955 3
      vertex 65.7609 -79.1046 3
    endloop
  endfacet
  facet normal 0 0 1
    outer loop
      vertex 65.5164 -78.9413 3
      vertex 66.468 -89.0955 3
      vertex 65.6347 -79.0289 3
    endloop
  endfacet
  facet normal 0 0 1
    outer loop
      vertex 65.4074 -78.8424 3
      vertex 66.468 -89.0955 3
      vertex 65.5164 -78.9413 3
    endloop
  endfacet
  facet normal 0 0 1
    outer loop
      vertex 65.3085 -78.7333 3
      vertex 66.468 -89.0955 3
      vertex 65.4074 -78.8424 3
    endloop
  endfacet
  facet normal 0 0 1
    outer loop
      vertex 65.2208 -78.6151 3
      vertex 66.468 -89.0955 3
      vertex 65.3085 -78.7333 3
    endloop
  endfacet
  facet normal 0 0 1
    outer loop
      vertex 65.1452 -78.4888 3
      vertex 66.468 -89.0955 3
      vertex 65.2208 -78.6151 3
    endloop
  endfacet
  facet normal 0 0 1
    outer loop
      vertex 65.0822 -78.3558 3
      vertex 66.468 -89.0955 3
      vertex 65.1452 -78.4888 3
    endloop
  endfacet
  facet normal 0 0 1
    outer loop
      vertex 65.0326 -78.2172 3
      vertex 66.468 -89.0955 3
      vertex 65.0822 -78.3558 3
    endloop
  endfacet
  facet normal 0 0 1
    outer loop
      vertex 46.7221 -54.3942 3
      vertex 65.0326 -78.2172 3
      vertex 64.9969 -78.0744 3
    endloop
  endfacet
  facet normal 0 0 1
    outer loop
      vertex 46.7221 -54.3942 3
      vertex 64.9969 -78.0744 3
      vertex 64.9753 -77.9288 3
    endloop
  endfacet
  facet normal 0 0 1
    outer loop
      vertex 64.9753 -77.6347 3
      vertex 46.7221 -54.3942 3
      vertex 64.968 -77.7817 3
    endloop
  endfacet
  facet normal 0 0 1
    outer loop
      vertex 64.968 -77.7817 3
      vertex 46.7221 -54.3942 3
      vertex 64.9753 -77.9288 3
    endloop
  endfacet
  facet normal 0 0 1
    outer loop
      vertex 65.0326 -78.2172 3
      vertex 46.7221 -54.3942 3
      vertex 66.468 -89.0955 3
    endloop
  endfacet
  facet normal -0 0 1
    outer loop
      vertex 2.40718 -27.8817 3
      vertex 46.7221 -54.3942 3
      vertex 18.5502 -26.2223 3
    endloop
  endfacet
  facet normal 0 0 1
    outer loop
      vertex 46.7221 -54.3942 3
      vertex 2.40718 -27.8817 3
      vertex 66.468 -89.0955 3
    endloop
  endfacet
  facet normal 0 0 1
    outer loop
      vertex 27.8817 -2.40718 3
      vertex 2.40718 -27.8817 3
      vertex 18.5502 -26.2223 3
    endloop
  endfacet
  facet normal 0 0 1
    outer loop
      vertex -2.40718 27.8817 3
      vertex 2.40718 27.8817 3
      vertex 0 28 3
    endloop
  endfacet
  facet normal 0 0 1
    outer loop
      vertex 2.40718 27.8817 3
      vertex -2.40718 27.8817 3
      vertex 2.40718 -27.8817 3
    endloop
  endfacet
  facet normal 0 0 1
    outer loop
      vertex -2.40718 -27.8817 3
      vertex 2.40718 -27.8817 3
      vertex -2.40718 27.8817 3
    endloop
  endfacet
  facet normal 0 0 1
    outer loop
      vertex 2.40718 -27.8817 3
      vertex -2.40718 -27.8817 3
      vertex 0 -28 3
    endloop
  endfacet
  facet normal 0 0 1
    outer loop
      vertex -2.40718 27.8817 3
      vertex -18.5502 26.2223 3
      vertex -2.40718 -27.8817 3
    endloop
  endfacet
  facet normal 0 0 1
    outer loop
      vertex -2.40718 27.8817 3
      vertex -46.7221 54.3942 3
      vertex -18.5502 26.2223 3
    endloop
  endfacet
  facet normal -0 0 1
    outer loop
      vertex -64.9753 77.6347 3
      vertex -46.7221 54.3942 3
      vertex -64.968 77.7817 3
    endloop
  endfacet
  facet normal 0 0 1
    outer loop
      vertex -66.468 89.0955 3
      vertex -46.7221 54.3942 3
      vertex -2.40718 27.8817 3
    endloop
  endfacet
  facet normal 0 0 1
    outer loop
      vertex -46.7221 54.3942 3
      vertex -64.9753 77.9288 3
      vertex -64.968 77.7817 3
    endloop
  endfacet
  facet normal 0 0 1
    outer loop
      vertex -46.7221 54.3942 3
      vertex -64.9969 78.0744 3
      vertex -64.9753 77.9288 3
    endloop
  endfacet
  facet normal -0 -0 1
    outer loop
      vertex -65.0326 78.2172 3
      vertex -46.7221 54.3942 3
      vertex -66.468 89.0955 3
    endloop
  endfacet
  facet normal 0 0 1
    outer loop
      vertex -46.7221 54.3942 3
      vertex -65.0326 78.2172 3
      vertex -64.9969 78.0744 3
    endloop
  endfacet
  facet normal 0 0 1
    outer loop
      vertex -65.0326 78.2172 3
      vertex -66.468 89.0955 3
      vertex -65.0822 78.3558 3
    endloop
  endfacet
  facet normal 0 0 1
    outer loop
      vertex -65.0822 78.3558 3
      vertex -66.468 89.0955 3
      vertex -65.1452 78.4888 3
    endloop
  endfacet
  facet normal 0 0 1
    outer loop
      vertex -65.1452 78.4888 3
      vertex -66.468 89.0955 3
      vertex -65.2208 78.6151 3
    endloop
  endfacet
  facet normal 0 0 1
    outer loop
      vertex -65.2208 78.6151 3
      vertex -66.468 89.0955 3
      vertex -65.3085 78.7333 3
    endloop
  endfacet
  facet normal 0 0 1
    outer loop
      vertex -65.3085 78.7333 3
      vertex -66.468 89.0955 3
      vertex -65.4074 78.8424 3
    endloop
  endfacet
  facet normal 0 0 1
    outer loop
      vertex -65.4074 78.8424 3
      vertex -66.468 89.0955 3
      vertex -65.5164 78.9413 3
    endloop
  endfacet
  facet normal 0 0 1
    outer loop
      vertex -66.468 89.0955 3
      vertex -65.6347 79.0289 3
      vertex -65.5164 78.9413 3
    endloop
  endfacet
  facet normal 0 0 1
    outer loop
      vertex -66.468 89.0955 3
      vertex -65.7609 79.1046 3
      vertex -65.6347 79.0289 3
    endloop
  endfacet
  facet normal 0 0 1
    outer loop
      vertex -66.468 89.0955 3
      vertex -65.894 79.1676 3
      vertex -65.7609 79.1046 3
    endloop
  endfacet
  facet normal 0 0 1
    outer loop
      vertex -66.468 89.0955 3
      vertex -66.0326 79.2172 3
      vertex -65.894 79.1676 3
    endloop
  endfacet
  facet normal 0 0 1
    outer loop
      vertex -66.468 89.0955 3
      vertex -66.1754 79.2529 3
      vertex -66.0326 79.2172 3
    endloop
  endfacet
  facet normal 0 0 1
    outer loop
      vertex -66.468 89.0955 3
      vertex -66.321 79.2745 3
      vertex -66.1754 79.2529 3
    endloop
  endfacet
  facet normal 0 0 1
    outer loop
      vertex -66.468 89.0955 3
      vertex -66.468 79.2817 3
      vertex -66.321 79.2745 3
    endloop
  endfacet
  facet normal 0 0 1
    outer loop
      vertex -66.468 89.0955 3
      vertex -66.6151 79.2745 3
      vertex -66.468 79.2817 3
    endloop
  endfacet
  facet normal 0 0 1
    outer loop
      vertex -66.468 89.0955 3
      vertex -66.7607 79.2529 3
      vertex -66.6151 79.2745 3
    endloop
  endfacet
  facet normal 0 0 1
    outer loop
      vertex -66.468 89.0955 3
      vertex -66.9035 79.2172 3
      vertex -66.7607 79.2529 3
    endloop
  endfacet
  facet normal 0 0 1
    outer loop
      vertex -66.468 89.0955 3
      vertex -67.0421 79.1676 3
      vertex -66.9035 79.2172 3
    endloop
  endfacet
  facet normal 0 0 1
    outer loop
      vertex -66.468 89.0955 3
      vertex -67.1751 79.1046 3
      vertex -67.0421 79.1676 3
    endloop
  endfacet
  facet normal 0 0 1
    outer loop
      vertex -66.468 89.0955 3
      vertex -67.3014 79.0289 3
      vertex -67.1751 79.1046 3
    endloop
  endfacet
  facet normal -0 0 1
    outer loop
      vertex -76.5345 88.2621 3
      vertex -67.3014 79.0289 3
      vertex -66.468 89.0955 3
    endloop
  endfacet
  facet normal 0 0 1
    outer loop
      vertex -67.3014 79.0289 3
      vertex -76.5345 88.2621 3
      vertex -67.4196 78.9413 3
    endloop
  endfacet
  facet normal -0 0 1
    outer loop
      vertex -76.6222 88.1439 3
      vertex -67.4196 78.9413 3
      vertex -76.5345 88.2621 3
    endloop
  endfacet
  facet normal 0 0 1
    outer loop
      vertex -76.5345 88.2621 3
      vertex -66.468 89.0955 3
      vertex -67.6315 90.1499 3
    endloop
  endfacet
  facet normal 0 0 1
    outer loop
      vertex -67.4196 78.9413 3
      vertex -76.6222 88.1439 3
      vertex -67.5287 78.8424 3
    endloop
  endfacet
  facet normal -0 0 1
    outer loop
      vertex -76.7211 88.0348 3
      vertex -67.5287 78.8424 3
      vertex -76.6222 88.1439 3
    endloop
  endfacet
  facet normal 0 0 1
    outer loop
      vertex -67.5287 78.8424 3
      vertex -76.7211 88.0348 3
      vertex -67.6276 78.7333 3
    endloop
  endfacet
  facet normal -0 0 1
    outer loop
      vertex -76.8302 87.9359 3
      vertex -67.6276 78.7333 3
      vertex -76.7211 88.0348 3
    endloop
  endfacet
  facet normal 0 0 1
    outer loop
      vertex -67.6276 78.7333 3
      vertex -76.8302 87.9359 3
      vertex -67.7152 78.6151 3
    endloop
  endfacet
  facet normal -0 0 1
    outer loop
      vertex -76.9484 87.8483 3
      vertex -67.7152 78.6151 3
      vertex -76.8302 87.9359 3
    endloop
  endfacet
  facet normal 0 0 1
    outer loop
      vertex -67.7152 78.6151 3
      vertex -76.9484 87.8483 3
      vertex -67.7909 78.4888 3
    endloop
  endfacet
  facet normal 0 0 1
    outer loop
      vertex -76.3959 88.5214 3
      vertex -67.6315 90.1499 3
      vertex -68.8926 91.0853 3
    endloop
  endfacet
  facet normal 0 0 1
    outer loop
      vertex -77.9288 87.6027 3
      vertex -87.6027 77.9288 3
      vertex -87.5955 77.7817 3
    endloop
  endfacet
  facet normal 0 0 1
    outer loop
      vertex -79.029 88.2621 3
      vertex -87.6243 78.0744 3
      vertex -87.6027 77.9288 3
    endloop
  endfacet
  facet normal 0 0 1
    outer loop
      vertex -79.029 88.2621 3
      vertex -87.66 78.2172 3
      vertex -87.6243 78.0744 3
    endloop
  endfacet
  facet normal 0 0 1
    outer loop
      vertex -79.029 88.2621 3
      vertex -87.7096 78.3558 3
      vertex -87.66 78.2172 3
    endloop
  endfacet
  facet normal 0 0 1
    outer loop
      vertex -79.029 88.2621 3
      vertex -87.7726 78.4888 3
      vertex -87.7096 78.3558 3
    endloop
  endfacet
  facet normal 0 0 1
    outer loop
      vertex -79.029 88.2621 3
      vertex -87.8483 78.6151 3
      vertex -87.7726 78.4888 3
    endloop
  endfacet
  facet normal -0 0 1
    outer loop
      vertex -89.0955 89.0955 3
      vertex -79.029 88.2621 3
      vertex -87.932 90.1499 3
    endloop
  endfacet
  facet normal 0 0 1
    outer loop
      vertex -79.029 88.2621 3
      vertex -87.9359 78.7333 3
      vertex -87.8483 78.6151 3
    endloop
  endfacet
  facet normal 0 0 1
    outer loop
      vertex -79.029 88.2621 3
      vertex -88.0348 78.8424 3
      vertex -87.9359 78.7333 3
    endloop
  endfacet
  facet normal 0 0 1
    outer loop
      vertex -79.029 88.2621 3
      vertex -88.1439 78.9413 3
      vertex -88.0348 78.8424 3
    endloop
  endfacet
  facet normal 0 -0 1
    outer loop
      vertex -88.2621 79.029 3
      vertex -79.029 88.2621 3
      vertex -89.0955 89.0955 3
    endloop
  endfacet
  facet normal 0 0 1
    outer loop
      vertex -79.029 88.2621 3
      vertex -88.2621 79.029 3
      vertex -88.1439 78.9413 3
    endloop
  endfacet
  facet normal -0 0 1
    outer loop
      vertex -90.1499 87.932 3
      vertex -88.2621 79.029 3
      vertex -89.0955 89.0955 3
    endloop
  endfacet
  facet normal 0 0 1
    outer loop
      vertex -88.2621 79.029 3
      vertex -90.1499 87.932 3
      vertex -88.3884 79.1046 3
    endloop
  endfacet
  facet normal 0 0 1
    outer loop
      vertex -88.3884 79.1046 3
      vertex -90.1499 87.932 3
      vertex -88.5214 79.1676 3
    endloop
  endfacet
  facet normal -0 0 1
    outer loop
      vertex -91.0853 86.6709 3
      vertex -88.5214 79.1676 3
      vertex -90.1499 87.932 3
    endloop
  endfacet
  facet normal 0 0 1
    outer loop
      vertex -88.5214 79.1676 3
      vertex -91.0853 86.6709 3
      vertex -88.66 79.2172 3
    endloop
  endfacet
  facet normal 0 0 1
    outer loop
      vertex -88.66 79.2172 3
      vertex -91.0853 86.6709 3
      vertex -88.8028 79.2529 3
    endloop
  endfacet
  facet normal -0 0 1
    outer loop
      vertex -91.8925 85.3241 3
      vertex -88.8028 79.2529 3
      vertex -91.0853 86.6709 3
    endloop
  endfacet
  facet normal 0 0 1
    outer loop
      vertex -88.8028 79.2529 3
      vertex -91.8925 85.3241 3
      vertex -88.9484 79.2745 3
    endloop
  endfacet
  facet normal 0 0 1
    outer loop
      vertex -88.9484 79.2745 3
      vertex -91.8925 85.3241 3
      vertex -89.0955 79.2817 3
    endloop
  endfacet
  facet normal -0 0 1
    outer loop
      vertex -92.5638 83.9047 3
      vertex -89.0955 79.2817 3
      vertex -91.8925 85.3241 3
    endloop
  endfacet
  facet normal 0 0 1
    outer loop
      vertex -89.0955 79.2817 3
      vertex -92.5638 83.9047 3
      vertex -89.2425 79.2745 3
    endloop
  endfacet
  facet normal 0 0 1
    outer loop
      vertex -89.2425 79.2745 3
      vertex -92.5638 83.9047 3
      vertex -89.3881 79.2529 3
    endloop
  endfacet
  facet normal -0 0 1
    outer loop
      vertex -93.0928 82.4263 3
      vertex -89.3881 79.2529 3
      vertex -92.5638 83.9047 3
    endloop
  endfacet
  facet normal 0 0 1
    outer loop
      vertex -89.3881 79.2529 3
      vertex -93.0928 82.4263 3
      vertex -89.5309 79.2172 3
    endloop
  endfacet
  facet normal 0 0 1
    outer loop
      vertex -89.5309 79.2172 3
      vertex -93.0928 82.4263 3
      vertex -89.6695 79.1676 3
    endloop
  endfacet
  facet normal 0 0 1
    outer loop
      vertex -89.6695 79.1676 3
      vertex -93.0928 82.4263 3
      vertex -89.8026 79.1046 3
    endloop
  endfacet
  facet normal 0 0 1
    outer loop
      vertex -89.8026 79.1046 3
      vertex -93.0928 82.4263 3
      vertex -89.9288 79.029 3
    endloop
  endfacet
  facet normal -0 0 1
    outer loop
      vertex -93.4743 80.9032 3
      vertex -89.9288 79.029 3
      vertex -93.0928 82.4263 3
    endloop
  endfacet
  facet normal 0 0 1
    outer loop
      vertex -89.9288 79.029 3
      vertex -93.4743 80.9032 3
      vertex -90.047 78.9413 3
    endloop
  endfacet
  facet normal 0 0 1
    outer loop
      vertex -90.047 78.9413 3
      vertex -93.4743 80.9032 3
      vertex -90.1561 78.8424 3
    endloop
  endfacet
  facet normal 0 0 1
    outer loop
      vertex -90.1561 78.8424 3
      vertex -93.4743 80.9032 3
      vertex -90.255 78.7333 3
    endloop
  endfacet
  facet normal -0 0 1
    outer loop
      vertex -93.7047 79.35 3
      vertex -90.255 78.7333 3
      vertex -93.4743 80.9032 3
    endloop
  endfacet
  facet normal 0 0 1
    outer loop
      vertex -90.255 78.7333 3
      vertex -93.7047 79.35 3
      vertex -90.3427 78.6151 3
    endloop
  endfacet
  facet normal 0 0 1
    outer loop
      vertex -90.3427 78.6151 3
      vertex -93.7047 79.35 3
      vertex -90.4183 78.4888 3
    endloop
  endfacet
  facet normal -0 0 1
    outer loop
      vertex -87.8483 -78.6151 3
      vertex -78.6151 -87.8483 3
      vertex -87.7726 -78.4888 3
    endloop
  endfacet
  facet normal 0 0 1
    outer loop
      vertex -78.6151 -87.8483 3
      vertex -87.8483 -78.6151 3
      vertex -78.7333 -87.9359 3
    endloop
  endfacet
  facet normal -0 0 1
    outer loop
      vertex -87.9359 -78.7333 3
      vertex -78.7333 -87.9359 3
      vertex -87.8483 -78.6151 3
    endloop
  endfacet
  facet normal 0 0 1
    outer loop
      vertex -78.7333 -87.9359 3
      vertex -87.9359 -78.7333 3
      vertex -78.8424 -88.0348 3
    endloop
  endfacet
  facet normal -0 0 1
    outer loop
      vertex -88.0348 -78.8424 3
      vertex -78.8424 -88.0348 3
      vertex -87.9359 -78.7333 3
    endloop
  endfacet
  facet normal 0 0 1
    outer loop
      vertex -78.8424 -88.0348 3
      vertex -88.0348 -78.8424 3
      vertex -78.9413 -88.1439 3
    endloop
  endfacet
  facet normal -0 0 1
    outer loop
      vertex -88.1439 -78.9413 3
      vertex -78.9413 -88.1439 3
      vertex -88.0348 -78.8424 3
    endloop
  endfacet
  facet normal 0 0 1
    outer loop
      vertex -78.9413 -88.1439 3
      vertex -88.1439 -78.9413 3
      vertex -79.029 -88.2621 3
    endloop
  endfacet
  facet normal 0 0 1
    outer loop
      vertex -79.029 -88.2621 3
      vertex -87.932 -90.1499 3
      vertex -86.6709 -91.0853 3
    endloop
  endfacet
  facet normal -0 0 1
    outer loop
      vertex -88.2621 -79.029 3
      vertex -79.029 -88.2621 3
      vertex -88.1439 -78.9413 3
    endloop
  endfacet
  facet normal 0 0 1
    outer loop
      vertex -79.029 -88.2621 3
      vertex -88.2621 -79.029 3
      vertex -89.0955 -89.0955 3
    endloop
  endfacet
  facet normal 0 0 1
    outer loop
      vertex -90.1499 -87.932 3
      vertex -88.2621 -79.029 3
      vertex -88.3884 -79.1046 3
    endloop
  endfacet
  facet normal 0 0 1
    outer loop
      vertex -90.1499 -87.932 3
      vertex -88.3884 -79.1046 3
      vertex -88.5214 -79.1676 3
    endloop
  endfacet
  facet normal 0 0 1
    outer loop
      vertex -91.0853 -86.6709 3
      vertex -88.5214 -79.1676 3
      vertex -88.66 -79.2172 3
    endloop
  endfacet
  facet normal 0 0 1
    outer loop
      vertex -91.0853 -86.6709 3
      vertex -88.66 -79.2172 3
      vertex -88.8028 -79.2529 3
    endloop
  endfacet
  facet normal 0 0 1
    outer loop
      vertex -91.8925 -85.3241 3
      vertex -88.8028 -79.2529 3
      vertex -88.9484 -79.2745 3
    endloop
  endfacet
  facet normal 0 0 1
    outer loop
      vertex -91.8925 -85.3241 3
      vertex -88.9484 -79.2745 3
      vertex -89.0955 -79.2817 3
    endloop
  endfacet
  facet normal 0 0 1
    outer loop
      vertex -79.029 -88.2621 3
      vertex -89.0955 -89.0955 3
      vertex -87.932 -90.1499 3
    endloop
  endfacet
  facet normal 0 0 1
    outer loop
      vertex -92.5638 -83.9047 3
      vertex -89.0955 -79.2817 3
      vertex -89.2425 -79.2745 3
    endloop
  endfacet
  facet normal 0 0 1
    outer loop
      vertex -92.5638 -83.9047 3
      vertex -89.2425 -79.2745 3
      vertex -89.3881 -79.2529 3
    endloop
  endfacet
  facet normal 0 0 1
    outer loop
      vertex -93.0928 -82.4263 3
      vertex -89.3881 -79.2529 3
      vertex -89.5309 -79.2172 3
    endloop
  endfacet
  facet normal 0 0 1
    outer loop
      vertex -93.0928 -82.4263 3
      vertex -89.5309 -79.2172 3
      vertex -89.6695 -79.1676 3
    endloop
  endfacet
  facet normal 0 0 1
    outer loop
      vertex -93.0928 -82.4263 3
      vertex -89.6695 -79.1676 3
      vertex -89.8026 -79.1046 3
    endloop
  endfacet
  facet normal 0 0 1
    outer loop
      vertex -93.0928 -82.4263 3
      vertex -89.8026 -79.1046 3
      vertex -89.9288 -79.029 3
    endloop
  endfacet
  facet normal 0 0 1
    outer loop
      vertex -93.4743 -80.9032 3
      vertex -89.9288 -79.029 3
      vertex -90.047 -78.9413 3
    endloop
  endfacet
  facet normal 0 0 1
    outer loop
      vertex -88.2621 -79.029 3
      vertex -90.1499 -87.932 3
      vertex -89.0955 -89.0955 3
    endloop
  endfacet
  facet normal 0 0 1
    outer loop
      vertex -93.4743 -80.9032 3
      vertex -90.047 -78.9413 3
      vertex -90.1561 -78.8424 3
    endloop
  endfacet
  facet normal 0 0 1
    outer loop
      vertex -93.4743 -80.9032 3
      vertex -90.1561 -78.8424 3
      vertex -90.255 -78.7333 3
    endloop
  endfacet
  facet normal 0 0 1
    outer loop
      vertex -93.7047 -79.35 3
      vertex -90.255 -78.7333 3
      vertex -90.3427 -78.6151 3
    endloop
  endfacet
  facet normal 0 0 1
    outer loop
      vertex -93.7047 -79.35 3
      vertex -90.3427 -78.6151 3
      vertex -90.4183 -78.4888 3
    endloop
  endfacet
  facet normal 0 0 1
    outer loop
      vertex -93.7047 -79.35 3
      vertex -90.4183 -78.4888 3
      vertex -90.4813 -78.3558 3
    endloop
  endfacet
  facet normal 0 0 1
    outer loop
      vertex -93.7047 -79.35 3
      vertex -90.4813 -78.3558 3
      vertex -90.5309 -78.2172 3
    endloop
  endfacet
  facet normal 0 0 1
    outer loop
      vertex -93.7047 -79.35 3
      vertex -90.5309 -78.2172 3
      vertex -90.5666 -78.0744 3
    endloop
  endfacet
  facet normal 0 0 1
    outer loop
      vertex -93.7817 -77.7817 3
      vertex -90.5666 -78.0744 3
      vertex -90.5882 -77.9288 3
    endloop
  endfacet
  facet normal -0 0 1
    outer loop
      vertex -93.7817 -77.7817 3
      vertex -90.5882 -77.9288 3
      vertex -90.5955 -77.7817 3
    endloop
  endfacet
  facet normal 0 0 1
    outer loop
      vertex -90.4183 -77.0747 3
      vertex -93.7047 -76.2135 3
      vertex -90.4813 -77.2077 3
    endloop
  endfacet
  facet normal 0 0 1
    outer loop
      vertex -88.5214 -79.1676 3
      vertex -91.0853 -86.6709 3
      vertex -90.1499 -87.932 3
    endloop
  endfacet
  facet normal 0 0 1
    outer loop
      vertex -90.4813 -77.2077 3
      vertex -93.7047 -76.2135 3
      vertex -90.5309 -77.3463 3
    endloop
  endfacet
  facet normal 0 0 1
    outer loop
      vertex -88.8028 -79.2529 3
      vertex -91.8925 -85.3241 3
      vertex -91.0853 -86.6709 3
    endloop
  endfacet
  facet normal 0 0 1
    outer loop
      vertex -90.5309 -77.3463 3
      vertex -93.7047 -76.2135 3
      vertex -90.5666 -77.4891 3
    endloop
  endfacet
  facet normal 0 0 1
    outer loop
      vertex -89.0955 -79.2817 3
      vertex -92.5638 -83.9047 3
      vertex -91.8925 -85.3241 3
    endloop
  endfacet
  facet normal 0 0 1
    outer loop
      vertex -93.7817 -77.7817 3
      vertex -90.5666 -77.4891 3
      vertex -93.7047 -76.2135 3
    endloop
  endfacet
  facet normal 0 0 1
    outer loop
      vertex -89.3881 -79.2529 3
      vertex -93.0928 -82.4263 3
      vertex -92.5638 -83.9047 3
    endloop
  endfacet
  facet normal 0 0 1
    outer loop
      vertex -90.5666 -77.4891 3
      vertex -93.7817 -77.7817 3
      vertex -90.5882 -77.6347 3
    endloop
  endfacet
  facet normal 0 0 1
    outer loop
      vertex -89.9288 -79.029 3
      vertex -93.4743 -80.9032 3
      vertex -93.0928 -82.4263 3
    endloop
  endfacet
  facet normal 0 0 1
    outer loop
      vertex -90.5882 -77.6347 3
      vertex -93.7817 -77.7817 3
      vertex -90.5955 -77.7817 3
    endloop
  endfacet
  facet normal 0 0 1
    outer loop
      vertex -90.255 -78.7333 3
      vertex -93.7047 -79.35 3
      vertex -93.4743 -80.9032 3
    endloop
  endfacet
  facet normal 0 0 1
    outer loop
      vertex -90.5666 -78.0744 3
      vertex -93.7817 -77.7817 3
      vertex -93.7047 -79.35 3
    endloop
  endfacet
  facet normal -0 0 1
    outer loop
      vertex -76.8302 -67.6276 3
      vertex -67.6276 -76.8302 3
      vertex -76.7211 -67.5287 3
    endloop
  endfacet
  facet normal 0 0 1
    outer loop
      vertex -67.968 -77.7817 3
      vertex -76.289 -88.9484 3
      vertex -76.2817 -89.0955 3
    endloop
  endfacet
  facet normal 0 0 1
    outer loop
      vertex -67.6276 -76.8302 3
      vertex -76.8302 -67.6276 3
      vertex -67.7152 -76.9484 3
    endloop
  endfacet
  facet normal 0 0 1
    outer loop
      vertex -67.968 -77.7817 3
      vertex -76.3106 -88.8028 3
      vertex -76.289 -88.9484 3
    endloop
  endfacet
  facet normal -0 0 1
    outer loop
      vertex -76.9484 -67.7152 3
      vertex -67.7152 -76.9484 3
      vertex -76.8302 -67.6276 3
    endloop
  endfacet
  facet normal 0 0 1
    outer loop
      vertex -67.968 -77.7817 3
      vertex -76.3463 -88.66 3
      vertex -76.3106 -88.8028 3
    endloop
  endfacet
  facet normal 0 0 1
    outer loop
      vertex -67.7152 -76.9484 3
      vertex -76.9484 -67.7152 3
      vertex -67.7909 -77.0747 3
    endloop
  endfacet
  facet normal 0 0 1
    outer loop
      vertex -67.968 -77.7817 3
      vertex -76.3959 -88.5214 3
      vertex -76.3463 -88.66 3
    endloop
  endfacet
  facet normal -0 0 1
    outer loop
      vertex -77.0747 -67.7909 3
      vertex -67.7909 -77.0747 3
      vertex -76.9484 -67.7152 3
    endloop
  endfacet
  facet normal 0 0 1
    outer loop
      vertex -67.968 -77.7817 3
      vertex -76.4589 -88.3884 3
      vertex -76.3959 -88.5214 3
    endloop
  endfacet
  facet normal 0 0 1
    outer loop
      vertex -67.7909 -77.0747 3
      vertex -77.0747 -67.7909 3
      vertex -67.8539 -77.2077 3
    endloop
  endfacet
  facet normal 0 0 1
    outer loop
      vertex -67.968 -77.7817 3
      vertex -76.5345 -88.2621 3
      vertex -76.4589 -88.3884 3
    endloop
  endfacet
  facet normal -0 0 1
    outer loop
      vertex -77.2077 -67.8539 3
      vertex -67.8539 -77.2077 3
      vertex -77.0747 -67.7909 3
    endloop
  endfacet
  facet normal 0 0 1
    outer loop
      vertex -67.968 -77.7817 3
      vertex -76.6222 -88.1439 3
      vertex -76.5345 -88.2621 3
    endloop
  endfacet
  facet normal 0 0 1
    outer loop
      vertex -67.8539 -77.2077 3
      vertex -77.2077 -67.8539 3
      vertex -67.9035 -77.3463 3
    endloop
  endfacet
  facet normal 0 0 1
    outer loop
      vertex -67.968 -77.7817 3
      vertex -76.7211 -88.0348 3
      vertex -76.6222 -88.1439 3
    endloop
  endfacet
  facet normal -0 0 1
    outer loop
      vertex -77.3463 -67.9035 3
      vertex -67.9035 -77.3463 3
      vertex -77.2077 -67.8539 3
    endloop
  endfacet
  facet normal 0 0 1
    outer loop
      vertex -67.968 -77.7817 3
      vertex -76.8302 -87.9359 3
      vertex -76.7211 -88.0348 3
    endloop
  endfacet
  facet normal 0 0 1
    outer loop
      vertex -67.9035 -77.3463 3
      vertex -77.3463 -67.9035 3
      vertex -67.9392 -77.4891 3
    endloop
  endfacet
  facet normal 0 0 1
    outer loop
      vertex -67.968 -77.7817 3
      vertex -76.9484 -87.8483 3
      vertex -76.8302 -87.9359 3
    endloop
  endfacet
  facet normal -0 0 1
    outer loop
      vertex -77.4891 -67.9392 3
      vertex -67.9392 -77.4891 3
      vertex -77.3463 -67.9035 3
    endloop
  endfacet
  facet normal 0 0 1
    outer loop
      vertex -67.968 -77.7817 3
      vertex -77.0747 -87.7726 3
      vertex -76.9484 -87.8483 3
    endloop
  endfacet
  facet normal 0 0 1
    outer loop
      vertex -67.9392 -77.4891 3
      vertex -77.4891 -67.9392 3
      vertex -67.9608 -77.6347 3
    endloop
  endfacet
  facet normal 0 0 1
    outer loop
      vertex -67.968 -77.7817 3
      vertex -77.2077 -87.7096 3
      vertex -77.0747 -87.7726 3
    endloop
  endfacet
  facet normal -0 0 1
    outer loop
      vertex -77.6347 -67.9608 3
      vertex -67.9608 -77.6347 3
      vertex -77.4891 -67.9392 3
    endloop
  endfacet
  facet normal 0 0 1
    outer loop
      vertex -67.968 -77.7817 3
      vertex -77.3463 -87.66 3
      vertex -77.2077 -87.7096 3
    endloop
  endfacet
  facet normal 0 0 1
    outer loop
      vertex -67.9608 -77.6347 3
      vertex -77.6347 -67.9608 3
      vertex -67.968 -77.7817 3
    endloop
  endfacet
  facet normal 0 0 1
    outer loop
      vertex -67.968 -77.7817 3
      vertex -77.4891 -87.6243 3
      vertex -77.3463 -87.66 3
    endloop
  endfacet
  facet normal -0 0 1
    outer loop
      vertex -77.7817 -67.968 3
      vertex -67.968 -77.7817 3
      vertex -77.6347 -67.9608 3
    endloop
  endfacet
  facet normal 0 0 1
    outer loop
      vertex -67.968 -77.7817 3
      vertex -77.6347 -87.6027 3
      vertex -77.4891 -87.6243 3
    endloop
  endfacet
  facet normal 0 0 1
    outer loop
      vertex -77.7817 -87.5955 3
      vertex -67.968 -77.7817 3
      vertex -77.7817 -67.968 3
    endloop
  endfacet
  facet normal 0 0 1
    outer loop
      vertex -67.968 -77.7817 3
      vertex -77.7817 -87.5955 3
      vertex -77.6347 -87.6027 3
    endloop
  endfacet
  facet normal 0 0 1
    outer loop
      vertex -87.5955 -77.7817 3
      vertex -77.7817 -67.968 3
      vertex -77.9288 -67.9608 3
    endloop
  endfacet
  facet normal 0 0 1
    outer loop
      vertex -77.7817 -67.968 3
      vertex -87.5955 -77.7817 3
      vertex -77.7817 -87.5955 3
    endloop
  endfacet
  facet normal 0 0 1
    outer loop
      vertex -87.6027 -77.6347 3
      vertex -77.9288 -67.9608 3
      vertex -78.0744 -67.9392 3
    endloop
  endfacet
  facet normal 0 0 1
    outer loop
      vertex -77.7817 -87.5955 3
      vertex -87.5955 -77.7817 3
      vertex -77.9288 -87.6027 3
    endloop
  endfacet
  facet normal 0 0 1
    outer loop
      vertex -87.6243 -77.4891 3
      vertex -78.0744 -67.9392 3
      vertex -78.2172 -67.9035 3
    endloop
  endfacet
  facet normal -0 0 1
    outer loop
      vertex -87.6027 -77.9288 3
      vertex -77.9288 -87.6027 3
      vertex -87.5955 -77.7817 3
    endloop
  endfacet
  facet normal 0 0 1
    outer loop
      vertex -87.66 -77.3463 3
      vertex -78.2172 -67.9035 3
      vertex -78.3558 -67.8539 3
    endloop
  endfacet
  facet normal 0 0 1
    outer loop
      vertex -77.9288 -87.6027 3
      vertex -87.6027 -77.9288 3
      vertex -78.0744 -87.6243 3
    endloop
  endfacet
  facet normal 0 0 1
    outer loop
      vertex -87.7096 -77.2077 3
      vertex -78.3558 -67.8539 3
      vertex -78.4888 -67.7909 3
    endloop
  endfacet
  facet normal -0 0 1
    outer loop
      vertex -87.6243 -78.0744 3
      vertex -78.0744 -87.6243 3
      vertex -87.6027 -77.9288 3
    endloop
  endfacet
  facet normal 0 0 1
    outer loop
      vertex -87.7726 -77.0747 3
      vertex -78.4888 -67.7909 3
      vertex -78.6151 -67.7152 3
    endloop
  endfacet
  facet normal 0 0 1
    outer loop
      vertex -78.0744 -87.6243 3
      vertex -87.6243 -78.0744 3
      vertex -78.2172 -87.66 3
    endloop
  endfacet
  facet normal 0 0 1
    outer loop
      vertex -87.8483 -76.9484 3
      vertex -78.6151 -67.7152 3
      vertex -78.7333 -67.6276 3
    endloop
  endfacet
  facet normal -0 0 1
    outer loop
      vertex -87.66 -78.2172 3
      vertex -78.2172 -87.66 3
      vertex -87.6243 -78.0744 3
    endloop
  endfacet
  facet normal 0 0 1
    outer loop
      vertex -87.9359 -76.8302 3
      vertex -78.7333 -67.6276 3
      vertex -78.8424 -67.5287 3
    endloop
  endfacet
  facet normal 0 0 1
    outer loop
      vertex -78.2172 -87.66 3
      vertex -87.66 -78.2172 3
      vertex -78.3558 -87.7096 3
    endloop
  endfacet
  facet normal 0 0 1
    outer loop
      vertex -88.0348 -76.7211 3
      vertex -78.8424 -67.5287 3
      vertex -78.9413 -67.4196 3
    endloop
  endfacet
  facet normal -0 0 1
    outer loop
      vertex -87.7096 -78.3558 3
      vertex -78.3558 -87.7096 3
      vertex -87.66 -78.2172 3
    endloop
  endfacet
  facet normal 0 0 1
    outer loop
      vertex -88.1439 -76.6222 3
      vertex -78.9413 -67.4196 3
      vertex -79.0289 -67.3014 3
    endloop
  endfacet
  facet normal 0 0 1
    outer loop
      vertex -78.3558 -87.7096 3
      vertex -87.7096 -78.3558 3
      vertex -78.4888 -87.7726 3
    endloop
  endfacet
  facet normal 0 0 1
    outer loop
      vertex -89.0955 -66.468 3
      vertex -79.0289 -67.3014 3
      vertex -79.1046 -67.1751 3
    endloop
  endfacet
  facet normal -0 0 1
    outer loop
      vertex -87.7726 -78.4888 3
      vertex -78.4888 -87.7726 3
      vertex -87.7096 -78.3558 3
    endloop
  endfacet
  facet normal 0 0 1
    outer loop
      vertex -89.0955 -66.468 3
      vertex -79.1046 -67.1751 3
      vertex -79.1676 -67.0421 3
    endloop
  endfacet
  facet normal 0 0 1
    outer loop
      vertex -78.4888 -87.7726 3
      vertex -87.7726 -78.4888 3
      vertex -78.6151 -87.8483 3
    endloop
  endfacet
  facet normal 0 0 1
    outer loop
      vertex -89.0955 -66.468 3
      vertex -79.1676 -67.0421 3
      vertex -79.2172 -66.9035 3
    endloop
  endfacet
  facet normal 0 0 1
    outer loop
      vertex -79.029 -88.2621 3
      vertex -86.6709 -91.0853 3
      vertex -79.1046 -88.3884 3
    endloop
  endfacet
  facet normal 0 0 1
    outer loop
      vertex -89.0955 -66.468 3
      vertex -79.2172 -66.9035 3
      vertex -79.2529 -66.7607 3
    endloop
  endfacet
  facet normal 0 0 1
    outer loop
      vertex -79.1046 -88.3884 3
      vertex -86.6709 -91.0853 3
      vertex -79.1676 -88.5214 3
    endloop
  endfacet
  facet normal 0 0 1
    outer loop
      vertex -89.0955 -66.468 3
      vertex -79.2529 -66.7607 3
      vertex -79.2745 -66.6151 3
    endloop
  endfacet
  facet normal 0 0 1
    outer loop
      vertex -79.1676 -88.5214 3
      vertex -86.6709 -91.0853 3
      vertex -79.2172 -88.66 3
    endloop
  endfacet
  facet normal -0 0 1
    outer loop
      vertex -89.0955 -66.468 3
      vertex -79.2745 -66.6151 3
      vertex -79.2817 -66.468 3
    endloop
  endfacet
  facet normal 0 0 1
    outer loop
      vertex -79.2172 -88.66 3
      vertex -86.6709 -91.0853 3
      vertex -79.2529 -88.8028 3
    endloop
  endfacet
  facet normal 0 0 1
    outer loop
      vertex -76.3463 88.66 3
      vertex -68.8926 91.0853 3
      vertex -76.3106 88.8028 3
    endloop
  endfacet
  facet normal 0 0 1
    outer loop
      vertex -67.968 77.7817 3
      vertex -76.289 66.6151 3
      vertex -76.2817 66.468 3
    endloop
  endfacet
  facet normal 0 0 1
    outer loop
      vertex -76.3959 88.5214 3
      vertex -68.8926 91.0853 3
      vertex -76.3463 88.66 3
    endloop
  endfacet
  facet normal 0 0 1
    outer loop
      vertex -67.968 77.7817 3
      vertex -76.3106 66.7607 3
      vertex -76.289 66.6151 3
    endloop
  endfacet
  facet normal 0 0 1
    outer loop
      vertex -67.6315 90.1499 3
      vertex -76.3959 88.5214 3
      vertex -76.4589 88.3884 3
    endloop
  endfacet
  facet normal 0 0 1
    outer loop
      vertex -67.968 77.7817 3
      vertex -76.3463 66.9035 3
      vertex -76.3106 66.7607 3
    endloop
  endfacet
  facet normal 0 0 1
    outer loop
      vertex -67.6315 90.1499 3
      vertex -76.4589 88.3884 3
      vertex -76.5345 88.2621 3
    endloop
  endfacet
  facet normal 0 0 1
    outer loop
      vertex -67.968 77.7817 3
      vertex -76.3959 67.0421 3
      vertex -76.3463 66.9035 3
    endloop
  endfacet
  facet normal -0 0 1
    outer loop
      vertex -77.0747 87.7726 3
      vertex -67.7909 78.4888 3
      vertex -76.9484 87.8483 3
    endloop
  endfacet
  facet normal 0 0 1
    outer loop
      vertex -67.968 77.7817 3
      vertex -76.4589 67.1751 3
      vertex -76.3959 67.0421 3
    endloop
  endfacet
  facet normal 0 0 1
    outer loop
      vertex -67.7909 78.4888 3
      vertex -77.0747 87.7726 3
      vertex -67.8539 78.3558 3
    endloop
  endfacet
  facet normal 0 0 1
    outer loop
      vertex -67.968 77.7817 3
      vertex -76.5345 67.3014 3
      vertex -76.4589 67.1751 3
    endloop
  endfacet
  facet normal -0 0 1
    outer loop
      vertex -77.2077 87.7096 3
      vertex -67.8539 78.3558 3
      vertex -77.0747 87.7726 3
    endloop
  endfacet
  facet normal 0 0 1
    outer loop
      vertex -67.968 77.7817 3
      vertex -76.6222 67.4196 3
      vertex -76.5345 67.3014 3
    endloop
  endfacet
  facet normal 0 0 1
    outer loop
      vertex -67.8539 78.3558 3
      vertex -77.2077 87.7096 3
      vertex -67.9035 78.2172 3
    endloop
  endfacet
  facet normal 0 0 1
    outer loop
      vertex -67.968 77.7817 3
      vertex -76.7211 67.5287 3
      vertex -76.6222 67.4196 3
    endloop
  endfacet
  facet normal -0 0 1
    outer loop
      vertex -77.3463 87.66 3
      vertex -67.9035 78.2172 3
      vertex -77.2077 87.7096 3
    endloop
  endfacet
  facet normal 0 0 1
    outer loop
      vertex -67.968 77.7817 3
      vertex -76.8302 67.6276 3
      vertex -76.7211 67.5287 3
    endloop
  endfacet
  facet normal 0 0 1
    outer loop
      vertex -67.9035 78.2172 3
      vertex -77.3463 87.66 3
      vertex -67.9392 78.0744 3
    endloop
  endfacet
  facet normal 0 0 1
    outer loop
      vertex -67.968 77.7817 3
      vertex -76.9484 67.7152 3
      vertex -76.8302 67.6276 3
    endloop
  endfacet
  facet normal -0 0 1
    outer loop
      vertex -77.4891 87.6243 3
      vertex -67.9392 78.0744 3
      vertex -77.3463 87.66 3
    endloop
  endfacet
  facet normal 0 0 1
    outer loop
      vertex -67.968 77.7817 3
      vertex -77.0747 67.7909 3
      vertex -76.9484 67.7152 3
    endloop
  endfacet
  facet normal 0 0 1
    outer loop
      vertex -67.9392 78.0744 3
      vertex -77.4891 87.6243 3
      vertex -67.9608 77.9288 3
    endloop
  endfacet
  facet normal 0 0 1
    outer loop
      vertex -67.968 77.7817 3
      vertex -77.2077 67.8539 3
      vertex -77.0747 67.7909 3
    endloop
  endfacet
  facet normal -0 0 1
    outer loop
      vertex -77.6347 87.6027 3
      vertex -67.9608 77.9288 3
      vertex -77.4891 87.6243 3
    endloop
  endfacet
  facet normal 0 0 1
    outer loop
      vertex -67.968 77.7817 3
      vertex -77.3463 67.9035 3
      vertex -77.2077 67.8539 3
    endloop
  endfacet
  facet normal 0 0 1
    outer loop
      vertex -67.9608 77.9288 3
      vertex -77.6347 87.6027 3
      vertex -67.968 77.7817 3
    endloop
  endfacet
  facet normal 0 0 1
    outer loop
      vertex -67.968 77.7817 3
      vertex -77.4891 67.9392 3
      vertex -77.3463 67.9035 3
    endloop
  endfacet
  facet normal -0 0 1
    outer loop
      vertex -77.7817 87.5955 3
      vertex -67.968 77.7817 3
      vertex -77.6347 87.6027 3
    endloop
  endfacet
  facet normal 0 0 1
    outer loop
      vertex -67.968 77.7817 3
      vertex -77.6347 67.9608 3
      vertex -77.4891 67.9392 3
    endloop
  endfacet
  facet normal 0 0 1
    outer loop
      vertex -77.7817 67.968 3
      vertex -67.968 77.7817 3
      vertex -77.7817 87.5955 3
    endloop
  endfacet
  facet normal 0 0 1
    outer loop
      vertex -67.968 77.7817 3
      vertex -77.7817 67.968 3
      vertex -77.6347 67.9608 3
    endloop
  endfacet
  facet normal 0 0 1
    outer loop
      vertex -87.5955 77.7817 3
      vertex -77.7817 87.5955 3
      vertex -77.9288 87.6027 3
    endloop
  endfacet
  facet normal 0 0 1
    outer loop
      vertex -77.7817 87.5955 3
      vertex -87.5955 77.7817 3
      vertex -77.7817 67.968 3
    endloop
  endfacet
  facet normal 0 0 1
    outer loop
      vertex -87.6027 77.9288 3
      vertex -77.9288 87.6027 3
      vertex -78.0744 87.6243 3
    endloop
  endfacet
  facet normal 0 0 1
    outer loop
      vertex -77.7817 67.968 3
      vertex -87.5955 77.7817 3
      vertex -77.9288 67.9608 3
    endloop
  endfacet
  facet normal 0 0 1
    outer loop
      vertex -87.6027 77.9288 3
      vertex -78.0744 87.6243 3
      vertex -78.2172 87.66 3
    endloop
  endfacet
  facet normal -0 0 1
    outer loop
      vertex -87.6027 77.6347 3
      vertex -77.9288 67.9608 3
      vertex -87.5955 77.7817 3
    endloop
  endfacet
  facet normal 0 0 1
    outer loop
      vertex -87.6027 77.9288 3
      vertex -78.2172 87.66 3
      vertex -78.3558 87.7096 3
    endloop
  endfacet
  facet normal 0 0 1
    outer loop
      vertex -77.9288 67.9608 3
      vertex -87.6027 77.6347 3
      vertex -78.0744 67.9392 3
    endloop
  endfacet
  facet normal 0 0 1
    outer loop
      vertex -87.6027 77.9288 3
      vertex -78.3558 87.7096 3
      vertex -78.4888 87.7726 3
    endloop
  endfacet
  facet normal -0 0 1
    outer loop
      vertex -87.6243 77.4891 3
      vertex -78.0744 67.9392 3
      vertex -87.6027 77.6347 3
    endloop
  endfacet
  facet normal 0 0 1
    outer loop
      vertex -78.0744 67.9392 3
      vertex -87.6243 77.4891 3
      vertex -78.2172 67.9035 3
    endloop
  endfacet
  facet normal 0 0 1
    outer loop
      vertex -87.6027 77.9288 3
      vertex -78.4888 87.7726 3
      vertex -78.6151 87.8483 3
    endloop
  endfacet
  facet normal 0 0 1
    outer loop
      vertex -87.6027 77.9288 3
      vertex -78.6151 87.8483 3
      vertex -78.7333 87.9359 3
    endloop
  endfacet
  facet normal -0 0 1
    outer loop
      vertex -87.66 77.3463 3
      vertex -78.2172 67.9035 3
      vertex -87.6243 77.4891 3
    endloop
  endfacet
  facet normal 0 0 1
    outer loop
      vertex -87.6027 77.9288 3
      vertex -78.7333 87.9359 3
      vertex -78.8424 88.0348 3
    endloop
  endfacet
  facet normal 0 0 1
    outer loop
      vertex -78.2172 67.9035 3
      vertex -87.66 77.3463 3
      vertex -78.3558 67.8539 3
    endloop
  endfacet
  facet normal 0 0 1
    outer loop
      vertex -87.6027 77.9288 3
      vertex -78.8424 88.0348 3
      vertex -78.9413 88.1439 3
    endloop
  endfacet
  facet normal -0 0 1
    outer loop
      vertex -87.7096 77.2077 3
      vertex -78.3558 67.8539 3
      vertex -87.66 77.3463 3
    endloop
  endfacet
  facet normal 0 0 1
    outer loop
      vertex -78.3558 67.8539 3
      vertex -87.7096 77.2077 3
      vertex -78.4888 67.7909 3
    endloop
  endfacet
  facet normal 0 0 1
    outer loop
      vertex -87.6027 77.9288 3
      vertex -78.9413 88.1439 3
      vertex -79.029 88.2621 3
    endloop
  endfacet
  facet normal 0 0 1
    outer loop
      vertex -79.1676 88.5214 3
      vertex -87.932 90.1499 3
      vertex -79.1046 88.3884 3
    endloop
  endfacet
  facet normal -0 0 1
    outer loop
      vertex -87.7726 77.0747 3
      vertex -78.4888 67.7909 3
      vertex -87.7096 77.2077 3
    endloop
  endfacet
  facet normal -0 0 1
    outer loop
      vertex -87.932 90.1499 3
      vertex -79.1676 88.5214 3
      vertex -86.6709 91.0853 3
    endloop
  endfacet
  facet normal 0 0 1
    outer loop
      vertex -78.4888 67.7909 3
      vertex -87.7726 77.0747 3
      vertex -78.6151 67.7152 3
    endloop
  endfacet
  facet normal 0 0 1
    outer loop
      vertex -86.6709 91.0853 3
      vertex -79.1676 88.5214 3
      vertex -79.2172 88.66 3
    endloop
  endfacet
  facet normal -0 0 1
    outer loop
      vertex -87.8483 76.9484 3
      vertex -78.6151 67.7152 3
      vertex -87.7726 77.0747 3
    endloop
  endfacet
  facet normal 0 0 1
    outer loop
      vertex -86.6709 91.0853 3
      vertex -79.2172 88.66 3
      vertex -79.2529 88.8028 3
    endloop
  endfacet
  facet normal 0 0 1
    outer loop
      vertex -78.6151 67.7152 3
      vertex -87.8483 76.9484 3
      vertex -78.7333 67.6276 3
    endloop
  endfacet
  facet normal 0 0 1
    outer loop
      vertex -85.3241 91.8925 3
      vertex -79.2529 88.8028 3
      vertex -79.2745 88.9484 3
    endloop
  endfacet
  facet normal -0 0 1
    outer loop
      vertex -87.9359 76.8302 3
      vertex -78.7333 67.6276 3
      vertex -87.8483 76.9484 3
    endloop
  endfacet
  facet normal 0 0 1
    outer loop
      vertex -85.3241 91.8925 3
      vertex -79.2745 88.9484 3
      vertex -79.2817 89.0955 3
    endloop
  endfacet
  facet normal 0 0 1
    outer loop
      vertex -78.7333 67.6276 3
      vertex -87.9359 76.8302 3
      vertex -78.8424 67.5287 3
    endloop
  endfacet
  facet normal 0 0 1
    outer loop
      vertex -71.6588 92.5638 3
      vertex -76.289 89.2425 3
      vertex -76.2817 89.0955 3
    endloop
  endfacet
  facet normal 0 0 1
    outer loop
      vertex -74.6603 93.4743 3
      vertex -76.3106 89.3881 3
      vertex -76.289 89.2425 3
    endloop
  endfacet
  facet normal 0 0 1
    outer loop
      vertex -74.6603 93.4743 3
      vertex -76.3463 89.5309 3
      vertex -76.3106 89.3881 3
    endloop
  endfacet
  facet normal 0 0 1
    outer loop
      vertex -74.6603 93.4743 3
      vertex -76.3959 89.6695 3
      vertex -76.3463 89.5309 3
    endloop
  endfacet
  facet normal 0 0 1
    outer loop
      vertex -74.6603 93.4743 3
      vertex -76.4589 89.8026 3
      vertex -76.3959 89.6695 3
    endloop
  endfacet
  facet normal 0 0 1
    outer loop
      vertex -74.6603 93.4743 3
      vertex -76.5345 89.9288 3
      vertex -76.4589 89.8026 3
    endloop
  endfacet
  facet normal 0 0 1
    outer loop
      vertex -74.6603 93.4743 3
      vertex -76.6222 90.047 3
      vertex -76.5345 89.9288 3
    endloop
  endfacet
  facet normal 0 0 1
    outer loop
      vertex -74.6603 93.4743 3
      vertex -76.7211 90.1561 3
      vertex -76.6222 90.047 3
    endloop
  endfacet
  facet normal 0 0 1
    outer loop
      vertex -74.6603 93.4743 3
      vertex -76.8302 90.255 3
      vertex -76.7211 90.1561 3
    endloop
  endfacet
  facet normal 0 0 1
    outer loop
      vertex -76.2135 93.7047 3
      vertex -76.9484 90.3427 3
      vertex -76.8302 90.255 3
    endloop
  endfacet
  facet normal 0 0 1
    outer loop
      vertex -76.2135 93.7047 3
      vertex -77.0747 90.4183 3
      vertex -76.9484 90.3427 3
    endloop
  endfacet
  facet normal 0 0 1
    outer loop
      vertex -76.2135 93.7047 3
      vertex -77.2077 90.4813 3
      vertex -77.0747 90.4183 3
    endloop
  endfacet
  facet normal 0 0 1
    outer loop
      vertex -76.2135 93.7047 3
      vertex -77.3463 90.5309 3
      vertex -77.2077 90.4813 3
    endloop
  endfacet
  facet normal 0 0 1
    outer loop
      vertex -76.2135 93.7047 3
      vertex -77.4891 90.5666 3
      vertex -77.3463 90.5309 3
    endloop
  endfacet
  facet normal 0 0 1
    outer loop
      vertex -77.7817 93.7817 3
      vertex -77.4891 90.5666 3
      vertex -76.2135 93.7047 3
    endloop
  endfacet
  facet normal 0 0 1
    outer loop
      vertex -77.4891 90.5666 3
      vertex -77.7817 93.7817 3
      vertex -77.6347 90.5882 3
    endloop
  endfacet
  facet normal 0 0 1
    outer loop
      vertex -77.7817 93.7817 3
      vertex -77.7817 90.5955 3
      vertex -77.6347 90.5882 3
    endloop
  endfacet
  facet normal 0 0 1
    outer loop
      vertex -77.7817 93.7817 3
      vertex -77.9288 90.5882 3
      vertex -77.7817 90.5955 3
    endloop
  endfacet
  facet normal 0 0 1
    outer loop
      vertex -77.7817 93.7817 3
      vertex -78.0744 90.5666 3
      vertex -77.9288 90.5882 3
    endloop
  endfacet
  facet normal -0 0 1
    outer loop
      vertex -79.35 93.7047 3
      vertex -78.0744 90.5666 3
      vertex -77.7817 93.7817 3
    endloop
  endfacet
  facet normal 0 0 1
    outer loop
      vertex -78.0744 90.5666 3
      vertex -79.35 93.7047 3
      vertex -78.2172 90.5309 3
    endloop
  endfacet
  facet normal 0 0 1
    outer loop
      vertex -78.2172 90.5309 3
      vertex -79.35 93.7047 3
      vertex -78.3558 90.4813 3
    endloop
  endfacet
  facet normal 0 0 1
    outer loop
      vertex -78.3558 90.4813 3
      vertex -79.35 93.7047 3
      vertex -78.4888 90.4183 3
    endloop
  endfacet
  facet normal 0 0 1
    outer loop
      vertex -78.4888 90.4183 3
      vertex -79.35 93.7047 3
      vertex -78.6151 90.3427 3
    endloop
  endfacet
  facet normal 0 0 1
    outer loop
      vertex -78.6151 90.3427 3
      vertex -79.35 93.7047 3
      vertex -78.7333 90.255 3
    endloop
  endfacet
  facet normal -0 0 1
    outer loop
      vertex -80.9032 93.4743 3
      vertex -78.7333 90.255 3
      vertex -79.35 93.7047 3
    endloop
  endfacet
  facet normal 0 0 1
    outer loop
      vertex -78.7333 90.255 3
      vertex -80.9032 93.4743 3
      vertex -78.8424 90.1561 3
    endloop
  endfacet
  facet normal 0 0 1
    outer loop
      vertex -78.8424 90.1561 3
      vertex -80.9032 93.4743 3
      vertex -78.9413 90.047 3
    endloop
  endfacet
  facet normal 0 0 1
    outer loop
      vertex -78.9413 90.047 3
      vertex -80.9032 93.4743 3
      vertex -79.029 89.9288 3
    endloop
  endfacet
  facet normal 0 0 1
    outer loop
      vertex -79.029 89.9288 3
      vertex -80.9032 93.4743 3
      vertex -79.1046 89.8026 3
    endloop
  endfacet
  facet normal -0 0 1
    outer loop
      vertex -83.9047 92.5638 3
      vertex -79.2529 89.3881 3
      vertex -82.4263 93.0928 3
    endloop
  endfacet
  facet normal 0 0 1
    outer loop
      vertex -79.2172 89.5309 3
      vertex -82.4263 93.0928 3
      vertex -79.2529 89.3881 3
    endloop
  endfacet
  facet normal 0 0 1
    outer loop
      vertex -79.1676 89.6695 3
      vertex -82.4263 93.0928 3
      vertex -79.2172 89.5309 3
    endloop
  endfacet
  facet normal 0 0 1
    outer loop
      vertex -79.1046 89.8026 3
      vertex -82.4263 93.0928 3
      vertex -79.1676 89.6695 3
    endloop
  endfacet
  facet normal -0 0 1
    outer loop
      vertex -82.4263 93.0928 3
      vertex -79.1046 89.8026 3
      vertex -80.9032 93.4743 3
    endloop
  endfacet
  facet normal 0 0 1
    outer loop
      vertex -71.6588 -92.5638 3
      vertex -76.3106 -89.3881 3
      vertex -73.1372 -93.0928 3
    endloop
  endfacet
  facet normal -0 0 1
    outer loop
      vertex -76.3463 -89.5309 3
      vertex -73.1372 -93.0928 3
      vertex -76.3106 -89.3881 3
    endloop
  endfacet
  facet normal -0 0 1
    outer loop
      vertex -76.3959 -89.6695 3
      vertex -73.1372 -93.0928 3
      vertex -76.3463 -89.5309 3
    endloop
  endfacet
  facet normal -0 0 1
    outer loop
      vertex -76.4589 -89.8026 3
      vertex -73.1372 -93.0928 3
      vertex -76.3959 -89.6695 3
    endloop
  endfacet
  facet normal 0 0 1
    outer loop
      vertex -73.1372 -93.0928 3
      vertex -76.4589 -89.8026 3
      vertex -74.6603 -93.4743 3
    endloop
  endfacet
  facet normal -0 0 1
    outer loop
      vertex -76.5345 -89.9288 3
      vertex -74.6603 -93.4743 3
      vertex -76.4589 -89.8026 3
    endloop
  endfacet
  facet normal -0 0 1
    outer loop
      vertex -76.6222 -90.047 3
      vertex -74.6603 -93.4743 3
      vertex -76.5345 -89.9288 3
    endloop
  endfacet
  facet normal -0 0 1
    outer loop
      vertex -76.7211 -90.1561 3
      vertex -74.6603 -93.4743 3
      vertex -76.6222 -90.047 3
    endloop
  endfacet
  facet normal -0 0 1
    outer loop
      vertex -76.8302 -90.255 3
      vertex -74.6603 -93.4743 3
      vertex -76.7211 -90.1561 3
    endloop
  endfacet
  facet normal 0 0 1
    outer loop
      vertex -74.6603 -93.4743 3
      vertex -76.8302 -90.255 3
      vertex -76.2135 -93.7047 3
    endloop
  endfacet
  facet normal -0 0 1
    outer loop
      vertex -76.9484 -90.3427 3
      vertex -76.2135 -93.7047 3
      vertex -76.8302 -90.255 3
    endloop
  endfacet
  facet normal -0 0 1
    outer loop
      vertex -77.0747 -90.4183 3
      vertex -76.2135 -93.7047 3
      vertex -76.9484 -90.3427 3
    endloop
  endfacet
  facet normal -0 0 1
    outer loop
      vertex -77.2077 -90.4813 3
      vertex -76.2135 -93.7047 3
      vertex -77.0747 -90.4183 3
    endloop
  endfacet
  facet normal -0 0 1
    outer loop
      vertex -77.3463 -90.5309 3
      vertex -76.2135 -93.7047 3
      vertex -77.2077 -90.4813 3
    endloop
  endfacet
  facet normal -0 0 1
    outer loop
      vertex -77.4891 -90.5666 3
      vertex -76.2135 -93.7047 3
      vertex -77.3463 -90.5309 3
    endloop
  endfacet
  facet normal 0 0 1
    outer loop
      vertex -77.7817 -93.7817 3
      vertex -77.4891 -90.5666 3
      vertex -77.6347 -90.5882 3
    endloop
  endfacet
  facet normal 0 0 1
    outer loop
      vertex -77.7817 -93.7817 3
      vertex -77.6347 -90.5882 3
      vertex -77.7817 -90.5955 3
    endloop
  endfacet
  facet normal 0 0 1
    outer loop
      vertex -77.4891 -90.5666 3
      vertex -77.7817 -93.7817 3
      vertex -76.2135 -93.7047 3
    endloop
  endfacet
  facet normal 0 0 1
    outer loop
      vertex -77.9288 -90.5882 3
      vertex -77.7817 -93.7817 3
      vertex -77.7817 -90.5955 3
    endloop
  endfacet
  facet normal 0 0 1
    outer loop
      vertex -78.0744 -90.5666 3
      vertex -77.7817 -93.7817 3
      vertex -77.9288 -90.5882 3
    endloop
  endfacet
  facet normal 0 0 1
    outer loop
      vertex -79.35 -93.7047 3
      vertex -78.0744 -90.5666 3
      vertex -78.2172 -90.5309 3
    endloop
  endfacet
  facet normal 0 0 1
    outer loop
      vertex -79.35 -93.7047 3
      vertex -78.2172 -90.5309 3
      vertex -78.3558 -90.4813 3
    endloop
  endfacet
  facet normal 0 0 1
    outer loop
      vertex -79.35 -93.7047 3
      vertex -78.3558 -90.4813 3
      vertex -78.4888 -90.4183 3
    endloop
  endfacet
  facet normal 0 0 1
    outer loop
      vertex -79.35 -93.7047 3
      vertex -78.4888 -90.4183 3
      vertex -78.6151 -90.3427 3
    endloop
  endfacet
  facet normal 0 0 1
    outer loop
      vertex -79.35 -93.7047 3
      vertex -78.6151 -90.3427 3
      vertex -78.7333 -90.255 3
    endloop
  endfacet
  facet normal 0 0 1
    outer loop
      vertex -80.9032 -93.4743 3
      vertex -78.7333 -90.255 3
      vertex -78.8424 -90.1561 3
    endloop
  endfacet
  facet normal 0 0 1
    outer loop
      vertex -80.9032 -93.4743 3
      vertex -78.8424 -90.1561 3
      vertex -78.9413 -90.047 3
    endloop
  endfacet
  facet normal 0 0 1
    outer loop
      vertex -80.9032 -93.4743 3
      vertex -78.9413 -90.047 3
      vertex -79.029 -89.9288 3
    endloop
  endfacet
  facet normal 0 0 1
    outer loop
      vertex -80.9032 -93.4743 3
      vertex -79.029 -89.9288 3
      vertex -79.1046 -89.8026 3
    endloop
  endfacet
  facet normal 0 0 1
    outer loop
      vertex -82.4263 -93.0928 3
      vertex -79.1046 -89.8026 3
      vertex -79.1676 -89.6695 3
    endloop
  endfacet
  facet normal 0 0 1
    outer loop
      vertex -82.4263 -93.0928 3
      vertex -79.1676 -89.6695 3
      vertex -79.2172 -89.5309 3
    endloop
  endfacet
  facet normal 0 0 1
    outer loop
      vertex -78.0744 -90.5666 3
      vertex -79.35 -93.7047 3
      vertex -77.7817 -93.7817 3
    endloop
  endfacet
  facet normal 0 0 1
    outer loop
      vertex -82.4263 -93.0928 3
      vertex -79.2172 -89.5309 3
      vertex -79.2529 -89.3881 3
    endloop
  endfacet
  facet normal 0 0 1
    outer loop
      vertex -83.9047 -92.5638 3
      vertex -79.2529 -89.3881 3
      vertex -79.2745 -89.2425 3
    endloop
  endfacet
  facet normal 0 0 1
    outer loop
      vertex -83.9047 -92.5638 3
      vertex -79.2745 -89.2425 3
      vertex -79.2817 -89.0955 3
    endloop
  endfacet
  facet normal 0 0 1
    outer loop
      vertex -27.8817 2.40718 3
      vertex -28 0 3
      vertex -27.8817 -2.40718 3
    endloop
  endfacet
  facet normal 0 0 1
    outer loop
      vertex -26.2223 18.5502 3
      vertex -18.5502 26.2223 3
      vertex -25.5 25.5 3
    endloop
  endfacet
  facet normal 0 0 1
    outer loop
      vertex -27.8817 2.40718 3
      vertex -18.5502 26.2223 3
      vertex -26.2223 18.5502 3
    endloop
  endfacet
  facet normal 0 0 1
    outer loop
      vertex -18.5502 26.2223 3
      vertex -27.8817 2.40718 3
      vertex -18.5502 -26.2223 3
    endloop
  endfacet
  facet normal 0 0 1
    outer loop
      vertex -18.5502 -26.2223 3
      vertex -26.2223 -18.5502 3
      vertex -25.5 -25.5 3
    endloop
  endfacet
  facet normal -0 0 1
    outer loop
      vertex -27.8817 -2.40718 3
      vertex -18.5502 -26.2223 3
      vertex -27.8817 2.40718 3
    endloop
  endfacet
  facet normal 0 0 1
    outer loop
      vertex -54.3942 46.7221 3
      vertex -27.8817 2.40718 3
      vertex -26.2223 18.5502 3
    endloop
  endfacet
  facet normal -0 0 1
    outer loop
      vertex -64.9969 77.4891 3
      vertex -46.7221 54.3942 3
      vertex -64.9753 77.6347 3
    endloop
  endfacet
  facet normal -0 0 1
    outer loop
      vertex -65.0326 77.3463 3
      vertex -46.7221 54.3942 3
      vertex -64.9969 77.4891 3
    endloop
  endfacet
  facet normal -0 0 1
    outer loop
      vertex -65.0822 77.2077 3
      vertex -46.7221 54.3942 3
      vertex -65.0326 77.3463 3
    endloop
  endfacet
  facet normal -0 0 1
    outer loop
      vertex -65.1452 77.0747 3
      vertex -46.7221 54.3942 3
      vertex -65.0822 77.2077 3
    endloop
  endfacet
  facet normal -0 0 1
    outer loop
      vertex -65.2208 76.9484 3
      vertex -46.7221 54.3942 3
      vertex -65.1452 77.0747 3
    endloop
  endfacet
  facet normal -0 0 1
    outer loop
      vertex -65.3085 76.8302 3
      vertex -46.7221 54.3942 3
      vertex -65.2208 76.9484 3
    endloop
  endfacet
  facet normal -0 0 1
    outer loop
      vertex -65.4074 76.7211 3
      vertex -46.7221 54.3942 3
      vertex -65.3085 76.8302 3
    endloop
  endfacet
  facet normal -0 0 1
    outer loop
      vertex -65.5164 76.6222 3
      vertex -46.7221 54.3942 3
      vertex -65.4074 76.7211 3
    endloop
  endfacet
  facet normal -0 0 1
    outer loop
      vertex -65.6347 76.5345 3
      vertex -46.7221 54.3942 3
      vertex -65.5164 76.6222 3
    endloop
  endfacet
  facet normal -0 0 1
    outer loop
      vertex -65.7609 76.4589 3
      vertex -46.7221 54.3942 3
      vertex -65.6347 76.5345 3
    endloop
  endfacet
  facet normal -0 0 1
    outer loop
      vertex -65.894 76.3959 3
      vertex -46.7221 54.3942 3
      vertex -65.7609 76.4589 3
    endloop
  endfacet
  facet normal -0 0 1
    outer loop
      vertex -66.0326 76.3463 3
      vertex -46.7221 54.3942 3
      vertex -65.894 76.3959 3
    endloop
  endfacet
  facet normal 0 0 1
    outer loop
      vertex -46.7221 54.3942 3
      vertex -66.0326 76.3463 3
      vertex -54.3942 46.7221 3
    endloop
  endfacet
  facet normal 0 0 1
    outer loop
      vertex -76.3463 66.0326 3
      vertex -66.0326 76.3463 3
      vertex -66.1754 76.3106 3
    endloop
  endfacet
  facet normal 0 0 1
    outer loop
      vertex -76.3106 66.1754 3
      vertex -66.1754 76.3106 3
      vertex -66.321 76.289 3
    endloop
  endfacet
  facet normal 0 0 1
    outer loop
      vertex -76.289 66.321 3
      vertex -66.321 76.289 3
      vertex -66.468 76.2817 3
    endloop
  endfacet
  facet normal 0 0 1
    outer loop
      vertex -76.2817 66.468 3
      vertex -66.468 76.2817 3
      vertex -66.6151 76.289 3
    endloop
  endfacet
  facet normal 0 0 1
    outer loop
      vertex -76.2817 66.468 3
      vertex -66.6151 76.289 3
      vertex -66.7607 76.3106 3
    endloop
  endfacet
  facet normal 0 0 1
    outer loop
      vertex -76.2817 66.468 3
      vertex -66.7607 76.3106 3
      vertex -66.9035 76.3463 3
    endloop
  endfacet
  facet normal 0 0 1
    outer loop
      vertex -76.2817 66.468 3
      vertex -66.9035 76.3463 3
      vertex -67.0421 76.3959 3
    endloop
  endfacet
  facet normal 0 0 1
    outer loop
      vertex -76.2817 66.468 3
      vertex -67.0421 76.3959 3
      vertex -67.1751 76.4589 3
    endloop
  endfacet
  facet normal 0 0 1
    outer loop
      vertex -76.2817 66.468 3
      vertex -67.1751 76.4589 3
      vertex -67.3014 76.5345 3
    endloop
  endfacet
  facet normal 0 0 1
    outer loop
      vertex -76.2817 66.468 3
      vertex -67.3014 76.5345 3
      vertex -67.4196 76.6222 3
    endloop
  endfacet
  facet normal 0 0 1
    outer loop
      vertex -76.2817 66.468 3
      vertex -67.4196 76.6222 3
      vertex -67.5287 76.7211 3
    endloop
  endfacet
  facet normal 0 0 1
    outer loop
      vertex -76.2817 66.468 3
      vertex -67.5287 76.7211 3
      vertex -67.6276 76.8302 3
    endloop
  endfacet
  facet normal 0 0 1
    outer loop
      vertex -76.2817 66.468 3
      vertex -67.6276 76.8302 3
      vertex -67.7152 76.9484 3
    endloop
  endfacet
  facet normal 0 0 1
    outer loop
      vertex -76.2817 66.468 3
      vertex -67.7152 76.9484 3
      vertex -67.7909 77.0747 3
    endloop
  endfacet
  facet normal 0 0 1
    outer loop
      vertex -76.2817 66.468 3
      vertex -67.7909 77.0747 3
      vertex -67.8539 77.2077 3
    endloop
  endfacet
  facet normal 0 0 1
    outer loop
      vertex -76.3106 88.8028 3
      vertex -70.2394 91.8925 3
      vertex -76.289 88.9484 3
    endloop
  endfacet
  facet normal 0 0 1
    outer loop
      vertex -76.289 88.9484 3
      vertex -70.2394 91.8925 3
      vertex -76.2817 89.0955 3
    endloop
  endfacet
  facet normal 0 0 1
    outer loop
      vertex -70.2394 91.8925 3
      vertex -76.3106 88.8028 3
      vertex -68.8926 91.0853 3
    endloop
  endfacet
  facet normal 0 0 1
    outer loop
      vertex -76.2817 89.0955 3
      vertex -70.2394 91.8925 3
      vertex -71.6588 92.5638 3
    endloop
  endfacet
  facet normal 0 0 1
    outer loop
      vertex -76.289 89.2425 3
      vertex -71.6588 92.5638 3
      vertex -73.1372 93.0928 3
    endloop
  endfacet
  facet normal 0 0 1
    outer loop
      vertex -67.968 77.7817 3
      vertex -76.2817 66.468 3
      vertex -67.9608 77.6347 3
    endloop
  endfacet
  facet normal 0 0 1
    outer loop
      vertex -76.289 89.2425 3
      vertex -73.1372 93.0928 3
      vertex -74.6603 93.4743 3
    endloop
  endfacet
  facet normal 0 0 1
    outer loop
      vertex -67.9608 77.6347 3
      vertex -76.2817 66.468 3
      vertex -67.9392 77.4891 3
    endloop
  endfacet
  facet normal 0 0 1
    outer loop
      vertex -76.8302 90.255 3
      vertex -74.6603 93.4743 3
      vertex -76.2135 93.7047 3
    endloop
  endfacet
  facet normal 0 0 1
    outer loop
      vertex -67.9392 77.4891 3
      vertex -76.2817 66.468 3
      vertex -67.9035 77.3463 3
    endloop
  endfacet
  facet normal 0 0 1
    outer loop
      vertex -67.9035 77.3463 3
      vertex -76.2817 66.468 3
      vertex -67.8539 77.2077 3
    endloop
  endfacet
  facet normal 0 0 1
    outer loop
      vertex -66.468 76.2817 3
      vertex -76.2817 66.468 3
      vertex -76.289 66.321 3
    endloop
  endfacet
  facet normal 0 0 1
    outer loop
      vertex -66.321 76.289 3
      vertex -76.289 66.321 3
      vertex -76.3106 66.1754 3
    endloop
  endfacet
  facet normal 0 0 1
    outer loop
      vertex -66.1754 76.3106 3
      vertex -76.3106 66.1754 3
      vertex -76.3463 66.0326 3
    endloop
  endfacet
  facet normal 0 0 1
    outer loop
      vertex -66.0326 76.3463 3
      vertex -76.3463 66.0326 3
      vertex -54.3942 46.7221 3
    endloop
  endfacet
  facet normal -0 0 1
    outer loop
      vertex -76.3959 65.894 3
      vertex -54.3942 46.7221 3
      vertex -76.3463 66.0326 3
    endloop
  endfacet
  facet normal -0 0 1
    outer loop
      vertex -76.4589 65.7609 3
      vertex -54.3942 46.7221 3
      vertex -76.3959 65.894 3
    endloop
  endfacet
  facet normal -0 0 1
    outer loop
      vertex -76.5345 65.6347 3
      vertex -54.3942 46.7221 3
      vertex -76.4589 65.7609 3
    endloop
  endfacet
  facet normal -0 0 1
    outer loop
      vertex -76.6222 65.5164 3
      vertex -54.3942 46.7221 3
      vertex -76.5345 65.6347 3
    endloop
  endfacet
  facet normal -0 0 1
    outer loop
      vertex -76.7211 65.4074 3
      vertex -54.3942 46.7221 3
      vertex -76.6222 65.5164 3
    endloop
  endfacet
  facet normal -0 0 1
    outer loop
      vertex -76.8302 65.3085 3
      vertex -54.3942 46.7221 3
      vertex -76.7211 65.4074 3
    endloop
  endfacet
  facet normal -0 0 1
    outer loop
      vertex -76.9484 65.2208 3
      vertex -54.3942 46.7221 3
      vertex -76.8302 65.3085 3
    endloop
  endfacet
  facet normal -0 0 1
    outer loop
      vertex -77.0747 65.1452 3
      vertex -54.3942 46.7221 3
      vertex -76.9484 65.2208 3
    endloop
  endfacet
  facet normal -0 0 1
    outer loop
      vertex -77.2077 65.0822 3
      vertex -54.3942 46.7221 3
      vertex -77.0747 65.1452 3
    endloop
  endfacet
  facet normal -0 0 1
    outer loop
      vertex -77.3463 65.0326 3
      vertex -54.3942 46.7221 3
      vertex -77.2077 65.0822 3
    endloop
  endfacet
  facet normal -0 0 1
    outer loop
      vertex -77.4891 64.9969 3
      vertex -54.3942 46.7221 3
      vertex -77.3463 65.0326 3
    endloop
  endfacet
  facet normal -0 0 1
    outer loop
      vertex -77.6347 64.9753 3
      vertex -54.3942 46.7221 3
      vertex -77.4891 64.9969 3
    endloop
  endfacet
  facet normal -0 0 1
    outer loop
      vertex -77.7817 64.968 3
      vertex -54.3942 46.7221 3
      vertex -77.6347 64.9753 3
    endloop
  endfacet
  facet normal 0 0 1
    outer loop
      vertex -77.9288 64.9753 3
      vertex -54.3942 46.7221 3
      vertex -77.7817 64.968 3
    endloop
  endfacet
  facet normal 0 0 1
    outer loop
      vertex -78.0744 64.9969 3
      vertex -54.3942 46.7221 3
      vertex -77.9288 64.9753 3
    endloop
  endfacet
  facet normal 0 0 1
    outer loop
      vertex -78.2172 65.0326 3
      vertex -54.3942 46.7221 3
      vertex -78.0744 64.9969 3
    endloop
  endfacet
  facet normal 0 0 1
    outer loop
      vertex -54.3942 46.7221 3
      vertex -78.2172 65.0326 3
      vertex -89.0955 66.468 3
    endloop
  endfacet
  facet normal 0 0 1
    outer loop
      vertex -89.0955 66.468 3
      vertex -78.2172 65.0326 3
      vertex -78.3558 65.0822 3
    endloop
  endfacet
  facet normal 0 0 1
    outer loop
      vertex -89.0955 66.468 3
      vertex -78.3558 65.0822 3
      vertex -78.4888 65.1452 3
    endloop
  endfacet
  facet normal 0 0 1
    outer loop
      vertex -89.0955 66.468 3
      vertex -78.4888 65.1452 3
      vertex -78.6151 65.2208 3
    endloop
  endfacet
  facet normal 0 0 1
    outer loop
      vertex -89.0955 66.468 3
      vertex -78.6151 65.2208 3
      vertex -78.7333 65.3085 3
    endloop
  endfacet
  facet normal 0 0 1
    outer loop
      vertex -89.0955 66.468 3
      vertex -78.7333 65.3085 3
      vertex -78.8424 65.4074 3
    endloop
  endfacet
  facet normal 0 0 1
    outer loop
      vertex -89.0955 66.468 3
      vertex -78.8424 65.4074 3
      vertex -78.9413 65.5164 3
    endloop
  endfacet
  facet normal 0 0 1
    outer loop
      vertex -79.2529 89.3881 3
      vertex -83.9047 92.5638 3
      vertex -79.2745 89.2425 3
    endloop
  endfacet
  facet normal -0 0 1
    outer loop
      vertex -88.0348 76.7211 3
      vertex -78.8424 67.5287 3
      vertex -87.9359 76.8302 3
    endloop
  endfacet
  facet normal 0 0 1
    outer loop
      vertex -79.2745 89.2425 3
      vertex -83.9047 92.5638 3
      vertex -79.2817 89.0955 3
    endloop
  endfacet
  facet normal -0 0 1
    outer loop
      vertex -85.3241 91.8925 3
      vertex -79.2817 89.0955 3
      vertex -83.9047 92.5638 3
    endloop
  endfacet
  facet normal 0 0 1
    outer loop
      vertex -78.8424 67.5287 3
      vertex -88.0348 76.7211 3
      vertex -78.9413 67.4196 3
    endloop
  endfacet
  facet normal 0 0 1
    outer loop
      vertex -79.2529 88.8028 3
      vertex -85.3241 91.8925 3
      vertex -86.6709 91.0853 3
    endloop
  endfacet
  facet normal 0 0 1
    outer loop
      vertex -79.1046 88.3884 3
      vertex -87.932 90.1499 3
      vertex -79.029 88.2621 3
    endloop
  endfacet
  facet normal -0 0 1
    outer loop
      vertex -88.1439 76.6222 3
      vertex -78.9413 67.4196 3
      vertex -88.0348 76.7211 3
    endloop
  endfacet
  facet normal 0 0 1
    outer loop
      vertex -78.9413 67.4196 3
      vertex -88.1439 76.6222 3
      vertex -79.0289 67.3014 3
    endloop
  endfacet
  facet normal -0 0 1
    outer loop
      vertex -88.2621 76.5345 3
      vertex -79.0289 67.3014 3
      vertex -88.1439 76.6222 3
    endloop
  endfacet
  facet normal 0 0 1
    outer loop
      vertex -89.0955 66.468 3
      vertex -79.0289 67.3014 3
      vertex -88.2621 76.5345 3
    endloop
  endfacet
  facet normal 0 0 1
    outer loop
      vertex -79.0289 67.3014 3
      vertex -89.0955 66.468 3
      vertex -79.1046 67.1751 3
    endloop
  endfacet
  facet normal 0 0 1
    outer loop
      vertex -79.1046 67.1751 3
      vertex -89.0955 66.468 3
      vertex -79.1676 67.0421 3
    endloop
  endfacet
  facet normal 0 0 1
    outer loop
      vertex -79.1676 67.0421 3
      vertex -89.0955 66.468 3
      vertex -79.2172 66.9035 3
    endloop
  endfacet
  facet normal 0 0 1
    outer loop
      vertex -79.2172 66.9035 3
      vertex -89.0955 66.468 3
      vertex -79.2529 66.7607 3
    endloop
  endfacet
  facet normal 0 0 1
    outer loop
      vertex -79.2745 66.6151 3
      vertex -89.0955 66.468 3
      vertex -79.2817 66.468 3
    endloop
  endfacet
  facet normal 0 0 1
    outer loop
      vertex -79.2817 66.468 3
      vertex -89.0955 66.468 3
      vertex -79.2745 66.321 3
    endloop
  endfacet
  facet normal 0 0 1
    outer loop
      vertex -79.2745 66.321 3
      vertex -89.0955 66.468 3
      vertex -79.2529 66.1754 3
    endloop
  endfacet
  facet normal 0 0 1
    outer loop
      vertex -79.2529 66.1754 3
      vertex -89.0955 66.468 3
      vertex -79.2172 66.0326 3
    endloop
  endfacet
  facet normal 0 0 1
    outer loop
      vertex -79.2172 66.0326 3
      vertex -89.0955 66.468 3
      vertex -79.1676 65.894 3
    endloop
  endfacet
  facet normal 0 0 1
    outer loop
      vertex -79.1676 65.894 3
      vertex -89.0955 66.468 3
      vertex -79.1046 65.7609 3
    endloop
  endfacet
  facet normal 0 0 1
    outer loop
      vertex -79.1046 65.7609 3
      vertex -89.0955 66.468 3
      vertex -79.0289 65.6347 3
    endloop
  endfacet
  facet normal 0 0 1
    outer loop
      vertex -79.0289 65.6347 3
      vertex -89.0955 66.468 3
      vertex -78.9413 65.5164 3
    endloop
  endfacet
  facet normal 0 0 1
    outer loop
      vertex -79.2529 66.7607 3
      vertex -89.0955 66.468 3
      vertex -79.2745 66.6151 3
    endloop
  endfacet
  facet normal 0 0 1
    outer loop
      vertex -90.1499 67.6315 3
      vertex -88.2621 76.5345 3
      vertex -88.3884 76.4589 3
    endloop
  endfacet
  facet normal 0 0 1
    outer loop
      vertex -90.1499 67.6315 3
      vertex -88.3884 76.4589 3
      vertex -88.5214 76.3959 3
    endloop
  endfacet
  facet normal 0 0 1
    outer loop
      vertex -91.0853 68.8926 3
      vertex -88.5214 76.3959 3
      vertex -88.66 76.3463 3
    endloop
  endfacet
  facet normal 0 0 1
    outer loop
      vertex -91.0853 68.8926 3
      vertex -88.66 76.3463 3
      vertex -88.8028 76.3106 3
    endloop
  endfacet
  facet normal 0 0 1
    outer loop
      vertex -91.8925 70.2394 3
      vertex -88.8028 76.3106 3
      vertex -88.9484 76.289 3
    endloop
  endfacet
  facet normal 0 0 1
    outer loop
      vertex -91.8925 70.2394 3
      vertex -88.9484 76.289 3
      vertex -89.0955 76.2817 3
    endloop
  endfacet
  facet normal 0 0 1
    outer loop
      vertex -54.3942 46.7221 3
      vertex -89.0955 66.468 3
      vertex -27.8817 2.40718 3
    endloop
  endfacet
  facet normal 0 0 1
    outer loop
      vertex -92.5638 71.6588 3
      vertex -89.0955 76.2817 3
      vertex -89.2425 76.289 3
    endloop
  endfacet
  facet normal 0 0 1
    outer loop
      vertex -92.5638 71.6588 3
      vertex -89.2425 76.289 3
      vertex -89.3881 76.3106 3
    endloop
  endfacet
  facet normal 0 0 1
    outer loop
      vertex -93.0928 73.1372 3
      vertex -89.3881 76.3106 3
      vertex -89.5309 76.3463 3
    endloop
  endfacet
  facet normal 0 0 1
    outer loop
      vertex -93.0928 73.1372 3
      vertex -89.5309 76.3463 3
      vertex -89.6695 76.3959 3
    endloop
  endfacet
  facet normal 0 0 1
    outer loop
      vertex -93.0928 73.1372 3
      vertex -89.6695 76.3959 3
      vertex -89.8026 76.4589 3
    endloop
  endfacet
  facet normal 0 0 1
    outer loop
      vertex -93.0928 73.1372 3
      vertex -89.8026 76.4589 3
      vertex -89.9288 76.5345 3
    endloop
  endfacet
  facet normal 0 0 1
    outer loop
      vertex -93.4743 74.6603 3
      vertex -89.9288 76.5345 3
      vertex -90.047 76.6222 3
    endloop
  endfacet
  facet normal 0 0 1
    outer loop
      vertex -88.2621 76.5345 3
      vertex -90.1499 67.6315 3
      vertex -89.0955 66.468 3
    endloop
  endfacet
  facet normal 0 0 1
    outer loop
      vertex -93.4743 74.6603 3
      vertex -90.047 76.6222 3
      vertex -90.1561 76.7211 3
    endloop
  endfacet
  facet normal 0 0 1
    outer loop
      vertex -93.4743 74.6603 3
      vertex -90.1561 76.7211 3
      vertex -90.255 76.8302 3
    endloop
  endfacet
  facet normal 0 0 1
    outer loop
      vertex -93.7047 76.2135 3
      vertex -90.255 76.8302 3
      vertex -90.3427 76.9484 3
    endloop
  endfacet
  facet normal 0 0 1
    outer loop
      vertex -93.7047 76.2135 3
      vertex -90.3427 76.9484 3
      vertex -90.4183 77.0747 3
    endloop
  endfacet
  facet normal 0 0 1
    outer loop
      vertex -93.7047 76.2135 3
      vertex -90.4183 77.0747 3
      vertex -90.4813 77.2077 3
    endloop
  endfacet
  facet normal 0 0 1
    outer loop
      vertex -93.7047 76.2135 3
      vertex -90.4813 77.2077 3
      vertex -90.5309 77.3463 3
    endloop
  endfacet
  facet normal 0 0 1
    outer loop
      vertex -93.7047 76.2135 3
      vertex -90.5309 77.3463 3
      vertex -90.5666 77.4891 3
    endloop
  endfacet
  facet normal 0 0 1
    outer loop
      vertex -93.7817 77.7817 3
      vertex -90.5666 77.4891 3
      vertex -90.5882 77.6347 3
    endloop
  endfacet
  facet normal -0 0 1
    outer loop
      vertex -93.7817 77.7817 3
      vertex -90.5882 77.6347 3
      vertex -90.5955 77.7817 3
    endloop
  endfacet
  facet normal 0 0 1
    outer loop
      vertex -90.4183 78.4888 3
      vertex -93.7047 79.35 3
      vertex -90.4813 78.3558 3
    endloop
  endfacet
  facet normal 0 0 1
    outer loop
      vertex -88.5214 76.3959 3
      vertex -91.0853 68.8926 3
      vertex -90.1499 67.6315 3
    endloop
  endfacet
  facet normal 0 0 1
    outer loop
      vertex -90.4813 78.3558 3
      vertex -93.7047 79.35 3
      vertex -90.5309 78.2172 3
    endloop
  endfacet
  facet normal 0 0 1
    outer loop
      vertex -88.8028 76.3106 3
      vertex -91.8925 70.2394 3
      vertex -91.0853 68.8926 3
    endloop
  endfacet
  facet normal 0 0 1
    outer loop
      vertex -90.5309 78.2172 3
      vertex -93.7047 79.35 3
      vertex -90.5666 78.0744 3
    endloop
  endfacet
  facet normal 0 0 1
    outer loop
      vertex -89.0955 76.2817 3
      vertex -92.5638 71.6588 3
      vertex -91.8925 70.2394 3
    endloop
  endfacet
  facet normal 0 0 1
    outer loop
      vertex -93.7817 77.7817 3
      vertex -90.5666 78.0744 3
      vertex -93.7047 79.35 3
    endloop
  endfacet
  facet normal 0 0 1
    outer loop
      vertex -89.3881 76.3106 3
      vertex -93.0928 73.1372 3
      vertex -92.5638 71.6588 3
    endloop
  endfacet
  facet normal 0 0 1
    outer loop
      vertex -90.5666 78.0744 3
      vertex -93.7817 77.7817 3
      vertex -90.5882 77.9288 3
    endloop
  endfacet
  facet normal 0 0 1
    outer loop
      vertex -89.9288 76.5345 3
      vertex -93.4743 74.6603 3
      vertex -93.0928 73.1372 3
    endloop
  endfacet
  facet normal 0 0 1
    outer loop
      vertex -90.5882 77.9288 3
      vertex -93.7817 77.7817 3
      vertex -90.5955 77.7817 3
    endloop
  endfacet
  facet normal 0 0 1
    outer loop
      vertex -90.255 76.8302 3
      vertex -93.7047 76.2135 3
      vertex -93.4743 74.6603 3
    endloop
  endfacet
  facet normal 0 0 1
    outer loop
      vertex -90.5666 77.4891 3
      vertex -93.7817 77.7817 3
      vertex -93.7047 76.2135 3
    endloop
  endfacet
  facet normal -0 0 1
    outer loop
      vertex -18.5502 -26.2223 3
      vertex -2.40718 -27.8817 3
      vertex -18.5502 26.2223 3
    endloop
  endfacet
  facet normal 0 0 1
    outer loop
      vertex -46.7221 -54.3942 3
      vertex -2.40718 -27.8817 3
      vertex -18.5502 -26.2223 3
    endloop
  endfacet
  facet normal 0 0 1
    outer loop
      vertex -66.0326 -76.3463 3
      vertex -46.7221 -54.3942 3
      vertex -54.3942 -46.7221 3
    endloop
  endfacet
  facet normal 0 0 1
    outer loop
      vertex -64.9753 -77.9288 3
      vertex -46.7221 -54.3942 3
      vertex -64.968 -77.7817 3
    endloop
  endfacet
  facet normal 0 0 1
    outer loop
      vertex -64.9969 -78.0744 3
      vertex -46.7221 -54.3942 3
      vertex -64.9753 -77.9288 3
    endloop
  endfacet
  facet normal 0 0 1
    outer loop
      vertex -65.0326 -78.2172 3
      vertex -46.7221 -54.3942 3
      vertex -64.9969 -78.0744 3
    endloop
  endfacet
  facet normal 0 0 1
    outer loop
      vertex -46.7221 -54.3942 3
      vertex -65.0326 -78.2172 3
      vertex -66.468 -89.0955 3
    endloop
  endfacet
  facet normal 0 0 1
    outer loop
      vertex -66.468 -89.0955 3
      vertex -65.0326 -78.2172 3
      vertex -65.0822 -78.3558 3
    endloop
  endfacet
  facet normal 0 0 1
    outer loop
      vertex -66.468 -89.0955 3
      vertex -65.0822 -78.3558 3
      vertex -65.1452 -78.4888 3
    endloop
  endfacet
  facet normal 0 0 1
    outer loop
      vertex -66.468 -89.0955 3
      vertex -65.1452 -78.4888 3
      vertex -65.2208 -78.6151 3
    endloop
  endfacet
  facet normal 0 0 1
    outer loop
      vertex -66.468 -89.0955 3
      vertex -65.2208 -78.6151 3
      vertex -65.3085 -78.7333 3
    endloop
  endfacet
  facet normal 0 0 1
    outer loop
      vertex -66.468 -89.0955 3
      vertex -65.3085 -78.7333 3
      vertex -65.4074 -78.8424 3
    endloop
  endfacet
  facet normal 0 0 1
    outer loop
      vertex -66.468 -89.0955 3
      vertex -65.4074 -78.8424 3
      vertex -65.5164 -78.9413 3
    endloop
  endfacet
  facet normal -0 0 1
    outer loop
      vertex -46.7221 -54.3942 3
      vertex -66.468 -89.0955 3
      vertex -2.40718 -27.8817 3
    endloop
  endfacet
  facet normal -0 0 1
    outer loop
      vertex -65.6347 -79.0289 3
      vertex -66.468 -89.0955 3
      vertex -65.5164 -78.9413 3
    endloop
  endfacet
  facet normal -0 0 1
    outer loop
      vertex -65.7609 -79.1046 3
      vertex -66.468 -89.0955 3
      vertex -65.6347 -79.0289 3
    endloop
  endfacet
  facet normal -0 0 1
    outer loop
      vertex -65.894 -79.1676 3
      vertex -66.468 -89.0955 3
      vertex -65.7609 -79.1046 3
    endloop
  endfacet
  facet normal -0 0 1
    outer loop
      vertex -66.0326 -79.2172 3
      vertex -66.468 -89.0955 3
      vertex -65.894 -79.1676 3
    endloop
  endfacet
  facet normal -0 0 1
    outer loop
      vertex -66.1754 -79.2529 3
      vertex -66.468 -89.0955 3
      vertex -66.0326 -79.2172 3
    endloop
  endfacet
  facet normal -0 0 1
    outer loop
      vertex -66.321 -79.2745 3
      vertex -66.468 -89.0955 3
      vertex -66.1754 -79.2529 3
    endloop
  endfacet
  facet normal -0 0 1
    outer loop
      vertex -66.468 -79.2817 3
      vertex -66.468 -89.0955 3
      vertex -66.321 -79.2745 3
    endloop
  endfacet
  facet normal 0 0 1
    outer loop
      vertex -66.6151 -79.2745 3
      vertex -66.468 -89.0955 3
      vertex -66.468 -79.2817 3
    endloop
  endfacet
  facet normal 0 0 1
    outer loop
      vertex -66.7607 -79.2529 3
      vertex -66.468 -89.0955 3
      vertex -66.6151 -79.2745 3
    endloop
  endfacet
  facet normal 0 0 1
    outer loop
      vertex -66.9035 -79.2172 3
      vertex -66.468 -89.0955 3
      vertex -66.7607 -79.2529 3
    endloop
  endfacet
  facet normal 0 0 1
    outer loop
      vertex -67.0421 -79.1676 3
      vertex -66.468 -89.0955 3
      vertex -66.9035 -79.2172 3
    endloop
  endfacet
  facet normal 0 0 1
    outer loop
      vertex -67.1751 -79.1046 3
      vertex -66.468 -89.0955 3
      vertex -67.0421 -79.1676 3
    endloop
  endfacet
  facet normal 0 0 1
    outer loop
      vertex -67.3014 -79.0289 3
      vertex -66.468 -89.0955 3
      vertex -67.1751 -79.1046 3
    endloop
  endfacet
  facet normal 0 0 1
    outer loop
      vertex -67.4196 -78.9413 3
      vertex -66.468 -89.0955 3
      vertex -67.3014 -79.0289 3
    endloop
  endfacet
  facet normal 0 0 1
    outer loop
      vertex -76.2817 -89.0955 3
      vertex -67.4196 -78.9413 3
      vertex -67.5287 -78.8424 3
    endloop
  endfacet
  facet normal 0 0 1
    outer loop
      vertex -76.2817 -89.0955 3
      vertex -67.5287 -78.8424 3
      vertex -67.6276 -78.7333 3
    endloop
  endfacet
  facet normal 0 0 1
    outer loop
      vertex -76.2817 -89.0955 3
      vertex -66.468 -89.0955 3
      vertex -67.4196 -78.9413 3
    endloop
  endfacet
  facet normal 0 0 1
    outer loop
      vertex -76.2817 -89.0955 3
      vertex -67.6276 -78.7333 3
      vertex -67.7152 -78.6151 3
    endloop
  endfacet
  facet normal 0 0 1
    outer loop
      vertex -76.2817 -89.0955 3
      vertex -67.7152 -78.6151 3
      vertex -67.7909 -78.4888 3
    endloop
  endfacet
  facet normal 0 0 1
    outer loop
      vertex -76.2817 -89.0955 3
      vertex -67.7909 -78.4888 3
      vertex -67.8539 -78.3558 3
    endloop
  endfacet
  facet normal 0 0 1
    outer loop
      vertex -76.2817 -89.0955 3
      vertex -67.8539 -78.3558 3
      vertex -67.9035 -78.2172 3
    endloop
  endfacet
  facet normal 0 0 1
    outer loop
      vertex -76.2817 -89.0955 3
      vertex -67.9035 -78.2172 3
      vertex -67.9392 -78.0744 3
    endloop
  endfacet
  facet normal 0 0 1
    outer loop
      vertex -76.2817 -89.0955 3
      vertex -67.9392 -78.0744 3
      vertex -67.9608 -77.9288 3
    endloop
  endfacet
  facet normal 0 0 1
    outer loop
      vertex -67.5287 -76.7211 3
      vertex -76.7211 -67.5287 3
      vertex -67.6276 -76.8302 3
    endloop
  endfacet
  facet normal 0 0 1
    outer loop
      vertex -66.468 -89.0955 3
      vertex -76.2817 -89.0955 3
      vertex -67.6315 -90.1499 3
    endloop
  endfacet
  facet normal 0 0 1
    outer loop
      vertex -18.5502 -26.2223 3
      vertex -27.8817 -2.40718 3
      vertex -26.2223 -18.5502 3
    endloop
  endfacet
  facet normal 0 0 1
    outer loop
      vertex -27.8817 -2.40718 3
      vertex -54.3942 -46.7221 3
      vertex -26.2223 -18.5502 3
    endloop
  endfacet
  facet normal 0 0 1
    outer loop
      vertex -46.7221 -54.3942 3
      vertex -64.9753 -77.6347 3
      vertex -64.968 -77.7817 3
    endloop
  endfacet
  facet normal 0 0 1
    outer loop
      vertex -46.7221 -54.3942 3
      vertex -64.9969 -77.4891 3
      vertex -64.9753 -77.6347 3
    endloop
  endfacet
  facet normal 0 0 1
    outer loop
      vertex -46.7221 -54.3942 3
      vertex -65.0326 -77.3463 3
      vertex -64.9969 -77.4891 3
    endloop
  endfacet
  facet normal 0 0 1
    outer loop
      vertex -46.7221 -54.3942 3
      vertex -65.0822 -77.2077 3
      vertex -65.0326 -77.3463 3
    endloop
  endfacet
  facet normal 0 0 1
    outer loop
      vertex -46.7221 -54.3942 3
      vertex -65.1452 -77.0747 3
      vertex -65.0822 -77.2077 3
    endloop
  endfacet
  facet normal 0 0 1
    outer loop
      vertex -46.7221 -54.3942 3
      vertex -65.2208 -76.9484 3
      vertex -65.1452 -77.0747 3
    endloop
  endfacet
  facet normal 0 0 1
    outer loop
      vertex -46.7221 -54.3942 3
      vertex -65.3085 -76.8302 3
      vertex -65.2208 -76.9484 3
    endloop
  endfacet
  facet normal 0 0 1
    outer loop
      vertex -46.7221 -54.3942 3
      vertex -65.4074 -76.7211 3
      vertex -65.3085 -76.8302 3
    endloop
  endfacet
  facet normal 0 0 1
    outer loop
      vertex -46.7221 -54.3942 3
      vertex -65.5164 -76.6222 3
      vertex -65.4074 -76.7211 3
    endloop
  endfacet
  facet normal 0 0 1
    outer loop
      vertex -46.7221 -54.3942 3
      vertex -65.6347 -76.5345 3
      vertex -65.5164 -76.6222 3
    endloop
  endfacet
  facet normal 0 0 1
    outer loop
      vertex -46.7221 -54.3942 3
      vertex -65.7609 -76.4589 3
      vertex -65.6347 -76.5345 3
    endloop
  endfacet
  facet normal 0 0 1
    outer loop
      vertex -46.7221 -54.3942 3
      vertex -65.894 -76.3959 3
      vertex -65.7609 -76.4589 3
    endloop
  endfacet
  facet normal 0 0 1
    outer loop
      vertex -46.7221 -54.3942 3
      vertex -66.0326 -76.3463 3
      vertex -65.894 -76.3959 3
    endloop
  endfacet
  facet normal -0 0 1
    outer loop
      vertex -76.3463 -66.0326 3
      vertex -66.0326 -76.3463 3
      vertex -54.3942 -46.7221 3
    endloop
  endfacet
  facet normal 0 0 1
    outer loop
      vertex -66.0326 -76.3463 3
      vertex -76.3463 -66.0326 3
      vertex -66.1754 -76.3106 3
    endloop
  endfacet
  facet normal -0 -0 1
    outer loop
      vertex -76.3106 -66.1754 3
      vertex -66.1754 -76.3106 3
      vertex -76.3463 -66.0326 3
    endloop
  endfacet
  facet normal 0 0 1
    outer loop
      vertex -66.1754 -76.3106 3
      vertex -76.3106 -66.1754 3
      vertex -66.321 -76.289 3
    endloop
  endfacet
  facet normal -0 -0 1
    outer loop
      vertex -76.289 -66.321 3
      vertex -66.321 -76.289 3
      vertex -76.3106 -66.1754 3
    endloop
  endfacet
  facet normal 0 0 1
    outer loop
      vertex -66.321 -76.289 3
      vertex -76.289 -66.321 3
      vertex -66.468 -76.2817 3
    endloop
  endfacet
  facet normal -0 -0 1
    outer loop
      vertex -76.2817 -66.468 3
      vertex -66.468 -76.2817 3
      vertex -76.289 -66.321 3
    endloop
  endfacet
  facet normal 0 0 1
    outer loop
      vertex -66.468 -76.2817 3
      vertex -76.2817 -66.468 3
      vertex -66.6151 -76.289 3
    endloop
  endfacet
  facet normal -0 0 1
    outer loop
      vertex -76.289 -66.6151 3
      vertex -66.6151 -76.289 3
      vertex -76.2817 -66.468 3
    endloop
  endfacet
  facet normal 0 0 1
    outer loop
      vertex -66.6151 -76.289 3
      vertex -76.289 -66.6151 3
      vertex -66.7607 -76.3106 3
    endloop
  endfacet
  facet normal -0 0 1
    outer loop
      vertex -76.3106 -66.7607 3
      vertex -66.7607 -76.3106 3
      vertex -76.289 -66.6151 3
    endloop
  endfacet
  facet normal 0 0 1
    outer loop
      vertex -66.7607 -76.3106 3
      vertex -76.3106 -66.7607 3
      vertex -66.9035 -76.3463 3
    endloop
  endfacet
  facet normal 0 0 1
    outer loop
      vertex -66.9035 -76.3463 3
      vertex -76.3463 -66.9035 3
      vertex -67.0421 -76.3959 3
    endloop
  endfacet
  facet normal -0 0 1
    outer loop
      vertex -76.3959 -67.0421 3
      vertex -67.0421 -76.3959 3
      vertex -76.3463 -66.9035 3
    endloop
  endfacet
  facet normal 0 0 1
    outer loop
      vertex -67.0421 -76.3959 3
      vertex -76.3959 -67.0421 3
      vertex -67.1751 -76.4589 3
    endloop
  endfacet
  facet normal -0 0 1
    outer loop
      vertex -76.7211 -67.5287 3
      vertex -67.5287 -76.7211 3
      vertex -76.6222 -67.4196 3
    endloop
  endfacet
  facet normal 0 0 1
    outer loop
      vertex -67.6315 -90.1499 3
      vertex -76.2817 -89.0955 3
      vertex -68.8926 -91.0853 3
    endloop
  endfacet
  facet normal 0 0 1
    outer loop
      vertex -67.4196 -76.6222 3
      vertex -76.6222 -67.4196 3
      vertex -67.5287 -76.7211 3
    endloop
  endfacet
  facet normal 0 0 1
    outer loop
      vertex -68.8926 -91.0853 3
      vertex -76.2817 -89.0955 3
      vertex -70.2394 -91.8925 3
    endloop
  endfacet
  facet normal 0 0 1
    outer loop
      vertex -70.2394 -91.8925 3
      vertex -76.2817 -89.0955 3
      vertex -71.6588 -92.5638 3
    endloop
  endfacet
  facet normal -0 0 1
    outer loop
      vertex -76.6222 -67.4196 3
      vertex -67.4196 -76.6222 3
      vertex -76.5345 -67.3014 3
    endloop
  endfacet
  facet normal -0 0 1
    outer loop
      vertex -76.289 -89.2425 3
      vertex -71.6588 -92.5638 3
      vertex -76.2817 -89.0955 3
    endloop
  endfacet
  facet normal 0 0 1
    outer loop
      vertex -67.3014 -76.5345 3
      vertex -76.5345 -67.3014 3
      vertex -67.4196 -76.6222 3
    endloop
  endfacet
  facet normal -0 0 1
    outer loop
      vertex -76.3106 -89.3881 3
      vertex -71.6588 -92.5638 3
      vertex -76.289 -89.2425 3
    endloop
  endfacet
  facet normal -0 0 1
    outer loop
      vertex -76.4589 -67.1751 3
      vertex -67.1751 -76.4589 3
      vertex -76.3959 -67.0421 3
    endloop
  endfacet
  facet normal 0 0 1
    outer loop
      vertex -67.968 -77.7817 3
      vertex -76.2817 -89.0955 3
      vertex -67.9608 -77.9288 3
    endloop
  endfacet
  facet normal 0 0 1
    outer loop
      vertex -89.0955 -66.468 3
      vertex -54.3942 -46.7221 3
      vertex -27.8817 -2.40718 3
    endloop
  endfacet
  facet normal -0 0 1
    outer loop
      vertex -76.5345 -67.3014 3
      vertex -67.3014 -76.5345 3
      vertex -76.4589 -67.1751 3
    endloop
  endfacet
  facet normal 0 0 1
    outer loop
      vertex -67.1751 -76.4589 3
      vertex -76.4589 -67.1751 3
      vertex -67.3014 -76.5345 3
    endloop
  endfacet
  facet normal -0 0 1
    outer loop
      vertex -76.3463 -66.9035 3
      vertex -66.9035 -76.3463 3
      vertex -76.3106 -66.7607 3
    endloop
  endfacet
  facet normal 0 0 1
    outer loop
      vertex -54.3942 -46.7221 3
      vertex -76.3959 -65.894 3
      vertex -76.3463 -66.0326 3
    endloop
  endfacet
  facet normal 0 0 1
    outer loop
      vertex -54.3942 -46.7221 3
      vertex -76.4589 -65.7609 3
      vertex -76.3959 -65.894 3
    endloop
  endfacet
  facet normal 0 0 1
    outer loop
      vertex -54.3942 -46.7221 3
      vertex -76.5345 -65.6347 3
      vertex -76.4589 -65.7609 3
    endloop
  endfacet
  facet normal 0 0 1
    outer loop
      vertex -54.3942 -46.7221 3
      vertex -76.6222 -65.5164 3
      vertex -76.5345 -65.6347 3
    endloop
  endfacet
  facet normal 0 0 1
    outer loop
      vertex -54.3942 -46.7221 3
      vertex -76.7211 -65.4074 3
      vertex -76.6222 -65.5164 3
    endloop
  endfacet
  facet normal 0 0 1
    outer loop
      vertex -54.3942 -46.7221 3
      vertex -76.8302 -65.3085 3
      vertex -76.7211 -65.4074 3
    endloop
  endfacet
  facet normal 0 0 1
    outer loop
      vertex -54.3942 -46.7221 3
      vertex -76.9484 -65.2208 3
      vertex -76.8302 -65.3085 3
    endloop
  endfacet
  facet normal 0 0 1
    outer loop
      vertex -54.3942 -46.7221 3
      vertex -77.0747 -65.1452 3
      vertex -76.9484 -65.2208 3
    endloop
  endfacet
  facet normal 0 0 1
    outer loop
      vertex -54.3942 -46.7221 3
      vertex -77.2077 -65.0822 3
      vertex -77.0747 -65.1452 3
    endloop
  endfacet
  facet normal 0 0 1
    outer loop
      vertex -54.3942 -46.7221 3
      vertex -77.3463 -65.0326 3
      vertex -77.2077 -65.0822 3
    endloop
  endfacet
  facet normal 0 0 1
    outer loop
      vertex -54.3942 -46.7221 3
      vertex -77.4891 -64.9969 3
      vertex -77.3463 -65.0326 3
    endloop
  endfacet
  facet normal 0 0 1
    outer loop
      vertex -54.3942 -46.7221 3
      vertex -77.6347 -64.9753 3
      vertex -77.4891 -64.9969 3
    endloop
  endfacet
  facet normal 0 0 1
    outer loop
      vertex -54.3942 -46.7221 3
      vertex -77.7817 -64.968 3
      vertex -77.6347 -64.9753 3
    endloop
  endfacet
  facet normal 0 0 1
    outer loop
      vertex -54.3942 -46.7221 3
      vertex -77.9288 -64.9753 3
      vertex -77.7817 -64.968 3
    endloop
  endfacet
  facet normal 0 0 1
    outer loop
      vertex -54.3942 -46.7221 3
      vertex -78.0744 -64.9969 3
      vertex -77.9288 -64.9753 3
    endloop
  endfacet
  facet normal 0 -0 1
    outer loop
      vertex -78.2172 -65.0326 3
      vertex -54.3942 -46.7221 3
      vertex -89.0955 -66.468 3
    endloop
  endfacet
  facet normal 0 0 1
    outer loop
      vertex -54.3942 -46.7221 3
      vertex -78.2172 -65.0326 3
      vertex -78.0744 -64.9969 3
    endloop
  endfacet
  facet normal 0 0 1
    outer loop
      vertex -78.2172 -65.0326 3
      vertex -89.0955 -66.468 3
      vertex -78.3558 -65.0822 3
    endloop
  endfacet
  facet normal 0 0 1
    outer loop
      vertex -78.3558 -65.0822 3
      vertex -89.0955 -66.468 3
      vertex -78.4888 -65.1452 3
    endloop
  endfacet
  facet normal 0 0 1
    outer loop
      vertex -78.4888 -65.1452 3
      vertex -89.0955 -66.468 3
      vertex -78.6151 -65.2208 3
    endloop
  endfacet
  facet normal 0 0 1
    outer loop
      vertex -78.6151 -65.2208 3
      vertex -89.0955 -66.468 3
      vertex -78.7333 -65.3085 3
    endloop
  endfacet
  facet normal 0 0 1
    outer loop
      vertex -78.7333 -65.3085 3
      vertex -89.0955 -66.468 3
      vertex -78.8424 -65.4074 3
    endloop
  endfacet
  facet normal 0 -0 1
    outer loop
      vertex -85.3241 -91.8925 3
      vertex -79.2529 -88.8028 3
      vertex -86.6709 -91.0853 3
    endloop
  endfacet
  facet normal 0 0 1
    outer loop
      vertex -79.2529 -88.8028 3
      vertex -85.3241 -91.8925 3
      vertex -79.2745 -88.9484 3
    endloop
  endfacet
  facet normal 0 0 1
    outer loop
      vertex -89.0955 -66.468 3
      vertex -79.2817 -66.468 3
      vertex -79.2745 -66.321 3
    endloop
  endfacet
  facet normal 0 0 1
    outer loop
      vertex -78.7333 -90.255 3
      vertex -80.9032 -93.4743 3
      vertex -79.35 -93.7047 3
    endloop
  endfacet
  facet normal 0 0 1
    outer loop
      vertex -79.1046 -89.8026 3
      vertex -82.4263 -93.0928 3
      vertex -80.9032 -93.4743 3
    endloop
  endfacet
  facet normal 0 0 1
    outer loop
      vertex -89.0955 -66.468 3
      vertex -79.2745 -66.321 3
      vertex -79.2529 -66.1754 3
    endloop
  endfacet
  facet normal 0 0 1
    outer loop
      vertex -79.2529 -89.3881 3
      vertex -83.9047 -92.5638 3
      vertex -82.4263 -93.0928 3
    endloop
  endfacet
  facet normal 0 0 1
    outer loop
      vertex -79.2817 -89.0955 3
      vertex -85.3241 -91.8925 3
      vertex -83.9047 -92.5638 3
    endloop
  endfacet
  facet normal 0 0 1
    outer loop
      vertex -89.0955 -66.468 3
      vertex -79.2529 -66.1754 3
      vertex -79.2172 -66.0326 3
    endloop
  endfacet
  facet normal 0 0 1
    outer loop
      vertex -79.2745 -88.9484 3
      vertex -85.3241 -91.8925 3
      vertex -79.2817 -89.0955 3
    endloop
  endfacet
  facet normal 0 0 1
    outer loop
      vertex -89.0955 -66.468 3
      vertex -79.2172 -66.0326 3
      vertex -79.1676 -65.894 3
    endloop
  endfacet
  facet normal 0 0 1
    outer loop
      vertex -89.0955 -66.468 3
      vertex -79.1676 -65.894 3
      vertex -79.1046 -65.7609 3
    endloop
  endfacet
  facet normal 0 0 1
    outer loop
      vertex -89.0955 -66.468 3
      vertex -79.1046 -65.7609 3
      vertex -79.0289 -65.6347 3
    endloop
  endfacet
  facet normal 0 0 1
    outer loop
      vertex -77.9288 -67.9608 3
      vertex -87.6027 -77.6347 3
      vertex -87.5955 -77.7817 3
    endloop
  endfacet
  facet normal 0 0 1
    outer loop
      vertex -78.0744 -67.9392 3
      vertex -87.6243 -77.4891 3
      vertex -87.6027 -77.6347 3
    endloop
  endfacet
  facet normal 0 0 1
    outer loop
      vertex -78.2172 -67.9035 3
      vertex -87.66 -77.3463 3
      vertex -87.6243 -77.4891 3
    endloop
  endfacet
  facet normal 0 0 1
    outer loop
      vertex -78.3558 -67.8539 3
      vertex -87.7096 -77.2077 3
      vertex -87.66 -77.3463 3
    endloop
  endfacet
  facet normal 0 0 1
    outer loop
      vertex -89.0955 -66.468 3
      vertex -79.0289 -65.6347 3
      vertex -78.9413 -65.5164 3
    endloop
  endfacet
  facet normal 0 0 1
    outer loop
      vertex -78.4888 -67.7909 3
      vertex -87.7726 -77.0747 3
      vertex -87.7096 -77.2077 3
    endloop
  endfacet
  facet normal 0 0 1
    outer loop
      vertex -78.6151 -67.7152 3
      vertex -87.8483 -76.9484 3
      vertex -87.7726 -77.0747 3
    endloop
  endfacet
  facet normal 0 0 1
    outer loop
      vertex -78.7333 -67.6276 3
      vertex -87.9359 -76.8302 3
      vertex -87.8483 -76.9484 3
    endloop
  endfacet
  facet normal 0 0 1
    outer loop
      vertex -78.8424 -67.5287 3
      vertex -88.0348 -76.7211 3
      vertex -87.9359 -76.8302 3
    endloop
  endfacet
  facet normal 0 0 1
    outer loop
      vertex -78.8424 -65.4074 3
      vertex -89.0955 -66.468 3
      vertex -78.9413 -65.5164 3
    endloop
  endfacet
  facet normal 0 0 1
    outer loop
      vertex -79.0289 -67.3014 3
      vertex -89.0955 -66.468 3
      vertex -88.2621 -76.5345 3
    endloop
  endfacet
  facet normal 0 0 1
    outer loop
      vertex -78.9413 -67.4196 3
      vertex -88.1439 -76.6222 3
      vertex -88.0348 -76.7211 3
    endloop
  endfacet
  facet normal 0 0 1
    outer loop
      vertex -79.0289 -67.3014 3
      vertex -88.2621 -76.5345 3
      vertex -88.1439 -76.6222 3
    endloop
  endfacet
  facet normal -0 0 1
    outer loop
      vertex -90.1499 -67.6315 3
      vertex -88.2621 -76.5345 3
      vertex -89.0955 -66.468 3
    endloop
  endfacet
  facet normal 0 0 1
    outer loop
      vertex -88.2621 -76.5345 3
      vertex -90.1499 -67.6315 3
      vertex -88.3884 -76.4589 3
    endloop
  endfacet
  facet normal 0 0 1
    outer loop
      vertex -88.3884 -76.4589 3
      vertex -90.1499 -67.6315 3
      vertex -88.5214 -76.3959 3
    endloop
  endfacet
  facet normal -0 0 1
    outer loop
      vertex -91.0853 -68.8926 3
      vertex -88.5214 -76.3959 3
      vertex -90.1499 -67.6315 3
    endloop
  endfacet
  facet normal 0 0 1
    outer loop
      vertex -88.5214 -76.3959 3
      vertex -91.0853 -68.8926 3
      vertex -88.66 -76.3463 3
    endloop
  endfacet
  facet normal 0 0 1
    outer loop
      vertex -88.66 -76.3463 3
      vertex -91.0853 -68.8926 3
      vertex -88.8028 -76.3106 3
    endloop
  endfacet
  facet normal -0 0 1
    outer loop
      vertex -91.8925 -70.2394 3
      vertex -88.8028 -76.3106 3
      vertex -91.0853 -68.8926 3
    endloop
  endfacet
  facet normal 0 0 1
    outer loop
      vertex -88.8028 -76.3106 3
      vertex -91.8925 -70.2394 3
      vertex -88.9484 -76.289 3
    endloop
  endfacet
  facet normal 0 0 1
    outer loop
      vertex -88.9484 -76.289 3
      vertex -91.8925 -70.2394 3
      vertex -89.0955 -76.2817 3
    endloop
  endfacet
  facet normal -0 0 1
    outer loop
      vertex -92.5638 -71.6588 3
      vertex -89.0955 -76.2817 3
      vertex -91.8925 -70.2394 3
    endloop
  endfacet
  facet normal 0 0 1
    outer loop
      vertex -89.0955 -76.2817 3
      vertex -92.5638 -71.6588 3
      vertex -89.2425 -76.289 3
    endloop
  endfacet
  facet normal 0 0 1
    outer loop
      vertex -89.2425 -76.289 3
      vertex -92.5638 -71.6588 3
      vertex -89.3881 -76.3106 3
    endloop
  endfacet
  facet normal -0 0 1
    outer loop
      vertex -93.0928 -73.1372 3
      vertex -89.3881 -76.3106 3
      vertex -92.5638 -71.6588 3
    endloop
  endfacet
  facet normal 0 0 1
    outer loop
      vertex -89.3881 -76.3106 3
      vertex -93.0928 -73.1372 3
      vertex -89.5309 -76.3463 3
    endloop
  endfacet
  facet normal 0 0 1
    outer loop
      vertex -89.5309 -76.3463 3
      vertex -93.0928 -73.1372 3
      vertex -89.6695 -76.3959 3
    endloop
  endfacet
  facet normal 0 0 1
    outer loop
      vertex -89.6695 -76.3959 3
      vertex -93.0928 -73.1372 3
      vertex -89.8026 -76.4589 3
    endloop
  endfacet
  facet normal 0 0 1
    outer loop
      vertex -89.8026 -76.4589 3
      vertex -93.0928 -73.1372 3
      vertex -89.9288 -76.5345 3
    endloop
  endfacet
  facet normal -0 0 1
    outer loop
      vertex -93.4743 -74.6603 3
      vertex -89.9288 -76.5345 3
      vertex -93.0928 -73.1372 3
    endloop
  endfacet
  facet normal 0 0 1
    outer loop
      vertex -89.9288 -76.5345 3
      vertex -93.4743 -74.6603 3
      vertex -90.047 -76.6222 3
    endloop
  endfacet
  facet normal 0 0 1
    outer loop
      vertex -90.047 -76.6222 3
      vertex -93.4743 -74.6603 3
      vertex -90.1561 -76.7211 3
    endloop
  endfacet
  facet normal 0 0 1
    outer loop
      vertex -90.1561 -76.7211 3
      vertex -93.4743 -74.6603 3
      vertex -90.255 -76.8302 3
    endloop
  endfacet
  facet normal -0 0 1
    outer loop
      vertex -93.7047 -76.2135 3
      vertex -90.255 -76.8302 3
      vertex -93.4743 -74.6603 3
    endloop
  endfacet
  facet normal 0 0 1
    outer loop
      vertex -90.255 -76.8302 3
      vertex -93.7047 -76.2135 3
      vertex -90.3427 -76.9484 3
    endloop
  endfacet
  facet normal 0 0 1
    outer loop
      vertex -90.3427 -76.9484 3
      vertex -93.7047 -76.2135 3
      vertex -90.4183 -77.0747 3
    endloop
  endfacet
  facet normal -0 0 1
    outer loop
      vertex 78.7333 87.9359 3
      vertex 87.9359 78.7333 3
      vertex 78.8424 88.0348 3
    endloop
  endfacet
  facet normal 0 0 1
    outer loop
      vertex 87.5955 77.7817 3
      vertex 79.2745 66.6151 3
      vertex 79.2817 66.468 3
    endloop
  endfacet
  facet normal 0 0 1
    outer loop
      vertex 87.9359 78.7333 3
      vertex 78.7333 87.9359 3
      vertex 87.8483 78.6151 3
    endloop
  endfacet
  facet normal 0 0 1
    outer loop
      vertex 87.5955 77.7817 3
      vertex 79.2529 66.7607 3
      vertex 79.2745 66.6151 3
    endloop
  endfacet
  facet normal -0 0 1
    outer loop
      vertex 78.6151 87.8483 3
      vertex 87.8483 78.6151 3
      vertex 78.7333 87.9359 3
    endloop
  endfacet
  facet normal 0 0 1
    outer loop
      vertex 87.5955 77.7817 3
      vertex 79.2172 66.9035 3
      vertex 79.2529 66.7607 3
    endloop
  endfacet
  facet normal 0 0 1
    outer loop
      vertex 87.8483 78.6151 3
      vertex 78.6151 87.8483 3
      vertex 87.7726 78.4888 3
    endloop
  endfacet
  facet normal 0 0 1
    outer loop
      vertex 87.5955 77.7817 3
      vertex 79.1676 67.0421 3
      vertex 79.2172 66.9035 3
    endloop
  endfacet
  facet normal -0 0 1
    outer loop
      vertex 78.4888 87.7726 3
      vertex 87.7726 78.4888 3
      vertex 78.6151 87.8483 3
    endloop
  endfacet
  facet normal 0 0 1
    outer loop
      vertex 87.5955 77.7817 3
      vertex 79.1046 67.1751 3
      vertex 79.1676 67.0421 3
    endloop
  endfacet
  facet normal 0 0 1
    outer loop
      vertex 87.7726 78.4888 3
      vertex 78.4888 87.7726 3
      vertex 87.7096 78.3558 3
    endloop
  endfacet
  facet normal 0 0 1
    outer loop
      vertex 87.5955 77.7817 3
      vertex 79.0289 67.3014 3
      vertex 79.1046 67.1751 3
    endloop
  endfacet
  facet normal -0 0 1
    outer loop
      vertex 78.3558 87.7096 3
      vertex 87.7096 78.3558 3
      vertex 78.4888 87.7726 3
    endloop
  endfacet
  facet normal 0 0 1
    outer loop
      vertex 87.5955 77.7817 3
      vertex 78.9413 67.4196 3
      vertex 79.0289 67.3014 3
    endloop
  endfacet
  facet normal 0 0 1
    outer loop
      vertex 87.7096 78.3558 3
      vertex 78.3558 87.7096 3
      vertex 87.66 78.2172 3
    endloop
  endfacet
  facet normal 0 0 1
    outer loop
      vertex 87.5955 77.7817 3
      vertex 78.8424 67.5287 3
      vertex 78.9413 67.4196 3
    endloop
  endfacet
  facet normal -0 0 1
    outer loop
      vertex 78.2172 87.66 3
      vertex 87.66 78.2172 3
      vertex 78.3558 87.7096 3
    endloop
  endfacet
  facet normal 0 0 1
    outer loop
      vertex 87.5955 77.7817 3
      vertex 78.7333 67.6276 3
      vertex 78.8424 67.5287 3
    endloop
  endfacet
  facet normal 0 0 1
    outer loop
      vertex 87.66 78.2172 3
      vertex 78.2172 87.66 3
      vertex 87.6243 78.0744 3
    endloop
  endfacet
  facet normal 0 0 1
    outer loop
      vertex 87.5955 77.7817 3
      vertex 78.6151 67.7152 3
      vertex 78.7333 67.6276 3
    endloop
  endfacet
  facet normal -0 0 1
    outer loop
      vertex 78.0744 87.6243 3
      vertex 87.6243 78.0744 3
      vertex 78.2172 87.66 3
    endloop
  endfacet
  facet normal 0 0 1
    outer loop
      vertex 87.5955 77.7817 3
      vertex 78.4888 67.7909 3
      vertex 78.6151 67.7152 3
    endloop
  endfacet
  facet normal 0 0 1
    outer loop
      vertex 87.6243 78.0744 3
      vertex 78.0744 87.6243 3
      vertex 87.6027 77.9288 3
    endloop
  endfacet
  facet normal 0 0 1
    outer loop
      vertex 87.5955 77.7817 3
      vertex 78.3558 67.8539 3
      vertex 78.4888 67.7909 3
    endloop
  endfacet
  facet normal -0 0 1
    outer loop
      vertex 77.9288 87.6027 3
      vertex 87.6027 77.9288 3
      vertex 78.0744 87.6243 3
    endloop
  endfacet
  facet normal 0 0 1
    outer loop
      vertex 87.5955 77.7817 3
      vertex 78.2172 67.9035 3
      vertex 78.3558 67.8539 3
    endloop
  endfacet
  facet normal 0 0 1
    outer loop
      vertex 87.6027 77.9288 3
      vertex 77.9288 87.6027 3
      vertex 87.5955 77.7817 3
    endloop
  endfacet
  facet normal 0 0 1
    outer loop
      vertex 87.5955 77.7817 3
      vertex 78.0744 67.9392 3
      vertex 78.2172 67.9035 3
    endloop
  endfacet
  facet normal -0 0 1
    outer loop
      vertex 77.7817 87.5955 3
      vertex 87.5955 77.7817 3
      vertex 77.9288 87.6027 3
    endloop
  endfacet
  facet normal 0 0 1
    outer loop
      vertex 87.5955 77.7817 3
      vertex 77.9288 67.9608 3
      vertex 78.0744 67.9392 3
    endloop
  endfacet
  facet normal 0 0 1
    outer loop
      vertex 77.7817 67.968 3
      vertex 87.5955 77.7817 3
      vertex 77.7817 87.5955 3
    endloop
  endfacet
  facet normal 0 0 1
    outer loop
      vertex 87.5955 77.7817 3
      vertex 77.7817 67.968 3
      vertex 77.9288 67.9608 3
    endloop
  endfacet
  facet normal 0 0 1
    outer loop
      vertex 67.968 77.7817 3
      vertex 77.7817 87.5955 3
      vertex 77.6347 87.6027 3
    endloop
  endfacet
  facet normal 0 0 1
    outer loop
      vertex 77.7817 87.5955 3
      vertex 67.968 77.7817 3
      vertex 77.7817 67.968 3
    endloop
  endfacet
  facet normal 0 0 1
    outer loop
      vertex 67.9608 77.9288 3
      vertex 77.6347 87.6027 3
      vertex 77.4891 87.6243 3
    endloop
  endfacet
  facet normal 0 0 1
    outer loop
      vertex 77.7817 67.968 3
      vertex 67.968 77.7817 3
      vertex 77.6347 67.9608 3
    endloop
  endfacet
  facet normal 0 0 1
    outer loop
      vertex 67.9608 77.9288 3
      vertex 77.4891 87.6243 3
      vertex 77.3463 87.66 3
    endloop
  endfacet
  facet normal -0 0 1
    outer loop
      vertex 67.9608 77.6347 3
      vertex 77.6347 67.9608 3
      vertex 67.968 77.7817 3
    endloop
  endfacet
  facet normal 0 0 1
    outer loop
      vertex 67.9608 77.9288 3
      vertex 77.3463 87.66 3
      vertex 77.2077 87.7096 3
    endloop
  endfacet
  facet normal 0 0 1
    outer loop
      vertex 77.6347 67.9608 3
      vertex 67.9608 77.6347 3
      vertex 77.4891 67.9392 3
    endloop
  endfacet
  facet normal 0 0 1
    outer loop
      vertex 67.9608 77.9288 3
      vertex 77.2077 87.7096 3
      vertex 77.0747 87.7726 3
    endloop
  endfacet
  facet normal -0 0 1
    outer loop
      vertex 67.9392 77.4891 3
      vertex 77.4891 67.9392 3
      vertex 67.9608 77.6347 3
    endloop
  endfacet
  facet normal 0 0 1
    outer loop
      vertex 67.9608 77.9288 3
      vertex 77.0747 87.7726 3
      vertex 76.9484 87.8483 3
    endloop
  endfacet
  facet normal 0 0 1
    outer loop
      vertex 77.4891 67.9392 3
      vertex 67.9392 77.4891 3
      vertex 77.3463 67.9035 3
    endloop
  endfacet
  facet normal 0 0 1
    outer loop
      vertex 67.9608 77.9288 3
      vertex 76.9484 87.8483 3
      vertex 76.8302 87.9359 3
    endloop
  endfacet
  facet normal -0 0 1
    outer loop
      vertex 67.9035 77.3463 3
      vertex 77.3463 67.9035 3
      vertex 67.9392 77.4891 3
    endloop
  endfacet
  facet normal 0 0 1
    outer loop
      vertex 67.9608 77.9288 3
      vertex 76.8302 87.9359 3
      vertex 76.7211 88.0348 3
    endloop
  endfacet
  facet normal 0 0 1
    outer loop
      vertex 77.3463 67.9035 3
      vertex 67.9035 77.3463 3
      vertex 77.2077 67.8539 3
    endloop
  endfacet
  facet normal 0 0 1
    outer loop
      vertex 67.9608 77.9288 3
      vertex 76.7211 88.0348 3
      vertex 76.6222 88.1439 3
    endloop
  endfacet
  facet normal -0 0 1
    outer loop
      vertex 67.8539 77.2077 3
      vertex 77.2077 67.8539 3
      vertex 67.9035 77.3463 3
    endloop
  endfacet
  facet normal 0 0 1
    outer loop
      vertex 67.9608 77.9288 3
      vertex 76.6222 88.1439 3
      vertex 76.5345 88.2621 3
    endloop
  endfacet
  facet normal 0 0 1
    outer loop
      vertex 77.2077 67.8539 3
      vertex 67.8539 77.2077 3
      vertex 77.0747 67.7909 3
    endloop
  endfacet
  facet normal 0 0 1
    outer loop
      vertex 76.3959 88.5214 3
      vertex 67.6315 90.1499 3
      vertex 76.4589 88.3884 3
    endloop
  endfacet
  facet normal -0 0 1
    outer loop
      vertex 67.7909 77.0747 3
      vertex 77.0747 67.7909 3
      vertex 67.8539 77.2077 3
    endloop
  endfacet
  facet normal -0 0 1
    outer loop
      vertex 67.6315 90.1499 3
      vertex 76.3959 88.5214 3
      vertex 68.8926 91.0853 3
    endloop
  endfacet
  facet normal 0 0 1
    outer loop
      vertex 77.0747 67.7909 3
      vertex 67.7909 77.0747 3
      vertex 76.9484 67.7152 3
    endloop
  endfacet
  facet normal 0 0 1
    outer loop
      vertex 68.8926 91.0853 3
      vertex 76.3959 88.5214 3
      vertex 76.3463 88.66 3
    endloop
  endfacet
  facet normal -0 0 1
    outer loop
      vertex 67.7152 76.9484 3
      vertex 76.9484 67.7152 3
      vertex 67.7909 77.0747 3
    endloop
  endfacet
  facet normal 0 0 1
    outer loop
      vertex 68.8926 91.0853 3
      vertex 76.3463 88.66 3
      vertex 76.3106 88.8028 3
    endloop
  endfacet
  facet normal 0 0 1
    outer loop
      vertex 76.9484 67.7152 3
      vertex 67.7152 76.9484 3
      vertex 76.8302 67.6276 3
    endloop
  endfacet
  facet normal 0 0 1
    outer loop
      vertex 70.2394 91.8925 3
      vertex 76.3106 88.8028 3
      vertex 76.289 88.9484 3
    endloop
  endfacet
  facet normal -0 0 1
    outer loop
      vertex 67.6276 76.8302 3
      vertex 76.8302 67.6276 3
      vertex 67.7152 76.9484 3
    endloop
  endfacet
  facet normal 0 0 1
    outer loop
      vertex 70.2394 91.8925 3
      vertex 76.289 88.9484 3
      vertex 76.2817 89.0955 3
    endloop
  endfacet
  facet normal 0 0 1
    outer loop
      vertex 76.8302 67.6276 3
      vertex 67.6276 76.8302 3
      vertex 76.7211 67.5287 3
    endloop
  endfacet
  facet normal 0 0 1
    outer loop
      vertex 83.9047 92.5638 3
      vertex 79.2745 89.2425 3
      vertex 79.2817 89.0955 3
    endloop
  endfacet
  facet normal 0 0 1
    outer loop
      vertex 80.9032 93.4743 3
      vertex 79.2529 89.3881 3
      vertex 79.2745 89.2425 3
    endloop
  endfacet
  facet normal 0 0 1
    outer loop
      vertex 80.9032 93.4743 3
      vertex 79.2172 89.5309 3
      vertex 79.2529 89.3881 3
    endloop
  endfacet
  facet normal 0 0 1
    outer loop
      vertex 80.9032 93.4743 3
      vertex 79.1676 89.6695 3
      vertex 79.2172 89.5309 3
    endloop
  endfacet
  facet normal 0 0 1
    outer loop
      vertex 80.9032 93.4743 3
      vertex 79.1046 89.8026 3
      vertex 79.1676 89.6695 3
    endloop
  endfacet
  facet normal 0 0 1
    outer loop
      vertex 80.9032 93.4743 3
      vertex 79.029 89.9288 3
      vertex 79.1046 89.8026 3
    endloop
  endfacet
  facet normal 0 0 1
    outer loop
      vertex 80.9032 93.4743 3
      vertex 78.9413 90.047 3
      vertex 79.029 89.9288 3
    endloop
  endfacet
  facet normal 0 0 1
    outer loop
      vertex 80.9032 93.4743 3
      vertex 78.8424 90.1561 3
      vertex 78.9413 90.047 3
    endloop
  endfacet
  facet normal 0 0 1
    outer loop
      vertex 80.9032 93.4743 3
      vertex 78.7333 90.255 3
      vertex 78.8424 90.1561 3
    endloop
  endfacet
  facet normal 0 0 1
    outer loop
      vertex 79.35 93.7047 3
      vertex 78.6151 90.3427 3
      vertex 78.7333 90.255 3
    endloop
  endfacet
  facet normal 0 0 1
    outer loop
      vertex 79.35 93.7047 3
      vertex 78.4888 90.4183 3
      vertex 78.6151 90.3427 3
    endloop
  endfacet
  facet normal 0 0 1
    outer loop
      vertex 79.35 93.7047 3
      vertex 78.3558 90.4813 3
      vertex 78.4888 90.4183 3
    endloop
  endfacet
  facet normal 0 0 1
    outer loop
      vertex 79.35 93.7047 3
      vertex 78.2172 90.5309 3
      vertex 78.3558 90.4813 3
    endloop
  endfacet
  facet normal 0 0 1
    outer loop
      vertex 79.35 93.7047 3
      vertex 78.0744 90.5666 3
      vertex 78.2172 90.5309 3
    endloop
  endfacet
  facet normal 0 0 1
    outer loop
      vertex 77.7817 93.7817 3
      vertex 78.0744 90.5666 3
      vertex 79.35 93.7047 3
    endloop
  endfacet
  facet normal 0 0 1
    outer loop
      vertex 78.0744 90.5666 3
      vertex 77.7817 93.7817 3
      vertex 77.9288 90.5882 3
    endloop
  endfacet
  facet normal 0 0 1
    outer loop
      vertex 77.7817 93.7817 3
      vertex 77.7817 90.5955 3
      vertex 77.9288 90.5882 3
    endloop
  endfacet
  facet normal 0 0 1
    outer loop
      vertex 77.7817 93.7817 3
      vertex 77.6347 90.5882 3
      vertex 77.7817 90.5955 3
    endloop
  endfacet
  facet normal 0 0 1
    outer loop
      vertex 77.7817 93.7817 3
      vertex 77.4891 90.5666 3
      vertex 77.6347 90.5882 3
    endloop
  endfacet
  facet normal -0 0 1
    outer loop
      vertex 76.2135 93.7047 3
      vertex 77.4891 90.5666 3
      vertex 77.7817 93.7817 3
    endloop
  endfacet
  facet normal 0 0 1
    outer loop
      vertex 77.4891 90.5666 3
      vertex 76.2135 93.7047 3
      vertex 77.3463 90.5309 3
    endloop
  endfacet
  facet normal 0 0 1
    outer loop
      vertex 77.3463 90.5309 3
      vertex 76.2135 93.7047 3
      vertex 77.2077 90.4813 3
    endloop
  endfacet
  facet normal 0 0 1
    outer loop
      vertex 77.2077 90.4813 3
      vertex 76.2135 93.7047 3
      vertex 77.0747 90.4183 3
    endloop
  endfacet
  facet normal 0 0 1
    outer loop
      vertex 77.0747 90.4183 3
      vertex 76.2135 93.7047 3
      vertex 76.9484 90.3427 3
    endloop
  endfacet
  facet normal 0 0 1
    outer loop
      vertex 76.9484 90.3427 3
      vertex 76.2135 93.7047 3
      vertex 76.8302 90.255 3
    endloop
  endfacet
  facet normal -0 0 1
    outer loop
      vertex 74.6603 93.4743 3
      vertex 76.8302 90.255 3
      vertex 76.2135 93.7047 3
    endloop
  endfacet
  facet normal 0 0 1
    outer loop
      vertex 76.8302 90.255 3
      vertex 74.6603 93.4743 3
      vertex 76.7211 90.1561 3
    endloop
  endfacet
  facet normal 0 0 1
    outer loop
      vertex 76.7211 90.1561 3
      vertex 74.6603 93.4743 3
      vertex 76.6222 90.047 3
    endloop
  endfacet
  facet normal 0 0 1
    outer loop
      vertex 76.6222 90.047 3
      vertex 74.6603 93.4743 3
      vertex 76.5345 89.9288 3
    endloop
  endfacet
  facet normal 0 0 1
    outer loop
      vertex 76.5345 89.9288 3
      vertex 74.6603 93.4743 3
      vertex 76.4589 89.8026 3
    endloop
  endfacet
  facet normal -0 0 1
    outer loop
      vertex 71.6588 92.5638 3
      vertex 76.3106 89.3881 3
      vertex 73.1372 93.0928 3
    endloop
  endfacet
  facet normal 0 0 1
    outer loop
      vertex 76.3463 89.5309 3
      vertex 73.1372 93.0928 3
      vertex 76.3106 89.3881 3
    endloop
  endfacet
  facet normal 0 0 1
    outer loop
      vertex 76.3959 89.6695 3
      vertex 73.1372 93.0928 3
      vertex 76.3463 89.5309 3
    endloop
  endfacet
  facet normal 0 0 1
    outer loop
      vertex 76.4589 89.8026 3
      vertex 73.1372 93.0928 3
      vertex 76.3959 89.6695 3
    endloop
  endfacet
  facet normal -0 0 1
    outer loop
      vertex 73.1372 93.0928 3
      vertex 76.4589 89.8026 3
      vertex 74.6603 93.4743 3
    endloop
  endfacet
  facet normal -0 0 1
    outer loop
      vertex 90.5666 78.0744 3
      vertex 93.7817 77.7817 3
      vertex 93.7047 79.35 3
    endloop
  endfacet
  facet normal 0 0 1
    outer loop
      vertex 90.255 78.7333 3
      vertex 93.7047 79.35 3
      vertex 93.4743 80.9032 3
    endloop
  endfacet
  facet normal 0 0 1
    outer loop
      vertex 93.7817 77.7817 3
      vertex 90.5666 78.0744 3
      vertex 90.5882 77.9288 3
    endloop
  endfacet
  facet normal 0 0 1
    outer loop
      vertex 89.9288 79.029 3
      vertex 93.4743 80.9032 3
      vertex 93.0928 82.4263 3
    endloop
  endfacet
  facet normal 0 0 1
    outer loop
      vertex 90.5882 77.6347 3
      vertex 93.7817 77.7817 3
      vertex 90.5955 77.7817 3
    endloop
  endfacet
  facet normal 0 0 1
    outer loop
      vertex 89.3881 79.2529 3
      vertex 93.0928 82.4263 3
      vertex 92.5638 83.9047 3
    endloop
  endfacet
  facet normal 0 0 1
    outer loop
      vertex 90.5666 77.4891 3
      vertex 93.7817 77.7817 3
      vertex 90.5882 77.6347 3
    endloop
  endfacet
  facet normal 0 0 1
    outer loop
      vertex 89.0955 79.2817 3
      vertex 92.5638 83.9047 3
      vertex 91.8925 85.3241 3
    endloop
  endfacet
  facet normal 0 0 1
    outer loop
      vertex 93.7817 77.7817 3
      vertex 90.5666 77.4891 3
      vertex 93.7047 76.2135 3
    endloop
  endfacet
  facet normal 0 0 1
    outer loop
      vertex 88.8028 79.2529 3
      vertex 91.8925 85.3241 3
      vertex 91.0853 86.6709 3
    endloop
  endfacet
  facet normal -0 0 1
    outer loop
      vertex 90.5309 77.3463 3
      vertex 93.7047 76.2135 3
      vertex 90.5666 77.4891 3
    endloop
  endfacet
  facet normal -0 0 1
    outer loop
      vertex 90.4183 77.0747 3
      vertex 93.7047 76.2135 3
      vertex 90.4813 77.2077 3
    endloop
  endfacet
  facet normal -0 0 1
    outer loop
      vertex 90.4813 77.2077 3
      vertex 93.7047 76.2135 3
      vertex 90.5309 77.3463 3
    endloop
  endfacet
  facet normal 0 0 1
    outer loop
      vertex 93.7817 77.7817 3
      vertex 90.5882 77.9288 3
      vertex 90.5955 77.7817 3
    endloop
  endfacet
  facet normal 0 0 1
    outer loop
      vertex 93.7047 79.35 3
      vertex 90.5309 78.2172 3
      vertex 90.5666 78.0744 3
    endloop
  endfacet
  facet normal 0 0 1
    outer loop
      vertex 93.7047 79.35 3
      vertex 90.4813 78.3558 3
      vertex 90.5309 78.2172 3
    endloop
  endfacet
  facet normal 0 0 1
    outer loop
      vertex 93.7047 79.35 3
      vertex 90.4183 78.4888 3
      vertex 90.4813 78.3558 3
    endloop
  endfacet
  facet normal 0 0 1
    outer loop
      vertex 93.7047 79.35 3
      vertex 90.3427 78.6151 3
      vertex 90.4183 78.4888 3
    endloop
  endfacet
  facet normal 0 0 1
    outer loop
      vertex 93.7047 79.35 3
      vertex 90.255 78.7333 3
      vertex 90.3427 78.6151 3
    endloop
  endfacet
  facet normal 0 0 1
    outer loop
      vertex 93.4743 80.9032 3
      vertex 90.1561 78.8424 3
      vertex 90.255 78.7333 3
    endloop
  endfacet
  facet normal 0 0 1
    outer loop
      vertex 88.5214 79.1676 3
      vertex 91.0853 86.6709 3
      vertex 90.1499 87.932 3
    endloop
  endfacet
  facet normal 0 0 1
    outer loop
      vertex 93.4743 80.9032 3
      vertex 90.047 78.9413 3
      vertex 90.1561 78.8424 3
    endloop
  endfacet
  facet normal 0 0 1
    outer loop
      vertex 93.4743 80.9032 3
      vertex 89.9288 79.029 3
      vertex 90.047 78.9413 3
    endloop
  endfacet
  facet normal 0 0 1
    outer loop
      vertex 93.0928 82.4263 3
      vertex 89.8026 79.1046 3
      vertex 89.9288 79.029 3
    endloop
  endfacet
  facet normal 0 0 1
    outer loop
      vertex 93.0928 82.4263 3
      vertex 89.6695 79.1676 3
      vertex 89.8026 79.1046 3
    endloop
  endfacet
  facet normal 0 0 1
    outer loop
      vertex 93.0928 82.4263 3
      vertex 89.5309 79.2172 3
      vertex 89.6695 79.1676 3
    endloop
  endfacet
  facet normal 0 0 1
    outer loop
      vertex 93.0928 82.4263 3
      vertex 89.3881 79.2529 3
      vertex 89.5309 79.2172 3
    endloop
  endfacet
  facet normal 0 0 1
    outer loop
      vertex 92.5638 83.9047 3
      vertex 89.2425 79.2745 3
      vertex 89.3881 79.2529 3
    endloop
  endfacet
  facet normal 0 0 1
    outer loop
      vertex 88.2621 79.029 3
      vertex 90.1499 87.932 3
      vertex 89.0955 89.0955 3
    endloop
  endfacet
  facet normal 0 0 1
    outer loop
      vertex 92.5638 83.9047 3
      vertex 89.0955 79.2817 3
      vertex 89.2425 79.2745 3
    endloop
  endfacet
  facet normal 0 0 1
    outer loop
      vertex 91.8925 85.3241 3
      vertex 88.9484 79.2745 3
      vertex 89.0955 79.2817 3
    endloop
  endfacet
  facet normal 0 0 1
    outer loop
      vertex 91.8925 85.3241 3
      vertex 88.8028 79.2529 3
      vertex 88.9484 79.2745 3
    endloop
  endfacet
  facet normal 0 0 1
    outer loop
      vertex 91.0853 86.6709 3
      vertex 88.66 79.2172 3
      vertex 88.8028 79.2529 3
    endloop
  endfacet
  facet normal 0 0 1
    outer loop
      vertex 91.0853 86.6709 3
      vertex 88.5214 79.1676 3
      vertex 88.66 79.2172 3
    endloop
  endfacet
  facet normal 0 0 1
    outer loop
      vertex 90.1499 87.932 3
      vertex 88.3884 79.1046 3
      vertex 88.5214 79.1676 3
    endloop
  endfacet
  facet normal 0 0 1
    outer loop
      vertex 90.1499 87.932 3
      vertex 88.2621 79.029 3
      vertex 88.3884 79.1046 3
    endloop
  endfacet
  facet normal 0 0 1
    outer loop
      vertex 79.1676 88.5214 3
      vertex 86.6709 91.0853 3
      vertex 79.2172 88.66 3
    endloop
  endfacet
  facet normal 0 0 1
    outer loop
      vertex 79.2172 88.66 3
      vertex 86.6709 91.0853 3
      vertex 79.2529 88.8028 3
    endloop
  endfacet
  facet normal 0 0 1
    outer loop
      vertex 86.6709 91.0853 3
      vertex 79.1676 88.5214 3
      vertex 87.932 90.1499 3
    endloop
  endfacet
  facet normal 0 0 1
    outer loop
      vertex 85.3241 91.8925 3
      vertex 79.2529 88.8028 3
      vertex 86.6709 91.0853 3
    endloop
  endfacet
  facet normal 0 0 1
    outer loop
      vertex 79.1046 88.3884 3
      vertex 87.932 90.1499 3
      vertex 79.1676 88.5214 3
    endloop
  endfacet
  facet normal 0 0 1
    outer loop
      vertex 79.029 88.2621 3
      vertex 87.932 90.1499 3
      vertex 79.1046 88.3884 3
    endloop
  endfacet
  facet normal 0 0 1
    outer loop
      vertex 87.932 90.1499 3
      vertex 79.029 88.2621 3
      vertex 89.0955 89.0955 3
    endloop
  endfacet
  facet normal 0 0 1
    outer loop
      vertex 89.0955 89.0955 3
      vertex 79.029 88.2621 3
      vertex 88.2621 79.029 3
    endloop
  endfacet
  facet normal 0 0 1
    outer loop
      vertex 88.2621 79.029 3
      vertex 79.029 88.2621 3
      vertex 88.1439 78.9413 3
    endloop
  endfacet
  facet normal -0 0 1
    outer loop
      vertex 78.9413 88.1439 3
      vertex 88.1439 78.9413 3
      vertex 79.029 88.2621 3
    endloop
  endfacet
  facet normal 0 0 1
    outer loop
      vertex 88.1439 78.9413 3
      vertex 78.9413 88.1439 3
      vertex 88.0348 78.8424 3
    endloop
  endfacet
  facet normal 0 0 1
    outer loop
      vertex 79.2529 88.8028 3
      vertex 85.3241 91.8925 3
      vertex 79.2745 88.9484 3
    endloop
  endfacet
  facet normal -0 0 1
    outer loop
      vertex 90.3427 76.9484 3
      vertex 93.7047 76.2135 3
      vertex 90.4183 77.0747 3
    endloop
  endfacet
  facet normal -0 0 1
    outer loop
      vertex 90.255 76.8302 3
      vertex 93.7047 76.2135 3
      vertex 90.3427 76.9484 3
    endloop
  endfacet
  facet normal 0 0 1
    outer loop
      vertex 93.7047 76.2135 3
      vertex 90.255 76.8302 3
      vertex 93.4743 74.6603 3
    endloop
  endfacet
  facet normal -0 0 1
    outer loop
      vertex 90.1561 76.7211 3
      vertex 93.4743 74.6603 3
      vertex 90.255 76.8302 3
    endloop
  endfacet
  facet normal -0 0 1
    outer loop
      vertex 90.047 76.6222 3
      vertex 93.4743 74.6603 3
      vertex 90.1561 76.7211 3
    endloop
  endfacet
  facet normal -0 0 1
    outer loop
      vertex 89.9288 76.5345 3
      vertex 93.4743 74.6603 3
      vertex 90.047 76.6222 3
    endloop
  endfacet
  facet normal 0 0 1
    outer loop
      vertex 93.4743 74.6603 3
      vertex 89.9288 76.5345 3
      vertex 93.0928 73.1372 3
    endloop
  endfacet
  facet normal -0 0 1
    outer loop
      vertex 89.8026 76.4589 3
      vertex 93.0928 73.1372 3
      vertex 89.9288 76.5345 3
    endloop
  endfacet
  facet normal -0 0 1
    outer loop
      vertex 89.6695 76.3959 3
      vertex 93.0928 73.1372 3
      vertex 89.8026 76.4589 3
    endloop
  endfacet
  facet normal -0 0 1
    outer loop
      vertex 89.5309 76.3463 3
      vertex 93.0928 73.1372 3
      vertex 89.6695 76.3959 3
    endloop
  endfacet
  facet normal -0 0 1
    outer loop
      vertex 89.3881 76.3106 3
      vertex 93.0928 73.1372 3
      vertex 89.5309 76.3463 3
    endloop
  endfacet
  facet normal 0 0 1
    outer loop
      vertex 93.0928 73.1372 3
      vertex 89.3881 76.3106 3
      vertex 92.5638 71.6588 3
    endloop
  endfacet
  facet normal -0 0 1
    outer loop
      vertex 89.2425 76.289 3
      vertex 92.5638 71.6588 3
      vertex 89.3881 76.3106 3
    endloop
  endfacet
  facet normal -0 0 1
    outer loop
      vertex 89.0955 76.2817 3
      vertex 92.5638 71.6588 3
      vertex 89.2425 76.289 3
    endloop
  endfacet
  facet normal 0 0 1
    outer loop
      vertex 92.5638 71.6588 3
      vertex 89.0955 76.2817 3
      vertex 91.8925 70.2394 3
    endloop
  endfacet
  facet normal 0 0 1
    outer loop
      vertex 88.9484 76.289 3
      vertex 91.8925 70.2394 3
      vertex 89.0955 76.2817 3
    endloop
  endfacet
  facet normal 0 0 1
    outer loop
      vertex 88.8028 76.3106 3
      vertex 91.8925 70.2394 3
      vertex 88.9484 76.289 3
    endloop
  endfacet
  facet normal 0 0 1
    outer loop
      vertex 91.8925 70.2394 3
      vertex 88.8028 76.3106 3
      vertex 91.0853 68.8926 3
    endloop
  endfacet
  facet normal 0 0 1
    outer loop
      vertex 88.66 76.3463 3
      vertex 91.0853 68.8926 3
      vertex 88.8028 76.3106 3
    endloop
  endfacet
  facet normal 0 0 1
    outer loop
      vertex 88.5214 76.3959 3
      vertex 91.0853 68.8926 3
      vertex 88.66 76.3463 3
    endloop
  endfacet
  facet normal 0 0 1
    outer loop
      vertex 91.0853 68.8926 3
      vertex 88.5214 76.3959 3
      vertex 90.1499 67.6315 3
    endloop
  endfacet
  facet normal 0 0 1
    outer loop
      vertex 88.3884 76.4589 3
      vertex 90.1499 67.6315 3
      vertex 88.5214 76.3959 3
    endloop
  endfacet
  facet normal 0 0 1
    outer loop
      vertex 88.2621 76.5345 3
      vertex 90.1499 67.6315 3
      vertex 88.3884 76.4589 3
    endloop
  endfacet
  facet normal 0 0 1
    outer loop
      vertex 90.1499 67.6315 3
      vertex 88.2621 76.5345 3
      vertex 89.0955 66.468 3
    endloop
  endfacet
  facet normal 0 0 1
    outer loop
      vertex 88.1439 76.6222 3
      vertex 89.0955 66.468 3
      vertex 88.2621 76.5345 3
    endloop
  endfacet
  facet normal 0 0 1
    outer loop
      vertex 79.2817 66.468 3
      vertex 88.1439 76.6222 3
      vertex 88.0348 76.7211 3
    endloop
  endfacet
  facet normal 0 0 1
    outer loop
      vertex 79.2817 66.468 3
      vertex 88.0348 76.7211 3
      vertex 87.9359 76.8302 3
    endloop
  endfacet
  facet normal 0 0 1
    outer loop
      vertex 79.2817 66.468 3
      vertex 87.9359 76.8302 3
      vertex 87.8483 76.9484 3
    endloop
  endfacet
  facet normal 0 0 1
    outer loop
      vertex 79.2817 66.468 3
      vertex 87.8483 76.9484 3
      vertex 87.7726 77.0747 3
    endloop
  endfacet
  facet normal 0 0 1
    outer loop
      vertex 79.2817 66.468 3
      vertex 87.7726 77.0747 3
      vertex 87.7096 77.2077 3
    endloop
  endfacet
  facet normal 0 0 1
    outer loop
      vertex 79.2817 66.468 3
      vertex 87.7096 77.2077 3
      vertex 87.66 77.3463 3
    endloop
  endfacet
  facet normal 0 0 1
    outer loop
      vertex 79.2817 66.468 3
      vertex 87.66 77.3463 3
      vertex 87.6243 77.4891 3
    endloop
  endfacet
  facet normal 0 0 1
    outer loop
      vertex 79.2817 66.468 3
      vertex 87.6243 77.4891 3
      vertex 87.6027 77.6347 3
    endloop
  endfacet
  facet normal -0 0 1
    outer loop
      vertex 78.8424 88.0348 3
      vertex 88.0348 78.8424 3
      vertex 78.9413 88.1439 3
    endloop
  endfacet
  facet normal 0 0 1
    outer loop
      vertex 79.2745 88.9484 3
      vertex 85.3241 91.8925 3
      vertex 79.2817 89.0955 3
    endloop
  endfacet
  facet normal 0 0 1
    outer loop
      vertex 88.0348 78.8424 3
      vertex 78.8424 88.0348 3
      vertex 87.9359 78.7333 3
    endloop
  endfacet
  facet normal 0 0 1
    outer loop
      vertex 79.2817 89.0955 3
      vertex 85.3241 91.8925 3
      vertex 83.9047 92.5638 3
    endloop
  endfacet
  facet normal 0 0 1
    outer loop
      vertex 79.2745 89.2425 3
      vertex 83.9047 92.5638 3
      vertex 82.4263 93.0928 3
    endloop
  endfacet
  facet normal 0 0 1
    outer loop
      vertex 79.2745 89.2425 3
      vertex 82.4263 93.0928 3
      vertex 80.9032 93.4743 3
    endloop
  endfacet
  facet normal 0 0 1
    outer loop
      vertex 78.7333 90.255 3
      vertex 80.9032 93.4743 3
      vertex 79.35 93.7047 3
    endloop
  endfacet
  facet normal 0 0 1
    outer loop
      vertex 87.5955 77.7817 3
      vertex 79.2817 66.468 3
      vertex 87.6027 77.6347 3
    endloop
  endfacet
  facet normal 0 0 1
    outer loop
      vertex 88.1439 76.6222 3
      vertex 79.2817 66.468 3
      vertex 89.0955 66.468 3
    endloop
  endfacet
  facet normal 0 0 1
    outer loop
      vertex 79.2745 66.321 3
      vertex 89.0955 66.468 3
      vertex 79.2817 66.468 3
    endloop
  endfacet
  facet normal 0 0 1
    outer loop
      vertex 79.2529 66.1754 3
      vertex 89.0955 66.468 3
      vertex 79.2745 66.321 3
    endloop
  endfacet
  facet normal 0 0 1
    outer loop
      vertex 79.2172 66.0326 3
      vertex 89.0955 66.468 3
      vertex 79.2529 66.1754 3
    endloop
  endfacet
  facet normal 0 0 1
    outer loop
      vertex 79.1676 65.894 3
      vertex 89.0955 66.468 3
      vertex 79.2172 66.0326 3
    endloop
  endfacet
  facet normal 0 0 1
    outer loop
      vertex 79.1046 65.7609 3
      vertex 89.0955 66.468 3
      vertex 79.1676 65.894 3
    endloop
  endfacet
  facet normal 0 0 1
    outer loop
      vertex 79.0289 65.6347 3
      vertex 89.0955 66.468 3
      vertex 79.1046 65.7609 3
    endloop
  endfacet
  facet normal 0 0 1
    outer loop
      vertex 78.9413 65.5164 3
      vertex 89.0955 66.468 3
      vertex 79.0289 65.6347 3
    endloop
  endfacet
  facet normal 0 0 1
    outer loop
      vertex 78.8424 65.4074 3
      vertex 89.0955 66.468 3
      vertex 78.9413 65.5164 3
    endloop
  endfacet
  facet normal 0 0 1
    outer loop
      vertex 78.7333 65.3085 3
      vertex 89.0955 66.468 3
      vertex 78.8424 65.4074 3
    endloop
  endfacet
  facet normal 0 0 1
    outer loop
      vertex 78.6151 65.2208 3
      vertex 89.0955 66.468 3
      vertex 78.7333 65.3085 3
    endloop
  endfacet
  facet normal 0 0 1
    outer loop
      vertex 78.4888 65.1452 3
      vertex 89.0955 66.468 3
      vertex 78.6151 65.2208 3
    endloop
  endfacet
  facet normal 0 0 1
    outer loop
      vertex 78.3558 65.0822 3
      vertex 89.0955 66.468 3
      vertex 78.4888 65.1452 3
    endloop
  endfacet
  facet normal 0 0 1
    outer loop
      vertex 78.2172 65.0326 3
      vertex 89.0955 66.468 3
      vertex 78.3558 65.0822 3
    endloop
  endfacet
  facet normal 0 0 1
    outer loop
      vertex 54.3942 46.7221 3
      vertex 78.2172 65.0326 3
      vertex 78.0744 64.9969 3
    endloop
  endfacet
  facet normal 0 0 1
    outer loop
      vertex 54.3942 46.7221 3
      vertex 78.0744 64.9969 3
      vertex 77.9288 64.9753 3
    endloop
  endfacet
  facet normal 0 0 1
    outer loop
      vertex 76.3106 89.3881 3
      vertex 71.6588 92.5638 3
      vertex 76.289 89.2425 3
    endloop
  endfacet
  facet normal -0 0 1
    outer loop
      vertex 67.5287 76.7211 3
      vertex 76.7211 67.5287 3
      vertex 67.6276 76.8302 3
    endloop
  endfacet
  facet normal 0 0 1
    outer loop
      vertex 76.289 89.2425 3
      vertex 71.6588 92.5638 3
      vertex 76.2817 89.0955 3
    endloop
  endfacet
  facet normal -0 0 1
    outer loop
      vertex 70.2394 91.8925 3
      vertex 76.2817 89.0955 3
      vertex 71.6588 92.5638 3
    endloop
  endfacet
  facet normal 0 0 1
    outer loop
      vertex 76.7211 67.5287 3
      vertex 67.5287 76.7211 3
      vertex 76.6222 67.4196 3
    endloop
  endfacet
  facet normal 0 0 1
    outer loop
      vertex 76.3106 88.8028 3
      vertex 70.2394 91.8925 3
      vertex 68.8926 91.0853 3
    endloop
  endfacet
  facet normal 0 0 1
    outer loop
      vertex 76.4589 88.3884 3
      vertex 67.6315 90.1499 3
      vertex 76.5345 88.2621 3
    endloop
  endfacet
  facet normal -0 0 1
    outer loop
      vertex 67.4196 76.6222 3
      vertex 76.6222 67.4196 3
      vertex 67.5287 76.7211 3
    endloop
  endfacet
  facet normal 0 0 1
    outer loop
      vertex 76.6222 67.4196 3
      vertex 67.4196 76.6222 3
      vertex 76.5345 67.3014 3
    endloop
  endfacet
  facet normal -0 0 1
    outer loop
      vertex 67.3014 76.5345 3
      vertex 76.5345 67.3014 3
      vertex 67.4196 76.6222 3
    endloop
  endfacet
  facet normal 0 0 1
    outer loop
      vertex 76.5345 67.3014 3
      vertex 67.3014 76.5345 3
      vertex 76.4589 67.1751 3
    endloop
  endfacet
  facet normal -0 0 1
    outer loop
      vertex 67.1751 76.4589 3
      vertex 76.4589 67.1751 3
      vertex 67.3014 76.5345 3
    endloop
  endfacet
  facet normal 0 0 1
    outer loop
      vertex 76.4589 67.1751 3
      vertex 67.1751 76.4589 3
      vertex 76.3959 67.0421 3
    endloop
  endfacet
  facet normal -0 0 1
    outer loop
      vertex 67.0421 76.3959 3
      vertex 76.3959 67.0421 3
      vertex 67.1751 76.4589 3
    endloop
  endfacet
  facet normal 0 0 1
    outer loop
      vertex 76.3959 67.0421 3
      vertex 67.0421 76.3959 3
      vertex 76.3463 66.9035 3
    endloop
  endfacet
  facet normal -0 0 1
    outer loop
      vertex 66.9035 76.3463 3
      vertex 76.3463 66.9035 3
      vertex 67.0421 76.3959 3
    endloop
  endfacet
  facet normal 0 0 1
    outer loop
      vertex 76.3463 66.9035 3
      vertex 66.9035 76.3463 3
      vertex 76.3106 66.7607 3
    endloop
  endfacet
  facet normal -0 0 1
    outer loop
      vertex 66.7607 76.3106 3
      vertex 76.3106 66.7607 3
      vertex 66.9035 76.3463 3
    endloop
  endfacet
  facet normal 0 0 1
    outer loop
      vertex 76.3106 66.7607 3
      vertex 66.7607 76.3106 3
      vertex 76.289 66.6151 3
    endloop
  endfacet
  facet normal -0 0 1
    outer loop
      vertex 66.6151 76.289 3
      vertex 76.289 66.6151 3
      vertex 66.7607 76.3106 3
    endloop
  endfacet
  facet normal 0 0 1
    outer loop
      vertex 76.289 66.6151 3
      vertex 66.6151 76.289 3
      vertex 76.2817 66.468 3
    endloop
  endfacet
  facet normal -0 0 1
    outer loop
      vertex 66.468 76.2817 3
      vertex 76.2817 66.468 3
      vertex 66.6151 76.289 3
    endloop
  endfacet
  facet normal 0 0 1
    outer loop
      vertex 76.2817 66.468 3
      vertex 66.468 76.2817 3
      vertex 76.289 66.321 3
    endloop
  endfacet
  facet normal 0 0 1
    outer loop
      vertex 66.321 76.289 3
      vertex 76.289 66.321 3
      vertex 66.468 76.2817 3
    endloop
  endfacet
  facet normal 0 0 1
    outer loop
      vertex 76.289 66.321 3
      vertex 66.321 76.289 3
      vertex 76.3106 66.1754 3
    endloop
  endfacet
  facet normal 0 0 1
    outer loop
      vertex 66.1754 76.3106 3
      vertex 76.3106 66.1754 3
      vertex 66.321 76.289 3
    endloop
  endfacet
  facet normal 0 0 1
    outer loop
      vertex 76.3106 66.1754 3
      vertex 66.1754 76.3106 3
      vertex 76.3463 66.0326 3
    endloop
  endfacet
  facet normal 0 0 1
    outer loop
      vertex 66.0326 76.3463 3
      vertex 76.3463 66.0326 3
      vertex 66.1754 76.3106 3
    endloop
  endfacet
  facet normal 0 0 1
    outer loop
      vertex 54.3942 46.7221 3
      vertex 76.3463 66.0326 3
      vertex 66.0326 76.3463 3
    endloop
  endfacet
  facet normal 0 0 1
    outer loop
      vertex 76.3463 66.0326 3
      vertex 54.3942 46.7221 3
      vertex 76.3959 65.894 3
    endloop
  endfacet
  facet normal 0 0 1
    outer loop
      vertex 76.3959 65.894 3
      vertex 54.3942 46.7221 3
      vertex 76.4589 65.7609 3
    endloop
  endfacet
  facet normal 0 0 1
    outer loop
      vertex 76.4589 65.7609 3
      vertex 54.3942 46.7221 3
      vertex 76.5345 65.6347 3
    endloop
  endfacet
  facet normal 0 0 1
    outer loop
      vertex 76.5345 65.6347 3
      vertex 54.3942 46.7221 3
      vertex 76.6222 65.5164 3
    endloop
  endfacet
  facet normal 0 0 1
    outer loop
      vertex 54.3942 46.7221 3
      vertex 66.0326 76.3463 3
      vertex 65.894 76.3959 3
    endloop
  endfacet
  facet normal 0 0 1
    outer loop
      vertex 54.3942 46.7221 3
      vertex 65.894 76.3959 3
      vertex 65.7609 76.4589 3
    endloop
  endfacet
  facet normal 0 0 1
    outer loop
      vertex 54.3942 46.7221 3
      vertex 65.7609 76.4589 3
      vertex 65.6347 76.5345 3
    endloop
  endfacet
  facet normal 0 0 1
    outer loop
      vertex 54.3942 46.7221 3
      vertex 65.6347 76.5345 3
      vertex 65.5164 76.6222 3
    endloop
  endfacet
  facet normal 0 0 1
    outer loop
      vertex 54.3942 46.7221 3
      vertex 65.5164 76.6222 3
      vertex 65.4074 76.7211 3
    endloop
  endfacet
  facet normal 0 0 1
    outer loop
      vertex 54.3942 46.7221 3
      vertex 64.9753 77.6347 3
      vertex 64.968 77.7817 3
    endloop
  endfacet
  facet normal 0 0 1
    outer loop
      vertex 54.3942 46.7221 3
      vertex 64.9969 77.4891 3
      vertex 64.9753 77.6347 3
    endloop
  endfacet
  facet normal 0 0 1
    outer loop
      vertex 54.3942 46.7221 3
      vertex 65.0326 77.3463 3
      vertex 64.9969 77.4891 3
    endloop
  endfacet
  facet normal 0 0 1
    outer loop
      vertex 54.3942 46.7221 3
      vertex 65.0822 77.2077 3
      vertex 65.0326 77.3463 3
    endloop
  endfacet
  facet normal 0 0 1
    outer loop
      vertex 54.3942 46.7221 3
      vertex 65.1452 77.0747 3
      vertex 65.0822 77.2077 3
    endloop
  endfacet
  facet normal 0 0 1
    outer loop
      vertex 54.3942 46.7221 3
      vertex 65.2208 76.9484 3
      vertex 65.1452 77.0747 3
    endloop
  endfacet
  facet normal 0 0 1
    outer loop
      vertex 54.3942 46.7221 3
      vertex 65.3085 76.8302 3
      vertex 65.2208 76.9484 3
    endloop
  endfacet
  facet normal 0 0 1
    outer loop
      vertex 54.3942 46.7221 3
      vertex 65.4074 76.7211 3
      vertex 65.3085 76.8302 3
    endloop
  endfacet
  facet normal 0 0 1
    outer loop
      vertex 76.6222 65.5164 3
      vertex 54.3942 46.7221 3
      vertex 76.7211 65.4074 3
    endloop
  endfacet
  facet normal 0 0 1
    outer loop
      vertex 54.3942 46.7221 3
      vertex 76.8302 65.3085 3
      vertex 76.7211 65.4074 3
    endloop
  endfacet
  facet normal 0 0 1
    outer loop
      vertex 54.3942 46.7221 3
      vertex 76.9484 65.2208 3
      vertex 76.8302 65.3085 3
    endloop
  endfacet
  facet normal 0 0 1
    outer loop
      vertex 54.3942 46.7221 3
      vertex 77.0747 65.1452 3
      vertex 76.9484 65.2208 3
    endloop
  endfacet
  facet normal 0 0 1
    outer loop
      vertex 54.3942 46.7221 3
      vertex 77.2077 65.0822 3
      vertex 77.0747 65.1452 3
    endloop
  endfacet
  facet normal 0 0 1
    outer loop
      vertex 54.3942 46.7221 3
      vertex 77.3463 65.0326 3
      vertex 77.2077 65.0822 3
    endloop
  endfacet
  facet normal 0 0 1
    outer loop
      vertex 54.3942 46.7221 3
      vertex 77.4891 64.9969 3
      vertex 77.3463 65.0326 3
    endloop
  endfacet
  facet normal 0 0 1
    outer loop
      vertex 54.3942 46.7221 3
      vertex 77.6347 64.9753 3
      vertex 77.4891 64.9969 3
    endloop
  endfacet
  facet normal 0 0 1
    outer loop
      vertex 54.3942 46.7221 3
      vertex 77.7817 64.968 3
      vertex 77.6347 64.9753 3
    endloop
  endfacet
  facet normal 0 0 1
    outer loop
      vertex 54.3942 46.7221 3
      vertex 77.9288 64.9753 3
      vertex 77.7817 64.968 3
    endloop
  endfacet
  facet normal -0 0 1
    outer loop
      vertex 78.2172 65.0326 3
      vertex 54.3942 46.7221 3
      vertex 89.0955 66.468 3
    endloop
  endfacet
  facet normal -0 0 1
    outer loop
      vertex 54.3942 46.7221 3
      vertex 27.8817 2.40718 3
      vertex 89.0955 66.468 3
    endloop
  endfacet
  facet normal 0 0 1
    outer loop
      vertex 18.5502 26.2223 3
      vertex 27.8817 2.40718 3
      vertex 26.2223 18.5502 3
    endloop
  endfacet
  facet normal -0 0 1
    outer loop
      vertex 26.2223 18.5502 3
      vertex 27.8817 2.40718 3
      vertex 54.3942 46.7221 3
    endloop
  endfacet
  facet normal -0.994643 0.103374 0
    outer loop
      vertex -26.2223 18.5502 -3
      vertex -25.5 25.5 3
      vertex -25.5 25.5 -3
    endloop
  endfacet
  facet normal -0.994643 0.103374 0
    outer loop
      vertex -25.5 25.5 3
      vertex -26.2223 18.5502 -3
      vertex -26.2223 18.5502 3
    endloop
  endfacet
  facet normal -0.0490854 0.998795 0
    outer loop
      vertex 0 28 -3
      vertex -2.40718 27.8817 3
      vertex 0 28 3
    endloop
  endfacet
  facet normal -0.0490854 0.998795 0
    outer loop
      vertex -2.40718 27.8817 3
      vertex 0 28 -3
      vertex -2.40718 27.8817 -3
    endloop
  endfacet
  facet normal 0.0490387 0.998797 -0
    outer loop
      vertex 79.35 93.7047 -3
      vertex 77.7817 93.7817 3
      vertex 79.35 93.7047 3
    endloop
  endfacet
  facet normal 0.0490387 0.998797 0
    outer loop
      vertex 77.7817 93.7817 3
      vertex 79.35 93.7047 -3
      vertex 77.7817 93.7817 -3
    endloop
  endfacet
  facet normal 0.671512 0.740994 -0
    outer loop
      vertex 89.0955 89.0955 -3
      vertex 87.932 90.1499 3
      vertex 89.0955 89.0955 3
    endloop
  endfacet
  facet normal 0.671512 0.740994 0
    outer loop
      vertex 87.932 90.1499 3
      vertex 89.0955 89.0955 -3
      vertex 87.932 90.1499 -3
    endloop
  endfacet
  facet normal -0.690859 0.72299 0
    outer loop
      vertex 66.468 89.0955 -3
      vertex 2.40718 27.8817 3
      vertex 66.468 89.0955 3
    endloop
  endfacet
  facet normal -0.690859 0.72299 0
    outer loop
      vertex 2.40718 27.8817 3
      vertex 66.468 89.0955 -3
      vertex 2.40718 27.8817 -3
    endloop
  endfacet
  facet normal -0.24297 0.970034 0
    outer loop
      vertex 74.6603 93.4743 -3
      vertex 73.1372 93.0928 3
      vertex 74.6603 93.4743 3
    endloop
  endfacet
  facet normal -0.24297 0.970034 0
    outer loop
      vertex 73.1372 93.0928 3
      vertex 74.6603 93.4743 -3
      vertex 73.1372 93.0928 -3
    endloop
  endfacet
  facet normal 0.72299 -0.690859 0
    outer loop
      vertex 27.8817 2.40718 3
      vertex 89.0955 66.468 -3
      vertex 89.0955 66.468 3
    endloop
  endfacet
  facet normal 0.72299 -0.690859 0
    outer loop
      vertex 89.0955 66.468 -3
      vertex 27.8817 2.40718 3
      vertex 27.8817 2.40718 -3
    endloop
  endfacet
  facet normal -0.514084 0.85774 0
    outer loop
      vertex 70.2394 91.8925 -3
      vertex 68.8926 91.0853 3
      vertex 70.2394 91.8925 3
    endloop
  endfacet
  facet normal -0.514084 0.85774 0
    outer loop
      vertex 68.8926 91.0853 3
      vertex 70.2394 91.8925 -3
      vertex 68.8926 91.0853 -3
    endloop
  endfacet
  facet normal 0.336901 0.94154 -0
    outer loop
      vertex 83.9047 92.5638 -3
      vertex 82.4263 93.0928 3
      vertex 83.9047 92.5638 3
    endloop
  endfacet
  facet normal 0.336901 0.94154 0
    outer loop
      vertex 82.4263 93.0928 3
      vertex 83.9047 92.5638 -3
      vertex 82.4263 93.0928 -3
    endloop
  endfacet
  facet normal 0.803176 0.595742 0
    outer loop
      vertex 91.0853 86.6709 3
      vertex 90.1499 87.932 -3
      vertex 90.1499 87.932 3
    endloop
  endfacet
  facet normal 0.803176 0.595742 0
    outer loop
      vertex 90.1499 87.932 -3
      vertex 91.0853 86.6709 3
      vertex 91.0853 86.6709 -3
    endloop
  endfacet
  facet normal 0.740994 -0.671512 0
    outer loop
      vertex 89.0955 66.468 3
      vertex 90.1499 67.6315 -3
      vertex 90.1499 67.6315 3
    endloop
  endfacet
  facet normal 0.740994 -0.671512 0
    outer loop
      vertex 90.1499 67.6315 -3
      vertex 89.0955 66.468 3
      vertex 89.0955 66.468 -3
    endloop
  endfacet
  facet normal -0.427541 0.903996 0
    outer loop
      vertex 71.6588 92.5638 -3
      vertex 70.2394 91.8925 3
      vertex 71.6588 92.5638 3
    endloop
  endfacet
  facet normal -0.427541 0.903996 0
    outer loop
      vertex 70.2394 91.8925 3
      vertex 71.6588 92.5638 -3
      vertex 70.2394 91.8925 -3
    endloop
  endfacet
  facet normal -0.671512 0.740994 0
    outer loop
      vertex 67.6315 90.1499 -3
      vertex 66.468 89.0955 3
      vertex 67.6315 90.1499 3
    endloop
  endfacet
  facet normal -0.671512 0.740994 0
    outer loop
      vertex 66.468 89.0955 3
      vertex 67.6315 90.1499 -3
      vertex 66.468 89.0955 -3
    endloop
  endfacet
  facet normal 0.595742 0.803176 -0
    outer loop
      vertex 87.932 90.1499 -3
      vertex 86.6709 91.0853 3
      vertex 87.932 90.1499 3
    endloop
  endfacet
  facet normal 0.595742 0.803176 0
    outer loop
      vertex 86.6709 91.0853 3
      vertex 87.932 90.1499 -3
      vertex 86.6709 91.0853 -3
    endloop
  endfacet
  facet normal 0.146733 0.989176 -0
    outer loop
      vertex 80.9032 93.4743 -3
      vertex 79.35 93.7047 3
      vertex 80.9032 93.4743 3
    endloop
  endfacet
  facet normal 0.146733 0.989176 0
    outer loop
      vertex 79.35 93.7047 3
      vertex 80.9032 93.4743 -3
      vertex 79.35 93.7047 -3
    endloop
  endfacet
  facet normal 0.24297 0.970034 -0
    outer loop
      vertex 82.4263 93.0928 -3
      vertex 80.9032 93.4743 3
      vertex 82.4263 93.0928 3
    endloop
  endfacet
  facet normal 0.24297 0.970034 0
    outer loop
      vertex 80.9032 93.4743 3
      vertex 82.4263 93.0928 -3
      vertex 80.9032 93.4743 -3
    endloop
  endfacet
  facet normal 0.989176 -0.146733 0
    outer loop
      vertex 93.4743 74.6603 3
      vertex 93.7047 76.2135 -3
      vertex 93.7047 76.2135 3
    endloop
  endfacet
  facet normal 0.989176 -0.146733 0
    outer loop
      vertex 93.7047 76.2135 -3
      vertex 93.4743 74.6603 3
      vertex 93.4743 74.6603 -3
    endloop
  endfacet
  facet normal 0.427541 0.903996 -0
    outer loop
      vertex 85.3241 91.8925 -3
      vertex 83.9047 92.5638 3
      vertex 85.3241 91.8925 3
    endloop
  endfacet
  facet normal 0.427541 0.903996 0
    outer loop
      vertex 83.9047 92.5638 3
      vertex 85.3241 91.8925 -3
      vertex 83.9047 92.5638 -3
    endloop
  endfacet
  facet normal 0.514084 0.85774 -0
    outer loop
      vertex 86.6709 91.0853 -3
      vertex 85.3241 91.8925 3
      vertex 86.6709 91.0853 3
    endloop
  endfacet
  facet normal 0.514084 0.85774 0
    outer loop
      vertex 85.3241 91.8925 3
      vertex 86.6709 91.0853 -3
      vertex 85.3241 91.8925 -3
    endloop
  endfacet
  facet normal 0.740994 0.671512 0
    outer loop
      vertex 90.1499 87.932 3
      vertex 89.0955 89.0955 -3
      vertex 89.0955 89.0955 3
    endloop
  endfacet
  facet normal 0.740994 0.671512 0
    outer loop
      vertex 89.0955 89.0955 -3
      vertex 90.1499 87.932 3
      vertex 90.1499 87.932 -3
    endloop
  endfacet
  facet normal -0.336901 0.94154 0
    outer loop
      vertex 73.1372 93.0928 -3
      vertex 71.6588 92.5638 3
      vertex 73.1372 93.0928 3
    endloop
  endfacet
  facet normal -0.336901 0.94154 0
    outer loop
      vertex 71.6588 92.5638 3
      vertex 73.1372 93.0928 -3
      vertex 71.6588 92.5638 -3
    endloop
  endfacet
  facet normal -0.146733 0.989176 0
    outer loop
      vertex 76.2135 93.7047 -3
      vertex 74.6603 93.4743 3
      vertex 76.2135 93.7047 3
    endloop
  endfacet
  facet normal -0.146733 0.989176 0
    outer loop
      vertex 74.6603 93.4743 3
      vertex 76.2135 93.7047 -3
      vertex 74.6603 93.4743 -3
    endloop
  endfacet
  facet normal -0.0490418 0.998797 0
    outer loop
      vertex 77.7817 93.7817 -3
      vertex 76.2135 93.7047 3
      vertex 77.7817 93.7817 3
    endloop
  endfacet
  facet normal -0.0490418 0.998797 0
    outer loop
      vertex 76.2135 93.7047 3
      vertex 77.7817 93.7817 -3
      vertex 76.2135 93.7047 -3
    endloop
  endfacet
  facet normal 0.85774 0.514084 0
    outer loop
      vertex 91.8925 85.3241 3
      vertex 91.0853 86.6709 -3
      vertex 91.0853 86.6709 3
    endloop
  endfacet
  facet normal 0.85774 0.514084 0
    outer loop
      vertex 91.0853 86.6709 -3
      vertex 91.8925 85.3241 3
      vertex 91.8925 85.3241 -3
    endloop
  endfacet
  facet normal 0.903996 0.427541 0
    outer loop
      vertex 92.5638 83.9047 3
      vertex 91.8925 85.3241 -3
      vertex 91.8925 85.3241 3
    endloop
  endfacet
  facet normal 0.903996 0.427541 0
    outer loop
      vertex 91.8925 85.3241 -3
      vertex 92.5638 83.9047 3
      vertex 92.5638 83.9047 -3
    endloop
  endfacet
  facet normal -0.595742 0.803176 0
    outer loop
      vertex 68.8926 91.0853 -3
      vertex 67.6315 90.1499 3
      vertex 68.8926 91.0853 3
    endloop
  endfacet
  facet normal -0.595742 0.803176 0
    outer loop
      vertex 67.6315 90.1499 3
      vertex 68.8926 91.0853 -3
      vertex 67.6315 90.1499 -3
    endloop
  endfacet
  facet normal 0.989176 0.146733 0
    outer loop
      vertex 93.7047 79.35 3
      vertex 93.4743 80.9032 -3
      vertex 93.4743 80.9032 3
    endloop
  endfacet
  facet normal 0.989176 0.146733 0
    outer loop
      vertex 93.4743 80.9032 -3
      vertex 93.7047 79.35 3
      vertex 93.7047 79.35 -3
    endloop
  endfacet
  facet normal 0.85774 -0.514084 0
    outer loop
      vertex 91.0853 68.8926 3
      vertex 91.8925 70.2394 -3
      vertex 91.8925 70.2394 3
    endloop
  endfacet
  facet normal 0.85774 -0.514084 0
    outer loop
      vertex 91.8925 70.2394 -3
      vertex 91.0853 68.8926 3
      vertex 91.0853 68.8926 -3
    endloop
  endfacet
  facet normal 0.803176 -0.595742 0
    outer loop
      vertex 90.1499 67.6315 3
      vertex 91.0853 68.8926 -3
      vertex 91.0853 68.8926 3
    endloop
  endfacet
  facet normal 0.803176 -0.595742 0
    outer loop
      vertex 91.0853 68.8926 -3
      vertex 90.1499 67.6315 3
      vertex 90.1499 67.6315 -3
    endloop
  endfacet
  facet normal 0.903996 -0.427541 0
    outer loop
      vertex 91.8925 70.2394 3
      vertex 92.5638 71.6588 -3
      vertex 92.5638 71.6588 3
    endloop
  endfacet
  facet normal 0.903996 -0.427541 0
    outer loop
      vertex 92.5638 71.6588 -3
      vertex 91.8925 70.2394 3
      vertex 91.8925 70.2394 -3
    endloop
  endfacet
  facet normal 0.94154 -0.336901 0
    outer loop
      vertex 92.5638 71.6588 3
      vertex 93.0928 73.1372 -3
      vertex 93.0928 73.1372 3
    endloop
  endfacet
  facet normal 0.94154 -0.336901 0
    outer loop
      vertex 93.0928 73.1372 -3
      vertex 92.5638 71.6588 3
      vertex 92.5638 71.6588 -3
    endloop
  endfacet
  facet normal 0.94154 0.336901 0
    outer loop
      vertex 93.0928 82.4263 3
      vertex 92.5638 83.9047 -3
      vertex 92.5638 83.9047 3
    endloop
  endfacet
  facet normal 0.94154 0.336901 0
    outer loop
      vertex 92.5638 83.9047 -3
      vertex 93.0928 82.4263 3
      vertex 93.0928 82.4263 -3
    endloop
  endfacet
  facet normal 0.970034 0.24297 0
    outer loop
      vertex 93.4743 80.9032 3
      vertex 93.0928 82.4263 -3
      vertex 93.0928 82.4263 3
    endloop
  endfacet
  facet normal 0.970034 0.24297 0
    outer loop
      vertex 93.0928 82.4263 -3
      vertex 93.4743 80.9032 3
      vertex 93.4743 80.9032 -3
    endloop
  endfacet
  facet normal 0.998797 0.0490387 0
    outer loop
      vertex 93.7817 77.7817 3
      vertex 93.7047 79.35 -3
      vertex 93.7047 79.35 3
    endloop
  endfacet
  facet normal 0.998797 0.0490387 0
    outer loop
      vertex 93.7047 79.35 -3
      vertex 93.7817 77.7817 3
      vertex 93.7817 77.7817 -3
    endloop
  endfacet
  facet normal 0.998797 -0.0490418 0
    outer loop
      vertex 93.7047 76.2135 3
      vertex 93.7817 77.7817 -3
      vertex 93.7817 77.7817 3
    endloop
  endfacet
  facet normal 0.998797 -0.0490418 0
    outer loop
      vertex 93.7817 77.7817 -3
      vertex 93.7047 76.2135 3
      vertex 93.7047 76.2135 -3
    endloop
  endfacet
  facet normal 0.970034 -0.24297 0
    outer loop
      vertex 93.0928 73.1372 3
      vertex 93.4743 74.6603 -3
      vertex 93.4743 74.6603 3
    endloop
  endfacet
  facet normal 0.970034 -0.24297 0
    outer loop
      vertex 93.4743 74.6603 -3
      vertex 93.0928 73.1372 3
      vertex 93.0928 73.1372 -3
    endloop
  endfacet
  facet normal -0.707107 -0.707107 0
    outer loop
      vertex 54.3942 46.7221 -3
      vertex 46.7221 54.3942 3
      vertex 46.7221 54.3942 -3
    endloop
  endfacet
  facet normal -0.707107 -0.707107 0
    outer loop
      vertex 46.7221 54.3942 3
      vertex 54.3942 46.7221 -3
      vertex 54.3942 46.7221 3
    endloop
  endfacet
  facet normal 0.707107 -0.707107 0
    outer loop
      vertex 18.5502 26.2223 3
      vertex 46.7221 54.3942 -3
      vertex 46.7221 54.3942 3
    endloop
  endfacet
  facet normal 0.707107 -0.707107 0
    outer loop
      vertex 46.7221 54.3942 -3
      vertex 18.5502 26.2223 3
      vertex 18.5502 26.2223 -3
    endloop
  endfacet
  facet normal -0.707107 0.707107 0
    outer loop
      vertex 26.2223 18.5502 -3
      vertex 54.3942 46.7221 3
      vertex 54.3942 46.7221 -3
    endloop
  endfacet
  facet normal -0.707107 0.707107 0
    outer loop
      vertex 54.3942 46.7221 3
      vertex 26.2223 18.5502 -3
      vertex 26.2223 18.5502 3
    endloop
  endfacet
  facet normal -0.242536 -0.970143 0
    outer loop
      vertex 78.0744 67.9392 -3
      vertex 78.2172 67.9035 3
      vertex 78.0744 67.9392 3
    endloop
  endfacet
  facet normal -0.242536 -0.970143 -0
    outer loop
      vertex 78.2172 67.9035 3
      vertex 78.0744 67.9392 -3
      vertex 78.2172 67.9035 -3
    endloop
  endfacet
  facet normal 0.428086 -0.903738 0
    outer loop
      vertex 77.0747 67.7909 -3
      vertex 77.2077 67.8539 3
      vertex 77.0747 67.7909 3
    endloop
  endfacet
  facet normal 0.428086 -0.903738 0
    outer loop
      vertex 77.2077 67.8539 3
      vertex 77.0747 67.7909 -3
      vertex 77.2077 67.8539 -3
    endloop
  endfacet
  facet normal 0.941527 -0.336939 0
    outer loop
      vertex 76.3463 66.9035 3
      vertex 76.3959 67.0421 -3
      vertex 76.3959 67.0421 3
    endloop
  endfacet
  facet normal 0.941527 -0.336939 0
    outer loop
      vertex 76.3959 67.0421 -3
      vertex 76.3463 66.9035 3
      vertex 76.3463 66.9035 -3
    endloop
  endfacet
  facet normal 0.903862 0.427824 0
    outer loop
      vertex 76.4589 65.7609 3
      vertex 76.3959 65.894 -3
      vertex 76.3959 65.894 3
    endloop
  endfacet
  facet normal 0.903862 0.427824 0
    outer loop
      vertex 76.3959 65.894 -3
      vertex 76.4589 65.7609 3
      vertex 76.4589 65.7609 -3
    endloop
  endfacet
  facet normal -0.740892 -0.671624 0
    outer loop
      vertex 78.9413 67.4196 -3
      vertex 78.8424 67.5287 3
      vertex 78.8424 67.5287 -3
    endloop
  endfacet
  facet normal -0.740892 -0.671624 0
    outer loop
      vertex 78.8424 67.5287 3
      vertex 78.9413 67.4196 -3
      vertex 78.9413 67.4196 3
    endloop
  endfacet
  facet normal 0.671624 -0.740892 0
    outer loop
      vertex 76.7211 67.5287 -3
      vertex 76.8302 67.6276 3
      vertex 76.7211 67.5287 3
    endloop
  endfacet
  facet normal 0.671624 -0.740892 0
    outer loop
      vertex 76.8302 67.6276 3
      vertex 76.7211 67.5287 -3
      vertex 76.8302 67.6276 -3
    endloop
  endfacet
  facet normal 0.242536 -0.970143 0
    outer loop
      vertex 77.3463 67.9035 -3
      vertex 77.4891 67.9392 3
      vertex 77.3463 67.9035 3
    endloop
  endfacet
  facet normal 0.242536 -0.970143 0
    outer loop
      vertex 77.4891 67.9392 3
      vertex 77.3463 67.9035 -3
      vertex 77.4891 67.9392 -3
    endloop
  endfacet
  facet normal 0.740585 0.671962 0
    outer loop
      vertex 76.7211 65.4074 3
      vertex 76.6222 65.5164 -3
      vertex 76.6222 65.5164 3
    endloop
  endfacet
  facet normal 0.740585 0.671962 0
    outer loop
      vertex 76.6222 65.5164 -3
      vertex 76.7211 65.4074 3
      vertex 76.7211 65.4074 -3
    endloop
  endfacet
  facet normal 0.989174 0.146746 0
    outer loop
      vertex 76.3106 66.1754 3
      vertex 76.289 66.321 -3
      vertex 76.289 66.321 3
    endloop
  endfacet
  facet normal 0.989174 0.146746 0
    outer loop
      vertex 76.289 66.321 -3
      vertex 76.3106 66.1754 3
      vertex 76.3106 66.1754 -3
    endloop
  endfacet
  facet normal 0.858032 -0.513596 0
    outer loop
      vertex 76.4589 67.1751 3
      vertex 76.5345 67.3014 -3
      vertex 76.5345 67.3014 3
    endloop
  endfacet
  facet normal 0.858032 -0.513596 0
    outer loop
      vertex 76.5345 67.3014 -3
      vertex 76.4589 67.1751 3
      vertex 76.4589 67.1751 -3
    endloop
  endfacet
  facet normal -0.146746 0.989174 0
    outer loop
      vertex 78.0744 64.9969 -3
      vertex 77.9288 64.9753 3
      vertex 78.0744 64.9969 3
    endloop
  endfacet
  facet normal -0.146746 0.989174 0
    outer loop
      vertex 77.9288 64.9753 3
      vertex 78.0744 64.9969 -3
      vertex 77.9288 64.9753 -3
    endloop
  endfacet
  facet normal 0.242536 0.970143 -0
    outer loop
      vertex 77.4891 64.9969 -3
      vertex 77.3463 65.0326 3
      vertex 77.4891 64.9969 3
    endloop
  endfacet
  facet normal 0.242536 0.970143 0
    outer loop
      vertex 77.3463 65.0326 3
      vertex 77.4891 64.9969 -3
      vertex 77.3463 65.0326 -3
    endloop
  endfacet
  facet normal -0.595423 -0.803413 0
    outer loop
      vertex 78.6151 67.7152 -3
      vertex 78.7333 67.6276 3
      vertex 78.6151 67.7152 3
    endloop
  endfacet
  facet normal -0.595423 -0.803413 -0
    outer loop
      vertex 78.7333 67.6276 3
      vertex 78.6151 67.7152 -3
      vertex 78.7333 67.6276 -3
    endloop
  endfacet
  facet normal -0.146746 -0.989174 0
    outer loop
      vertex 77.9288 67.9608 -3
      vertex 78.0744 67.9392 3
      vertex 77.9288 67.9608 3
    endloop
  endfacet
  facet normal -0.146746 -0.989174 -0
    outer loop
      vertex 78.0744 67.9392 3
      vertex 77.9288 67.9608 -3
      vertex 78.0744 67.9392 -3
    endloop
  endfacet
  facet normal 0.0489209 -0.998803 0
    outer loop
      vertex 77.6347 67.9608 -3
      vertex 77.7817 67.968 3
      vertex 77.6347 67.9608 3
    endloop
  endfacet
  facet normal 0.0489209 -0.998803 0
    outer loop
      vertex 77.7817 67.968 3
      vertex 77.6347 67.9608 -3
      vertex 77.7817 67.968 -3
    endloop
  endfacet
  facet normal 0.740892 -0.671624 0
    outer loop
      vertex 76.6222 67.4196 3
      vertex 76.7211 67.5287 -3
      vertex 76.7211 67.5287 3
    endloop
  endfacet
  facet normal 0.740892 -0.671624 0
    outer loop
      vertex 76.7211 67.5287 -3
      vertex 76.6222 67.4196 3
      vertex 76.6222 67.4196 -3
    endloop
  endfacet
  facet normal 0.514096 -0.857733 0
    outer loop
      vertex 76.9484 67.7152 -3
      vertex 77.0747 67.7909 3
      vertex 76.9484 67.7152 3
    endloop
  endfacet
  facet normal 0.514096 -0.857733 0
    outer loop
      vertex 77.0747 67.7909 3
      vertex 76.9484 67.7152 -3
      vertex 77.0747 67.7909 -3
    endloop
  endfacet
  facet normal 0.595423 -0.803413 0
    outer loop
      vertex 76.8302 67.6276 -3
      vertex 76.9484 67.7152 3
      vertex 76.8302 67.6276 3
    endloop
  endfacet
  facet normal 0.595423 -0.803413 0
    outer loop
      vertex 76.9484 67.7152 3
      vertex 76.8302 67.6276 -3
      vertex 76.9484 67.7152 -3
    endloop
  endfacet
  facet normal 0.336939 -0.941527 0
    outer loop
      vertex 77.2077 67.8539 -3
      vertex 77.3463 67.9035 3
      vertex 77.2077 67.8539 3
    endloop
  endfacet
  facet normal 0.336939 -0.941527 0
    outer loop
      vertex 77.3463 67.9035 3
      vertex 77.2077 67.8539 -3
      vertex 77.3463 67.9035 -3
    endloop
  endfacet
  facet normal 0.146746 -0.989174 0
    outer loop
      vertex 77.4891 67.9392 -3
      vertex 77.6347 67.9608 3
      vertex 77.4891 67.9392 3
    endloop
  endfacet
  facet normal 0.146746 -0.989174 0
    outer loop
      vertex 77.6347 67.9608 3
      vertex 77.4891 67.9392 -3
      vertex 77.6347 67.9608 -3
    endloop
  endfacet
  facet normal 0.857853 0.513896 0
    outer loop
      vertex 76.5345 65.6347 3
      vertex 76.4589 65.7609 -3
      vertex 76.4589 65.7609 3
    endloop
  endfacet
  facet normal 0.857853 0.513896 0
    outer loop
      vertex 76.4589 65.7609 -3
      vertex 76.5345 65.6347 3
      vertex 76.5345 65.6347 -3
    endloop
  endfacet
  facet normal 0.803329 0.595536 0
    outer loop
      vertex 76.6222 65.5164 3
      vertex 76.5345 65.6347 -3
      vertex 76.5345 65.6347 3
    endloop
  endfacet
  facet normal 0.803329 0.595536 0
    outer loop
      vertex 76.5345 65.6347 -3
      vertex 76.6222 65.5164 3
      vertex 76.6222 65.5164 -3
    endloop
  endfacet
  facet normal 0.941527 0.336939 0
    outer loop
      vertex 76.3959 65.894 3
      vertex 76.3463 66.0326 -3
      vertex 76.3463 66.0326 3
    endloop
  endfacet
  facet normal 0.941527 0.336939 0
    outer loop
      vertex 76.3463 66.0326 -3
      vertex 76.3959 65.894 3
      vertex 76.3959 65.894 -3
    endloop
  endfacet
  facet normal 0.970143 0.242536 0
    outer loop
      vertex 76.3463 66.0326 3
      vertex 76.3106 66.1754 -3
      vertex 76.3106 66.1754 3
    endloop
  endfacet
  facet normal 0.970143 0.242536 0
    outer loop
      vertex 76.3106 66.1754 -3
      vertex 76.3463 66.0326 3
      vertex 76.3463 66.0326 -3
    endloop
  endfacet
  facet normal 0.903738 -0.428086 0
    outer loop
      vertex 76.3959 67.0421 3
      vertex 76.4589 67.1751 -3
      vertex 76.4589 67.1751 3
    endloop
  endfacet
  facet normal 0.903738 -0.428086 0
    outer loop
      vertex 76.4589 67.1751 -3
      vertex 76.3959 67.0421 3
      vertex 76.3959 67.0421 -3
    endloop
  endfacet
  facet normal 0.803088 -0.595861 0
    outer loop
      vertex 76.5345 67.3014 3
      vertex 76.6222 67.4196 -3
      vertex 76.6222 67.4196 3
    endloop
  endfacet
  facet normal 0.803088 -0.595861 0
    outer loop
      vertex 76.6222 67.4196 -3
      vertex 76.5345 67.3014 3
      vertex 76.5345 67.3014 -3
    endloop
  endfacet
  facet normal 0.989174 -0.146746 0
    outer loop
      vertex 76.289 66.6151 3
      vertex 76.3106 66.7607 -3
      vertex 76.3106 66.7607 3
    endloop
  endfacet
  facet normal 0.989174 -0.146746 0
    outer loop
      vertex 76.3106 66.7607 -3
      vertex 76.289 66.6151 3
      vertex 76.289 66.6151 -3
    endloop
  endfacet
  facet normal 0.998771 -0.0495651 0
    outer loop
      vertex 76.2817 66.468 3
      vertex 76.289 66.6151 -3
      vertex 76.289 66.6151 3
    endloop
  endfacet
  facet normal 0.998771 -0.0495651 0
    outer loop
      vertex 76.289 66.6151 -3
      vertex 76.2817 66.468 3
      vertex 76.2817 66.468 -3
    endloop
  endfacet
  facet normal 0.970143 -0.242536 0
    outer loop
      vertex 76.3106 66.7607 3
      vertex 76.3463 66.9035 -3
      vertex 76.3463 66.9035 3
    endloop
  endfacet
  facet normal 0.970143 -0.242536 0
    outer loop
      vertex 76.3463 66.9035 -3
      vertex 76.3106 66.7607 3
      vertex 76.3106 66.7607 -3
    endloop
  endfacet
  facet normal 0.998769 0.0495987 0
    outer loop
      vertex 76.289 66.321 3
      vertex 76.2817 66.468 -3
      vertex 76.2817 66.468 3
    endloop
  endfacet
  facet normal 0.998769 0.0495987 0
    outer loop
      vertex 76.2817 66.468 -3
      vertex 76.289 66.321 3
      vertex 76.289 66.321 -3
    endloop
  endfacet
  facet normal -0.671624 -0.740892 0
    outer loop
      vertex 78.7333 67.6276 -3
      vertex 78.8424 67.5287 3
      vertex 78.7333 67.6276 3
    endloop
  endfacet
  facet normal -0.671624 -0.740892 -0
    outer loop
      vertex 78.8424 67.5287 3
      vertex 78.7333 67.6276 -3
      vertex 78.8424 67.5287 -3
    endloop
  endfacet
  facet normal -0.857733 -0.514096 0
    outer loop
      vertex 79.1046 67.1751 -3
      vertex 79.0289 67.3014 3
      vertex 79.0289 67.3014 -3
    endloop
  endfacet
  facet normal -0.857733 -0.514096 0
    outer loop
      vertex 79.0289 67.3014 3
      vertex 79.1046 67.1751 -3
      vertex 79.1046 67.1751 3
    endloop
  endfacet
  facet normal -0.740585 0.671962 0
    outer loop
      vertex 78.8424 65.4074 -3
      vertex 78.9413 65.5164 3
      vertex 78.9413 65.5164 -3
    endloop
  endfacet
  facet normal -0.740585 0.671962 0
    outer loop
      vertex 78.9413 65.5164 3
      vertex 78.8424 65.4074 -3
      vertex 78.8424 65.4074 3
    endloop
  endfacet
  facet normal 0.428086 0.903738 -0
    outer loop
      vertex 77.2077 65.0822 -3
      vertex 77.0747 65.1452 3
      vertex 77.2077 65.0822 3
    endloop
  endfacet
  facet normal 0.428086 0.903738 0
    outer loop
      vertex 77.0747 65.1452 3
      vertex 77.2077 65.0822 -3
      vertex 77.0747 65.1452 -3
    endloop
  endfacet
  facet normal 0.0495987 0.998769 -0
    outer loop
      vertex 77.7817 64.968 -3
      vertex 77.6347 64.9753 3
      vertex 77.7817 64.968 3
    endloop
  endfacet
  facet normal 0.0495987 0.998769 0
    outer loop
      vertex 77.6347 64.9753 3
      vertex 77.7817 64.968 -3
      vertex 77.6347 64.9753 -3
    endloop
  endfacet
  facet normal -0.336939 -0.941527 0
    outer loop
      vertex 78.2172 67.9035 -3
      vertex 78.3558 67.8539 3
      vertex 78.2172 67.9035 3
    endloop
  endfacet
  facet normal -0.336939 -0.941527 -0
    outer loop
      vertex 78.3558 67.8539 3
      vertex 78.2172 67.9035 -3
      vertex 78.3558 67.8539 -3
    endloop
  endfacet
  facet normal -0.428086 -0.903738 0
    outer loop
      vertex 78.3558 67.8539 -3
      vertex 78.4888 67.7909 3
      vertex 78.3558 67.8539 3
    endloop
  endfacet
  facet normal -0.428086 -0.903738 -0
    outer loop
      vertex 78.4888 67.7909 3
      vertex 78.3558 67.8539 -3
      vertex 78.4888 67.7909 -3
    endloop
  endfacet
  facet normal -0.514096 -0.857733 0
    outer loop
      vertex 78.4888 67.7909 -3
      vertex 78.6151 67.7152 3
      vertex 78.4888 67.7909 3
    endloop
  endfacet
  facet normal -0.514096 -0.857733 -0
    outer loop
      vertex 78.6151 67.7152 3
      vertex 78.4888 67.7909 -3
      vertex 78.6151 67.7152 -3
    endloop
  endfacet
  facet normal -0.0488878 -0.998804 0
    outer loop
      vertex 77.7817 67.968 -3
      vertex 77.9288 67.9608 3
      vertex 77.7817 67.968 3
    endloop
  endfacet
  facet normal -0.0488878 -0.998804 -0
    outer loop
      vertex 77.9288 67.9608 3
      vertex 77.7817 67.968 -3
      vertex 77.9288 67.9608 -3
    endloop
  endfacet
  facet normal 0.671624 0.740892 -0
    outer loop
      vertex 76.8302 65.3085 -3
      vertex 76.7211 65.4074 3
      vertex 76.8302 65.3085 3
    endloop
  endfacet
  facet normal 0.671624 0.740892 0
    outer loop
      vertex 76.7211 65.4074 3
      vertex 76.8302 65.3085 -3
      vertex 76.7211 65.4074 -3
    endloop
  endfacet
  facet normal -0.998804 -0.0488878 0
    outer loop
      vertex 79.2817 66.468 -3
      vertex 79.2745 66.6151 3
      vertex 79.2745 66.6151 -3
    endloop
  endfacet
  facet normal -0.998804 -0.0488878 0
    outer loop
      vertex 79.2745 66.6151 3
      vertex 79.2817 66.468 -3
      vertex 79.2817 66.468 3
    endloop
  endfacet
  facet normal -0.989174 -0.146746 0
    outer loop
      vertex 79.2745 66.6151 -3
      vertex 79.2529 66.7607 3
      vertex 79.2529 66.7607 -3
    endloop
  endfacet
  facet normal -0.989174 -0.146746 0
    outer loop
      vertex 79.2529 66.7607 3
      vertex 79.2745 66.6151 -3
      vertex 79.2745 66.6151 3
    endloop
  endfacet
  facet normal -0.941527 -0.336939 0
    outer loop
      vertex 79.2172 66.9035 -3
      vertex 79.1676 67.0421 3
      vertex 79.1676 67.0421 -3
    endloop
  endfacet
  facet normal -0.941527 -0.336939 0
    outer loop
      vertex 79.1676 67.0421 3
      vertex 79.2172 66.9035 -3
      vertex 79.2172 66.9035 3
    endloop
  endfacet
  facet normal -0.970143 -0.242536 0
    outer loop
      vertex 79.2529 66.7607 -3
      vertex 79.2172 66.9035 3
      vertex 79.2172 66.9035 -3
    endloop
  endfacet
  facet normal -0.970143 -0.242536 0
    outer loop
      vertex 79.2172 66.9035 3
      vertex 79.2529 66.7607 -3
      vertex 79.2529 66.7607 3
    endloop
  endfacet
  facet normal -0.513596 0.858032 0
    outer loop
      vertex 78.6151 65.2208 -3
      vertex 78.4888 65.1452 3
      vertex 78.6151 65.2208 3
    endloop
  endfacet
  facet normal -0.513596 0.858032 0
    outer loop
      vertex 78.4888 65.1452 3
      vertex 78.6151 65.2208 -3
      vertex 78.4888 65.1452 -3
    endloop
  endfacet
  facet normal -0.0495651 0.998771 0
    outer loop
      vertex 77.9288 64.9753 -3
      vertex 77.7817 64.968 3
      vertex 77.9288 64.9753 3
    endloop
  endfacet
  facet normal -0.0495651 0.998771 0
    outer loop
      vertex 77.7817 64.968 3
      vertex 77.9288 64.9753 -3
      vertex 77.7817 64.968 -3
    endloop
  endfacet
  facet normal -0.941527 0.336939 0
    outer loop
      vertex 79.1676 65.894 -3
      vertex 79.2172 66.0326 3
      vertex 79.2172 66.0326 -3
    endloop
  endfacet
  facet normal -0.941527 0.336939 0
    outer loop
      vertex 79.2172 66.0326 3
      vertex 79.1676 65.894 -3
      vertex 79.1676 65.894 3
    endloop
  endfacet
  facet normal -0.903862 0.427824 0
    outer loop
      vertex 79.1046 65.7609 -3
      vertex 79.1676 65.894 3
      vertex 79.1676 65.894 -3
    endloop
  endfacet
  facet normal -0.903862 0.427824 0
    outer loop
      vertex 79.1676 65.894 3
      vertex 79.1046 65.7609 -3
      vertex 79.1046 65.7609 3
    endloop
  endfacet
  facet normal -0.803413 -0.595423 0
    outer loop
      vertex 79.0289 67.3014 -3
      vertex 78.9413 67.4196 3
      vertex 78.9413 67.4196 -3
    endloop
  endfacet
  facet normal -0.803413 -0.595423 0
    outer loop
      vertex 78.9413 67.4196 3
      vertex 79.0289 67.3014 -3
      vertex 79.0289 67.3014 3
    endloop
  endfacet
  facet normal -0.998803 0.0489209 0
    outer loop
      vertex 79.2745 66.321 -3
      vertex 79.2817 66.468 3
      vertex 79.2817 66.468 -3
    endloop
  endfacet
  facet normal -0.998803 0.0489209 0
    outer loop
      vertex 79.2817 66.468 3
      vertex 79.2745 66.321 -3
      vertex 79.2745 66.321 3
    endloop
  endfacet
  facet normal -0.903738 -0.428086 0
    outer loop
      vertex 79.1676 67.0421 -3
      vertex 79.1046 67.1751 3
      vertex 79.1046 67.1751 -3
    endloop
  endfacet
  facet normal -0.903738 -0.428086 0
    outer loop
      vertex 79.1046 67.1751 3
      vertex 79.1676 67.0421 -3
      vertex 79.1676 67.0421 3
    endloop
  endfacet
  facet normal -0.671624 0.740892 0
    outer loop
      vertex 78.8424 65.4074 -3
      vertex 78.7333 65.3085 3
      vertex 78.8424 65.4074 3
    endloop
  endfacet
  facet normal -0.671624 0.740892 0
    outer loop
      vertex 78.7333 65.3085 3
      vertex 78.8424 65.4074 -3
      vertex 78.7333 65.3085 -3
    endloop
  endfacet
  facet normal -0.428086 0.903738 0
    outer loop
      vertex 78.4888 65.1452 -3
      vertex 78.3558 65.0822 3
      vertex 78.4888 65.1452 3
    endloop
  endfacet
  facet normal -0.428086 0.903738 0
    outer loop
      vertex 78.3558 65.0822 3
      vertex 78.4888 65.1452 -3
      vertex 78.3558 65.0822 -3
    endloop
  endfacet
  facet normal -0.336939 0.941527 0
    outer loop
      vertex 78.3558 65.0822 -3
      vertex 78.2172 65.0326 3
      vertex 78.3558 65.0822 3
    endloop
  endfacet
  facet normal -0.336939 0.941527 0
    outer loop
      vertex 78.2172 65.0326 3
      vertex 78.3558 65.0822 -3
      vertex 78.2172 65.0326 -3
    endloop
  endfacet
  facet normal -0.595861 0.803088 0
    outer loop
      vertex 78.7333 65.3085 -3
      vertex 78.6151 65.2208 3
      vertex 78.7333 65.3085 3
    endloop
  endfacet
  facet normal -0.595861 0.803088 0
    outer loop
      vertex 78.6151 65.2208 3
      vertex 78.7333 65.3085 -3
      vertex 78.6151 65.2208 -3
    endloop
  endfacet
  facet normal 0.336939 0.941527 -0
    outer loop
      vertex 77.3463 65.0326 -3
      vertex 77.2077 65.0822 3
      vertex 77.3463 65.0326 3
    endloop
  endfacet
  facet normal 0.336939 0.941527 0
    outer loop
      vertex 77.2077 65.0822 3
      vertex 77.3463 65.0326 -3
      vertex 77.2077 65.0822 -3
    endloop
  endfacet
  facet normal 0.513596 0.858032 -0
    outer loop
      vertex 77.0747 65.1452 -3
      vertex 76.9484 65.2208 3
      vertex 77.0747 65.1452 3
    endloop
  endfacet
  facet normal 0.513596 0.858032 0
    outer loop
      vertex 76.9484 65.2208 3
      vertex 77.0747 65.1452 -3
      vertex 76.9484 65.2208 -3
    endloop
  endfacet
  facet normal 0.595861 0.803088 -0
    outer loop
      vertex 76.9484 65.2208 -3
      vertex 76.8302 65.3085 3
      vertex 76.9484 65.2208 3
    endloop
  endfacet
  facet normal 0.595861 0.803088 0
    outer loop
      vertex 76.8302 65.3085 3
      vertex 76.9484 65.2208 -3
      vertex 76.8302 65.3085 -3
    endloop
  endfacet
  facet normal 0.146746 0.989174 -0
    outer loop
      vertex 77.6347 64.9753 -3
      vertex 77.4891 64.9969 3
      vertex 77.6347 64.9753 3
    endloop
  endfacet
  facet normal 0.146746 0.989174 0
    outer loop
      vertex 77.4891 64.9969 3
      vertex 77.6347 64.9753 -3
      vertex 77.4891 64.9969 -3
    endloop
  endfacet
  facet normal -0.857553 0.514396 0
    outer loop
      vertex 79.0289 65.6347 -3
      vertex 79.1046 65.7609 3
      vertex 79.1046 65.7609 -3
    endloop
  endfacet
  facet normal -0.857553 0.514396 0
    outer loop
      vertex 79.1046 65.7609 3
      vertex 79.0289 65.6347 -3
      vertex 79.0289 65.6347 3
    endloop
  endfacet
  facet normal -0.803653 0.595098 0
    outer loop
      vertex 78.9413 65.5164 -3
      vertex 79.0289 65.6347 3
      vertex 79.0289 65.6347 -3
    endloop
  endfacet
  facet normal -0.803653 0.595098 0
    outer loop
      vertex 79.0289 65.6347 3
      vertex 78.9413 65.5164 -3
      vertex 78.9413 65.5164 3
    endloop
  endfacet
  facet normal -0.989174 0.146746 0
    outer loop
      vertex 79.2529 66.1754 -3
      vertex 79.2745 66.321 3
      vertex 79.2745 66.321 -3
    endloop
  endfacet
  facet normal -0.989174 0.146746 0
    outer loop
      vertex 79.2745 66.321 3
      vertex 79.2529 66.1754 -3
      vertex 79.2529 66.1754 3
    endloop
  endfacet
  facet normal -0.970143 0.242536 0
    outer loop
      vertex 79.2172 66.0326 -3
      vertex 79.2529 66.1754 3
      vertex 79.2529 66.1754 -3
    endloop
  endfacet
  facet normal -0.970143 0.242536 0
    outer loop
      vertex 79.2529 66.1754 3
      vertex 79.2172 66.0326 -3
      vertex 79.2172 66.0326 3
    endloop
  endfacet
  facet normal -0.242536 0.970143 0
    outer loop
      vertex 78.2172 65.0326 -3
      vertex 78.0744 64.9969 3
      vertex 78.2172 65.0326 3
    endloop
  endfacet
  facet normal -0.242536 0.970143 0
    outer loop
      vertex 78.0744 64.9969 3
      vertex 78.2172 65.0326 -3
      vertex 78.0744 64.9969 -3
    endloop
  endfacet
  facet normal -0.242536 -0.970143 0
    outer loop
      vertex 89.3881 79.2529 -3
      vertex 89.5309 79.2172 3
      vertex 89.3881 79.2529 3
    endloop
  endfacet
  facet normal -0.242536 -0.970143 -0
    outer loop
      vertex 89.5309 79.2172 3
      vertex 89.3881 79.2529 -3
      vertex 89.5309 79.2172 -3
    endloop
  endfacet
  facet normal 0.428086 -0.903738 0
    outer loop
      vertex 88.3884 79.1046 -3
      vertex 88.5214 79.1676 3
      vertex 88.3884 79.1046 3
    endloop
  endfacet
  facet normal 0.428086 -0.903738 0
    outer loop
      vertex 88.5214 79.1676 3
      vertex 88.3884 79.1046 -3
      vertex 88.5214 79.1676 -3
    endloop
  endfacet
  facet normal 0.941527 -0.336939 0
    outer loop
      vertex 87.66 78.2172 3
      vertex 87.7096 78.3558 -3
      vertex 87.7096 78.3558 3
    endloop
  endfacet
  facet normal 0.941527 -0.336939 0
    outer loop
      vertex 87.7096 78.3558 -3
      vertex 87.66 78.2172 3
      vertex 87.66 78.2172 -3
    endloop
  endfacet
  facet normal 0.903738 0.428086 0
    outer loop
      vertex 87.7726 77.0747 3
      vertex 87.7096 77.2077 -3
      vertex 87.7096 77.2077 3
    endloop
  endfacet
  facet normal 0.903738 0.428086 0
    outer loop
      vertex 87.7096 77.2077 -3
      vertex 87.7726 77.0747 3
      vertex 87.7726 77.0747 -3
    endloop
  endfacet
  facet normal -0.740892 -0.671624 0
    outer loop
      vertex 90.255 78.7333 -3
      vertex 90.1561 78.8424 3
      vertex 90.1561 78.8424 -3
    endloop
  endfacet
  facet normal -0.740892 -0.671624 0
    outer loop
      vertex 90.1561 78.8424 3
      vertex 90.255 78.7333 -3
      vertex 90.255 78.7333 3
    endloop
  endfacet
  facet normal 0.671624 -0.740892 0
    outer loop
      vertex 88.0348 78.8424 -3
      vertex 88.1439 78.9413 3
      vertex 88.0348 78.8424 3
    endloop
  endfacet
  facet normal 0.671624 -0.740892 0
    outer loop
      vertex 88.1439 78.9413 3
      vertex 88.0348 78.8424 -3
      vertex 88.1439 78.9413 -3
    endloop
  endfacet
  facet normal 0.242536 -0.970143 0
    outer loop
      vertex 88.66 79.2172 -3
      vertex 88.8028 79.2529 3
      vertex 88.66 79.2172 3
    endloop
  endfacet
  facet normal 0.242536 -0.970143 0
    outer loop
      vertex 88.8028 79.2529 3
      vertex 88.66 79.2172 -3
      vertex 88.8028 79.2529 -3
    endloop
  endfacet
  facet normal 0.740892 0.671624 0
    outer loop
      vertex 88.0348 76.7211 3
      vertex 87.9359 76.8302 -3
      vertex 87.9359 76.8302 3
    endloop
  endfacet
  facet normal 0.740892 0.671624 0
    outer loop
      vertex 87.9359 76.8302 -3
      vertex 88.0348 76.7211 3
      vertex 88.0348 76.7211 -3
    endloop
  endfacet
  facet normal 0.989174 0.146746 0
    outer loop
      vertex 87.6243 77.4891 3
      vertex 87.6027 77.6347 -3
      vertex 87.6027 77.6347 3
    endloop
  endfacet
  facet normal 0.989174 0.146746 0
    outer loop
      vertex 87.6027 77.6347 -3
      vertex 87.6243 77.4891 3
      vertex 87.6243 77.4891 -3
    endloop
  endfacet
  facet normal 0.857733 -0.514096 0
    outer loop
      vertex 87.7726 78.4888 3
      vertex 87.8483 78.6151 -3
      vertex 87.8483 78.6151 3
    endloop
  endfacet
  facet normal 0.857733 -0.514096 0
    outer loop
      vertex 87.8483 78.6151 -3
      vertex 87.7726 78.4888 3
      vertex 87.7726 78.4888 -3
    endloop
  endfacet
  facet normal -0.146746 0.989174 0
    outer loop
      vertex 89.3881 76.3106 -3
      vertex 89.2425 76.289 3
      vertex 89.3881 76.3106 3
    endloop
  endfacet
  facet normal -0.146746 0.989174 0
    outer loop
      vertex 89.2425 76.289 3
      vertex 89.3881 76.3106 -3
      vertex 89.2425 76.289 -3
    endloop
  endfacet
  facet normal 0.242536 0.970143 -0
    outer loop
      vertex 88.8028 76.3106 -3
      vertex 88.66 76.3463 3
      vertex 88.8028 76.3106 3
    endloop
  endfacet
  facet normal 0.242536 0.970143 0
    outer loop
      vertex 88.66 76.3463 3
      vertex 88.8028 76.3106 -3
      vertex 88.66 76.3463 -3
    endloop
  endfacet
  facet normal -0.595861 -0.803088 0
    outer loop
      vertex 89.9288 79.029 -3
      vertex 90.047 78.9413 3
      vertex 89.9288 79.029 3
    endloop
  endfacet
  facet normal -0.595861 -0.803088 -0
    outer loop
      vertex 90.047 78.9413 3
      vertex 89.9288 79.029 -3
      vertex 90.047 78.9413 -3
    endloop
  endfacet
  facet normal -0.146746 -0.989174 0
    outer loop
      vertex 89.2425 79.2745 -3
      vertex 89.3881 79.2529 3
      vertex 89.2425 79.2745 3
    endloop
  endfacet
  facet normal -0.146746 -0.989174 -0
    outer loop
      vertex 89.3881 79.2529 3
      vertex 89.2425 79.2745 -3
      vertex 89.3881 79.2529 -3
    endloop
  endfacet
  facet normal 0.0488878 -0.998804 0
    outer loop
      vertex 88.9484 79.2745 -3
      vertex 89.0955 79.2817 3
      vertex 88.9484 79.2745 3
    endloop
  endfacet
  facet normal 0.0488878 -0.998804 0
    outer loop
      vertex 89.0955 79.2817 3
      vertex 88.9484 79.2745 -3
      vertex 89.0955 79.2817 -3
    endloop
  endfacet
  facet normal 0.740892 -0.671624 0
    outer loop
      vertex 87.9359 78.7333 3
      vertex 88.0348 78.8424 -3
      vertex 88.0348 78.8424 3
    endloop
  endfacet
  facet normal 0.740892 -0.671624 0
    outer loop
      vertex 88.0348 78.8424 -3
      vertex 87.9359 78.7333 3
      vertex 87.9359 78.7333 -3
    endloop
  endfacet
  facet normal 0.513596 -0.858032 0
    outer loop
      vertex 88.2621 79.029 -3
      vertex 88.3884 79.1046 3
      vertex 88.2621 79.029 3
    endloop
  endfacet
  facet normal 0.513596 -0.858032 0
    outer loop
      vertex 88.3884 79.1046 3
      vertex 88.2621 79.029 -3
      vertex 88.3884 79.1046 -3
    endloop
  endfacet
  facet normal 0.595861 -0.803088 0
    outer loop
      vertex 88.1439 78.9413 -3
      vertex 88.2621 79.029 3
      vertex 88.1439 78.9413 3
    endloop
  endfacet
  facet normal 0.595861 -0.803088 0
    outer loop
      vertex 88.2621 79.029 3
      vertex 88.1439 78.9413 -3
      vertex 88.2621 79.029 -3
    endloop
  endfacet
  facet normal 0.336939 -0.941527 0
    outer loop
      vertex 88.5214 79.1676 -3
      vertex 88.66 79.2172 3
      vertex 88.5214 79.1676 3
    endloop
  endfacet
  facet normal 0.336939 -0.941527 0
    outer loop
      vertex 88.66 79.2172 3
      vertex 88.5214 79.1676 -3
      vertex 88.66 79.2172 -3
    endloop
  endfacet
  facet normal 0.146746 -0.989174 0
    outer loop
      vertex 88.8028 79.2529 -3
      vertex 88.9484 79.2745 3
      vertex 88.8028 79.2529 3
    endloop
  endfacet
  facet normal 0.146746 -0.989174 0
    outer loop
      vertex 88.9484 79.2745 3
      vertex 88.8028 79.2529 -3
      vertex 88.9484 79.2745 -3
    endloop
  endfacet
  facet normal 0.857733 0.514096 0
    outer loop
      vertex 87.8483 76.9484 3
      vertex 87.7726 77.0747 -3
      vertex 87.7726 77.0747 3
    endloop
  endfacet
  facet normal 0.857733 0.514096 0
    outer loop
      vertex 87.7726 77.0747 -3
      vertex 87.8483 76.9484 3
      vertex 87.8483 76.9484 -3
    endloop
  endfacet
  facet normal 0.803413 0.595423 0
    outer loop
      vertex 87.9359 76.8302 3
      vertex 87.8483 76.9484 -3
      vertex 87.8483 76.9484 3
    endloop
  endfacet
  facet normal 0.803413 0.595423 0
    outer loop
      vertex 87.8483 76.9484 -3
      vertex 87.9359 76.8302 3
      vertex 87.9359 76.8302 -3
    endloop
  endfacet
  facet normal 0.941527 0.336939 0
    outer loop
      vertex 87.7096 77.2077 3
      vertex 87.66 77.3463 -3
      vertex 87.66 77.3463 3
    endloop
  endfacet
  facet normal 0.941527 0.336939 0
    outer loop
      vertex 87.66 77.3463 -3
      vertex 87.7096 77.2077 3
      vertex 87.7096 77.2077 -3
    endloop
  endfacet
  facet normal 0.970143 0.242536 0
    outer loop
      vertex 87.66 77.3463 3
      vertex 87.6243 77.4891 -3
      vertex 87.6243 77.4891 3
    endloop
  endfacet
  facet normal 0.970143 0.242536 0
    outer loop
      vertex 87.6243 77.4891 -3
      vertex 87.66 77.3463 3
      vertex 87.66 77.3463 -3
    endloop
  endfacet
  facet normal 0.903738 -0.428086 0
    outer loop
      vertex 87.7096 78.3558 3
      vertex 87.7726 78.4888 -3
      vertex 87.7726 78.4888 3
    endloop
  endfacet
  facet normal 0.903738 -0.428086 0
    outer loop
      vertex 87.7726 78.4888 -3
      vertex 87.7096 78.3558 3
      vertex 87.7096 78.3558 -3
    endloop
  endfacet
  facet normal 0.803413 -0.595423 0
    outer loop
      vertex 87.8483 78.6151 3
      vertex 87.9359 78.7333 -3
      vertex 87.9359 78.7333 3
    endloop
  endfacet
  facet normal 0.803413 -0.595423 0
    outer loop
      vertex 87.9359 78.7333 -3
      vertex 87.8483 78.6151 3
      vertex 87.8483 78.6151 -3
    endloop
  endfacet
  facet normal 0.989174 -0.146746 0
    outer loop
      vertex 87.6027 77.9288 3
      vertex 87.6243 78.0744 -3
      vertex 87.6243 78.0744 3
    endloop
  endfacet
  facet normal 0.989174 -0.146746 0
    outer loop
      vertex 87.6243 78.0744 -3
      vertex 87.6027 77.9288 3
      vertex 87.6027 77.9288 -3
    endloop
  endfacet
  facet normal 0.998804 -0.0488878 0
    outer loop
      vertex 87.5955 77.7817 3
      vertex 87.6027 77.9288 -3
      vertex 87.6027 77.9288 3
    endloop
  endfacet
  facet normal 0.998804 -0.0488878 0
    outer loop
      vertex 87.6027 77.9288 -3
      vertex 87.5955 77.7817 3
      vertex 87.5955 77.7817 -3
    endloop
  endfacet
  facet normal 0.970143 -0.242536 0
    outer loop
      vertex 87.6243 78.0744 3
      vertex 87.66 78.2172 -3
      vertex 87.66 78.2172 3
    endloop
  endfacet
  facet normal 0.970143 -0.242536 0
    outer loop
      vertex 87.66 78.2172 -3
      vertex 87.6243 78.0744 3
      vertex 87.6243 78.0744 -3
    endloop
  endfacet
  facet normal 0.998803 0.0489209 0
    outer loop
      vertex 87.6027 77.6347 3
      vertex 87.5955 77.7817 -3
      vertex 87.5955 77.7817 3
    endloop
  endfacet
  facet normal 0.998803 0.0489209 0
    outer loop
      vertex 87.5955 77.7817 -3
      vertex 87.6027 77.6347 3
      vertex 87.6027 77.6347 -3
    endloop
  endfacet
  facet normal -0.671624 -0.740892 0
    outer loop
      vertex 90.047 78.9413 -3
      vertex 90.1561 78.8424 3
      vertex 90.047 78.9413 3
    endloop
  endfacet
  facet normal -0.671624 -0.740892 -0
    outer loop
      vertex 90.1561 78.8424 3
      vertex 90.047 78.9413 -3
      vertex 90.1561 78.8424 -3
    endloop
  endfacet
  facet normal -0.858032 -0.513596 0
    outer loop
      vertex 90.4183 78.4888 -3
      vertex 90.3427 78.6151 3
      vertex 90.3427 78.6151 -3
    endloop
  endfacet
  facet normal -0.858032 -0.513596 0
    outer loop
      vertex 90.3427 78.6151 3
      vertex 90.4183 78.4888 -3
      vertex 90.4183 78.4888 3
    endloop
  endfacet
  facet normal -0.740892 0.671624 0
    outer loop
      vertex 90.1561 76.7211 -3
      vertex 90.255 76.8302 3
      vertex 90.255 76.8302 -3
    endloop
  endfacet
  facet normal -0.740892 0.671624 0
    outer loop
      vertex 90.255 76.8302 3
      vertex 90.1561 76.7211 -3
      vertex 90.1561 76.7211 3
    endloop
  endfacet
  facet normal 0.428086 0.903738 -0
    outer loop
      vertex 88.5214 76.3959 -3
      vertex 88.3884 76.4589 3
      vertex 88.5214 76.3959 3
    endloop
  endfacet
  facet normal 0.428086 0.903738 0
    outer loop
      vertex 88.3884 76.4589 3
      vertex 88.5214 76.3959 -3
      vertex 88.3884 76.4589 -3
    endloop
  endfacet
  facet normal 0.0495651 0.998771 -0
    outer loop
      vertex 89.0955 76.2817 -3
      vertex 88.9484 76.289 3
      vertex 89.0955 76.2817 3
    endloop
  endfacet
  facet normal 0.0495651 0.998771 0
    outer loop
      vertex 88.9484 76.289 3
      vertex 89.0955 76.2817 -3
      vertex 88.9484 76.289 -3
    endloop
  endfacet
  facet normal -0.336939 -0.941527 0
    outer loop
      vertex 89.5309 79.2172 -3
      vertex 89.6695 79.1676 3
      vertex 89.5309 79.2172 3
    endloop
  endfacet
  facet normal -0.336939 -0.941527 -0
    outer loop
      vertex 89.6695 79.1676 3
      vertex 89.5309 79.2172 -3
      vertex 89.6695 79.1676 -3
    endloop
  endfacet
  facet normal -0.427824 -0.903862 0
    outer loop
      vertex 89.6695 79.1676 -3
      vertex 89.8026 79.1046 3
      vertex 89.6695 79.1676 3
    endloop
  endfacet
  facet normal -0.427824 -0.903862 -0
    outer loop
      vertex 89.8026 79.1046 3
      vertex 89.6695 79.1676 -3
      vertex 89.8026 79.1046 -3
    endloop
  endfacet
  facet normal -0.513896 -0.857853 0
    outer loop
      vertex 89.8026 79.1046 -3
      vertex 89.9288 79.029 3
      vertex 89.8026 79.1046 3
    endloop
  endfacet
  facet normal -0.513896 -0.857853 -0
    outer loop
      vertex 89.9288 79.029 3
      vertex 89.8026 79.1046 -3
      vertex 89.9288 79.029 -3
    endloop
  endfacet
  facet normal -0.0489209 -0.998803 0
    outer loop
      vertex 89.0955 79.2817 -3
      vertex 89.2425 79.2745 3
      vertex 89.0955 79.2817 3
    endloop
  endfacet
  facet normal -0.0489209 -0.998803 -0
    outer loop
      vertex 89.2425 79.2745 3
      vertex 89.0955 79.2817 -3
      vertex 89.2425 79.2745 -3
    endloop
  endfacet
  facet normal 0.671624 0.740892 -0
    outer loop
      vertex 88.1439 76.6222 -3
      vertex 88.0348 76.7211 3
      vertex 88.1439 76.6222 3
    endloop
  endfacet
  facet normal 0.671624 0.740892 0
    outer loop
      vertex 88.0348 76.7211 3
      vertex 88.1439 76.6222 -3
      vertex 88.0348 76.7211 -3
    endloop
  endfacet
  facet normal -0.803088 -0.595861 0
    outer loop
      vertex 90.3427 78.6151 -3
      vertex 90.255 78.7333 3
      vertex 90.255 78.7333 -3
    endloop
  endfacet
  facet normal -0.803088 -0.595861 0
    outer loop
      vertex 90.255 78.7333 3
      vertex 90.3427 78.6151 -3
      vertex 90.3427 78.6151 3
    endloop
  endfacet
  facet normal -0.998771 -0.0495651 0
    outer loop
      vertex 90.5955 77.7817 -3
      vertex 90.5882 77.9288 3
      vertex 90.5882 77.9288 -3
    endloop
  endfacet
  facet normal -0.998771 -0.0495651 0
    outer loop
      vertex 90.5882 77.9288 3
      vertex 90.5955 77.7817 -3
      vertex 90.5955 77.7817 3
    endloop
  endfacet
  facet normal -0.989174 -0.146746 0
    outer loop
      vertex 90.5882 77.9288 -3
      vertex 90.5666 78.0744 3
      vertex 90.5666 78.0744 -3
    endloop
  endfacet
  facet normal -0.989174 -0.146746 0
    outer loop
      vertex 90.5666 78.0744 3
      vertex 90.5882 77.9288 -3
      vertex 90.5882 77.9288 3
    endloop
  endfacet
  facet normal -0.941527 -0.336939 0
    outer loop
      vertex 90.5309 78.2172 -3
      vertex 90.4813 78.3558 3
      vertex 90.4813 78.3558 -3
    endloop
  endfacet
  facet normal -0.941527 -0.336939 0
    outer loop
      vertex 90.4813 78.3558 3
      vertex 90.5309 78.2172 -3
      vertex 90.5309 78.2172 3
    endloop
  endfacet
  facet normal -0.970143 -0.242536 0
    outer loop
      vertex 90.5666 78.0744 -3
      vertex 90.5309 78.2172 3
      vertex 90.5309 78.2172 -3
    endloop
  endfacet
  facet normal -0.970143 -0.242536 0
    outer loop
      vertex 90.5309 78.2172 3
      vertex 90.5666 78.0744 -3
      vertex 90.5666 78.0744 3
    endloop
  endfacet
  facet normal -0.513896 0.857853 0
    outer loop
      vertex 89.9288 76.5345 -3
      vertex 89.8026 76.4589 3
      vertex 89.9288 76.5345 3
    endloop
  endfacet
  facet normal -0.513896 0.857853 0
    outer loop
      vertex 89.8026 76.4589 3
      vertex 89.9288 76.5345 -3
      vertex 89.8026 76.4589 -3
    endloop
  endfacet
  facet normal -0.0495987 0.998769 0
    outer loop
      vertex 89.2425 76.289 -3
      vertex 89.0955 76.2817 3
      vertex 89.2425 76.289 3
    endloop
  endfacet
  facet normal -0.0495987 0.998769 0
    outer loop
      vertex 89.0955 76.2817 3
      vertex 89.2425 76.289 -3
      vertex 89.0955 76.2817 -3
    endloop
  endfacet
  facet normal -0.941527 0.336939 0
    outer loop
      vertex 90.4813 77.2077 -3
      vertex 90.5309 77.3463 3
      vertex 90.5309 77.3463 -3
    endloop
  endfacet
  facet normal -0.941527 0.336939 0
    outer loop
      vertex 90.5309 77.3463 3
      vertex 90.4813 77.2077 -3
      vertex 90.4813 77.2077 3
    endloop
  endfacet
  facet normal -0.903738 0.428086 0
    outer loop
      vertex 90.4183 77.0747 -3
      vertex 90.4813 77.2077 3
      vertex 90.4813 77.2077 -3
    endloop
  endfacet
  facet normal -0.903738 0.428086 0
    outer loop
      vertex 90.4813 77.2077 3
      vertex 90.4183 77.0747 -3
      vertex 90.4183 77.0747 3
    endloop
  endfacet
  facet normal -0.998769 0.0495987 0
    outer loop
      vertex 90.5882 77.6347 -3
      vertex 90.5955 77.7817 3
      vertex 90.5955 77.7817 -3
    endloop
  endfacet
  facet normal -0.998769 0.0495987 0
    outer loop
      vertex 90.5955 77.7817 3
      vertex 90.5882 77.6347 -3
      vertex 90.5882 77.6347 3
    endloop
  endfacet
  facet normal -0.903738 -0.428086 0
    outer loop
      vertex 90.4813 78.3558 -3
      vertex 90.4183 78.4888 3
      vertex 90.4183 78.4888 -3
    endloop
  endfacet
  facet normal -0.903738 -0.428086 0
    outer loop
      vertex 90.4183 78.4888 3
      vertex 90.4813 78.3558 -3
      vertex 90.4813 78.3558 3
    endloop
  endfacet
  facet normal -0.671624 0.740892 0
    outer loop
      vertex 90.1561 76.7211 -3
      vertex 90.047 76.6222 3
      vertex 90.1561 76.7211 3
    endloop
  endfacet
  facet normal -0.671624 0.740892 0
    outer loop
      vertex 90.047 76.6222 3
      vertex 90.1561 76.7211 -3
      vertex 90.047 76.6222 -3
    endloop
  endfacet
  facet normal -0.427824 0.903862 0
    outer loop
      vertex 89.8026 76.4589 -3
      vertex 89.6695 76.3959 3
      vertex 89.8026 76.4589 3
    endloop
  endfacet
  facet normal -0.427824 0.903862 0
    outer loop
      vertex 89.6695 76.3959 3
      vertex 89.8026 76.4589 -3
      vertex 89.6695 76.3959 -3
    endloop
  endfacet
  facet normal -0.336939 0.941527 0
    outer loop
      vertex 89.6695 76.3959 -3
      vertex 89.5309 76.3463 3
      vertex 89.6695 76.3959 3
    endloop
  endfacet
  facet normal -0.336939 0.941527 0
    outer loop
      vertex 89.5309 76.3463 3
      vertex 89.6695 76.3959 -3
      vertex 89.5309 76.3463 -3
    endloop
  endfacet
  facet normal -0.595861 0.803088 0
    outer loop
      vertex 90.047 76.6222 -3
      vertex 89.9288 76.5345 3
      vertex 90.047 76.6222 3
    endloop
  endfacet
  facet normal -0.595861 0.803088 0
    outer loop
      vertex 89.9288 76.5345 3
      vertex 90.047 76.6222 -3
      vertex 89.9288 76.5345 -3
    endloop
  endfacet
  facet normal 0.336939 0.941527 -0
    outer loop
      vertex 88.66 76.3463 -3
      vertex 88.5214 76.3959 3
      vertex 88.66 76.3463 3
    endloop
  endfacet
  facet normal 0.336939 0.941527 0
    outer loop
      vertex 88.5214 76.3959 3
      vertex 88.66 76.3463 -3
      vertex 88.5214 76.3959 -3
    endloop
  endfacet
  facet normal 0.513596 0.858032 -0
    outer loop
      vertex 88.3884 76.4589 -3
      vertex 88.2621 76.5345 3
      vertex 88.3884 76.4589 3
    endloop
  endfacet
  facet normal 0.513596 0.858032 0
    outer loop
      vertex 88.2621 76.5345 3
      vertex 88.3884 76.4589 -3
      vertex 88.2621 76.5345 -3
    endloop
  endfacet
  facet normal 0.595861 0.803088 -0
    outer loop
      vertex 88.2621 76.5345 -3
      vertex 88.1439 76.6222 3
      vertex 88.2621 76.5345 3
    endloop
  endfacet
  facet normal 0.595861 0.803088 0
    outer loop
      vertex 88.1439 76.6222 3
      vertex 88.2621 76.5345 -3
      vertex 88.1439 76.6222 -3
    endloop
  endfacet
  facet normal 0.146746 0.989174 -0
    outer loop
      vertex 88.9484 76.289 -3
      vertex 88.8028 76.3106 3
      vertex 88.9484 76.289 3
    endloop
  endfacet
  facet normal 0.146746 0.989174 0
    outer loop
      vertex 88.8028 76.3106 3
      vertex 88.9484 76.289 -3
      vertex 88.8028 76.3106 -3
    endloop
  endfacet
  facet normal -0.858032 0.513596 0
    outer loop
      vertex 90.3427 76.9484 -3
      vertex 90.4183 77.0747 3
      vertex 90.4183 77.0747 -3
    endloop
  endfacet
  facet normal -0.858032 0.513596 0
    outer loop
      vertex 90.4183 77.0747 3
      vertex 90.3427 76.9484 -3
      vertex 90.3427 76.9484 3
    endloop
  endfacet
  facet normal -0.803088 0.595861 0
    outer loop
      vertex 90.255 76.8302 -3
      vertex 90.3427 76.9484 3
      vertex 90.3427 76.9484 -3
    endloop
  endfacet
  facet normal -0.803088 0.595861 0
    outer loop
      vertex 90.3427 76.9484 3
      vertex 90.255 76.8302 -3
      vertex 90.255 76.8302 3
    endloop
  endfacet
  facet normal -0.989174 0.146746 0
    outer loop
      vertex 90.5666 77.4891 -3
      vertex 90.5882 77.6347 3
      vertex 90.5882 77.6347 -3
    endloop
  endfacet
  facet normal -0.989174 0.146746 0
    outer loop
      vertex 90.5882 77.6347 3
      vertex 90.5666 77.4891 -3
      vertex 90.5666 77.4891 3
    endloop
  endfacet
  facet normal -0.970143 0.242536 0
    outer loop
      vertex 90.5309 77.3463 -3
      vertex 90.5666 77.4891 3
      vertex 90.5666 77.4891 -3
    endloop
  endfacet
  facet normal -0.970143 0.242536 0
    outer loop
      vertex 90.5666 77.4891 3
      vertex 90.5309 77.3463 -3
      vertex 90.5309 77.3463 3
    endloop
  endfacet
  facet normal -0.242536 0.970143 0
    outer loop
      vertex 89.5309 76.3463 -3
      vertex 89.3881 76.3106 3
      vertex 89.5309 76.3463 3
    endloop
  endfacet
  facet normal -0.242536 0.970143 0
    outer loop
      vertex 89.3881 76.3106 3
      vertex 89.5309 76.3463 -3
      vertex 89.3881 76.3106 -3
    endloop
  endfacet
  facet normal -0.671624 -0.740892 0
    outer loop
      vertex 78.7333 90.255 -3
      vertex 78.8424 90.1561 3
      vertex 78.7333 90.255 3
    endloop
  endfacet
  facet normal -0.671624 -0.740892 -0
    outer loop
      vertex 78.8424 90.1561 3
      vertex 78.7333 90.255 -3
      vertex 78.8424 90.1561 -3
    endloop
  endfacet
  facet normal 0.740892 -0.671624 0
    outer loop
      vertex 76.6222 90.047 3
      vertex 76.7211 90.1561 -3
      vertex 76.7211 90.1561 3
    endloop
  endfacet
  facet normal 0.740892 -0.671624 0
    outer loop
      vertex 76.7211 90.1561 -3
      vertex 76.6222 90.047 3
      vertex 76.6222 90.047 -3
    endloop
  endfacet
  facet normal 0.0495987 -0.998769 0
    outer loop
      vertex 77.6347 90.5882 -3
      vertex 77.7817 90.5955 3
      vertex 77.6347 90.5882 3
    endloop
  endfacet
  facet normal 0.0495987 -0.998769 0
    outer loop
      vertex 77.7817 90.5955 3
      vertex 77.6347 90.5882 -3
      vertex 77.7817 90.5955 -3
    endloop
  endfacet
  facet normal 0.998771 0.0495651 0
    outer loop
      vertex 76.289 88.9484 3
      vertex 76.2817 89.0955 -3
      vertex 76.2817 89.0955 3
    endloop
  endfacet
  facet normal 0.998771 0.0495651 0
    outer loop
      vertex 76.2817 89.0955 -3
      vertex 76.289 88.9484 3
      vertex 76.289 88.9484 -3
    endloop
  endfacet
  facet normal 0.941527 -0.336939 0
    outer loop
      vertex 76.3463 89.5309 3
      vertex 76.3959 89.6695 -3
      vertex 76.3959 89.6695 3
    endloop
  endfacet
  facet normal 0.941527 -0.336939 0
    outer loop
      vertex 76.3959 89.6695 -3
      vertex 76.3463 89.5309 3
      vertex 76.3463 89.5309 -3
    endloop
  endfacet
  facet normal -0.336939 -0.941527 0
    outer loop
      vertex 78.2172 90.5309 -3
      vertex 78.3558 90.4813 3
      vertex 78.2172 90.5309 3
    endloop
  endfacet
  facet normal -0.336939 -0.941527 -0
    outer loop
      vertex 78.3558 90.4813 3
      vertex 78.2172 90.5309 -3
      vertex 78.3558 90.4813 -3
    endloop
  endfacet
  facet normal 0.428086 -0.903738 0
    outer loop
      vertex 77.0747 90.4183 -3
      vertex 77.2077 90.4813 3
      vertex 77.0747 90.4183 3
    endloop
  endfacet
  facet normal 0.428086 -0.903738 0
    outer loop
      vertex 77.2077 90.4813 3
      vertex 77.0747 90.4183 -3
      vertex 77.2077 90.4813 -3
    endloop
  endfacet
  facet normal 0.242536 -0.970143 0
    outer loop
      vertex 77.3463 90.5309 -3
      vertex 77.4891 90.5666 3
      vertex 77.3463 90.5309 3
    endloop
  endfacet
  facet normal 0.242536 -0.970143 0
    outer loop
      vertex 77.4891 90.5666 3
      vertex 77.3463 90.5309 -3
      vertex 77.4891 90.5666 -3
    endloop
  endfacet
  facet normal 0.903738 0.428086 0
    outer loop
      vertex 76.4589 88.3884 3
      vertex 76.3959 88.5214 -3
      vertex 76.3959 88.5214 3
    endloop
  endfacet
  facet normal 0.903738 0.428086 0
    outer loop
      vertex 76.3959 88.5214 -3
      vertex 76.4589 88.3884 3
      vertex 76.4589 88.3884 -3
    endloop
  endfacet
  facet normal 0.857853 -0.513896 0
    outer loop
      vertex 76.4589 89.8026 3
      vertex 76.5345 89.9288 -3
      vertex 76.5345 89.9288 3
    endloop
  endfacet
  facet normal 0.857853 -0.513896 0
    outer loop
      vertex 76.5345 89.9288 -3
      vertex 76.4589 89.8026 3
      vertex 76.4589 89.8026 -3
    endloop
  endfacet
  facet normal -0.0488878 0.998804 0
    outer loop
      vertex 77.9288 87.6027 -3
      vertex 77.7817 87.5955 3
      vertex 77.9288 87.6027 3
    endloop
  endfacet
  facet normal -0.0488878 0.998804 0
    outer loop
      vertex 77.7817 87.5955 3
      vertex 77.9288 87.6027 -3
      vertex 77.7817 87.5955 -3
    endloop
  endfacet
  facet normal -0.513596 -0.858032 0
    outer loop
      vertex 78.4888 90.4183 -3
      vertex 78.6151 90.3427 3
      vertex 78.4888 90.4183 3
    endloop
  endfacet
  facet normal -0.513596 -0.858032 -0
    outer loop
      vertex 78.6151 90.3427 3
      vertex 78.4888 90.4183 -3
      vertex 78.6151 90.3427 -3
    endloop
  endfacet
  facet normal -0.595861 -0.803088 0
    outer loop
      vertex 78.6151 90.3427 -3
      vertex 78.7333 90.255 3
      vertex 78.6151 90.3427 3
    endloop
  endfacet
  facet normal -0.595861 -0.803088 -0
    outer loop
      vertex 78.7333 90.255 3
      vertex 78.6151 90.3427 -3
      vertex 78.7333 90.255 -3
    endloop
  endfacet
  facet normal -0.428086 -0.903738 0
    outer loop
      vertex 78.3558 90.4813 -3
      vertex 78.4888 90.4183 3
      vertex 78.3558 90.4813 3
    endloop
  endfacet
  facet normal -0.428086 -0.903738 -0
    outer loop
      vertex 78.4888 90.4183 3
      vertex 78.3558 90.4813 -3
      vertex 78.4888 90.4183 -3
    endloop
  endfacet
  facet normal -0.146746 -0.989174 0
    outer loop
      vertex 77.9288 90.5882 -3
      vertex 78.0744 90.5666 3
      vertex 77.9288 90.5882 3
    endloop
  endfacet
  facet normal -0.146746 -0.989174 -0
    outer loop
      vertex 78.0744 90.5666 3
      vertex 77.9288 90.5882 -3
      vertex 78.0744 90.5666 -3
    endloop
  endfacet
  facet normal -0.0495651 -0.998771 0
    outer loop
      vertex 77.7817 90.5955 -3
      vertex 77.9288 90.5882 3
      vertex 77.7817 90.5955 3
    endloop
  endfacet
  facet normal -0.0495651 -0.998771 -0
    outer loop
      vertex 77.9288 90.5882 3
      vertex 77.7817 90.5955 -3
      vertex 77.9288 90.5882 -3
    endloop
  endfacet
  facet normal -0.242536 -0.970143 0
    outer loop
      vertex 78.0744 90.5666 -3
      vertex 78.2172 90.5309 3
      vertex 78.0744 90.5666 3
    endloop
  endfacet
  facet normal -0.242536 -0.970143 -0
    outer loop
      vertex 78.2172 90.5309 3
      vertex 78.0744 90.5666 -3
      vertex 78.2172 90.5309 -3
    endloop
  endfacet
  facet normal 0.595861 -0.803088 0
    outer loop
      vertex 76.8302 90.255 -3
      vertex 76.9484 90.3427 3
      vertex 76.8302 90.255 3
    endloop
  endfacet
  facet normal 0.595861 -0.803088 0
    outer loop
      vertex 76.9484 90.3427 3
      vertex 76.8302 90.255 -3
      vertex 76.9484 90.3427 -3
    endloop
  endfacet
  facet normal 0.513596 -0.858032 0
    outer loop
      vertex 76.9484 90.3427 -3
      vertex 77.0747 90.4183 3
      vertex 76.9484 90.3427 3
    endloop
  endfacet
  facet normal 0.513596 -0.858032 0
    outer loop
      vertex 77.0747 90.4183 3
      vertex 76.9484 90.3427 -3
      vertex 77.0747 90.4183 -3
    endloop
  endfacet
  facet normal 0.671624 -0.740892 0
    outer loop
      vertex 76.7211 90.1561 -3
      vertex 76.8302 90.255 3
      vertex 76.7211 90.1561 3
    endloop
  endfacet
  facet normal 0.671624 -0.740892 0
    outer loop
      vertex 76.8302 90.255 3
      vertex 76.7211 90.1561 -3
      vertex 76.8302 90.255 -3
    endloop
  endfacet
  facet normal 0.336939 -0.941527 0
    outer loop
      vertex 77.2077 90.4813 -3
      vertex 77.3463 90.5309 3
      vertex 77.2077 90.4813 3
    endloop
  endfacet
  facet normal 0.336939 -0.941527 0
    outer loop
      vertex 77.3463 90.5309 3
      vertex 77.2077 90.4813 -3
      vertex 77.3463 90.5309 -3
    endloop
  endfacet
  facet normal 0.146746 -0.989174 0
    outer loop
      vertex 77.4891 90.5666 -3
      vertex 77.6347 90.5882 3
      vertex 77.4891 90.5666 3
    endloop
  endfacet
  facet normal 0.146746 -0.989174 0
    outer loop
      vertex 77.6347 90.5882 3
      vertex 77.4891 90.5666 -3
      vertex 77.6347 90.5882 -3
    endloop
  endfacet
  facet normal 0.803088 0.595861 0
    outer loop
      vertex 76.6222 88.1439 3
      vertex 76.5345 88.2621 -3
      vertex 76.5345 88.2621 3
    endloop
  endfacet
  facet normal 0.803088 0.595861 0
    outer loop
      vertex 76.5345 88.2621 -3
      vertex 76.6222 88.1439 3
      vertex 76.6222 88.1439 -3
    endloop
  endfacet
  facet normal 0.970143 0.242536 0
    outer loop
      vertex 76.3463 88.66 3
      vertex 76.3106 88.8028 -3
      vertex 76.3106 88.8028 3
    endloop
  endfacet
  facet normal 0.970143 0.242536 0
    outer loop
      vertex 76.3106 88.8028 -3
      vertex 76.3463 88.66 3
      vertex 76.3463 88.66 -3
    endloop
  endfacet
  facet normal 0.989174 0.146746 0
    outer loop
      vertex 76.3106 88.8028 3
      vertex 76.289 88.9484 -3
      vertex 76.289 88.9484 3
    endloop
  endfacet
  facet normal 0.989174 0.146746 0
    outer loop
      vertex 76.289 88.9484 -3
      vertex 76.3106 88.8028 3
      vertex 76.3106 88.8028 -3
    endloop
  endfacet
  facet normal 0.941527 0.336939 0
    outer loop
      vertex 76.3959 88.5214 3
      vertex 76.3463 88.66 -3
      vertex 76.3463 88.66 3
    endloop
  endfacet
  facet normal 0.941527 0.336939 0
    outer loop
      vertex 76.3463 88.66 -3
      vertex 76.3959 88.5214 3
      vertex 76.3959 88.5214 -3
    endloop
  endfacet
  facet normal 0.858032 0.513596 0
    outer loop
      vertex 76.5345 88.2621 3
      vertex 76.4589 88.3884 -3
      vertex 76.4589 88.3884 3
    endloop
  endfacet
  facet normal 0.858032 0.513596 0
    outer loop
      vertex 76.4589 88.3884 -3
      vertex 76.5345 88.2621 3
      vertex 76.5345 88.2621 -3
    endloop
  endfacet
  facet normal 0.740892 0.671624 0
    outer loop
      vertex 76.7211 88.0348 3
      vertex 76.6222 88.1439 -3
      vertex 76.6222 88.1439 3
    endloop
  endfacet
  facet normal 0.740892 0.671624 0
    outer loop
      vertex 76.6222 88.1439 -3
      vertex 76.7211 88.0348 3
      vertex 76.7211 88.0348 -3
    endloop
  endfacet
  facet normal 0.989174 -0.146746 0
    outer loop
      vertex 76.289 89.2425 3
      vertex 76.3106 89.3881 -3
      vertex 76.3106 89.3881 3
    endloop
  endfacet
  facet normal 0.989174 -0.146746 0
    outer loop
      vertex 76.3106 89.3881 -3
      vertex 76.289 89.2425 3
      vertex 76.289 89.2425 -3
    endloop
  endfacet
  facet normal 0.970143 -0.242536 0
    outer loop
      vertex 76.3106 89.3881 3
      vertex 76.3463 89.5309 -3
      vertex 76.3463 89.5309 3
    endloop
  endfacet
  facet normal 0.970143 -0.242536 0
    outer loop
      vertex 76.3463 89.5309 -3
      vertex 76.3106 89.3881 3
      vertex 76.3106 89.3881 -3
    endloop
  endfacet
  facet normal 0.998769 -0.0495987 0
    outer loop
      vertex 76.2817 89.0955 3
      vertex 76.289 89.2425 -3
      vertex 76.289 89.2425 3
    endloop
  endfacet
  facet normal 0.998769 -0.0495987 0
    outer loop
      vertex 76.289 89.2425 -3
      vertex 76.2817 89.0955 3
      vertex 76.2817 89.0955 -3
    endloop
  endfacet
  facet normal 0.903862 -0.427824 0
    outer loop
      vertex 76.3959 89.6695 3
      vertex 76.4589 89.8026 -3
      vertex 76.4589 89.8026 3
    endloop
  endfacet
  facet normal 0.903862 -0.427824 0
    outer loop
      vertex 76.4589 89.8026 -3
      vertex 76.3959 89.6695 3
      vertex 76.3959 89.6695 -3
    endloop
  endfacet
  facet normal 0.803088 -0.595861 0
    outer loop
      vertex 76.5345 89.9288 3
      vertex 76.6222 90.047 -3
      vertex 76.6222 90.047 3
    endloop
  endfacet
  facet normal 0.803088 -0.595861 0
    outer loop
      vertex 76.6222 90.047 -3
      vertex 76.5345 89.9288 3
      vertex 76.5345 89.9288 -3
    endloop
  endfacet
  facet normal -0.740892 -0.671624 0
    outer loop
      vertex 78.9413 90.047 -3
      vertex 78.8424 90.1561 3
      vertex 78.8424 90.1561 -3
    endloop
  endfacet
  facet normal -0.740892 -0.671624 0
    outer loop
      vertex 78.8424 90.1561 3
      vertex 78.9413 90.047 -3
      vertex 78.9413 90.047 3
    endloop
  endfacet
  facet normal -0.803088 0.595861 0
    outer loop
      vertex 78.9413 88.1439 -3
      vertex 79.029 88.2621 3
      vertex 79.029 88.2621 -3
    endloop
  endfacet
  facet normal -0.803088 0.595861 0
    outer loop
      vertex 79.029 88.2621 3
      vertex 78.9413 88.1439 -3
      vertex 78.9413 88.1439 3
    endloop
  endfacet
  facet normal -0.903738 0.428086 0
    outer loop
      vertex 79.1046 88.3884 -3
      vertex 79.1676 88.5214 3
      vertex 79.1676 88.5214 -3
    endloop
  endfacet
  facet normal -0.903738 0.428086 0
    outer loop
      vertex 79.1676 88.5214 3
      vertex 79.1046 88.3884 -3
      vertex 79.1046 88.3884 3
    endloop
  endfacet
  facet normal -0.998804 0.0488878 0
    outer loop
      vertex 79.2745 88.9484 -3
      vertex 79.2817 89.0955 3
      vertex 79.2817 89.0955 -3
    endloop
  endfacet
  facet normal -0.998804 0.0488878 0
    outer loop
      vertex 79.2817 89.0955 3
      vertex 79.2745 88.9484 -3
      vertex 79.2745 88.9484 3
    endloop
  endfacet
  facet normal -0.970143 0.242536 0
    outer loop
      vertex 79.2172 88.66 -3
      vertex 79.2529 88.8028 3
      vertex 79.2529 88.8028 -3
    endloop
  endfacet
  facet normal -0.970143 0.242536 0
    outer loop
      vertex 79.2529 88.8028 3
      vertex 79.2172 88.66 -3
      vertex 79.2172 88.66 3
    endloop
  endfacet
  facet normal -0.989174 -0.146746 0
    outer loop
      vertex 79.2745 89.2425 -3
      vertex 79.2529 89.3881 3
      vertex 79.2529 89.3881 -3
    endloop
  endfacet
  facet normal -0.989174 -0.146746 0
    outer loop
      vertex 79.2529 89.3881 3
      vertex 79.2745 89.2425 -3
      vertex 79.2745 89.2425 3
    endloop
  endfacet
  facet normal -0.941527 -0.336939 0
    outer loop
      vertex 79.2172 89.5309 -3
      vertex 79.1676 89.6695 3
      vertex 79.1676 89.6695 -3
    endloop
  endfacet
  facet normal -0.941527 -0.336939 0
    outer loop
      vertex 79.1676 89.6695 3
      vertex 79.2172 89.5309 -3
      vertex 79.2172 89.5309 3
    endloop
  endfacet
  facet normal -0.146746 0.989174 0
    outer loop
      vertex 78.0744 87.6243 -3
      vertex 77.9288 87.6027 3
      vertex 78.0744 87.6243 3
    endloop
  endfacet
  facet normal -0.146746 0.989174 0
    outer loop
      vertex 77.9288 87.6027 3
      vertex 78.0744 87.6243 -3
      vertex 77.9288 87.6027 -3
    endloop
  endfacet
  facet normal -0.336939 0.941527 0
    outer loop
      vertex 78.3558 87.7096 -3
      vertex 78.2172 87.66 3
      vertex 78.3558 87.7096 3
    endloop
  endfacet
  facet normal -0.336939 0.941527 0
    outer loop
      vertex 78.2172 87.66 3
      vertex 78.3558 87.7096 -3
      vertex 78.2172 87.66 -3
    endloop
  endfacet
  facet normal -0.514096 0.857733 0
    outer loop
      vertex 78.6151 87.8483 -3
      vertex 78.4888 87.7726 3
      vertex 78.6151 87.8483 3
    endloop
  endfacet
  facet normal -0.514096 0.857733 0
    outer loop
      vertex 78.4888 87.7726 3
      vertex 78.6151 87.8483 -3
      vertex 78.4888 87.7726 -3
    endloop
  endfacet
  facet normal -0.671624 0.740892 0
    outer loop
      vertex 78.8424 88.0348 -3
      vertex 78.7333 87.9359 3
      vertex 78.8424 88.0348 3
    endloop
  endfacet
  facet normal -0.671624 0.740892 0
    outer loop
      vertex 78.7333 87.9359 3
      vertex 78.8424 88.0348 -3
      vertex 78.7333 87.9359 -3
    endloop
  endfacet
  facet normal 0.146746 0.989174 -0
    outer loop
      vertex 77.6347 87.6027 -3
      vertex 77.4891 87.6243 3
      vertex 77.6347 87.6027 3
    endloop
  endfacet
  facet normal 0.146746 0.989174 0
    outer loop
      vertex 77.4891 87.6243 3
      vertex 77.6347 87.6027 -3
      vertex 77.4891 87.6243 -3
    endloop
  endfacet
  facet normal 0.242536 0.970143 -0
    outer loop
      vertex 77.4891 87.6243 -3
      vertex 77.3463 87.66 3
      vertex 77.4891 87.6243 3
    endloop
  endfacet
  facet normal 0.242536 0.970143 0
    outer loop
      vertex 77.3463 87.66 3
      vertex 77.4891 87.6243 -3
      vertex 77.3463 87.66 -3
    endloop
  endfacet
  facet normal 0.0489209 0.998803 -0
    outer loop
      vertex 77.7817 87.5955 -3
      vertex 77.6347 87.6027 3
      vertex 77.7817 87.5955 3
    endloop
  endfacet
  facet normal 0.0489209 0.998803 0
    outer loop
      vertex 77.6347 87.6027 3
      vertex 77.7817 87.5955 -3
      vertex 77.6347 87.6027 -3
    endloop
  endfacet
  facet normal 0.428086 0.903738 -0
    outer loop
      vertex 77.2077 87.7096 -3
      vertex 77.0747 87.7726 3
      vertex 77.2077 87.7096 3
    endloop
  endfacet
  facet normal 0.428086 0.903738 0
    outer loop
      vertex 77.0747 87.7726 3
      vertex 77.2077 87.7096 -3
      vertex 77.0747 87.7726 -3
    endloop
  endfacet
  facet normal 0.336939 0.941527 -0
    outer loop
      vertex 77.3463 87.66 -3
      vertex 77.2077 87.7096 3
      vertex 77.3463 87.66 3
    endloop
  endfacet
  facet normal 0.336939 0.941527 0
    outer loop
      vertex 77.2077 87.7096 3
      vertex 77.3463 87.66 -3
      vertex 77.2077 87.7096 -3
    endloop
  endfacet
  facet normal 0.595423 0.803413 -0
    outer loop
      vertex 76.9484 87.8483 -3
      vertex 76.8302 87.9359 3
      vertex 76.9484 87.8483 3
    endloop
  endfacet
  facet normal 0.595423 0.803413 0
    outer loop
      vertex 76.8302 87.9359 3
      vertex 76.9484 87.8483 -3
      vertex 76.8302 87.9359 -3
    endloop
  endfacet
  facet normal 0.671624 0.740892 -0
    outer loop
      vertex 76.8302 87.9359 -3
      vertex 76.7211 88.0348 3
      vertex 76.8302 87.9359 3
    endloop
  endfacet
  facet normal 0.671624 0.740892 0
    outer loop
      vertex 76.7211 88.0348 3
      vertex 76.8302 87.9359 -3
      vertex 76.7211 88.0348 -3
    endloop
  endfacet
  facet normal -0.858032 0.513596 0
    outer loop
      vertex 79.029 88.2621 -3
      vertex 79.1046 88.3884 3
      vertex 79.1046 88.3884 -3
    endloop
  endfacet
  facet normal -0.858032 0.513596 0
    outer loop
      vertex 79.1046 88.3884 3
      vertex 79.029 88.2621 -3
      vertex 79.029 88.2621 3
    endloop
  endfacet
  facet normal -0.941527 0.336939 0
    outer loop
      vertex 79.1676 88.5214 -3
      vertex 79.2172 88.66 3
      vertex 79.2172 88.66 -3
    endloop
  endfacet
  facet normal -0.941527 0.336939 0
    outer loop
      vertex 79.2172 88.66 3
      vertex 79.1676 88.5214 -3
      vertex 79.1676 88.5214 3
    endloop
  endfacet
  facet normal -0.998803 -0.0489209 0
    outer loop
      vertex 79.2817 89.0955 -3
      vertex 79.2745 89.2425 3
      vertex 79.2745 89.2425 -3
    endloop
  endfacet
  facet normal -0.998803 -0.0489209 0
    outer loop
      vertex 79.2745 89.2425 3
      vertex 79.2817 89.0955 -3
      vertex 79.2817 89.0955 3
    endloop
  endfacet
  facet normal -0.989174 0.146746 0
    outer loop
      vertex 79.2529 88.8028 -3
      vertex 79.2745 88.9484 3
      vertex 79.2745 88.9484 -3
    endloop
  endfacet
  facet normal -0.989174 0.146746 0
    outer loop
      vertex 79.2745 88.9484 3
      vertex 79.2529 88.8028 -3
      vertex 79.2529 88.8028 3
    endloop
  endfacet
  facet normal -0.970143 -0.242536 0
    outer loop
      vertex 79.2529 89.3881 -3
      vertex 79.2172 89.5309 3
      vertex 79.2172 89.5309 -3
    endloop
  endfacet
  facet normal -0.970143 -0.242536 0
    outer loop
      vertex 79.2172 89.5309 3
      vertex 79.2529 89.3881 -3
      vertex 79.2529 89.3881 3
    endloop
  endfacet
  facet normal -0.903862 -0.427824 0
    outer loop
      vertex 79.1676 89.6695 -3
      vertex 79.1046 89.8026 3
      vertex 79.1046 89.8026 -3
    endloop
  endfacet
  facet normal -0.903862 -0.427824 0
    outer loop
      vertex 79.1046 89.8026 3
      vertex 79.1676 89.6695 -3
      vertex 79.1676 89.6695 3
    endloop
  endfacet
  facet normal -0.803088 -0.595861 0
    outer loop
      vertex 79.029 89.9288 -3
      vertex 78.9413 90.047 3
      vertex 78.9413 90.047 -3
    endloop
  endfacet
  facet normal -0.803088 -0.595861 0
    outer loop
      vertex 78.9413 90.047 3
      vertex 79.029 89.9288 -3
      vertex 79.029 89.9288 3
    endloop
  endfacet
  facet normal -0.857853 -0.513896 0
    outer loop
      vertex 79.1046 89.8026 -3
      vertex 79.029 89.9288 3
      vertex 79.029 89.9288 -3
    endloop
  endfacet
  facet normal -0.857853 -0.513896 0
    outer loop
      vertex 79.029 89.9288 3
      vertex 79.1046 89.8026 -3
      vertex 79.1046 89.8026 3
    endloop
  endfacet
  facet normal -0.242536 0.970143 0
    outer loop
      vertex 78.2172 87.66 -3
      vertex 78.0744 87.6243 3
      vertex 78.2172 87.66 3
    endloop
  endfacet
  facet normal -0.242536 0.970143 0
    outer loop
      vertex 78.0744 87.6243 3
      vertex 78.2172 87.66 -3
      vertex 78.0744 87.6243 -3
    endloop
  endfacet
  facet normal -0.428086 0.903738 0
    outer loop
      vertex 78.4888 87.7726 -3
      vertex 78.3558 87.7096 3
      vertex 78.4888 87.7726 3
    endloop
  endfacet
  facet normal -0.428086 0.903738 0
    outer loop
      vertex 78.3558 87.7096 3
      vertex 78.4888 87.7726 -3
      vertex 78.3558 87.7096 -3
    endloop
  endfacet
  facet normal -0.595423 0.803413 0
    outer loop
      vertex 78.7333 87.9359 -3
      vertex 78.6151 87.8483 3
      vertex 78.7333 87.9359 3
    endloop
  endfacet
  facet normal -0.595423 0.803413 0
    outer loop
      vertex 78.6151 87.8483 3
      vertex 78.7333 87.9359 -3
      vertex 78.6151 87.8483 -3
    endloop
  endfacet
  facet normal -0.740892 0.671624 0
    outer loop
      vertex 78.8424 88.0348 -3
      vertex 78.9413 88.1439 3
      vertex 78.9413 88.1439 -3
    endloop
  endfacet
  facet normal -0.740892 0.671624 0
    outer loop
      vertex 78.9413 88.1439 3
      vertex 78.8424 88.0348 -3
      vertex 78.8424 88.0348 3
    endloop
  endfacet
  facet normal 0.514096 0.857733 -0
    outer loop
      vertex 77.0747 87.7726 -3
      vertex 76.9484 87.8483 3
      vertex 77.0747 87.7726 3
    endloop
  endfacet
  facet normal 0.514096 0.857733 0
    outer loop
      vertex 76.9484 87.8483 3
      vertex 77.0747 87.7726 -3
      vertex 76.9484 87.8483 -3
    endloop
  endfacet
  facet normal -0.671624 -0.740892 0
    outer loop
      vertex 67.4196 78.9413 -3
      vertex 67.5287 78.8424 3
      vertex 67.4196 78.9413 3
    endloop
  endfacet
  facet normal -0.671624 -0.740892 -0
    outer loop
      vertex 67.5287 78.8424 3
      vertex 67.4196 78.9413 -3
      vertex 67.5287 78.8424 -3
    endloop
  endfacet
  facet normal 0.740892 -0.671624 0
    outer loop
      vertex 65.3085 78.7333 3
      vertex 65.4074 78.8424 -3
      vertex 65.4074 78.8424 3
    endloop
  endfacet
  facet normal 0.740892 -0.671624 0
    outer loop
      vertex 65.4074 78.8424 -3
      vertex 65.3085 78.7333 3
      vertex 65.3085 78.7333 -3
    endloop
  endfacet
  facet normal -0.740892 0.671624 0
    outer loop
      vertex 67.5287 76.7211 -3
      vertex 67.6276 76.8302 3
      vertex 67.6276 76.8302 -3
    endloop
  endfacet
  facet normal -0.740892 0.671624 0
    outer loop
      vertex 67.6276 76.8302 3
      vertex 67.5287 76.7211 -3
      vertex 67.5287 76.7211 3
    endloop
  endfacet
  facet normal 0.0489209 -0.998803 0
    outer loop
      vertex 66.321 79.2745 -3
      vertex 66.468 79.2817 3
      vertex 66.321 79.2745 3
    endloop
  endfacet
  facet normal 0.0489209 -0.998803 0
    outer loop
      vertex 66.468 79.2817 3
      vertex 66.321 79.2745 -3
      vertex 66.468 79.2817 -3
    endloop
  endfacet
  facet normal 0.998769 0.0495987 0
    outer loop
      vertex 64.9753 77.6347 3
      vertex 64.968 77.7817 -3
      vertex 64.968 77.7817 3
    endloop
  endfacet
  facet normal 0.998769 0.0495987 0
    outer loop
      vertex 64.968 77.7817 -3
      vertex 64.9753 77.6347 3
      vertex 64.9753 77.6347 -3
    endloop
  endfacet
  facet normal 0.941527 -0.336939 0
    outer loop
      vertex 65.0326 78.2172 3
      vertex 65.0822 78.3558 -3
      vertex 65.0822 78.3558 3
    endloop
  endfacet
  facet normal 0.941527 -0.336939 0
    outer loop
      vertex 65.0822 78.3558 -3
      vertex 65.0326 78.2172 3
      vertex 65.0326 78.2172 -3
    endloop
  endfacet
  facet normal 0.427824 0.903862 -0
    outer loop
      vertex 65.894 76.3959 -3
      vertex 65.7609 76.4589 3
      vertex 65.894 76.3959 3
    endloop
  endfacet
  facet normal 0.427824 0.903862 0
    outer loop
      vertex 65.7609 76.4589 3
      vertex 65.894 76.3959 -3
      vertex 65.7609 76.4589 -3
    endloop
  endfacet
  facet normal -0.336939 -0.941527 0
    outer loop
      vertex 66.9035 79.2172 -3
      vertex 67.0421 79.1676 3
      vertex 66.9035 79.2172 3
    endloop
  endfacet
  facet normal -0.336939 -0.941527 -0
    outer loop
      vertex 67.0421 79.1676 3
      vertex 66.9035 79.2172 -3
      vertex 67.0421 79.1676 -3
    endloop
  endfacet
  facet normal 0.427824 -0.903862 0
    outer loop
      vertex 65.7609 79.1046 -3
      vertex 65.894 79.1676 3
      vertex 65.7609 79.1046 3
    endloop
  endfacet
  facet normal 0.427824 -0.903862 0
    outer loop
      vertex 65.894 79.1676 3
      vertex 65.7609 79.1046 -3
      vertex 65.894 79.1676 -3
    endloop
  endfacet
  facet normal 0.941527 0.336939 0
    outer loop
      vertex 65.0822 77.2077 3
      vertex 65.0326 77.3463 -3
      vertex 65.0326 77.3463 3
    endloop
  endfacet
  facet normal 0.941527 0.336939 0
    outer loop
      vertex 65.0326 77.3463 -3
      vertex 65.0822 77.2077 3
      vertex 65.0822 77.2077 -3
    endloop
  endfacet
  facet normal 0.970143 0.242536 0
    outer loop
      vertex 65.0326 77.3463 3
      vertex 64.9969 77.4891 -3
      vertex 64.9969 77.4891 3
    endloop
  endfacet
  facet normal 0.970143 0.242536 0
    outer loop
      vertex 64.9969 77.4891 -3
      vertex 65.0326 77.3463 3
      vertex 65.0326 77.3463 -3
    endloop
  endfacet
  facet normal 0.858032 -0.513596 0
    outer loop
      vertex 65.1452 78.4888 3
      vertex 65.2208 78.6151 -3
      vertex 65.2208 78.6151 3
    endloop
  endfacet
  facet normal 0.858032 -0.513596 0
    outer loop
      vertex 65.2208 78.6151 -3
      vertex 65.1452 78.4888 3
      vertex 65.1452 78.4888 -3
    endloop
  endfacet
  facet normal -0.941527 -0.336939 0
    outer loop
      vertex 67.9035 78.2172 -3
      vertex 67.8539 78.3558 3
      vertex 67.8539 78.3558 -3
    endloop
  endfacet
  facet normal -0.941527 -0.336939 0
    outer loop
      vertex 67.8539 78.3558 3
      vertex 67.9035 78.2172 -3
      vertex 67.9035 78.2172 3
    endloop
  endfacet
  facet normal -0.903738 0.428086 0
    outer loop
      vertex 67.7909 77.0747 -3
      vertex 67.8539 77.2077 3
      vertex 67.8539 77.2077 -3
    endloop
  endfacet
  facet normal -0.903738 0.428086 0
    outer loop
      vertex 67.8539 77.2077 3
      vertex 67.7909 77.0747 -3
      vertex 67.7909 77.0747 3
    endloop
  endfacet
  facet normal -0.998804 -0.0488878 0
    outer loop
      vertex 67.968 77.7817 -3
      vertex 67.9608 77.9288 3
      vertex 67.9608 77.9288 -3
    endloop
  endfacet
  facet normal -0.998804 -0.0488878 0
    outer loop
      vertex 67.9608 77.9288 3
      vertex 67.968 77.7817 -3
      vertex 67.968 77.7817 3
    endloop
  endfacet
  facet normal -0.857733 -0.514096 0
    outer loop
      vertex 67.7909 78.4888 -3
      vertex 67.7152 78.6151 3
      vertex 67.7152 78.6151 -3
    endloop
  endfacet
  facet normal -0.857733 -0.514096 0
    outer loop
      vertex 67.7152 78.6151 3
      vertex 67.7909 78.4888 -3
      vertex 67.7909 78.4888 3
    endloop
  endfacet
  facet normal -0.513596 0.858032 0
    outer loop
      vertex 67.3014 76.5345 -3
      vertex 67.1751 76.4589 3
      vertex 67.3014 76.5345 3
    endloop
  endfacet
  facet normal -0.513596 0.858032 0
    outer loop
      vertex 67.1751 76.4589 3
      vertex 67.3014 76.5345 -3
      vertex 67.1751 76.4589 -3
    endloop
  endfacet
  facet normal -0.0495651 0.998771 0
    outer loop
      vertex 66.6151 76.289 -3
      vertex 66.468 76.2817 3
      vertex 66.6151 76.289 3
    endloop
  endfacet
  facet normal -0.0495651 0.998771 0
    outer loop
      vertex 66.468 76.2817 3
      vertex 66.6151 76.289 -3
      vertex 66.468 76.2817 -3
    endloop
  endfacet
  facet normal 0.0495987 0.998769 -0
    outer loop
      vertex 66.468 76.2817 -3
      vertex 66.321 76.289 3
      vertex 66.468 76.2817 3
    endloop
  endfacet
  facet normal 0.0495987 0.998769 0
    outer loop
      vertex 66.321 76.289 3
      vertex 66.468 76.2817 -3
      vertex 66.321 76.289 -3
    endloop
  endfacet
  facet normal -0.514096 -0.857733 0
    outer loop
      vertex 67.1751 79.1046 -3
      vertex 67.3014 79.0289 3
      vertex 67.1751 79.1046 3
    endloop
  endfacet
  facet normal -0.514096 -0.857733 -0
    outer loop
      vertex 67.3014 79.0289 3
      vertex 67.1751 79.1046 -3
      vertex 67.3014 79.0289 -3
    endloop
  endfacet
  facet normal -0.595423 -0.803413 0
    outer loop
      vertex 67.3014 79.0289 -3
      vertex 67.4196 78.9413 3
      vertex 67.3014 79.0289 3
    endloop
  endfacet
  facet normal -0.595423 -0.803413 -0
    outer loop
      vertex 67.4196 78.9413 3
      vertex 67.3014 79.0289 -3
      vertex 67.4196 78.9413 -3
    endloop
  endfacet
  facet normal -0.428086 -0.903738 0
    outer loop
      vertex 67.0421 79.1676 -3
      vertex 67.1751 79.1046 3
      vertex 67.0421 79.1676 3
    endloop
  endfacet
  facet normal -0.428086 -0.903738 -0
    outer loop
      vertex 67.1751 79.1046 3
      vertex 67.0421 79.1676 -3
      vertex 67.1751 79.1046 -3
    endloop
  endfacet
  facet normal -0.146746 -0.989174 0
    outer loop
      vertex 66.6151 79.2745 -3
      vertex 66.7607 79.2529 3
      vertex 66.6151 79.2745 3
    endloop
  endfacet
  facet normal -0.146746 -0.989174 -0
    outer loop
      vertex 66.7607 79.2529 3
      vertex 66.6151 79.2745 -3
      vertex 66.7607 79.2529 -3
    endloop
  endfacet
  facet normal -0.0488878 -0.998804 0
    outer loop
      vertex 66.468 79.2817 -3
      vertex 66.6151 79.2745 3
      vertex 66.468 79.2817 3
    endloop
  endfacet
  facet normal -0.0488878 -0.998804 -0
    outer loop
      vertex 66.6151 79.2745 3
      vertex 66.468 79.2817 -3
      vertex 66.6151 79.2745 -3
    endloop
  endfacet
  facet normal -0.242536 -0.970143 0
    outer loop
      vertex 66.7607 79.2529 -3
      vertex 66.9035 79.2172 3
      vertex 66.7607 79.2529 3
    endloop
  endfacet
  facet normal -0.242536 -0.970143 -0
    outer loop
      vertex 66.9035 79.2172 3
      vertex 66.7607 79.2529 -3
      vertex 66.9035 79.2172 -3
    endloop
  endfacet
  facet normal 0.595098 -0.803653 0
    outer loop
      vertex 65.5164 78.9413 -3
      vertex 65.6347 79.0289 3
      vertex 65.5164 78.9413 3
    endloop
  endfacet
  facet normal 0.595098 -0.803653 0
    outer loop
      vertex 65.6347 79.0289 3
      vertex 65.5164 78.9413 -3
      vertex 65.6347 79.0289 -3
    endloop
  endfacet
  facet normal 0.671962 -0.740585 0
    outer loop
      vertex 65.4074 78.8424 -3
      vertex 65.5164 78.9413 3
      vertex 65.4074 78.8424 3
    endloop
  endfacet
  facet normal 0.671962 -0.740585 0
    outer loop
      vertex 65.5164 78.9413 3
      vertex 65.4074 78.8424 -3
      vertex 65.5164 78.9413 -3
    endloop
  endfacet
  facet normal 0.242536 -0.970143 0
    outer loop
      vertex 66.0326 79.2172 -3
      vertex 66.1754 79.2529 3
      vertex 66.0326 79.2172 3
    endloop
  endfacet
  facet normal 0.242536 -0.970143 0
    outer loop
      vertex 66.1754 79.2529 3
      vertex 66.0326 79.2172 -3
      vertex 66.1754 79.2529 -3
    endloop
  endfacet
  facet normal 0.146746 -0.989174 0
    outer loop
      vertex 66.1754 79.2529 -3
      vertex 66.321 79.2745 3
      vertex 66.1754 79.2529 3
    endloop
  endfacet
  facet normal 0.146746 -0.989174 0
    outer loop
      vertex 66.321 79.2745 3
      vertex 66.1754 79.2529 -3
      vertex 66.321 79.2745 -3
    endloop
  endfacet
  facet normal 0.803088 0.595861 0
    outer loop
      vertex 65.3085 76.8302 3
      vertex 65.2208 76.9484 -3
      vertex 65.2208 76.9484 3
    endloop
  endfacet
  facet normal 0.803088 0.595861 0
    outer loop
      vertex 65.2208 76.9484 -3
      vertex 65.3085 76.8302 3
      vertex 65.3085 76.8302 -3
    endloop
  endfacet
  facet normal 0.903738 0.428086 0
    outer loop
      vertex 65.1452 77.0747 3
      vertex 65.0822 77.2077 -3
      vertex 65.0822 77.2077 3
    endloop
  endfacet
  facet normal 0.903738 0.428086 0
    outer loop
      vertex 65.0822 77.2077 -3
      vertex 65.1452 77.0747 3
      vertex 65.1452 77.0747 -3
    endloop
  endfacet
  facet normal 0.740892 0.671624 0
    outer loop
      vertex 65.4074 76.7211 3
      vertex 65.3085 76.8302 -3
      vertex 65.3085 76.8302 3
    endloop
  endfacet
  facet normal 0.740892 0.671624 0
    outer loop
      vertex 65.3085 76.8302 -3
      vertex 65.4074 76.7211 3
      vertex 65.4074 76.7211 -3
    endloop
  endfacet
  facet normal 0.989174 -0.146746 0
    outer loop
      vertex 64.9753 77.9288 3
      vertex 64.9969 78.0744 -3
      vertex 64.9969 78.0744 3
    endloop
  endfacet
  facet normal 0.989174 -0.146746 0
    outer loop
      vertex 64.9969 78.0744 -3
      vertex 64.9753 77.9288 3
      vertex 64.9753 77.9288 -3
    endloop
  endfacet
  facet normal 0.803088 -0.595861 0
    outer loop
      vertex 65.2208 78.6151 3
      vertex 65.3085 78.7333 -3
      vertex 65.3085 78.7333 3
    endloop
  endfacet
  facet normal 0.803088 -0.595861 0
    outer loop
      vertex 65.3085 78.7333 -3
      vertex 65.2208 78.6151 3
      vertex 65.2208 78.6151 -3
    endloop
  endfacet
  facet normal -0.740892 -0.671624 0
    outer loop
      vertex 67.6276 78.7333 -3
      vertex 67.5287 78.8424 3
      vertex 67.5287 78.8424 -3
    endloop
  endfacet
  facet normal -0.740892 -0.671624 0
    outer loop
      vertex 67.5287 78.8424 3
      vertex 67.6276 78.7333 -3
      vertex 67.6276 78.7333 3
    endloop
  endfacet
  facet normal -0.803413 0.595423 0
    outer loop
      vertex 67.6276 76.8302 -3
      vertex 67.7152 76.9484 3
      vertex 67.7152 76.9484 -3
    endloop
  endfacet
  facet normal -0.803413 0.595423 0
    outer loop
      vertex 67.7152 76.9484 3
      vertex 67.6276 76.8302 -3
      vertex 67.6276 76.8302 3
    endloop
  endfacet
  facet normal -0.970143 0.242536 0
    outer loop
      vertex 67.9035 77.3463 -3
      vertex 67.9392 77.4891 3
      vertex 67.9392 77.4891 -3
    endloop
  endfacet
  facet normal -0.970143 0.242536 0
    outer loop
      vertex 67.9392 77.4891 3
      vertex 67.9035 77.3463 -3
      vertex 67.9035 77.3463 3
    endloop
  endfacet
  facet normal -0.998803 0.0489209 0
    outer loop
      vertex 67.9608 77.6347 -3
      vertex 67.968 77.7817 3
      vertex 67.968 77.7817 -3
    endloop
  endfacet
  facet normal -0.998803 0.0489209 0
    outer loop
      vertex 67.968 77.7817 3
      vertex 67.9608 77.6347 -3
      vertex 67.9608 77.6347 3
    endloop
  endfacet
  facet normal -0.989174 0.146746 0
    outer loop
      vertex 67.9392 77.4891 -3
      vertex 67.9608 77.6347 3
      vertex 67.9608 77.6347 -3
    endloop
  endfacet
  facet normal -0.989174 0.146746 0
    outer loop
      vertex 67.9608 77.6347 3
      vertex 67.9392 77.4891 -3
      vertex 67.9392 77.4891 3
    endloop
  endfacet
  facet normal -0.989174 -0.146746 0
    outer loop
      vertex 67.9608 77.9288 -3
      vertex 67.9392 78.0744 3
      vertex 67.9392 78.0744 -3
    endloop
  endfacet
  facet normal -0.989174 -0.146746 0
    outer loop
      vertex 67.9392 78.0744 3
      vertex 67.9608 77.9288 -3
      vertex 67.9608 77.9288 3
    endloop
  endfacet
  facet normal -0.970143 -0.242536 0
    outer loop
      vertex 67.9392 78.0744 -3
      vertex 67.9035 78.2172 3
      vertex 67.9035 78.2172 -3
    endloop
  endfacet
  facet normal -0.970143 -0.242536 0
    outer loop
      vertex 67.9035 78.2172 3
      vertex 67.9392 78.0744 -3
      vertex 67.9392 78.0744 3
    endloop
  endfacet
  facet normal -0.146746 0.989174 0
    outer loop
      vertex 66.7607 76.3106 -3
      vertex 66.6151 76.289 3
      vertex 66.7607 76.3106 3
    endloop
  endfacet
  facet normal -0.146746 0.989174 0
    outer loop
      vertex 66.6151 76.289 3
      vertex 66.7607 76.3106 -3
      vertex 66.6151 76.289 -3
    endloop
  endfacet
  facet normal -0.242536 0.970143 0
    outer loop
      vertex 66.9035 76.3463 -3
      vertex 66.7607 76.3106 3
      vertex 66.9035 76.3463 3
    endloop
  endfacet
  facet normal -0.242536 0.970143 0
    outer loop
      vertex 66.7607 76.3106 3
      vertex 66.9035 76.3463 -3
      vertex 66.7607 76.3106 -3
    endloop
  endfacet
  facet normal -0.336939 0.941527 0
    outer loop
      vertex 67.0421 76.3959 -3
      vertex 66.9035 76.3463 3
      vertex 67.0421 76.3959 3
    endloop
  endfacet
  facet normal -0.336939 0.941527 0
    outer loop
      vertex 66.9035 76.3463 3
      vertex 67.0421 76.3959 -3
      vertex 66.9035 76.3463 -3
    endloop
  endfacet
  facet normal -0.671624 0.740892 0
    outer loop
      vertex 67.5287 76.7211 -3
      vertex 67.4196 76.6222 3
      vertex 67.5287 76.7211 3
    endloop
  endfacet
  facet normal -0.671624 0.740892 0
    outer loop
      vertex 67.4196 76.6222 3
      vertex 67.5287 76.7211 -3
      vertex 67.4196 76.6222 -3
    endloop
  endfacet
  facet normal 0.242536 0.970143 -0
    outer loop
      vertex 66.1754 76.3106 -3
      vertex 66.0326 76.3463 3
      vertex 66.1754 76.3106 3
    endloop
  endfacet
  facet normal 0.242536 0.970143 0
    outer loop
      vertex 66.0326 76.3463 3
      vertex 66.1754 76.3106 -3
      vertex 66.0326 76.3463 -3
    endloop
  endfacet
  facet normal 0.336939 0.941527 -0
    outer loop
      vertex 66.0326 76.3463 -3
      vertex 65.894 76.3959 3
      vertex 66.0326 76.3463 3
    endloop
  endfacet
  facet normal 0.336939 0.941527 0
    outer loop
      vertex 65.894 76.3959 3
      vertex 66.0326 76.3463 -3
      vertex 65.894 76.3959 -3
    endloop
  endfacet
  facet normal 0.595536 0.803329 -0
    outer loop
      vertex 65.6347 76.5345 -3
      vertex 65.5164 76.6222 3
      vertex 65.6347 76.5345 3
    endloop
  endfacet
  facet normal 0.595536 0.803329 0
    outer loop
      vertex 65.5164 76.6222 3
      vertex 65.6347 76.5345 -3
      vertex 65.5164 76.6222 -3
    endloop
  endfacet
  facet normal 0.514396 -0.857553 0
    outer loop
      vertex 65.6347 79.0289 -3
      vertex 65.7609 79.1046 3
      vertex 65.6347 79.0289 3
    endloop
  endfacet
  facet normal 0.514396 -0.857553 0
    outer loop
      vertex 65.7609 79.1046 3
      vertex 65.6347 79.0289 -3
      vertex 65.7609 79.1046 -3
    endloop
  endfacet
  facet normal 0.336939 -0.941527 0
    outer loop
      vertex 65.894 79.1676 -3
      vertex 66.0326 79.2172 3
      vertex 65.894 79.1676 3
    endloop
  endfacet
  facet normal 0.336939 -0.941527 0
    outer loop
      vertex 66.0326 79.2172 3
      vertex 65.894 79.1676 -3
      vertex 66.0326 79.2172 -3
    endloop
  endfacet
  facet normal 0.989174 0.146746 0
    outer loop
      vertex 64.9969 77.4891 3
      vertex 64.9753 77.6347 -3
      vertex 64.9753 77.6347 3
    endloop
  endfacet
  facet normal 0.989174 0.146746 0
    outer loop
      vertex 64.9753 77.6347 -3
      vertex 64.9969 77.4891 3
      vertex 64.9969 77.4891 -3
    endloop
  endfacet
  facet normal 0.858032 0.513596 0
    outer loop
      vertex 65.2208 76.9484 3
      vertex 65.1452 77.0747 -3
      vertex 65.1452 77.0747 3
    endloop
  endfacet
  facet normal 0.858032 0.513596 0
    outer loop
      vertex 65.1452 77.0747 -3
      vertex 65.2208 76.9484 3
      vertex 65.2208 76.9484 -3
    endloop
  endfacet
  facet normal 0.671962 0.740585 -0
    outer loop
      vertex 65.5164 76.6222 -3
      vertex 65.4074 76.7211 3
      vertex 65.5164 76.6222 3
    endloop
  endfacet
  facet normal 0.671962 0.740585 0
    outer loop
      vertex 65.4074 76.7211 3
      vertex 65.5164 76.6222 -3
      vertex 65.4074 76.7211 -3
    endloop
  endfacet
  facet normal 0.998771 -0.0495651 0
    outer loop
      vertex 64.968 77.7817 3
      vertex 64.9753 77.9288 -3
      vertex 64.9753 77.9288 3
    endloop
  endfacet
  facet normal 0.998771 -0.0495651 0
    outer loop
      vertex 64.9753 77.9288 -3
      vertex 64.968 77.7817 3
      vertex 64.968 77.7817 -3
    endloop
  endfacet
  facet normal 0.970143 -0.242536 0
    outer loop
      vertex 64.9969 78.0744 3
      vertex 65.0326 78.2172 -3
      vertex 65.0326 78.2172 3
    endloop
  endfacet
  facet normal 0.970143 -0.242536 0
    outer loop
      vertex 65.0326 78.2172 -3
      vertex 64.9969 78.0744 3
      vertex 64.9969 78.0744 -3
    endloop
  endfacet
  facet normal 0.903738 -0.428086 0
    outer loop
      vertex 65.0822 78.3558 3
      vertex 65.1452 78.4888 -3
      vertex 65.1452 78.4888 3
    endloop
  endfacet
  facet normal 0.903738 -0.428086 0
    outer loop
      vertex 65.1452 78.4888 -3
      vertex 65.0822 78.3558 3
      vertex 65.0822 78.3558 -3
    endloop
  endfacet
  facet normal -0.857733 0.514096 0
    outer loop
      vertex 67.7152 76.9484 -3
      vertex 67.7909 77.0747 3
      vertex 67.7909 77.0747 -3
    endloop
  endfacet
  facet normal -0.857733 0.514096 0
    outer loop
      vertex 67.7909 77.0747 3
      vertex 67.7152 76.9484 -3
      vertex 67.7152 76.9484 3
    endloop
  endfacet
  facet normal -0.941527 0.336939 0
    outer loop
      vertex 67.8539 77.2077 -3
      vertex 67.9035 77.3463 3
      vertex 67.9035 77.3463 -3
    endloop
  endfacet
  facet normal -0.941527 0.336939 0
    outer loop
      vertex 67.9035 77.3463 3
      vertex 67.8539 77.2077 -3
      vertex 67.8539 77.2077 3
    endloop
  endfacet
  facet normal -0.903738 -0.428086 0
    outer loop
      vertex 67.8539 78.3558 -3
      vertex 67.7909 78.4888 3
      vertex 67.7909 78.4888 -3
    endloop
  endfacet
  facet normal -0.903738 -0.428086 0
    outer loop
      vertex 67.7909 78.4888 3
      vertex 67.8539 78.3558 -3
      vertex 67.8539 78.3558 3
    endloop
  endfacet
  facet normal -0.803413 -0.595423 0
    outer loop
      vertex 67.7152 78.6151 -3
      vertex 67.6276 78.7333 3
      vertex 67.6276 78.7333 -3
    endloop
  endfacet
  facet normal -0.803413 -0.595423 0
    outer loop
      vertex 67.6276 78.7333 3
      vertex 67.7152 78.6151 -3
      vertex 67.7152 78.6151 3
    endloop
  endfacet
  facet normal -0.428086 0.903738 0
    outer loop
      vertex 67.1751 76.4589 -3
      vertex 67.0421 76.3959 3
      vertex 67.1751 76.4589 3
    endloop
  endfacet
  facet normal -0.428086 0.903738 0
    outer loop
      vertex 67.0421 76.3959 3
      vertex 67.1751 76.4589 -3
      vertex 67.0421 76.3959 -3
    endloop
  endfacet
  facet normal -0.595861 0.803088 0
    outer loop
      vertex 67.4196 76.6222 -3
      vertex 67.3014 76.5345 3
      vertex 67.4196 76.6222 3
    endloop
  endfacet
  facet normal -0.595861 0.803088 0
    outer loop
      vertex 67.3014 76.5345 3
      vertex 67.4196 76.6222 -3
      vertex 67.3014 76.5345 -3
    endloop
  endfacet
  facet normal 0.146746 0.989174 -0
    outer loop
      vertex 66.321 76.289 -3
      vertex 66.1754 76.3106 3
      vertex 66.321 76.289 3
    endloop
  endfacet
  facet normal 0.146746 0.989174 0
    outer loop
      vertex 66.1754 76.3106 3
      vertex 66.321 76.289 -3
      vertex 66.1754 76.3106 -3
    endloop
  endfacet
  facet normal 0.513896 0.857853 -0
    outer loop
      vertex 65.7609 76.4589 -3
      vertex 65.6347 76.5345 3
      vertex 65.7609 76.4589 3
    endloop
  endfacet
  facet normal 0.513896 0.857853 0
    outer loop
      vertex 65.6347 76.5345 3
      vertex 65.7609 76.4589 -3
      vertex 65.6347 76.5345 -3
    endloop
  endfacet
  facet normal -0.998797 0.0490387 0
    outer loop
      vertex -93.7817 77.7817 -3
      vertex -93.7047 79.35 3
      vertex -93.7047 79.35 -3
    endloop
  endfacet
  facet normal -0.998797 0.0490387 0
    outer loop
      vertex -93.7047 79.35 3
      vertex -93.7817 77.7817 -3
      vertex -93.7817 77.7817 3
    endloop
  endfacet
  facet normal -0.740994 0.671512 0
    outer loop
      vertex -90.1499 87.932 -3
      vertex -89.0955 89.0955 3
      vertex -89.0955 89.0955 -3
    endloop
  endfacet
  facet normal -0.740994 0.671512 0
    outer loop
      vertex -89.0955 89.0955 3
      vertex -90.1499 87.932 -3
      vertex -90.1499 87.932 3
    endloop
  endfacet
  facet normal -0.72299 -0.690859 0
    outer loop
      vertex -27.8817 2.40718 -3
      vertex -89.0955 66.468 3
      vertex -89.0955 66.468 -3
    endloop
  endfacet
  facet normal -0.72299 -0.690859 0
    outer loop
      vertex -89.0955 66.468 3
      vertex -27.8817 2.40718 -3
      vertex -27.8817 2.40718 3
    endloop
  endfacet
  facet normal -0.970034 -0.24297 0
    outer loop
      vertex -93.0928 73.1372 -3
      vertex -93.4743 74.6603 3
      vertex -93.4743 74.6603 -3
    endloop
  endfacet
  facet normal -0.970034 -0.24297 0
    outer loop
      vertex -93.4743 74.6603 3
      vertex -93.0928 73.1372 -3
      vertex -93.0928 73.1372 3
    endloop
  endfacet
  facet normal 0.690859 0.72299 -0
    outer loop
      vertex -2.40718 27.8817 -3
      vertex -66.468 89.0955 3
      vertex -2.40718 27.8817 3
    endloop
  endfacet
  facet normal 0.690859 0.72299 0
    outer loop
      vertex -66.468 89.0955 3
      vertex -2.40718 27.8817 -3
      vertex -66.468 89.0955 -3
    endloop
  endfacet
  facet normal -0.85774 -0.514084 0
    outer loop
      vertex -91.0853 68.8926 -3
      vertex -91.8925 70.2394 3
      vertex -91.8925 70.2394 -3
    endloop
  endfacet
  facet normal -0.85774 -0.514084 0
    outer loop
      vertex -91.8925 70.2394 3
      vertex -91.0853 68.8926 -3
      vertex -91.0853 68.8926 3
    endloop
  endfacet
  facet normal -0.94154 0.336901 0
    outer loop
      vertex -93.0928 82.4263 -3
      vertex -92.5638 83.9047 3
      vertex -92.5638 83.9047 -3
    endloop
  endfacet
  facet normal -0.94154 0.336901 0
    outer loop
      vertex -92.5638 83.9047 3
      vertex -93.0928 82.4263 -3
      vertex -93.0928 82.4263 3
    endloop
  endfacet
  facet normal -0.595742 0.803176 0
    outer loop
      vertex -86.6709 91.0853 -3
      vertex -87.932 90.1499 3
      vertex -86.6709 91.0853 3
    endloop
  endfacet
  facet normal -0.595742 0.803176 0
    outer loop
      vertex -87.932 90.1499 3
      vertex -86.6709 91.0853 -3
      vertex -87.932 90.1499 -3
    endloop
  endfacet
  facet normal 0.671512 0.740994 -0
    outer loop
      vertex -66.468 89.0955 -3
      vertex -67.6315 90.1499 3
      vertex -66.468 89.0955 3
    endloop
  endfacet
  facet normal 0.671512 0.740994 0
    outer loop
      vertex -67.6315 90.1499 3
      vertex -66.468 89.0955 -3
      vertex -67.6315 90.1499 -3
    endloop
  endfacet
  facet normal -0.903996 -0.427541 0
    outer loop
      vertex -91.8925 70.2394 -3
      vertex -92.5638 71.6588 3
      vertex -92.5638 71.6588 -3
    endloop
  endfacet
  facet normal -0.903996 -0.427541 0
    outer loop
      vertex -92.5638 71.6588 3
      vertex -91.8925 70.2394 -3
      vertex -91.8925 70.2394 3
    endloop
  endfacet
  facet normal -0.740994 -0.671512 0
    outer loop
      vertex -89.0955 66.468 -3
      vertex -90.1499 67.6315 3
      vertex -90.1499 67.6315 -3
    endloop
  endfacet
  facet normal -0.740994 -0.671512 0
    outer loop
      vertex -90.1499 67.6315 3
      vertex -89.0955 66.468 -3
      vertex -89.0955 66.468 3
    endloop
  endfacet
  facet normal -0.803176 0.595742 0
    outer loop
      vertex -91.0853 86.6709 -3
      vertex -90.1499 87.932 3
      vertex -90.1499 87.932 -3
    endloop
  endfacet
  facet normal -0.803176 0.595742 0
    outer loop
      vertex -90.1499 87.932 3
      vertex -91.0853 86.6709 -3
      vertex -91.0853 86.6709 3
    endloop
  endfacet
  facet normal -0.989176 0.146733 0
    outer loop
      vertex -93.7047 79.35 -3
      vertex -93.4743 80.9032 3
      vertex -93.4743 80.9032 -3
    endloop
  endfacet
  facet normal -0.989176 0.146733 0
    outer loop
      vertex -93.4743 80.9032 3
      vertex -93.7047 79.35 -3
      vertex -93.7047 79.35 3
    endloop
  endfacet
  facet normal -0.970034 0.24297 0
    outer loop
      vertex -93.4743 80.9032 -3
      vertex -93.0928 82.4263 3
      vertex -93.0928 82.4263 -3
    endloop
  endfacet
  facet normal -0.970034 0.24297 0
    outer loop
      vertex -93.0928 82.4263 3
      vertex -93.4743 80.9032 -3
      vertex -93.4743 80.9032 3
    endloop
  endfacet
  facet normal 0.146733 0.989176 -0
    outer loop
      vertex -74.6603 93.4743 -3
      vertex -76.2135 93.7047 3
      vertex -74.6603 93.4743 3
    endloop
  endfacet
  facet normal 0.146733 0.989176 0
    outer loop
      vertex -76.2135 93.7047 3
      vertex -74.6603 93.4743 -3
      vertex -76.2135 93.7047 -3
    endloop
  endfacet
  facet normal -0.903996 0.427541 0
    outer loop
      vertex -92.5638 83.9047 -3
      vertex -91.8925 85.3241 3
      vertex -91.8925 85.3241 -3
    endloop
  endfacet
  facet normal -0.903996 0.427541 0
    outer loop
      vertex -91.8925 85.3241 3
      vertex -92.5638 83.9047 -3
      vertex -92.5638 83.9047 3
    endloop
  endfacet
  facet normal -0.85774 0.514084 0
    outer loop
      vertex -91.8925 85.3241 -3
      vertex -91.0853 86.6709 3
      vertex -91.0853 86.6709 -3
    endloop
  endfacet
  facet normal -0.85774 0.514084 0
    outer loop
      vertex -91.0853 86.6709 3
      vertex -91.8925 85.3241 -3
      vertex -91.8925 85.3241 3
    endloop
  endfacet
  facet normal -0.671512 0.740994 0
    outer loop
      vertex -87.932 90.1499 -3
      vertex -89.0955 89.0955 3
      vertex -87.932 90.1499 3
    endloop
  endfacet
  facet normal -0.671512 0.740994 0
    outer loop
      vertex -89.0955 89.0955 3
      vertex -87.932 90.1499 -3
      vertex -89.0955 89.0955 -3
    endloop
  endfacet
  facet normal -0.94154 -0.336901 0
    outer loop
      vertex -92.5638 71.6588 -3
      vertex -93.0928 73.1372 3
      vertex -93.0928 73.1372 -3
    endloop
  endfacet
  facet normal -0.94154 -0.336901 0
    outer loop
      vertex -93.0928 73.1372 3
      vertex -92.5638 71.6588 -3
      vertex -92.5638 71.6588 3
    endloop
  endfacet
  facet normal -0.989176 -0.146733 0
    outer loop
      vertex -93.4743 74.6603 -3
      vertex -93.7047 76.2135 3
      vertex -93.7047 76.2135 -3
    endloop
  endfacet
  facet normal -0.989176 -0.146733 0
    outer loop
      vertex -93.7047 76.2135 3
      vertex -93.4743 74.6603 -3
      vertex -93.4743 74.6603 3
    endloop
  endfacet
  facet normal -0.998797 -0.0490418 0
    outer loop
      vertex -93.7047 76.2135 -3
      vertex -93.7817 77.7817 3
      vertex -93.7817 77.7817 -3
    endloop
  endfacet
  facet normal -0.998797 -0.0490418 0
    outer loop
      vertex -93.7817 77.7817 3
      vertex -93.7047 76.2135 -3
      vertex -93.7047 76.2135 3
    endloop
  endfacet
  facet normal -0.514084 0.85774 0
    outer loop
      vertex -85.3241 91.8925 -3
      vertex -86.6709 91.0853 3
      vertex -85.3241 91.8925 3
    endloop
  endfacet
  facet normal -0.514084 0.85774 0
    outer loop
      vertex -86.6709 91.0853 3
      vertex -85.3241 91.8925 -3
      vertex -86.6709 91.0853 -3
    endloop
  endfacet
  facet normal -0.427541 0.903996 0
    outer loop
      vertex -83.9047 92.5638 -3
      vertex -85.3241 91.8925 3
      vertex -83.9047 92.5638 3
    endloop
  endfacet
  facet normal -0.427541 0.903996 0
    outer loop
      vertex -85.3241 91.8925 3
      vertex -83.9047 92.5638 -3
      vertex -85.3241 91.8925 -3
    endloop
  endfacet
  facet normal -0.803176 -0.595742 0
    outer loop
      vertex -90.1499 67.6315 -3
      vertex -91.0853 68.8926 3
      vertex -91.0853 68.8926 -3
    endloop
  endfacet
  facet normal -0.803176 -0.595742 0
    outer loop
      vertex -91.0853 68.8926 3
      vertex -90.1499 67.6315 -3
      vertex -90.1499 67.6315 3
    endloop
  endfacet
  facet normal -0.146733 0.989176 0
    outer loop
      vertex -79.35 93.7047 -3
      vertex -80.9032 93.4743 3
      vertex -79.35 93.7047 3
    endloop
  endfacet
  facet normal -0.146733 0.989176 0
    outer loop
      vertex -80.9032 93.4743 3
      vertex -79.35 93.7047 -3
      vertex -80.9032 93.4743 -3
    endloop
  endfacet
  facet normal 0.514084 0.85774 -0
    outer loop
      vertex -68.8926 91.0853 -3
      vertex -70.2394 91.8925 3
      vertex -68.8926 91.0853 3
    endloop
  endfacet
  facet normal 0.514084 0.85774 0
    outer loop
      vertex -70.2394 91.8925 3
      vertex -68.8926 91.0853 -3
      vertex -70.2394 91.8925 -3
    endloop
  endfacet
  facet normal 0.595742 0.803176 -0
    outer loop
      vertex -67.6315 90.1499 -3
      vertex -68.8926 91.0853 3
      vertex -67.6315 90.1499 3
    endloop
  endfacet
  facet normal 0.595742 0.803176 0
    outer loop
      vertex -68.8926 91.0853 3
      vertex -67.6315 90.1499 -3
      vertex -68.8926 91.0853 -3
    endloop
  endfacet
  facet normal 0.427541 0.903996 -0
    outer loop
      vertex -70.2394 91.8925 -3
      vertex -71.6588 92.5638 3
      vertex -70.2394 91.8925 3
    endloop
  endfacet
  facet normal 0.427541 0.903996 0
    outer loop
      vertex -71.6588 92.5638 3
      vertex -70.2394 91.8925 -3
      vertex -71.6588 92.5638 -3
    endloop
  endfacet
  facet normal 0.336901 0.94154 -0
    outer loop
      vertex -71.6588 92.5638 -3
      vertex -73.1372 93.0928 3
      vertex -71.6588 92.5638 3
    endloop
  endfacet
  facet normal 0.336901 0.94154 0
    outer loop
      vertex -73.1372 93.0928 3
      vertex -71.6588 92.5638 -3
      vertex -73.1372 93.0928 -3
    endloop
  endfacet
  facet normal -0.336901 0.94154 0
    outer loop
      vertex -82.4263 93.0928 -3
      vertex -83.9047 92.5638 3
      vertex -82.4263 93.0928 3
    endloop
  endfacet
  facet normal -0.336901 0.94154 0
    outer loop
      vertex -83.9047 92.5638 3
      vertex -82.4263 93.0928 -3
      vertex -83.9047 92.5638 -3
    endloop
  endfacet
  facet normal -0.24297 0.970034 0
    outer loop
      vertex -80.9032 93.4743 -3
      vertex -82.4263 93.0928 3
      vertex -80.9032 93.4743 3
    endloop
  endfacet
  facet normal -0.24297 0.970034 0
    outer loop
      vertex -82.4263 93.0928 3
      vertex -80.9032 93.4743 -3
      vertex -82.4263 93.0928 -3
    endloop
  endfacet
  facet normal -0.0490387 0.998797 0
    outer loop
      vertex -77.7817 93.7817 -3
      vertex -79.35 93.7047 3
      vertex -77.7817 93.7817 3
    endloop
  endfacet
  facet normal -0.0490387 0.998797 0
    outer loop
      vertex -79.35 93.7047 3
      vertex -77.7817 93.7817 -3
      vertex -79.35 93.7047 -3
    endloop
  endfacet
  facet normal 0.0490418 0.998797 -0
    outer loop
      vertex -76.2135 93.7047 -3
      vertex -77.7817 93.7817 3
      vertex -76.2135 93.7047 3
    endloop
  endfacet
  facet normal 0.0490418 0.998797 0
    outer loop
      vertex -77.7817 93.7817 3
      vertex -76.2135 93.7047 -3
      vertex -77.7817 93.7817 -3
    endloop
  endfacet
  facet normal 0.24297 0.970034 -0
    outer loop
      vertex -73.1372 93.0928 -3
      vertex -74.6603 93.4743 3
      vertex -73.1372 93.0928 3
    endloop
  endfacet
  facet normal 0.24297 0.970034 0
    outer loop
      vertex -74.6603 93.4743 3
      vertex -73.1372 93.0928 -3
      vertex -74.6603 93.4743 -3
    endloop
  endfacet
  facet normal 0.707107 -0.707107 0
    outer loop
      vertex -54.3942 46.7221 3
      vertex -46.7221 54.3942 -3
      vertex -46.7221 54.3942 3
    endloop
  endfacet
  facet normal 0.707107 -0.707107 0
    outer loop
      vertex -46.7221 54.3942 -3
      vertex -54.3942 46.7221 3
      vertex -54.3942 46.7221 -3
    endloop
  endfacet
  facet normal 0.707107 0.707107 0
    outer loop
      vertex -26.2223 18.5502 3
      vertex -54.3942 46.7221 -3
      vertex -54.3942 46.7221 3
    endloop
  endfacet
  facet normal 0.707107 0.707107 0
    outer loop
      vertex -54.3942 46.7221 -3
      vertex -26.2223 18.5502 3
      vertex -26.2223 18.5502 -3
    endloop
  endfacet
  facet normal -0.707107 -0.707107 0
    outer loop
      vertex -18.5502 26.2223 -3
      vertex -46.7221 54.3942 3
      vertex -46.7221 54.3942 -3
    endloop
  endfacet
  facet normal -0.707107 -0.707107 0
    outer loop
      vertex -46.7221 54.3942 3
      vertex -18.5502 26.2223 -3
      vertex -18.5502 26.2223 3
    endloop
  endfacet
  facet normal 0.970143 -0.242536 0
    outer loop
      vertex -67.9392 78.0744 3
      vertex -67.9035 78.2172 -3
      vertex -67.9035 78.2172 3
    endloop
  endfacet
  facet normal 0.970143 -0.242536 0
    outer loop
      vertex -67.9035 78.2172 -3
      vertex -67.9392 78.0744 3
      vertex -67.9392 78.0744 -3
    endloop
  endfacet
  facet normal 0.903738 0.428086 0
    outer loop
      vertex -67.7909 77.0747 3
      vertex -67.8539 77.2077 -3
      vertex -67.8539 77.2077 3
    endloop
  endfacet
  facet normal 0.903738 0.428086 0
    outer loop
      vertex -67.8539 77.2077 -3
      vertex -67.7909 77.0747 3
      vertex -67.7909 77.0747 -3
    endloop
  endfacet
  facet normal 0.336939 0.941527 -0
    outer loop
      vertex -66.9035 76.3463 -3
      vertex -67.0421 76.3959 3
      vertex -66.9035 76.3463 3
    endloop
  endfacet
  facet normal 0.336939 0.941527 0
    outer loop
      vertex -67.0421 76.3959 3
      vertex -66.9035 76.3463 -3
      vertex -67.0421 76.3959 -3
    endloop
  endfacet
  facet normal -0.427824 0.903862 0
    outer loop
      vertex -65.7609 76.4589 -3
      vertex -65.894 76.3959 3
      vertex -65.7609 76.4589 3
    endloop
  endfacet
  facet normal -0.427824 0.903862 0
    outer loop
      vertex -65.894 76.3959 3
      vertex -65.7609 76.4589 -3
      vertex -65.894 76.3959 -3
    endloop
  endfacet
  facet normal 0.671624 -0.740892 0
    outer loop
      vertex -67.5287 78.8424 -3
      vertex -67.4196 78.9413 3
      vertex -67.5287 78.8424 3
    endloop
  endfacet
  facet normal 0.671624 -0.740892 0
    outer loop
      vertex -67.4196 78.9413 3
      vertex -67.5287 78.8424 -3
      vertex -67.4196 78.9413 -3
    endloop
  endfacet
  facet normal 0.740892 0.671624 0
    outer loop
      vertex -67.5287 76.7211 3
      vertex -67.6276 76.8302 -3
      vertex -67.6276 76.8302 3
    endloop
  endfacet
  facet normal 0.740892 0.671624 0
    outer loop
      vertex -67.6276 76.8302 -3
      vertex -67.5287 76.7211 3
      vertex -67.5287 76.7211 -3
    endloop
  endfacet
  facet normal 0.970143 0.242536 0
    outer loop
      vertex -67.9035 77.3463 3
      vertex -67.9392 77.4891 -3
      vertex -67.9392 77.4891 3
    endloop
  endfacet
  facet normal 0.970143 0.242536 0
    outer loop
      vertex -67.9392 77.4891 -3
      vertex -67.9035 77.3463 3
      vertex -67.9035 77.3463 -3
    endloop
  endfacet
  facet normal -0.671962 0.740585 0
    outer loop
      vertex -65.4074 76.7211 -3
      vertex -65.5164 76.6222 3
      vertex -65.4074 76.7211 3
    endloop
  endfacet
  facet normal -0.671962 0.740585 0
    outer loop
      vertex -65.5164 76.6222 3
      vertex -65.4074 76.7211 -3
      vertex -65.5164 76.6222 -3
    endloop
  endfacet
  facet normal -0.146746 0.989174 0
    outer loop
      vertex -66.1754 76.3106 -3
      vertex -66.321 76.289 3
      vertex -66.1754 76.3106 3
    endloop
  endfacet
  facet normal -0.146746 0.989174 0
    outer loop
      vertex -66.321 76.289 3
      vertex -66.1754 76.3106 -3
      vertex -66.321 76.289 -3
    endloop
  endfacet
  facet normal 0.513596 0.858032 -0
    outer loop
      vertex -67.1751 76.4589 -3
      vertex -67.3014 76.5345 3
      vertex -67.1751 76.4589 3
    endloop
  endfacet
  facet normal 0.513596 0.858032 0
    outer loop
      vertex -67.3014 76.5345 3
      vertex -67.1751 76.4589 -3
      vertex -67.3014 76.5345 -3
    endloop
  endfacet
  facet normal -0.989174 -0.146746 0
    outer loop
      vertex -64.9753 77.9288 -3
      vertex -64.9969 78.0744 3
      vertex -64.9969 78.0744 -3
    endloop
  endfacet
  facet normal -0.989174 -0.146746 0
    outer loop
      vertex -64.9969 78.0744 3
      vertex -64.9753 77.9288 -3
      vertex -64.9753 77.9288 3
    endloop
  endfacet
  facet normal -0.970143 0.242536 0
    outer loop
      vertex -65.0326 77.3463 -3
      vertex -64.9969 77.4891 3
      vertex -64.9969 77.4891 -3
    endloop
  endfacet
  facet normal -0.970143 0.242536 0
    outer loop
      vertex -64.9969 77.4891 3
      vertex -65.0326 77.3463 -3
      vertex -65.0326 77.3463 3
    endloop
  endfacet
  facet normal 0.803413 -0.595423 0
    outer loop
      vertex -67.7152 78.6151 3
      vertex -67.6276 78.7333 -3
      vertex -67.6276 78.7333 3
    endloop
  endfacet
  facet normal 0.803413 -0.595423 0
    outer loop
      vertex -67.6276 78.7333 -3
      vertex -67.7152 78.6151 3
      vertex -67.7152 78.6151 -3
    endloop
  endfacet
  facet normal 0.989174 -0.146746 0
    outer loop
      vertex -67.9608 77.9288 3
      vertex -67.9392 78.0744 -3
      vertex -67.9392 78.0744 3
    endloop
  endfacet
  facet normal 0.989174 -0.146746 0
    outer loop
      vertex -67.9392 78.0744 -3
      vertex -67.9608 77.9288 3
      vertex -67.9608 77.9288 -3
    endloop
  endfacet
  facet normal 0.998803 0.0489209 0
    outer loop
      vertex -67.9608 77.6347 3
      vertex -67.968 77.7817 -3
      vertex -67.968 77.7817 3
    endloop
  endfacet
  facet normal 0.998803 0.0489209 0
    outer loop
      vertex -67.968 77.7817 -3
      vertex -67.9608 77.6347 3
      vertex -67.9608 77.6347 -3
    endloop
  endfacet
  facet normal 0.671624 0.740892 -0
    outer loop
      vertex -67.4196 76.6222 -3
      vertex -67.5287 76.7211 3
      vertex -67.4196 76.6222 3
    endloop
  endfacet
  facet normal 0.671624 0.740892 0
    outer loop
      vertex -67.5287 76.7211 3
      vertex -67.4196 76.6222 -3
      vertex -67.5287 76.7211 -3
    endloop
  endfacet
  facet normal 0.857733 0.514096 0
    outer loop
      vertex -67.7152 76.9484 3
      vertex -67.7909 77.0747 -3
      vertex -67.7909 77.0747 3
    endloop
  endfacet
  facet normal 0.857733 0.514096 0
    outer loop
      vertex -67.7909 77.0747 -3
      vertex -67.7152 76.9484 3
      vertex -67.7152 76.9484 -3
    endloop
  endfacet
  facet normal 0.803413 0.595423 0
    outer loop
      vertex -67.6276 76.8302 3
      vertex -67.7152 76.9484 -3
      vertex -67.7152 76.9484 3
    endloop
  endfacet
  facet normal 0.803413 0.595423 0
    outer loop
      vertex -67.7152 76.9484 -3
      vertex -67.6276 76.8302 3
      vertex -67.6276 76.8302 -3
    endloop
  endfacet
  facet normal 0.941527 0.336939 0
    outer loop
      vertex -67.8539 77.2077 3
      vertex -67.9035 77.3463 -3
      vertex -67.9035 77.3463 3
    endloop
  endfacet
  facet normal 0.941527 0.336939 0
    outer loop
      vertex -67.9035 77.3463 -3
      vertex -67.8539 77.2077 3
      vertex -67.8539 77.2077 -3
    endloop
  endfacet
  facet normal 0.989174 0.146746 0
    outer loop
      vertex -67.9392 77.4891 3
      vertex -67.9608 77.6347 -3
      vertex -67.9608 77.6347 3
    endloop
  endfacet
  facet normal 0.989174 0.146746 0
    outer loop
      vertex -67.9608 77.6347 -3
      vertex -67.9392 77.4891 3
      vertex -67.9392 77.4891 -3
    endloop
  endfacet
  facet normal -0.513896 0.857853 0
    outer loop
      vertex -65.6347 76.5345 -3
      vertex -65.7609 76.4589 3
      vertex -65.6347 76.5345 3
    endloop
  endfacet
  facet normal -0.513896 0.857853 0
    outer loop
      vertex -65.7609 76.4589 3
      vertex -65.6347 76.5345 -3
      vertex -65.7609 76.4589 -3
    endloop
  endfacet
  facet normal -0.595536 0.803329 0
    outer loop
      vertex -65.5164 76.6222 -3
      vertex -65.6347 76.5345 3
      vertex -65.5164 76.6222 3
    endloop
  endfacet
  facet normal -0.595536 0.803329 0
    outer loop
      vertex -65.6347 76.5345 3
      vertex -65.5164 76.6222 -3
      vertex -65.6347 76.5345 -3
    endloop
  endfacet
  facet normal -0.336939 0.941527 0
    outer loop
      vertex -65.894 76.3959 -3
      vertex -66.0326 76.3463 3
      vertex -65.894 76.3959 3
    endloop
  endfacet
  facet normal -0.336939 0.941527 0
    outer loop
      vertex -66.0326 76.3463 3
      vertex -65.894 76.3959 -3
      vertex -66.0326 76.3463 -3
    endloop
  endfacet
  facet normal -0.242536 0.970143 0
    outer loop
      vertex -66.0326 76.3463 -3
      vertex -66.1754 76.3106 3
      vertex -66.0326 76.3463 3
    endloop
  endfacet
  facet normal -0.242536 0.970143 0
    outer loop
      vertex -66.1754 76.3106 3
      vertex -66.0326 76.3463 -3
      vertex -66.1754 76.3106 -3
    endloop
  endfacet
  facet normal 0.428086 0.903738 -0
    outer loop
      vertex -67.0421 76.3959 -3
      vertex -67.1751 76.4589 3
      vertex -67.0421 76.3959 3
    endloop
  endfacet
  facet normal 0.428086 0.903738 0
    outer loop
      vertex -67.1751 76.4589 3
      vertex -67.0421 76.3959 -3
      vertex -67.1751 76.4589 -3
    endloop
  endfacet
  facet normal 0.595861 0.803088 -0
    outer loop
      vertex -67.3014 76.5345 -3
      vertex -67.4196 76.6222 3
      vertex -67.3014 76.5345 3
    endloop
  endfacet
  facet normal 0.595861 0.803088 0
    outer loop
      vertex -67.4196 76.6222 3
      vertex -67.3014 76.5345 -3
      vertex -67.4196 76.6222 -3
    endloop
  endfacet
  facet normal 0.146746 0.989174 -0
    outer loop
      vertex -66.6151 76.289 -3
      vertex -66.7607 76.3106 3
      vertex -66.6151 76.289 3
    endloop
  endfacet
  facet normal 0.146746 0.989174 0
    outer loop
      vertex -66.7607 76.3106 3
      vertex -66.6151 76.289 -3
      vertex -66.7607 76.3106 -3
    endloop
  endfacet
  facet normal 0.0495651 0.998771 -0
    outer loop
      vertex -66.468 76.2817 -3
      vertex -66.6151 76.289 3
      vertex -66.468 76.2817 3
    endloop
  endfacet
  facet normal 0.0495651 0.998771 0
    outer loop
      vertex -66.6151 76.289 3
      vertex -66.468 76.2817 -3
      vertex -66.6151 76.289 -3
    endloop
  endfacet
  facet normal 0.242536 0.970143 -0
    outer loop
      vertex -66.7607 76.3106 -3
      vertex -66.9035 76.3463 3
      vertex -66.7607 76.3106 3
    endloop
  endfacet
  facet normal 0.242536 0.970143 0
    outer loop
      vertex -66.9035 76.3463 3
      vertex -66.7607 76.3106 -3
      vertex -66.9035 76.3463 -3
    endloop
  endfacet
  facet normal -0.0495987 0.998769 0
    outer loop
      vertex -66.321 76.289 -3
      vertex -66.468 76.2817 3
      vertex -66.321 76.289 3
    endloop
  endfacet
  facet normal -0.0495987 0.998769 0
    outer loop
      vertex -66.468 76.2817 3
      vertex -66.321 76.289 -3
      vertex -66.468 76.2817 -3
    endloop
  endfacet
  facet normal 0.740892 -0.671624 0
    outer loop
      vertex -67.6276 78.7333 3
      vertex -67.5287 78.8424 -3
      vertex -67.5287 78.8424 3
    endloop
  endfacet
  facet normal 0.740892 -0.671624 0
    outer loop
      vertex -67.5287 78.8424 -3
      vertex -67.6276 78.7333 3
      vertex -67.6276 78.7333 -3
    endloop
  endfacet
  facet normal 0.514096 -0.857733 0
    outer loop
      vertex -67.3014 79.0289 -3
      vertex -67.1751 79.1046 3
      vertex -67.3014 79.0289 3
    endloop
  endfacet
  facet normal 0.514096 -0.857733 0
    outer loop
      vertex -67.1751 79.1046 3
      vertex -67.3014 79.0289 -3
      vertex -67.1751 79.1046 -3
    endloop
  endfacet
  facet normal -0.671962 -0.740585 0
    outer loop
      vertex -65.5164 78.9413 -3
      vertex -65.4074 78.8424 3
      vertex -65.5164 78.9413 3
    endloop
  endfacet
  facet normal -0.671962 -0.740585 -0
    outer loop
      vertex -65.4074 78.8424 3
      vertex -65.5164 78.9413 -3
      vertex -65.4074 78.8424 -3
    endloop
  endfacet
  facet normal -0.903738 0.428086 0
    outer loop
      vertex -65.1452 77.0747 -3
      vertex -65.0822 77.2077 3
      vertex -65.0822 77.2077 -3
    endloop
  endfacet
  facet normal -0.903738 0.428086 0
    outer loop
      vertex -65.0822 77.2077 3
      vertex -65.1452 77.0747 -3
      vertex -65.1452 77.0747 3
    endloop
  endfacet
  facet normal -0.998769 0.0495987 0
    outer loop
      vertex -64.9753 77.6347 -3
      vertex -64.968 77.7817 3
      vertex -64.968 77.7817 -3
    endloop
  endfacet
  facet normal -0.998769 0.0495987 0
    outer loop
      vertex -64.968 77.7817 3
      vertex -64.9753 77.6347 -3
      vertex -64.9753 77.6347 3
    endloop
  endfacet
  facet normal 0.941527 -0.336939 0
    outer loop
      vertex -67.9035 78.2172 3
      vertex -67.8539 78.3558 -3
      vertex -67.8539 78.3558 3
    endloop
  endfacet
  facet normal 0.941527 -0.336939 0
    outer loop
      vertex -67.8539 78.3558 -3
      vertex -67.9035 78.2172 3
      vertex -67.9035 78.2172 -3
    endloop
  endfacet
  facet normal 0.903738 -0.428086 0
    outer loop
      vertex -67.8539 78.3558 3
      vertex -67.7909 78.4888 -3
      vertex -67.7909 78.4888 3
    endloop
  endfacet
  facet normal 0.903738 -0.428086 0
    outer loop
      vertex -67.7909 78.4888 -3
      vertex -67.8539 78.3558 3
      vertex -67.8539 78.3558 -3
    endloop
  endfacet
  facet normal 0.857733 -0.514096 0
    outer loop
      vertex -67.7909 78.4888 3
      vertex -67.7152 78.6151 -3
      vertex -67.7152 78.6151 3
    endloop
  endfacet
  facet normal 0.857733 -0.514096 0
    outer loop
      vertex -67.7152 78.6151 -3
      vertex -67.7909 78.4888 3
      vertex -67.7909 78.4888 -3
    endloop
  endfacet
  facet normal 0.998804 -0.0488878 0
    outer loop
      vertex -67.968 77.7817 3
      vertex -67.9608 77.9288 -3
      vertex -67.9608 77.9288 3
    endloop
  endfacet
  facet normal 0.998804 -0.0488878 0
    outer loop
      vertex -67.9608 77.9288 -3
      vertex -67.968 77.7817 3
      vertex -67.968 77.7817 -3
    endloop
  endfacet
  facet normal -0.740892 0.671624 0
    outer loop
      vertex -65.4074 76.7211 -3
      vertex -65.3085 76.8302 3
      vertex -65.3085 76.8302 -3
    endloop
  endfacet
  facet normal -0.740892 0.671624 0
    outer loop
      vertex -65.3085 76.8302 3
      vertex -65.4074 76.7211 -3
      vertex -65.4074 76.7211 3
    endloop
  endfacet
  facet normal 0.0488878 -0.998804 0
    outer loop
      vertex -66.6151 79.2745 -3
      vertex -66.468 79.2817 3
      vertex -66.6151 79.2745 3
    endloop
  endfacet
  facet normal 0.0488878 -0.998804 0
    outer loop
      vertex -66.468 79.2817 3
      vertex -66.6151 79.2745 -3
      vertex -66.468 79.2817 -3
    endloop
  endfacet
  facet normal 0.146746 -0.989174 0
    outer loop
      vertex -66.7607 79.2529 -3
      vertex -66.6151 79.2745 3
      vertex -66.7607 79.2529 3
    endloop
  endfacet
  facet normal 0.146746 -0.989174 0
    outer loop
      vertex -66.6151 79.2745 3
      vertex -66.7607 79.2529 -3
      vertex -66.6151 79.2745 -3
    endloop
  endfacet
  facet normal 0.336939 -0.941527 0
    outer loop
      vertex -67.0421 79.1676 -3
      vertex -66.9035 79.2172 3
      vertex -67.0421 79.1676 3
    endloop
  endfacet
  facet normal 0.336939 -0.941527 0
    outer loop
      vertex -66.9035 79.2172 3
      vertex -67.0421 79.1676 -3
      vertex -66.9035 79.2172 -3
    endloop
  endfacet
  facet normal 0.242536 -0.970143 0
    outer loop
      vertex -66.9035 79.2172 -3
      vertex -66.7607 79.2529 3
      vertex -66.9035 79.2172 3
    endloop
  endfacet
  facet normal 0.242536 -0.970143 0
    outer loop
      vertex -66.7607 79.2529 3
      vertex -66.9035 79.2172 -3
      vertex -66.7607 79.2529 -3
    endloop
  endfacet
  facet normal -0.858032 -0.513596 0
    outer loop
      vertex -65.1452 78.4888 -3
      vertex -65.2208 78.6151 3
      vertex -65.2208 78.6151 -3
    endloop
  endfacet
  facet normal -0.858032 -0.513596 0
    outer loop
      vertex -65.2208 78.6151 3
      vertex -65.1452 78.4888 -3
      vertex -65.1452 78.4888 3
    endloop
  endfacet
  facet normal -0.998771 -0.0495651 0
    outer loop
      vertex -64.968 77.7817 -3
      vertex -64.9753 77.9288 3
      vertex -64.9753 77.9288 -3
    endloop
  endfacet
  facet normal -0.998771 -0.0495651 0
    outer loop
      vertex -64.9753 77.9288 3
      vertex -64.968 77.7817 -3
      vertex -64.968 77.7817 3
    endloop
  endfacet
  facet normal -0.336939 -0.941527 0
    outer loop
      vertex -66.0326 79.2172 -3
      vertex -65.894 79.1676 3
      vertex -66.0326 79.2172 3
    endloop
  endfacet
  facet normal -0.336939 -0.941527 -0
    outer loop
      vertex -65.894 79.1676 3
      vertex -66.0326 79.2172 -3
      vertex -65.894 79.1676 -3
    endloop
  endfacet
  facet normal -0.427824 -0.903862 0
    outer loop
      vertex -65.894 79.1676 -3
      vertex -65.7609 79.1046 3
      vertex -65.894 79.1676 3
    endloop
  endfacet
  facet normal -0.427824 -0.903862 -0
    outer loop
      vertex -65.7609 79.1046 3
      vertex -65.894 79.1676 -3
      vertex -65.7609 79.1046 -3
    endloop
  endfacet
  facet normal 0.595423 -0.803413 0
    outer loop
      vertex -67.4196 78.9413 -3
      vertex -67.3014 79.0289 3
      vertex -67.4196 78.9413 3
    endloop
  endfacet
  facet normal 0.595423 -0.803413 0
    outer loop
      vertex -67.3014 79.0289 3
      vertex -67.4196 78.9413 -3
      vertex -67.3014 79.0289 -3
    endloop
  endfacet
  facet normal -0.0489209 -0.998803 0
    outer loop
      vertex -66.468 79.2817 -3
      vertex -66.321 79.2745 3
      vertex -66.468 79.2817 3
    endloop
  endfacet
  facet normal -0.0489209 -0.998803 -0
    outer loop
      vertex -66.321 79.2745 3
      vertex -66.468 79.2817 -3
      vertex -66.321 79.2745 -3
    endloop
  endfacet
  facet normal 0.428086 -0.903738 0
    outer loop
      vertex -67.1751 79.1046 -3
      vertex -67.0421 79.1676 3
      vertex -67.1751 79.1046 3
    endloop
  endfacet
  facet normal 0.428086 -0.903738 0
    outer loop
      vertex -67.0421 79.1676 3
      vertex -67.1751 79.1046 -3
      vertex -67.0421 79.1676 -3
    endloop
  endfacet
  facet normal -0.740892 -0.671624 0
    outer loop
      vertex -65.3085 78.7333 -3
      vertex -65.4074 78.8424 3
      vertex -65.4074 78.8424 -3
    endloop
  endfacet
  facet normal -0.740892 -0.671624 0
    outer loop
      vertex -65.4074 78.8424 3
      vertex -65.3085 78.7333 -3
      vertex -65.3085 78.7333 3
    endloop
  endfacet
  facet normal -0.903738 -0.428086 0
    outer loop
      vertex -65.0822 78.3558 -3
      vertex -65.1452 78.4888 3
      vertex -65.1452 78.4888 -3
    endloop
  endfacet
  facet normal -0.903738 -0.428086 0
    outer loop
      vertex -65.1452 78.4888 3
      vertex -65.0822 78.3558 -3
      vertex -65.0822 78.3558 3
    endloop
  endfacet
  facet normal -0.941527 -0.336939 0
    outer loop
      vertex -65.0326 78.2172 -3
      vertex -65.0822 78.3558 3
      vertex -65.0822 78.3558 -3
    endloop
  endfacet
  facet normal -0.941527 -0.336939 0
    outer loop
      vertex -65.0822 78.3558 3
      vertex -65.0326 78.2172 -3
      vertex -65.0326 78.2172 3
    endloop
  endfacet
  facet normal -0.803088 -0.595861 0
    outer loop
      vertex -65.2208 78.6151 -3
      vertex -65.3085 78.7333 3
      vertex -65.3085 78.7333 -3
    endloop
  endfacet
  facet normal -0.803088 -0.595861 0
    outer loop
      vertex -65.3085 78.7333 3
      vertex -65.2208 78.6151 -3
      vertex -65.2208 78.6151 3
    endloop
  endfacet
  facet normal -0.941527 0.336939 0
    outer loop
      vertex -65.0822 77.2077 -3
      vertex -65.0326 77.3463 3
      vertex -65.0326 77.3463 -3
    endloop
  endfacet
  facet normal -0.941527 0.336939 0
    outer loop
      vertex -65.0326 77.3463 3
      vertex -65.0822 77.2077 -3
      vertex -65.0822 77.2077 3
    endloop
  endfacet
  facet normal -0.858032 0.513596 0
    outer loop
      vertex -65.2208 76.9484 -3
      vertex -65.1452 77.0747 3
      vertex -65.1452 77.0747 -3
    endloop
  endfacet
  facet normal -0.858032 0.513596 0
    outer loop
      vertex -65.1452 77.0747 3
      vertex -65.2208 76.9484 -3
      vertex -65.2208 76.9484 3
    endloop
  endfacet
  facet normal -0.803088 0.595861 0
    outer loop
      vertex -65.3085 76.8302 -3
      vertex -65.2208 76.9484 3
      vertex -65.2208 76.9484 -3
    endloop
  endfacet
  facet normal -0.803088 0.595861 0
    outer loop
      vertex -65.2208 76.9484 3
      vertex -65.3085 76.8302 -3
      vertex -65.3085 76.8302 3
    endloop
  endfacet
  facet normal -0.989174 0.146746 0
    outer loop
      vertex -64.9969 77.4891 -3
      vertex -64.9753 77.6347 3
      vertex -64.9753 77.6347 -3
    endloop
  endfacet
  facet normal -0.989174 0.146746 0
    outer loop
      vertex -64.9753 77.6347 3
      vertex -64.9969 77.4891 -3
      vertex -64.9969 77.4891 3
    endloop
  endfacet
  facet normal -0.514396 -0.857553 0
    outer loop
      vertex -65.7609 79.1046 -3
      vertex -65.6347 79.0289 3
      vertex -65.7609 79.1046 3
    endloop
  endfacet
  facet normal -0.514396 -0.857553 -0
    outer loop
      vertex -65.6347 79.0289 3
      vertex -65.7609 79.1046 -3
      vertex -65.6347 79.0289 -3
    endloop
  endfacet
  facet normal -0.595098 -0.803653 0
    outer loop
      vertex -65.6347 79.0289 -3
      vertex -65.5164 78.9413 3
      vertex -65.6347 79.0289 3
    endloop
  endfacet
  facet normal -0.595098 -0.803653 -0
    outer loop
      vertex -65.5164 78.9413 3
      vertex -65.6347 79.0289 -3
      vertex -65.5164 78.9413 -3
    endloop
  endfacet
  facet normal -0.146746 -0.989174 0
    outer loop
      vertex -66.321 79.2745 -3
      vertex -66.1754 79.2529 3
      vertex -66.321 79.2745 3
    endloop
  endfacet
  facet normal -0.146746 -0.989174 -0
    outer loop
      vertex -66.1754 79.2529 3
      vertex -66.321 79.2745 -3
      vertex -66.1754 79.2529 -3
    endloop
  endfacet
  facet normal -0.242536 -0.970143 0
    outer loop
      vertex -66.1754 79.2529 -3
      vertex -66.0326 79.2172 3
      vertex -66.1754 79.2529 3
    endloop
  endfacet
  facet normal -0.242536 -0.970143 -0
    outer loop
      vertex -66.0326 79.2172 3
      vertex -66.1754 79.2529 -3
      vertex -66.0326 79.2172 -3
    endloop
  endfacet
  facet normal -0.970143 -0.242536 0
    outer loop
      vertex -64.9969 78.0744 -3
      vertex -65.0326 78.2172 3
      vertex -65.0326 78.2172 -3
    endloop
  endfacet
  facet normal -0.970143 -0.242536 0
    outer loop
      vertex -65.0326 78.2172 3
      vertex -64.9969 78.0744 -3
      vertex -64.9969 78.0744 3
    endloop
  endfacet
  facet normal 0.970143 -0.242536 0
    outer loop
      vertex -79.2529 89.3881 3
      vertex -79.2172 89.5309 -3
      vertex -79.2172 89.5309 3
    endloop
  endfacet
  facet normal 0.970143 -0.242536 0
    outer loop
      vertex -79.2172 89.5309 -3
      vertex -79.2529 89.3881 3
      vertex -79.2529 89.3881 -3
    endloop
  endfacet
  facet normal 0.903738 0.428086 0
    outer loop
      vertex -79.1046 88.3884 3
      vertex -79.1676 88.5214 -3
      vertex -79.1676 88.5214 3
    endloop
  endfacet
  facet normal 0.903738 0.428086 0
    outer loop
      vertex -79.1676 88.5214 -3
      vertex -79.1046 88.3884 3
      vertex -79.1046 88.3884 -3
    endloop
  endfacet
  facet normal 0.336939 0.941527 -0
    outer loop
      vertex -78.2172 87.66 -3
      vertex -78.3558 87.7096 3
      vertex -78.2172 87.66 3
    endloop
  endfacet
  facet normal 0.336939 0.941527 0
    outer loop
      vertex -78.3558 87.7096 3
      vertex -78.2172 87.66 -3
      vertex -78.3558 87.7096 -3
    endloop
  endfacet
  facet normal -0.428086 0.903738 0
    outer loop
      vertex -77.0747 87.7726 -3
      vertex -77.2077 87.7096 3
      vertex -77.0747 87.7726 3
    endloop
  endfacet
  facet normal -0.428086 0.903738 0
    outer loop
      vertex -77.2077 87.7096 3
      vertex -77.0747 87.7726 -3
      vertex -77.2077 87.7096 -3
    endloop
  endfacet
  facet normal 0.671624 -0.740892 0
    outer loop
      vertex -78.8424 90.1561 -3
      vertex -78.7333 90.255 3
      vertex -78.8424 90.1561 3
    endloop
  endfacet
  facet normal 0.671624 -0.740892 0
    outer loop
      vertex -78.7333 90.255 3
      vertex -78.8424 90.1561 -3
      vertex -78.7333 90.255 -3
    endloop
  endfacet
  facet normal 0.740892 0.671624 0
    outer loop
      vertex -78.8424 88.0348 3
      vertex -78.9413 88.1439 -3
      vertex -78.9413 88.1439 3
    endloop
  endfacet
  facet normal 0.740892 0.671624 0
    outer loop
      vertex -78.9413 88.1439 -3
      vertex -78.8424 88.0348 3
      vertex -78.8424 88.0348 -3
    endloop
  endfacet
  facet normal 0.970143 0.242536 0
    outer loop
      vertex -79.2172 88.66 3
      vertex -79.2529 88.8028 -3
      vertex -79.2529 88.8028 3
    endloop
  endfacet
  facet normal 0.970143 0.242536 0
    outer loop
      vertex -79.2529 88.8028 -3
      vertex -79.2172 88.66 3
      vertex -79.2172 88.66 -3
    endloop
  endfacet
  facet normal -0.671624 0.740892 0
    outer loop
      vertex -76.7211 88.0348 -3
      vertex -76.8302 87.9359 3
      vertex -76.7211 88.0348 3
    endloop
  endfacet
  facet normal -0.671624 0.740892 0
    outer loop
      vertex -76.8302 87.9359 3
      vertex -76.7211 88.0348 -3
      vertex -76.8302 87.9359 -3
    endloop
  endfacet
  facet normal -0.146746 0.989174 0
    outer loop
      vertex -77.4891 87.6243 -3
      vertex -77.6347 87.6027 3
      vertex -77.4891 87.6243 3
    endloop
  endfacet
  facet normal -0.146746 0.989174 0
    outer loop
      vertex -77.6347 87.6027 3
      vertex -77.4891 87.6243 -3
      vertex -77.6347 87.6027 -3
    endloop
  endfacet
  facet normal 0.514096 0.857733 -0
    outer loop
      vertex -78.4888 87.7726 -3
      vertex -78.6151 87.8483 3
      vertex -78.4888 87.7726 3
    endloop
  endfacet
  facet normal 0.514096 0.857733 0
    outer loop
      vertex -78.6151 87.8483 3
      vertex -78.4888 87.7726 -3
      vertex -78.6151 87.8483 -3
    endloop
  endfacet
  facet normal -0.989174 -0.146746 0
    outer loop
      vertex -76.289 89.2425 -3
      vertex -76.3106 89.3881 3
      vertex -76.3106 89.3881 -3
    endloop
  endfacet
  facet normal -0.989174 -0.146746 0
    outer loop
      vertex -76.3106 89.3881 3
      vertex -76.289 89.2425 -3
      vertex -76.289 89.2425 3
    endloop
  endfacet
  facet normal -0.970143 0.242536 0
    outer loop
      vertex -76.3463 88.66 -3
      vertex -76.3106 88.8028 3
      vertex -76.3106 88.8028 -3
    endloop
  endfacet
  facet normal -0.970143 0.242536 0
    outer loop
      vertex -76.3106 88.8028 3
      vertex -76.3463 88.66 -3
      vertex -76.3463 88.66 3
    endloop
  endfacet
  facet normal 0.803088 -0.595861 0
    outer loop
      vertex -79.029 89.9288 3
      vertex -78.9413 90.047 -3
      vertex -78.9413 90.047 3
    endloop
  endfacet
  facet normal 0.803088 -0.595861 0
    outer loop
      vertex -78.9413 90.047 -3
      vertex -79.029 89.9288 3
      vertex -79.029 89.9288 -3
    endloop
  endfacet
  facet normal 0.989174 -0.146746 0
    outer loop
      vertex -79.2745 89.2425 3
      vertex -79.2529 89.3881 -3
      vertex -79.2529 89.3881 3
    endloop
  endfacet
  facet normal 0.989174 -0.146746 0
    outer loop
      vertex -79.2529 89.3881 -3
      vertex -79.2745 89.2425 3
      vertex -79.2745 89.2425 -3
    endloop
  endfacet
  facet normal 0.998804 0.0488878 0
    outer loop
      vertex -79.2745 88.9484 3
      vertex -79.2817 89.0955 -3
      vertex -79.2817 89.0955 3
    endloop
  endfacet
  facet normal 0.998804 0.0488878 0
    outer loop
      vertex -79.2817 89.0955 -3
      vertex -79.2745 88.9484 3
      vertex -79.2745 88.9484 -3
    endloop
  endfacet
  facet normal 0.671624 0.740892 -0
    outer loop
      vertex -78.7333 87.9359 -3
      vertex -78.8424 88.0348 3
      vertex -78.7333 87.9359 3
    endloop
  endfacet
  facet normal 0.671624 0.740892 0
    outer loop
      vertex -78.8424 88.0348 3
      vertex -78.7333 87.9359 -3
      vertex -78.8424 88.0348 -3
    endloop
  endfacet
  facet normal 0.858032 0.513596 0
    outer loop
      vertex -79.029 88.2621 3
      vertex -79.1046 88.3884 -3
      vertex -79.1046 88.3884 3
    endloop
  endfacet
  facet normal 0.858032 0.513596 0
    outer loop
      vertex -79.1046 88.3884 -3
      vertex -79.029 88.2621 3
      vertex -79.029 88.2621 -3
    endloop
  endfacet
  facet normal 0.803088 0.595861 0
    outer loop
      vertex -78.9413 88.1439 3
      vertex -79.029 88.2621 -3
      vertex -79.029 88.2621 3
    endloop
  endfacet
  facet normal 0.803088 0.595861 0
    outer loop
      vertex -79.029 88.2621 -3
      vertex -78.9413 88.1439 3
      vertex -78.9413 88.1439 -3
    endloop
  endfacet
  facet normal 0.941527 0.336939 0
    outer loop
      vertex -79.1676 88.5214 3
      vertex -79.2172 88.66 -3
      vertex -79.2172 88.66 3
    endloop
  endfacet
  facet normal 0.941527 0.336939 0
    outer loop
      vertex -79.2172 88.66 -3
      vertex -79.1676 88.5214 3
      vertex -79.1676 88.5214 -3
    endloop
  endfacet
  facet normal 0.989174 0.146746 0
    outer loop
      vertex -79.2529 88.8028 3
      vertex -79.2745 88.9484 -3
      vertex -79.2745 88.9484 3
    endloop
  endfacet
  facet normal 0.989174 0.146746 0
    outer loop
      vertex -79.2745 88.9484 -3
      vertex -79.2529 88.8028 3
      vertex -79.2529 88.8028 -3
    endloop
  endfacet
  facet normal -0.514096 0.857733 0
    outer loop
      vertex -76.9484 87.8483 -3
      vertex -77.0747 87.7726 3
      vertex -76.9484 87.8483 3
    endloop
  endfacet
  facet normal -0.514096 0.857733 0
    outer loop
      vertex -77.0747 87.7726 3
      vertex -76.9484 87.8483 -3
      vertex -77.0747 87.7726 -3
    endloop
  endfacet
  facet normal -0.595423 0.803413 0
    outer loop
      vertex -76.8302 87.9359 -3
      vertex -76.9484 87.8483 3
      vertex -76.8302 87.9359 3
    endloop
  endfacet
  facet normal -0.595423 0.803413 0
    outer loop
      vertex -76.9484 87.8483 3
      vertex -76.8302 87.9359 -3
      vertex -76.9484 87.8483 -3
    endloop
  endfacet
  facet normal -0.336939 0.941527 0
    outer loop
      vertex -77.2077 87.7096 -3
      vertex -77.3463 87.66 3
      vertex -77.2077 87.7096 3
    endloop
  endfacet
  facet normal -0.336939 0.941527 0
    outer loop
      vertex -77.3463 87.66 3
      vertex -77.2077 87.7096 -3
      vertex -77.3463 87.66 -3
    endloop
  endfacet
  facet normal -0.242536 0.970143 0
    outer loop
      vertex -77.3463 87.66 -3
      vertex -77.4891 87.6243 3
      vertex -77.3463 87.66 3
    endloop
  endfacet
  facet normal -0.242536 0.970143 0
    outer loop
      vertex -77.4891 87.6243 3
      vertex -77.3463 87.66 -3
      vertex -77.4891 87.6243 -3
    endloop
  endfacet
  facet normal 0.428086 0.903738 -0
    outer loop
      vertex -78.3558 87.7096 -3
      vertex -78.4888 87.7726 3
      vertex -78.3558 87.7096 3
    endloop
  endfacet
  facet normal 0.428086 0.903738 0
    outer loop
      vertex -78.4888 87.7726 3
      vertex -78.3558 87.7096 -3
      vertex -78.4888 87.7726 -3
    endloop
  endfacet
  facet normal 0.595423 0.803413 -0
    outer loop
      vertex -78.6151 87.8483 -3
      vertex -78.7333 87.9359 3
      vertex -78.6151 87.8483 3
    endloop
  endfacet
  facet normal 0.595423 0.803413 0
    outer loop
      vertex -78.7333 87.9359 3
      vertex -78.6151 87.8483 -3
      vertex -78.7333 87.9359 -3
    endloop
  endfacet
  facet normal 0.146746 0.989174 -0
    outer loop
      vertex -77.9288 87.6027 -3
      vertex -78.0744 87.6243 3
      vertex -77.9288 87.6027 3
    endloop
  endfacet
  facet normal 0.146746 0.989174 0
    outer loop
      vertex -78.0744 87.6243 3
      vertex -77.9288 87.6027 -3
      vertex -78.0744 87.6243 -3
    endloop
  endfacet
  facet normal 0.0488878 0.998804 -0
    outer loop
      vertex -77.7817 87.5955 -3
      vertex -77.9288 87.6027 3
      vertex -77.7817 87.5955 3
    endloop
  endfacet
  facet normal 0.0488878 0.998804 0
    outer loop
      vertex -77.9288 87.6027 3
      vertex -77.7817 87.5955 -3
      vertex -77.9288 87.6027 -3
    endloop
  endfacet
  facet normal 0.242536 0.970143 -0
    outer loop
      vertex -78.0744 87.6243 -3
      vertex -78.2172 87.66 3
      vertex -78.0744 87.6243 3
    endloop
  endfacet
  facet normal 0.242536 0.970143 0
    outer loop
      vertex -78.2172 87.66 3
      vertex -78.0744 87.6243 -3
      vertex -78.2172 87.66 -3
    endloop
  endfacet
  facet normal -0.0489209 0.998803 0
    outer loop
      vertex -77.6347 87.6027 -3
      vertex -77.7817 87.5955 3
      vertex -77.6347 87.6027 3
    endloop
  endfacet
  facet normal -0.0489209 0.998803 0
    outer loop
      vertex -77.7817 87.5955 3
      vertex -77.6347 87.6027 -3
      vertex -77.7817 87.5955 -3
    endloop
  endfacet
  facet normal 0.740892 -0.671624 0
    outer loop
      vertex -78.9413 90.047 3
      vertex -78.8424 90.1561 -3
      vertex -78.8424 90.1561 3
    endloop
  endfacet
  facet normal 0.740892 -0.671624 0
    outer loop
      vertex -78.8424 90.1561 -3
      vertex -78.9413 90.047 3
      vertex -78.9413 90.047 -3
    endloop
  endfacet
  facet normal 0.513596 -0.858032 0
    outer loop
      vertex -78.6151 90.3427 -3
      vertex -78.4888 90.4183 3
      vertex -78.6151 90.3427 3
    endloop
  endfacet
  facet normal 0.513596 -0.858032 0
    outer loop
      vertex -78.4888 90.4183 3
      vertex -78.6151 90.3427 -3
      vertex -78.4888 90.4183 -3
    endloop
  endfacet
  facet normal -0.671624 -0.740892 0
    outer loop
      vertex -76.8302 90.255 -3
      vertex -76.7211 90.1561 3
      vertex -76.8302 90.255 3
    endloop
  endfacet
  facet normal -0.671624 -0.740892 -0
    outer loop
      vertex -76.7211 90.1561 3
      vertex -76.8302 90.255 -3
      vertex -76.7211 90.1561 -3
    endloop
  endfacet
  facet normal -0.903738 0.428086 0
    outer loop
      vertex -76.4589 88.3884 -3
      vertex -76.3959 88.5214 3
      vertex -76.3959 88.5214 -3
    endloop
  endfacet
  facet normal -0.903738 0.428086 0
    outer loop
      vertex -76.3959 88.5214 3
      vertex -76.4589 88.3884 -3
      vertex -76.4589 88.3884 3
    endloop
  endfacet
  facet normal -0.998771 0.0495651 0
    outer loop
      vertex -76.289 88.9484 -3
      vertex -76.2817 89.0955 3
      vertex -76.2817 89.0955 -3
    endloop
  endfacet
  facet normal -0.998771 0.0495651 0
    outer loop
      vertex -76.2817 89.0955 3
      vertex -76.289 88.9484 -3
      vertex -76.289 88.9484 3
    endloop
  endfacet
  facet normal 0.941527 -0.336939 0
    outer loop
      vertex -79.2172 89.5309 3
      vertex -79.1676 89.6695 -3
      vertex -79.1676 89.6695 3
    endloop
  endfacet
  facet normal 0.941527 -0.336939 0
    outer loop
      vertex -79.1676 89.6695 -3
      vertex -79.2172 89.5309 3
      vertex -79.2172 89.5309 -3
    endloop
  endfacet
  facet normal 0.903862 -0.427824 0
    outer loop
      vertex -79.1676 89.6695 3
      vertex -79.1046 89.8026 -3
      vertex -79.1046 89.8026 3
    endloop
  endfacet
  facet normal 0.903862 -0.427824 0
    outer loop
      vertex -79.1046 89.8026 -3
      vertex -79.1676 89.6695 3
      vertex -79.1676 89.6695 -3
    endloop
  endfacet
  facet normal 0.857853 -0.513896 0
    outer loop
      vertex -79.1046 89.8026 3
      vertex -79.029 89.9288 -3
      vertex -79.029 89.9288 3
    endloop
  endfacet
  facet normal 0.857853 -0.513896 0
    outer loop
      vertex -79.029 89.9288 -3
      vertex -79.1046 89.8026 3
      vertex -79.1046 89.8026 -3
    endloop
  endfacet
  facet normal 0.998803 -0.0489209 0
    outer loop
      vertex -79.2817 89.0955 3
      vertex -79.2745 89.2425 -3
      vertex -79.2745 89.2425 3
    endloop
  endfacet
  facet normal 0.998803 -0.0489209 0
    outer loop
      vertex -79.2745 89.2425 -3
      vertex -79.2817 89.0955 3
      vertex -79.2817 89.0955 -3
    endloop
  endfacet
  facet normal -0.740892 0.671624 0
    outer loop
      vertex -76.7211 88.0348 -3
      vertex -76.6222 88.1439 3
      vertex -76.6222 88.1439 -3
    endloop
  endfacet
  facet normal -0.740892 0.671624 0
    outer loop
      vertex -76.6222 88.1439 3
      vertex -76.7211 88.0348 -3
      vertex -76.7211 88.0348 3
    endloop
  endfacet
  facet normal 0.595861 -0.803088 0
    outer loop
      vertex -78.7333 90.255 -3
      vertex -78.6151 90.3427 3
      vertex -78.7333 90.255 3
    endloop
  endfacet
  facet normal 0.595861 -0.803088 0
    outer loop
      vertex -78.6151 90.3427 3
      vertex -78.7333 90.255 -3
      vertex -78.6151 90.3427 -3
    endloop
  endfacet
  facet normal 0.0495651 -0.998771 0
    outer loop
      vertex -77.9288 90.5882 -3
      vertex -77.7817 90.5955 3
      vertex -77.9288 90.5882 3
    endloop
  endfacet
  facet normal 0.0495651 -0.998771 0
    outer loop
      vertex -77.7817 90.5955 3
      vertex -77.9288 90.5882 -3
      vertex -77.7817 90.5955 -3
    endloop
  endfacet
  facet normal 0.146746 -0.989174 0
    outer loop
      vertex -78.0744 90.5666 -3
      vertex -77.9288 90.5882 3
      vertex -78.0744 90.5666 3
    endloop
  endfacet
  facet normal 0.146746 -0.989174 0
    outer loop
      vertex -77.9288 90.5882 3
      vertex -78.0744 90.5666 -3
      vertex -77.9288 90.5882 -3
    endloop
  endfacet
  facet normal 0.336939 -0.941527 0
    outer loop
      vertex -78.3558 90.4813 -3
      vertex -78.2172 90.5309 3
      vertex -78.3558 90.4813 3
    endloop
  endfacet
  facet normal 0.336939 -0.941527 0
    outer loop
      vertex -78.2172 90.5309 3
      vertex -78.3558 90.4813 -3
      vertex -78.2172 90.5309 -3
    endloop
  endfacet
  facet normal 0.242536 -0.970143 0
    outer loop
      vertex -78.2172 90.5309 -3
      vertex -78.0744 90.5666 3
      vertex -78.2172 90.5309 3
    endloop
  endfacet
  facet normal 0.242536 -0.970143 0
    outer loop
      vertex -78.0744 90.5666 3
      vertex -78.2172 90.5309 -3
      vertex -78.0744 90.5666 -3
    endloop
  endfacet
  facet normal -0.857853 -0.513896 0
    outer loop
      vertex -76.4589 89.8026 -3
      vertex -76.5345 89.9288 3
      vertex -76.5345 89.9288 -3
    endloop
  endfacet
  facet normal -0.857853 -0.513896 0
    outer loop
      vertex -76.5345 89.9288 3
      vertex -76.4589 89.8026 -3
      vertex -76.4589 89.8026 3
    endloop
  endfacet
  facet normal -0.998769 -0.0495987 0
    outer loop
      vertex -76.2817 89.0955 -3
      vertex -76.289 89.2425 3
      vertex -76.289 89.2425 -3
    endloop
  endfacet
  facet normal -0.998769 -0.0495987 0
    outer loop
      vertex -76.289 89.2425 3
      vertex -76.2817 89.0955 -3
      vertex -76.2817 89.0955 3
    endloop
  endfacet
  facet normal -0.336939 -0.941527 0
    outer loop
      vertex -77.3463 90.5309 -3
      vertex -77.2077 90.4813 3
      vertex -77.3463 90.5309 3
    endloop
  endfacet
  facet normal -0.336939 -0.941527 -0
    outer loop
      vertex -77.2077 90.4813 3
      vertex -77.3463 90.5309 -3
      vertex -77.2077 90.4813 -3
    endloop
  endfacet
  facet normal -0.428086 -0.903738 0
    outer loop
      vertex -77.2077 90.4813 -3
      vertex -77.0747 90.4183 3
      vertex -77.2077 90.4813 3
    endloop
  endfacet
  facet normal -0.428086 -0.903738 -0
    outer loop
      vertex -77.0747 90.4183 3
      vertex -77.2077 90.4813 -3
      vertex -77.0747 90.4183 -3
    endloop
  endfacet
  facet normal -0.0495987 -0.998769 0
    outer loop
      vertex -77.7817 90.5955 -3
      vertex -77.6347 90.5882 3
      vertex -77.7817 90.5955 3
    endloop
  endfacet
  facet normal -0.0495987 -0.998769 -0
    outer loop
      vertex -77.6347 90.5882 3
      vertex -77.7817 90.5955 -3
      vertex -77.6347 90.5882 -3
    endloop
  endfacet
  facet normal 0.428086 -0.903738 0
    outer loop
      vertex -78.4888 90.4183 -3
      vertex -78.3558 90.4813 3
      vertex -78.4888 90.4183 3
    endloop
  endfacet
  facet normal 0.428086 -0.903738 0
    outer loop
      vertex -78.3558 90.4813 3
      vertex -78.4888 90.4183 -3
      vertex -78.3558 90.4813 -3
    endloop
  endfacet
  facet normal -0.740892 -0.671624 0
    outer loop
      vertex -76.6222 90.047 -3
      vertex -76.7211 90.1561 3
      vertex -76.7211 90.1561 -3
    endloop
  endfacet
  facet normal -0.740892 -0.671624 0
    outer loop
      vertex -76.7211 90.1561 3
      vertex -76.6222 90.047 -3
      vertex -76.6222 90.047 3
    endloop
  endfacet
  facet normal -0.903862 -0.427824 0
    outer loop
      vertex -76.3959 89.6695 -3
      vertex -76.4589 89.8026 3
      vertex -76.4589 89.8026 -3
    endloop
  endfacet
  facet normal -0.903862 -0.427824 0
    outer loop
      vertex -76.4589 89.8026 3
      vertex -76.3959 89.6695 -3
      vertex -76.3959 89.6695 3
    endloop
  endfacet
  facet normal -0.941527 -0.336939 0
    outer loop
      vertex -76.3463 89.5309 -3
      vertex -76.3959 89.6695 3
      vertex -76.3959 89.6695 -3
    endloop
  endfacet
  facet normal -0.941527 -0.336939 0
    outer loop
      vertex -76.3959 89.6695 3
      vertex -76.3463 89.5309 -3
      vertex -76.3463 89.5309 3
    endloop
  endfacet
  facet normal -0.803088 -0.595861 0
    outer loop
      vertex -76.5345 89.9288 -3
      vertex -76.6222 90.047 3
      vertex -76.6222 90.047 -3
    endloop
  endfacet
  facet normal -0.803088 -0.595861 0
    outer loop
      vertex -76.6222 90.047 3
      vertex -76.5345 89.9288 -3
      vertex -76.5345 89.9288 3
    endloop
  endfacet
  facet normal -0.941527 0.336939 0
    outer loop
      vertex -76.3959 88.5214 -3
      vertex -76.3463 88.66 3
      vertex -76.3463 88.66 -3
    endloop
  endfacet
  facet normal -0.941527 0.336939 0
    outer loop
      vertex -76.3463 88.66 3
      vertex -76.3959 88.5214 -3
      vertex -76.3959 88.5214 3
    endloop
  endfacet
  facet normal -0.858032 0.513596 0
    outer loop
      vertex -76.5345 88.2621 -3
      vertex -76.4589 88.3884 3
      vertex -76.4589 88.3884 -3
    endloop
  endfacet
  facet normal -0.858032 0.513596 0
    outer loop
      vertex -76.4589 88.3884 3
      vertex -76.5345 88.2621 -3
      vertex -76.5345 88.2621 3
    endloop
  endfacet
  facet normal -0.803088 0.595861 0
    outer loop
      vertex -76.6222 88.1439 -3
      vertex -76.5345 88.2621 3
      vertex -76.5345 88.2621 -3
    endloop
  endfacet
  facet normal -0.803088 0.595861 0
    outer loop
      vertex -76.5345 88.2621 3
      vertex -76.6222 88.1439 -3
      vertex -76.6222 88.1439 3
    endloop
  endfacet
  facet normal -0.989174 0.146746 0
    outer loop
      vertex -76.3106 88.8028 -3
      vertex -76.289 88.9484 3
      vertex -76.289 88.9484 -3
    endloop
  endfacet
  facet normal -0.989174 0.146746 0
    outer loop
      vertex -76.289 88.9484 3
      vertex -76.3106 88.8028 -3
      vertex -76.3106 88.8028 3
    endloop
  endfacet
  facet normal -0.513596 -0.858032 0
    outer loop
      vertex -77.0747 90.4183 -3
      vertex -76.9484 90.3427 3
      vertex -77.0747 90.4183 3
    endloop
  endfacet
  facet normal -0.513596 -0.858032 -0
    outer loop
      vertex -76.9484 90.3427 3
      vertex -77.0747 90.4183 -3
      vertex -76.9484 90.3427 -3
    endloop
  endfacet
  facet normal -0.595861 -0.803088 0
    outer loop
      vertex -76.9484 90.3427 -3
      vertex -76.8302 90.255 3
      vertex -76.9484 90.3427 3
    endloop
  endfacet
  facet normal -0.595861 -0.803088 -0
    outer loop
      vertex -76.8302 90.255 3
      vertex -76.9484 90.3427 -3
      vertex -76.8302 90.255 -3
    endloop
  endfacet
  facet normal -0.146746 -0.989174 0
    outer loop
      vertex -77.6347 90.5882 -3
      vertex -77.4891 90.5666 3
      vertex -77.6347 90.5882 3
    endloop
  endfacet
  facet normal -0.146746 -0.989174 -0
    outer loop
      vertex -77.4891 90.5666 3
      vertex -77.6347 90.5882 -3
      vertex -77.4891 90.5666 -3
    endloop
  endfacet
  facet normal -0.242536 -0.970143 0
    outer loop
      vertex -77.4891 90.5666 -3
      vertex -77.3463 90.5309 3
      vertex -77.4891 90.5666 3
    endloop
  endfacet
  facet normal -0.242536 -0.970143 -0
    outer loop
      vertex -77.3463 90.5309 3
      vertex -77.4891 90.5666 -3
      vertex -77.3463 90.5309 -3
    endloop
  endfacet
  facet normal -0.970143 -0.242536 0
    outer loop
      vertex -76.3106 89.3881 -3
      vertex -76.3463 89.5309 3
      vertex -76.3463 89.5309 -3
    endloop
  endfacet
  facet normal -0.970143 -0.242536 0
    outer loop
      vertex -76.3463 89.5309 3
      vertex -76.3106 89.3881 -3
      vertex -76.3106 89.3881 3
    endloop
  endfacet
  facet normal 0.740892 -0.671624 0
    outer loop
      vertex -90.255 78.7333 3
      vertex -90.1561 78.8424 -3
      vertex -90.1561 78.8424 3
    endloop
  endfacet
  facet normal 0.740892 -0.671624 0
    outer loop
      vertex -90.1561 78.8424 -3
      vertex -90.255 78.7333 3
      vertex -90.255 78.7333 -3
    endloop
  endfacet
  facet normal 0.671624 0.740892 -0
    outer loop
      vertex -90.047 76.6222 -3
      vertex -90.1561 76.7211 3
      vertex -90.047 76.6222 3
    endloop
  endfacet
  facet normal 0.671624 0.740892 0
    outer loop
      vertex -90.1561 76.7211 3
      vertex -90.047 76.6222 -3
      vertex -90.1561 76.7211 -3
    endloop
  endfacet
  facet normal 0.998769 0.0495987 0
    outer loop
      vertex -90.5882 77.6347 3
      vertex -90.5955 77.7817 -3
      vertex -90.5955 77.7817 3
    endloop
  endfacet
  facet normal 0.998769 0.0495987 0
    outer loop
      vertex -90.5955 77.7817 -3
      vertex -90.5882 77.6347 3
      vertex -90.5882 77.6347 -3
    endloop
  endfacet
  facet normal -0.0495651 0.998771 0
    outer loop
      vertex -88.9484 76.289 -3
      vertex -89.0955 76.2817 3
      vertex -88.9484 76.289 3
    endloop
  endfacet
  facet normal -0.0495651 0.998771 0
    outer loop
      vertex -89.0955 76.2817 3
      vertex -88.9484 76.289 -3
      vertex -89.0955 76.2817 -3
    endloop
  endfacet
  facet normal 0.336939 0.941527 -0
    outer loop
      vertex -89.5309 76.3463 -3
      vertex -89.6695 76.3959 3
      vertex -89.5309 76.3463 3
    endloop
  endfacet
  facet normal 0.336939 0.941527 0
    outer loop
      vertex -89.6695 76.3959 3
      vertex -89.5309 76.3463 -3
      vertex -89.6695 76.3959 -3
    endloop
  endfacet
  facet normal 0.941527 -0.336939 0
    outer loop
      vertex -90.5309 78.2172 3
      vertex -90.4813 78.3558 -3
      vertex -90.4813 78.3558 3
    endloop
  endfacet
  facet normal 0.941527 -0.336939 0
    outer loop
      vertex -90.4813 78.3558 -3
      vertex -90.5309 78.2172 3
      vertex -90.5309 78.2172 -3
    endloop
  endfacet
  facet normal 0.903738 0.428086 0
    outer loop
      vertex -90.4183 77.0747 3
      vertex -90.4813 77.2077 -3
      vertex -90.4813 77.2077 3
    endloop
  endfacet
  facet normal 0.903738 0.428086 0
    outer loop
      vertex -90.4813 77.2077 -3
      vertex -90.4183 77.0747 3
      vertex -90.4183 77.0747 -3
    endloop
  endfacet
  facet normal 0.970143 0.242536 0
    outer loop
      vertex -90.5309 77.3463 3
      vertex -90.5666 77.4891 -3
      vertex -90.5666 77.4891 3
    endloop
  endfacet
  facet normal 0.970143 0.242536 0
    outer loop
      vertex -90.5666 77.4891 -3
      vertex -90.5309 77.3463 3
      vertex -90.5309 77.3463 -3
    endloop
  endfacet
  facet normal -0.428086 0.903738 0
    outer loop
      vertex -88.3884 76.4589 -3
      vertex -88.5214 76.3959 3
      vertex -88.3884 76.4589 3
    endloop
  endfacet
  facet normal -0.428086 0.903738 0
    outer loop
      vertex -88.5214 76.3959 3
      vertex -88.3884 76.4589 -3
      vertex -88.5214 76.3959 -3
    endloop
  endfacet
  facet normal 0.513896 0.857853 -0
    outer loop
      vertex -89.8026 76.4589 -3
      vertex -89.9288 76.5345 3
      vertex -89.8026 76.4589 3
    endloop
  endfacet
  facet normal 0.513896 0.857853 0
    outer loop
      vertex -89.9288 76.5345 3
      vertex -89.8026 76.4589 -3
      vertex -89.9288 76.5345 -3
    endloop
  endfacet
  facet normal -0.998804 -0.0488878 0
    outer loop
      vertex -87.5955 77.7817 -3
      vertex -87.6027 77.9288 3
      vertex -87.6027 77.9288 -3
    endloop
  endfacet
  facet normal -0.998804 -0.0488878 0
    outer loop
      vertex -87.6027 77.9288 3
      vertex -87.5955 77.7817 -3
      vertex -87.5955 77.7817 3
    endloop
  endfacet
  facet normal 0.858032 -0.513596 0
    outer loop
      vertex -90.4183 78.4888 3
      vertex -90.3427 78.6151 -3
      vertex -90.3427 78.6151 3
    endloop
  endfacet
  facet normal 0.858032 -0.513596 0
    outer loop
      vertex -90.3427 78.6151 -3
      vertex -90.4183 78.4888 3
      vertex -90.4183 78.4888 -3
    endloop
  endfacet
  facet normal 0.803088 -0.595861 0
    outer loop
      vertex -90.3427 78.6151 3
      vertex -90.255 78.7333 -3
      vertex -90.255 78.7333 3
    endloop
  endfacet
  facet normal 0.803088 -0.595861 0
    outer loop
      vertex -90.255 78.7333 -3
      vertex -90.3427 78.6151 3
      vertex -90.3427 78.6151 -3
    endloop
  endfacet
  facet normal 0.903738 -0.428086 0
    outer loop
      vertex -90.4813 78.3558 3
      vertex -90.4183 78.4888 -3
      vertex -90.4183 78.4888 3
    endloop
  endfacet
  facet normal 0.903738 -0.428086 0
    outer loop
      vertex -90.4183 78.4888 -3
      vertex -90.4813 78.3558 3
      vertex -90.4813 78.3558 -3
    endloop
  endfacet
  facet normal 0.989174 -0.146746 0
    outer loop
      vertex -90.5882 77.9288 3
      vertex -90.5666 78.0744 -3
      vertex -90.5666 78.0744 3
    endloop
  endfacet
  facet normal 0.989174 -0.146746 0
    outer loop
      vertex -90.5666 78.0744 -3
      vertex -90.5882 77.9288 3
      vertex -90.5882 77.9288 -3
    endloop
  endfacet
  facet normal 0.998771 -0.0495651 0
    outer loop
      vertex -90.5955 77.7817 3
      vertex -90.5882 77.9288 -3
      vertex -90.5882 77.9288 3
    endloop
  endfacet
  facet normal 0.998771 -0.0495651 0
    outer loop
      vertex -90.5882 77.9288 -3
      vertex -90.5955 77.7817 3
      vertex -90.5955 77.7817 -3
    endloop
  endfacet
  facet normal 0.970143 -0.242536 0
    outer loop
      vertex -90.5666 78.0744 3
      vertex -90.5309 78.2172 -3
      vertex -90.5309 78.2172 3
    endloop
  endfacet
  facet normal 0.970143 -0.242536 0
    outer loop
      vertex -90.5309 78.2172 -3
      vertex -90.5666 78.0744 3
      vertex -90.5666 78.0744 -3
    endloop
  endfacet
  facet normal 0.803088 0.595861 0
    outer loop
      vertex -90.255 76.8302 3
      vertex -90.3427 76.9484 -3
      vertex -90.3427 76.9484 3
    endloop
  endfacet
  facet normal 0.803088 0.595861 0
    outer loop
      vertex -90.3427 76.9484 -3
      vertex -90.255 76.8302 3
      vertex -90.255 76.8302 -3
    endloop
  endfacet
  facet normal 0.858032 0.513596 0
    outer loop
      vertex -90.3427 76.9484 3
      vertex -90.4183 77.0747 -3
      vertex -90.4183 77.0747 3
    endloop
  endfacet
  facet normal 0.858032 0.513596 0
    outer loop
      vertex -90.4183 77.0747 -3
      vertex -90.3427 76.9484 3
      vertex -90.3427 76.9484 -3
    endloop
  endfacet
  facet normal 0.740892 0.671624 0
    outer loop
      vertex -90.1561 76.7211 3
      vertex -90.255 76.8302 -3
      vertex -90.255 76.8302 3
    endloop
  endfacet
  facet normal 0.740892 0.671624 0
    outer loop
      vertex -90.255 76.8302 -3
      vertex -90.1561 76.7211 3
      vertex -90.1561 76.7211 -3
    endloop
  endfacet
  facet normal 0.941527 0.336939 0
    outer loop
      vertex -90.4813 77.2077 3
      vertex -90.5309 77.3463 -3
      vertex -90.5309 77.3463 3
    endloop
  endfacet
  facet normal 0.941527 0.336939 0
    outer loop
      vertex -90.5309 77.3463 -3
      vertex -90.4813 77.2077 3
      vertex -90.4813 77.2077 -3
    endloop
  endfacet
  facet normal 0.989174 0.146746 0
    outer loop
      vertex -90.5666 77.4891 3
      vertex -90.5882 77.6347 -3
      vertex -90.5882 77.6347 3
    endloop
  endfacet
  facet normal 0.989174 0.146746 0
    outer loop
      vertex -90.5882 77.6347 -3
      vertex -90.5666 77.4891 3
      vertex -90.5666 77.4891 -3
    endloop
  endfacet
  facet normal -0.595861 0.803088 0
    outer loop
      vertex -88.1439 76.6222 -3
      vertex -88.2621 76.5345 3
      vertex -88.1439 76.6222 3
    endloop
  endfacet
  facet normal -0.595861 0.803088 0
    outer loop
      vertex -88.2621 76.5345 3
      vertex -88.1439 76.6222 -3
      vertex -88.2621 76.5345 -3
    endloop
  endfacet
  facet normal -0.242536 0.970143 0
    outer loop
      vertex -88.66 76.3463 -3
      vertex -88.8028 76.3106 3
      vertex -88.66 76.3463 3
    endloop
  endfacet
  facet normal -0.242536 0.970143 0
    outer loop
      vertex -88.8028 76.3106 3
      vertex -88.66 76.3463 -3
      vertex -88.8028 76.3106 -3
    endloop
  endfacet
  facet normal -0.146746 0.989174 0
    outer loop
      vertex -88.8028 76.3106 -3
      vertex -88.9484 76.289 3
      vertex -88.8028 76.3106 3
    endloop
  endfacet
  facet normal -0.146746 0.989174 0
    outer loop
      vertex -88.9484 76.289 3
      vertex -88.8028 76.3106 -3
      vertex -88.9484 76.289 -3
    endloop
  endfacet
  facet normal -0.336939 0.941527 0
    outer loop
      vertex -88.5214 76.3959 -3
      vertex -88.66 76.3463 3
      vertex -88.5214 76.3959 3
    endloop
  endfacet
  facet normal -0.336939 0.941527 0
    outer loop
      vertex -88.66 76.3463 3
      vertex -88.5214 76.3959 -3
      vertex -88.66 76.3463 -3
    endloop
  endfacet
  facet normal -0.513596 0.858032 0
    outer loop
      vertex -88.2621 76.5345 -3
      vertex -88.3884 76.4589 3
      vertex -88.2621 76.5345 3
    endloop
  endfacet
  facet normal -0.513596 0.858032 0
    outer loop
      vertex -88.3884 76.4589 3
      vertex -88.2621 76.5345 -3
      vertex -88.3884 76.4589 -3
    endloop
  endfacet
  facet normal -0.671624 0.740892 0
    outer loop
      vertex -88.0348 76.7211 -3
      vertex -88.1439 76.6222 3
      vertex -88.0348 76.7211 3
    endloop
  endfacet
  facet normal -0.671624 0.740892 0
    outer loop
      vertex -88.1439 76.6222 3
      vertex -88.0348 76.7211 -3
      vertex -88.1439 76.6222 -3
    endloop
  endfacet
  facet normal 0.146746 0.989174 -0
    outer loop
      vertex -89.2425 76.289 -3
      vertex -89.3881 76.3106 3
      vertex -89.2425 76.289 3
    endloop
  endfacet
  facet normal 0.146746 0.989174 0
    outer loop
      vertex -89.3881 76.3106 3
      vertex -89.2425 76.289 -3
      vertex -89.3881 76.3106 -3
    endloop
  endfacet
  facet normal 0.242536 0.970143 -0
    outer loop
      vertex -89.3881 76.3106 -3
      vertex -89.5309 76.3463 3
      vertex -89.3881 76.3106 3
    endloop
  endfacet
  facet normal 0.242536 0.970143 0
    outer loop
      vertex -89.5309 76.3463 3
      vertex -89.3881 76.3106 -3
      vertex -89.5309 76.3463 -3
    endloop
  endfacet
  facet normal 0.0495987 0.998769 -0
    outer loop
      vertex -89.0955 76.2817 -3
      vertex -89.2425 76.289 3
      vertex -89.0955 76.2817 3
    endloop
  endfacet
  facet normal 0.0495987 0.998769 0
    outer loop
      vertex -89.2425 76.289 3
      vertex -89.0955 76.2817 -3
      vertex -89.2425 76.289 -3
    endloop
  endfacet
  facet normal 0.427824 0.903862 -0
    outer loop
      vertex -89.6695 76.3959 -3
      vertex -89.8026 76.4589 3
      vertex -89.6695 76.3959 3
    endloop
  endfacet
  facet normal 0.427824 0.903862 0
    outer loop
      vertex -89.8026 76.4589 3
      vertex -89.6695 76.3959 -3
      vertex -89.8026 76.4589 -3
    endloop
  endfacet
  facet normal 0.595861 0.803088 -0
    outer loop
      vertex -89.9288 76.5345 -3
      vertex -90.047 76.6222 3
      vertex -89.9288 76.5345 3
    endloop
  endfacet
  facet normal 0.595861 0.803088 0
    outer loop
      vertex -90.047 76.6222 3
      vertex -89.9288 76.5345 -3
      vertex -90.047 76.6222 -3
    endloop
  endfacet
  facet normal 0.671624 -0.740892 0
    outer loop
      vertex -90.1561 78.8424 -3
      vertex -90.047 78.9413 3
      vertex -90.1561 78.8424 3
    endloop
  endfacet
  facet normal 0.671624 -0.740892 0
    outer loop
      vertex -90.047 78.9413 3
      vertex -90.1561 78.8424 -3
      vertex -90.047 78.9413 -3
    endloop
  endfacet
  facet normal -0.595861 -0.803088 0
    outer loop
      vertex -88.2621 79.029 -3
      vertex -88.1439 78.9413 3
      vertex -88.2621 79.029 3
    endloop
  endfacet
  facet normal -0.595861 -0.803088 -0
    outer loop
      vertex -88.1439 78.9413 3
      vertex -88.2621 79.029 -3
      vertex -88.1439 78.9413 -3
    endloop
  endfacet
  facet normal -0.428086 -0.903738 0
    outer loop
      vertex -88.5214 79.1676 -3
      vertex -88.3884 79.1046 3
      vertex -88.5214 79.1676 3
    endloop
  endfacet
  facet normal -0.428086 -0.903738 -0
    outer loop
      vertex -88.3884 79.1046 3
      vertex -88.5214 79.1676 -3
      vertex -88.3884 79.1046 -3
    endloop
  endfacet
  facet normal -0.0488878 -0.998804 0
    outer loop
      vertex -89.0955 79.2817 -3
      vertex -88.9484 79.2745 3
      vertex -89.0955 79.2817 3
    endloop
  endfacet
  facet normal -0.0488878 -0.998804 -0
    outer loop
      vertex -88.9484 79.2745 3
      vertex -89.0955 79.2817 -3
      vertex -88.9484 79.2745 -3
    endloop
  endfacet
  facet normal -0.242536 -0.970143 0
    outer loop
      vertex -88.8028 79.2529 -3
      vertex -88.66 79.2172 3
      vertex -88.8028 79.2529 3
    endloop
  endfacet
  facet normal -0.242536 -0.970143 -0
    outer loop
      vertex -88.66 79.2172 3
      vertex -88.8028 79.2529 -3
      vertex -88.66 79.2172 -3
    endloop
  endfacet
  facet normal 0.146746 -0.989174 0
    outer loop
      vertex -89.3881 79.2529 -3
      vertex -89.2425 79.2745 3
      vertex -89.3881 79.2529 3
    endloop
  endfacet
  facet normal 0.146746 -0.989174 0
    outer loop
      vertex -89.2425 79.2745 3
      vertex -89.3881 79.2529 -3
      vertex -89.2425 79.2745 -3
    endloop
  endfacet
  facet normal 0.336939 -0.941527 0
    outer loop
      vertex -89.6695 79.1676 -3
      vertex -89.5309 79.2172 3
      vertex -89.6695 79.1676 3
    endloop
  endfacet
  facet normal 0.336939 -0.941527 0
    outer loop
      vertex -89.5309 79.2172 3
      vertex -89.6695 79.1676 -3
      vertex -89.5309 79.2172 -3
    endloop
  endfacet
  facet normal -0.989174 -0.146746 0
    outer loop
      vertex -87.6027 77.9288 -3
      vertex -87.6243 78.0744 3
      vertex -87.6243 78.0744 -3
    endloop
  endfacet
  facet normal -0.989174 -0.146746 0
    outer loop
      vertex -87.6243 78.0744 3
      vertex -87.6027 77.9288 -3
      vertex -87.6027 77.9288 3
    endloop
  endfacet
  facet normal -0.941527 -0.336939 0
    outer loop
      vertex -87.66 78.2172 -3
      vertex -87.7096 78.3558 3
      vertex -87.7096 78.3558 -3
    endloop
  endfacet
  facet normal -0.941527 -0.336939 0
    outer loop
      vertex -87.7096 78.3558 3
      vertex -87.66 78.2172 -3
      vertex -87.66 78.2172 3
    endloop
  endfacet
  facet normal -0.857733 -0.514096 0
    outer loop
      vertex -87.7726 78.4888 -3
      vertex -87.8483 78.6151 3
      vertex -87.8483 78.6151 -3
    endloop
  endfacet
  facet normal -0.857733 -0.514096 0
    outer loop
      vertex -87.8483 78.6151 3
      vertex -87.7726 78.4888 -3
      vertex -87.7726 78.4888 3
    endloop
  endfacet
  facet normal -0.740892 -0.671624 0
    outer loop
      vertex -87.9359 78.7333 -3
      vertex -88.0348 78.8424 3
      vertex -88.0348 78.8424 -3
    endloop
  endfacet
  facet normal -0.740892 -0.671624 0
    outer loop
      vertex -88.0348 78.8424 3
      vertex -87.9359 78.7333 -3
      vertex -87.9359 78.7333 3
    endloop
  endfacet
  facet normal -0.989174 0.146746 0
    outer loop
      vertex -87.6243 77.4891 -3
      vertex -87.6027 77.6347 3
      vertex -87.6027 77.6347 -3
    endloop
  endfacet
  facet normal -0.989174 0.146746 0
    outer loop
      vertex -87.6027 77.6347 3
      vertex -87.6243 77.4891 -3
      vertex -87.6243 77.4891 3
    endloop
  endfacet
  facet normal -0.970143 0.242536 0
    outer loop
      vertex -87.66 77.3463 -3
      vertex -87.6243 77.4891 3
      vertex -87.6243 77.4891 -3
    endloop
  endfacet
  facet normal -0.970143 0.242536 0
    outer loop
      vertex -87.6243 77.4891 3
      vertex -87.66 77.3463 -3
      vertex -87.66 77.3463 3
    endloop
  endfacet
  facet normal -0.998803 0.0489209 0
    outer loop
      vertex -87.6027 77.6347 -3
      vertex -87.5955 77.7817 3
      vertex -87.5955 77.7817 -3
    endloop
  endfacet
  facet normal -0.998803 0.0489209 0
    outer loop
      vertex -87.5955 77.7817 3
      vertex -87.6027 77.6347 -3
      vertex -87.6027 77.6347 3
    endloop
  endfacet
  facet normal -0.903738 0.428086 0
    outer loop
      vertex -87.7726 77.0747 -3
      vertex -87.7096 77.2077 3
      vertex -87.7096 77.2077 -3
    endloop
  endfacet
  facet normal -0.903738 0.428086 0
    outer loop
      vertex -87.7096 77.2077 3
      vertex -87.7726 77.0747 -3
      vertex -87.7726 77.0747 3
    endloop
  endfacet
  facet normal -0.941527 0.336939 0
    outer loop
      vertex -87.7096 77.2077 -3
      vertex -87.66 77.3463 3
      vertex -87.66 77.3463 -3
    endloop
  endfacet
  facet normal -0.941527 0.336939 0
    outer loop
      vertex -87.66 77.3463 3
      vertex -87.7096 77.2077 -3
      vertex -87.7096 77.2077 3
    endloop
  endfacet
  facet normal -0.803413 0.595423 0
    outer loop
      vertex -87.9359 76.8302 -3
      vertex -87.8483 76.9484 3
      vertex -87.8483 76.9484 -3
    endloop
  endfacet
  facet normal -0.803413 0.595423 0
    outer loop
      vertex -87.8483 76.9484 3
      vertex -87.9359 76.8302 -3
      vertex -87.9359 76.8302 3
    endloop
  endfacet
  facet normal -0.740892 0.671624 0
    outer loop
      vertex -88.0348 76.7211 -3
      vertex -87.9359 76.8302 3
      vertex -87.9359 76.8302 -3
    endloop
  endfacet
  facet normal -0.740892 0.671624 0
    outer loop
      vertex -87.9359 76.8302 3
      vertex -88.0348 76.7211 -3
      vertex -88.0348 76.7211 3
    endloop
  endfacet
  facet normal -0.513596 -0.858032 0
    outer loop
      vertex -88.3884 79.1046 -3
      vertex -88.2621 79.029 3
      vertex -88.3884 79.1046 3
    endloop
  endfacet
  facet normal -0.513596 -0.858032 -0
    outer loop
      vertex -88.2621 79.029 3
      vertex -88.3884 79.1046 -3
      vertex -88.2621 79.029 -3
    endloop
  endfacet
  facet normal -0.336939 -0.941527 0
    outer loop
      vertex -88.66 79.2172 -3
      vertex -88.5214 79.1676 3
      vertex -88.66 79.2172 3
    endloop
  endfacet
  facet normal -0.336939 -0.941527 -0
    outer loop
      vertex -88.5214 79.1676 3
      vertex -88.66 79.2172 -3
      vertex -88.5214 79.1676 -3
    endloop
  endfacet
  facet normal 0.0489209 -0.998803 0
    outer loop
      vertex -89.2425 79.2745 -3
      vertex -89.0955 79.2817 3
      vertex -89.2425 79.2745 3
    endloop
  endfacet
  facet normal 0.0489209 -0.998803 0
    outer loop
      vertex -89.0955 79.2817 3
      vertex -89.2425 79.2745 -3
      vertex -89.0955 79.2817 -3
    endloop
  endfacet
  facet normal -0.146746 -0.989174 0
    outer loop
      vertex -88.9484 79.2745 -3
      vertex -88.8028 79.2529 3
      vertex -88.9484 79.2745 3
    endloop
  endfacet
  facet normal -0.146746 -0.989174 -0
    outer loop
      vertex -88.8028 79.2529 3
      vertex -88.9484 79.2745 -3
      vertex -88.8028 79.2529 -3
    endloop
  endfacet
  facet normal 0.242536 -0.970143 0
    outer loop
      vertex -89.5309 79.2172 -3
      vertex -89.3881 79.2529 3
      vertex -89.5309 79.2172 3
    endloop
  endfacet
  facet normal 0.242536 -0.970143 0
    outer loop
      vertex -89.3881 79.2529 3
      vertex -89.5309 79.2172 -3
      vertex -89.3881 79.2529 -3
    endloop
  endfacet
  facet normal 0.427824 -0.903862 0
    outer loop
      vertex -89.8026 79.1046 -3
      vertex -89.6695 79.1676 3
      vertex -89.8026 79.1046 3
    endloop
  endfacet
  facet normal 0.427824 -0.903862 0
    outer loop
      vertex -89.6695 79.1676 3
      vertex -89.8026 79.1046 -3
      vertex -89.6695 79.1676 -3
    endloop
  endfacet
  facet normal 0.595861 -0.803088 0
    outer loop
      vertex -90.047 78.9413 -3
      vertex -89.9288 79.029 3
      vertex -90.047 78.9413 3
    endloop
  endfacet
  facet normal 0.595861 -0.803088 0
    outer loop
      vertex -89.9288 79.029 3
      vertex -90.047 78.9413 -3
      vertex -89.9288 79.029 -3
    endloop
  endfacet
  facet normal 0.513896 -0.857853 0
    outer loop
      vertex -89.9288 79.029 -3
      vertex -89.8026 79.1046 3
      vertex -89.9288 79.029 3
    endloop
  endfacet
  facet normal 0.513896 -0.857853 0
    outer loop
      vertex -89.8026 79.1046 3
      vertex -89.9288 79.029 -3
      vertex -89.8026 79.1046 -3
    endloop
  endfacet
  facet normal -0.970143 -0.242536 0
    outer loop
      vertex -87.6243 78.0744 -3
      vertex -87.66 78.2172 3
      vertex -87.66 78.2172 -3
    endloop
  endfacet
  facet normal -0.970143 -0.242536 0
    outer loop
      vertex -87.66 78.2172 3
      vertex -87.6243 78.0744 -3
      vertex -87.6243 78.0744 3
    endloop
  endfacet
  facet normal -0.903738 -0.428086 0
    outer loop
      vertex -87.7096 78.3558 -3
      vertex -87.7726 78.4888 3
      vertex -87.7726 78.4888 -3
    endloop
  endfacet
  facet normal -0.903738 -0.428086 0
    outer loop
      vertex -87.7726 78.4888 3
      vertex -87.7096 78.3558 -3
      vertex -87.7096 78.3558 3
    endloop
  endfacet
  facet normal -0.803413 -0.595423 0
    outer loop
      vertex -87.8483 78.6151 -3
      vertex -87.9359 78.7333 3
      vertex -87.9359 78.7333 -3
    endloop
  endfacet
  facet normal -0.803413 -0.595423 0
    outer loop
      vertex -87.9359 78.7333 3
      vertex -87.8483 78.6151 -3
      vertex -87.8483 78.6151 3
    endloop
  endfacet
  facet normal -0.671624 -0.740892 0
    outer loop
      vertex -88.1439 78.9413 -3
      vertex -88.0348 78.8424 3
      vertex -88.1439 78.9413 3
    endloop
  endfacet
  facet normal -0.671624 -0.740892 -0
    outer loop
      vertex -88.0348 78.8424 3
      vertex -88.1439 78.9413 -3
      vertex -88.0348 78.8424 -3
    endloop
  endfacet
  facet normal -0.857733 0.514096 0
    outer loop
      vertex -87.8483 76.9484 -3
      vertex -87.7726 77.0747 3
      vertex -87.7726 77.0747 -3
    endloop
  endfacet
  facet normal -0.857733 0.514096 0
    outer loop
      vertex -87.7726 77.0747 3
      vertex -87.8483 76.9484 -3
      vertex -87.8483 76.9484 3
    endloop
  endfacet
  facet normal 0.740892 -0.671624 0
    outer loop
      vertex -78.9413 67.4196 3
      vertex -78.8424 67.5287 -3
      vertex -78.8424 67.5287 3
    endloop
  endfacet
  facet normal 0.740892 -0.671624 0
    outer loop
      vertex -78.8424 67.5287 -3
      vertex -78.9413 67.4196 3
      vertex -78.9413 67.4196 -3
    endloop
  endfacet
  facet normal 0.671624 0.740892 -0
    outer loop
      vertex -78.7333 65.3085 -3
      vertex -78.8424 65.4074 3
      vertex -78.7333 65.3085 3
    endloop
  endfacet
  facet normal 0.671624 0.740892 0
    outer loop
      vertex -78.8424 65.4074 3
      vertex -78.7333 65.3085 -3
      vertex -78.8424 65.4074 -3
    endloop
  endfacet
  facet normal -0.671624 -0.740892 0
    outer loop
      vertex -76.8302 67.6276 -3
      vertex -76.7211 67.5287 3
      vertex -76.8302 67.6276 3
    endloop
  endfacet
  facet normal -0.671624 -0.740892 -0
    outer loop
      vertex -76.7211 67.5287 3
      vertex -76.8302 67.6276 -3
      vertex -76.7211 67.5287 -3
    endloop
  endfacet
  facet normal 0.998803 0.0489209 0
    outer loop
      vertex -79.2745 66.321 3
      vertex -79.2817 66.468 -3
      vertex -79.2817 66.468 3
    endloop
  endfacet
  facet normal 0.998803 0.0489209 0
    outer loop
      vertex -79.2817 66.468 -3
      vertex -79.2745 66.321 3
      vertex -79.2745 66.321 -3
    endloop
  endfacet
  facet normal -0.0495987 0.998769 0
    outer loop
      vertex -77.6347 64.9753 -3
      vertex -77.7817 64.968 3
      vertex -77.6347 64.9753 3
    endloop
  endfacet
  facet normal -0.0495987 0.998769 0
    outer loop
      vertex -77.7817 64.968 3
      vertex -77.6347 64.9753 -3
      vertex -77.7817 64.968 -3
    endloop
  endfacet
  facet normal 0.336939 0.941527 -0
    outer loop
      vertex -78.2172 65.0326 -3
      vertex -78.3558 65.0822 3
      vertex -78.2172 65.0326 3
    endloop
  endfacet
  facet normal 0.336939 0.941527 0
    outer loop
      vertex -78.3558 65.0822 3
      vertex -78.2172 65.0326 -3
      vertex -78.3558 65.0822 -3
    endloop
  endfacet
  facet normal -0.903862 0.427824 0
    outer loop
      vertex -76.4589 65.7609 -3
      vertex -76.3959 65.894 3
      vertex -76.3959 65.894 -3
    endloop
  endfacet
  facet normal -0.903862 0.427824 0
    outer loop
      vertex -76.3959 65.894 3
      vertex -76.4589 65.7609 -3
      vertex -76.4589 65.7609 3
    endloop
  endfacet
  facet normal 0.941527 -0.336939 0
    outer loop
      vertex -79.2172 66.9035 3
      vertex -79.1676 67.0421 -3
      vertex -79.1676 67.0421 3
    endloop
  endfacet
  facet normal 0.941527 -0.336939 0
    outer loop
      vertex -79.1676 67.0421 -3
      vertex -79.2172 66.9035 3
      vertex -79.2172 66.9035 -3
    endloop
  endfacet
  facet normal 0.903862 0.427824 0
    outer loop
      vertex -79.1046 65.7609 3
      vertex -79.1676 65.894 -3
      vertex -79.1676 65.894 3
    endloop
  endfacet
  facet normal 0.903862 0.427824 0
    outer loop
      vertex -79.1676 65.894 -3
      vertex -79.1046 65.7609 3
      vertex -79.1046 65.7609 -3
    endloop
  endfacet
  facet normal -0.336939 0.941527 0
    outer loop
      vertex -77.2077 65.0822 -3
      vertex -77.3463 65.0326 3
      vertex -77.2077 65.0822 3
    endloop
  endfacet
  facet normal -0.336939 0.941527 0
    outer loop
      vertex -77.3463 65.0326 3
      vertex -77.2077 65.0822 -3
      vertex -77.3463 65.0326 -3
    endloop
  endfacet
  facet normal -0.242536 0.970143 0
    outer loop
      vertex -77.3463 65.0326 -3
      vertex -77.4891 64.9969 3
      vertex -77.3463 65.0326 3
    endloop
  endfacet
  facet normal -0.242536 0.970143 0
    outer loop
      vertex -77.4891 64.9969 3
      vertex -77.3463 65.0326 -3
      vertex -77.4891 64.9969 -3
    endloop
  endfacet
  facet normal 0.513596 0.858032 -0
    outer loop
      vertex -78.4888 65.1452 -3
      vertex -78.6151 65.2208 3
      vertex -78.4888 65.1452 3
    endloop
  endfacet
  facet normal 0.513596 0.858032 0
    outer loop
      vertex -78.6151 65.2208 3
      vertex -78.4888 65.1452 -3
      vertex -78.6151 65.2208 -3
    endloop
  endfacet
  facet normal 0.336939 -0.941527 0
    outer loop
      vertex -78.3558 67.8539 -3
      vertex -78.2172 67.9035 3
      vertex -78.3558 67.8539 3
    endloop
  endfacet
  facet normal 0.336939 -0.941527 0
    outer loop
      vertex -78.2172 67.9035 3
      vertex -78.3558 67.8539 -3
      vertex -78.2172 67.9035 -3
    endloop
  endfacet
  facet normal -0.428086 -0.903738 0
    outer loop
      vertex -77.2077 67.8539 -3
      vertex -77.0747 67.7909 3
      vertex -77.2077 67.8539 3
    endloop
  endfacet
  facet normal -0.428086 -0.903738 -0
    outer loop
      vertex -77.0747 67.7909 3
      vertex -77.2077 67.8539 -3
      vertex -77.0747 67.7909 -3
    endloop
  endfacet
  facet normal 0.0488878 -0.998804 0
    outer loop
      vertex -77.9288 67.9608 -3
      vertex -77.7817 67.968 3
      vertex -77.9288 67.9608 3
    endloop
  endfacet
  facet normal 0.0488878 -0.998804 0
    outer loop
      vertex -77.7817 67.968 3
      vertex -77.9288 67.9608 -3
      vertex -77.7817 67.968 -3
    endloop
  endfacet
  facet normal 0.514096 -0.857733 0
    outer loop
      vertex -78.6151 67.7152 -3
      vertex -78.4888 67.7909 3
      vertex -78.6151 67.7152 3
    endloop
  endfacet
  facet normal 0.514096 -0.857733 0
    outer loop
      vertex -78.4888 67.7909 3
      vertex -78.6151 67.7152 -3
      vertex -78.4888 67.7909 -3
    endloop
  endfacet
  facet normal -0.858032 -0.513596 0
    outer loop
      vertex -76.4589 67.1751 -3
      vertex -76.5345 67.3014 3
      vertex -76.5345 67.3014 -3
    endloop
  endfacet
  facet normal -0.858032 -0.513596 0
    outer loop
      vertex -76.5345 67.3014 3
      vertex -76.4589 67.1751 -3
      vertex -76.4589 67.1751 3
    endloop
  endfacet
  facet normal -0.998771 -0.0495651 0
    outer loop
      vertex -76.2817 66.468 -3
      vertex -76.289 66.6151 3
      vertex -76.289 66.6151 -3
    endloop
  endfacet
  facet normal -0.998771 -0.0495651 0
    outer loop
      vertex -76.289 66.6151 3
      vertex -76.2817 66.468 -3
      vertex -76.2817 66.468 3
    endloop
  endfacet
  facet normal -0.998769 0.0495987 0
    outer loop
      vertex -76.289 66.321 -3
      vertex -76.2817 66.468 3
      vertex -76.2817 66.468 -3
    endloop
  endfacet
  facet normal -0.998769 0.0495987 0
    outer loop
      vertex -76.2817 66.468 3
      vertex -76.289 66.321 -3
      vertex -76.289 66.321 3
    endloop
  endfacet
  facet normal 0.857733 -0.514096 0
    outer loop
      vertex -79.1046 67.1751 3
      vertex -79.0289 67.3014 -3
      vertex -79.0289 67.3014 3
    endloop
  endfacet
  facet normal 0.857733 -0.514096 0
    outer loop
      vertex -79.0289 67.3014 -3
      vertex -79.1046 67.1751 3
      vertex -79.1046 67.1751 -3
    endloop
  endfacet
  facet normal 0.803413 -0.595423 0
    outer loop
      vertex -79.0289 67.3014 3
      vertex -78.9413 67.4196 -3
      vertex -78.9413 67.4196 3
    endloop
  endfacet
  facet normal 0.803413 -0.595423 0
    outer loop
      vertex -78.9413 67.4196 -3
      vertex -79.0289 67.3014 3
      vertex -79.0289 67.3014 -3
    endloop
  endfacet
  facet normal 0.903738 -0.428086 0
    outer loop
      vertex -79.1676 67.0421 3
      vertex -79.1046 67.1751 -3
      vertex -79.1046 67.1751 3
    endloop
  endfacet
  facet normal 0.903738 -0.428086 0
    outer loop
      vertex -79.1046 67.1751 -3
      vertex -79.1676 67.0421 3
      vertex -79.1676 67.0421 -3
    endloop
  endfacet
  facet normal 0.989174 -0.146746 0
    outer loop
      vertex -79.2745 66.6151 3
      vertex -79.2529 66.7607 -3
      vertex -79.2529 66.7607 3
    endloop
  endfacet
  facet normal 0.989174 -0.146746 0
    outer loop
      vertex -79.2529 66.7607 -3
      vertex -79.2745 66.6151 3
      vertex -79.2745 66.6151 -3
    endloop
  endfacet
  facet normal 0.998804 -0.0488878 0
    outer loop
      vertex -79.2817 66.468 3
      vertex -79.2745 66.6151 -3
      vertex -79.2745 66.6151 3
    endloop
  endfacet
  facet normal 0.998804 -0.0488878 0
    outer loop
      vertex -79.2745 66.6151 -3
      vertex -79.2817 66.468 3
      vertex -79.2817 66.468 -3
    endloop
  endfacet
  facet normal 0.970143 -0.242536 0
    outer loop
      vertex -79.2529 66.7607 3
      vertex -79.2172 66.9035 -3
      vertex -79.2172 66.9035 3
    endloop
  endfacet
  facet normal 0.970143 -0.242536 0
    outer loop
      vertex -79.2172 66.9035 -3
      vertex -79.2529 66.7607 3
      vertex -79.2529 66.7607 -3
    endloop
  endfacet
  facet normal 0.803653 0.595098 0
    outer loop
      vertex -78.9413 65.5164 3
      vertex -79.0289 65.6347 -3
      vertex -79.0289 65.6347 3
    endloop
  endfacet
  facet normal 0.803653 0.595098 0
    outer loop
      vertex -79.0289 65.6347 -3
      vertex -78.9413 65.5164 3
      vertex -78.9413 65.5164 -3
    endloop
  endfacet
  facet normal 0.740585 0.671962 0
    outer loop
      vertex -78.8424 65.4074 3
      vertex -78.9413 65.5164 -3
      vertex -78.9413 65.5164 3
    endloop
  endfacet
  facet normal 0.740585 0.671962 0
    outer loop
      vertex -78.9413 65.5164 -3
      vertex -78.8424 65.4074 3
      vertex -78.8424 65.4074 -3
    endloop
  endfacet
  facet normal 0.970143 0.242536 0
    outer loop
      vertex -79.2172 66.0326 3
      vertex -79.2529 66.1754 -3
      vertex -79.2529 66.1754 3
    endloop
  endfacet
  facet normal 0.970143 0.242536 0
    outer loop
      vertex -79.2529 66.1754 -3
      vertex -79.2172 66.0326 3
      vertex -79.2172 66.0326 -3
    endloop
  endfacet
  facet normal 0.989174 0.146746 0
    outer loop
      vertex -79.2529 66.1754 3
      vertex -79.2745 66.321 -3
      vertex -79.2745 66.321 3
    endloop
  endfacet
  facet normal 0.989174 0.146746 0
    outer loop
      vertex -79.2745 66.321 -3
      vertex -79.2529 66.1754 3
      vertex -79.2529 66.1754 -3
    endloop
  endfacet
  facet normal -0.595861 0.803088 0
    outer loop
      vertex -76.8302 65.3085 -3
      vertex -76.9484 65.2208 3
      vertex -76.8302 65.3085 3
    endloop
  endfacet
  facet normal -0.595861 0.803088 0
    outer loop
      vertex -76.9484 65.2208 3
      vertex -76.8302 65.3085 -3
      vertex -76.9484 65.2208 -3
    endloop
  endfacet
  facet normal -0.428086 0.903738 0
    outer loop
      vertex -77.0747 65.1452 -3
      vertex -77.2077 65.0822 3
      vertex -77.0747 65.1452 3
    endloop
  endfacet
  facet normal -0.428086 0.903738 0
    outer loop
      vertex -77.2077 65.0822 3
      vertex -77.0747 65.1452 -3
      vertex -77.2077 65.0822 -3
    endloop
  endfacet
  facet normal -0.671624 0.740892 0
    outer loop
      vertex -76.7211 65.4074 -3
      vertex -76.8302 65.3085 3
      vertex -76.7211 65.4074 3
    endloop
  endfacet
  facet normal -0.671624 0.740892 0
    outer loop
      vertex -76.8302 65.3085 3
      vertex -76.7211 65.4074 -3
      vertex -76.8302 65.3085 -3
    endloop
  endfacet
  facet normal 0.146746 0.989174 -0
    outer loop
      vertex -77.9288 64.9753 -3
      vertex -78.0744 64.9969 3
      vertex -77.9288 64.9753 3
    endloop
  endfacet
  facet normal 0.146746 0.989174 0
    outer loop
      vertex -78.0744 64.9969 3
      vertex -77.9288 64.9753 -3
      vertex -78.0744 64.9969 -3
    endloop
  endfacet
  facet normal 0.595861 0.803088 -0
    outer loop
      vertex -78.6151 65.2208 -3
      vertex -78.7333 65.3085 3
      vertex -78.6151 65.2208 3
    endloop
  endfacet
  facet normal 0.595861 0.803088 0
    outer loop
      vertex -78.7333 65.3085 3
      vertex -78.6151 65.2208 -3
      vertex -78.7333 65.3085 -3
    endloop
  endfacet
  facet normal 0.671624 -0.740892 0
    outer loop
      vertex -78.8424 67.5287 -3
      vertex -78.7333 67.6276 3
      vertex -78.8424 67.5287 3
    endloop
  endfacet
  facet normal 0.671624 -0.740892 0
    outer loop
      vertex -78.7333 67.6276 3
      vertex -78.8424 67.5287 -3
      vertex -78.7333 67.6276 -3
    endloop
  endfacet
  facet normal -0.595423 -0.803413 0
    outer loop
      vertex -76.9484 67.7152 -3
      vertex -76.8302 67.6276 3
      vertex -76.9484 67.7152 3
    endloop
  endfacet
  facet normal -0.595423 -0.803413 -0
    outer loop
      vertex -76.8302 67.6276 3
      vertex -76.9484 67.7152 -3
      vertex -76.8302 67.6276 -3
    endloop
  endfacet
  facet normal -0.242536 -0.970143 0
    outer loop
      vertex -77.4891 67.9392 -3
      vertex -77.3463 67.9035 3
      vertex -77.4891 67.9392 3
    endloop
  endfacet
  facet normal -0.242536 -0.970143 -0
    outer loop
      vertex -77.3463 67.9035 3
      vertex -77.4891 67.9392 -3
      vertex -77.3463 67.9035 -3
    endloop
  endfacet
  facet normal -0.0489209 -0.998803 0
    outer loop
      vertex -77.7817 67.968 -3
      vertex -77.6347 67.9608 3
      vertex -77.7817 67.968 3
    endloop
  endfacet
  facet normal -0.0489209 -0.998803 -0
    outer loop
      vertex -77.6347 67.9608 3
      vertex -77.7817 67.968 -3
      vertex -77.6347 67.9608 -3
    endloop
  endfacet
  facet normal -0.146746 -0.989174 0
    outer loop
      vertex -77.6347 67.9608 -3
      vertex -77.4891 67.9392 3
      vertex -77.6347 67.9608 3
    endloop
  endfacet
  facet normal -0.146746 -0.989174 -0
    outer loop
      vertex -77.4891 67.9392 3
      vertex -77.6347 67.9608 -3
      vertex -77.4891 67.9392 -3
    endloop
  endfacet
  facet normal 0.146746 -0.989174 0
    outer loop
      vertex -78.0744 67.9392 -3
      vertex -77.9288 67.9608 3
      vertex -78.0744 67.9392 3
    endloop
  endfacet
  facet normal 0.146746 -0.989174 0
    outer loop
      vertex -77.9288 67.9608 3
      vertex -78.0744 67.9392 -3
      vertex -77.9288 67.9608 -3
    endloop
  endfacet
  facet normal 0.242536 -0.970143 0
    outer loop
      vertex -78.2172 67.9035 -3
      vertex -78.0744 67.9392 3
      vertex -78.2172 67.9035 3
    endloop
  endfacet
  facet normal 0.242536 -0.970143 0
    outer loop
      vertex -78.0744 67.9392 3
      vertex -78.2172 67.9035 -3
      vertex -78.0744 67.9392 -3
    endloop
  endfacet
  facet normal -0.989174 -0.146746 0
    outer loop
      vertex -76.289 66.6151 -3
      vertex -76.3106 66.7607 3
      vertex -76.3106 66.7607 -3
    endloop
  endfacet
  facet normal -0.989174 -0.146746 0
    outer loop
      vertex -76.3106 66.7607 3
      vertex -76.289 66.6151 -3
      vertex -76.289 66.6151 3
    endloop
  endfacet
  facet normal -0.970143 -0.242536 0
    outer loop
      vertex -76.3106 66.7607 -3
      vertex -76.3463 66.9035 3
      vertex -76.3463 66.9035 -3
    endloop
  endfacet
  facet normal -0.970143 -0.242536 0
    outer loop
      vertex -76.3463 66.9035 3
      vertex -76.3106 66.7607 -3
      vertex -76.3106 66.7607 3
    endloop
  endfacet
  facet normal -0.941527 -0.336939 0
    outer loop
      vertex -76.3463 66.9035 -3
      vertex -76.3959 67.0421 3
      vertex -76.3959 67.0421 -3
    endloop
  endfacet
  facet normal -0.941527 -0.336939 0
    outer loop
      vertex -76.3959 67.0421 3
      vertex -76.3463 66.9035 -3
      vertex -76.3463 66.9035 3
    endloop
  endfacet
  facet normal -0.740892 -0.671624 0
    outer loop
      vertex -76.6222 67.4196 -3
      vertex -76.7211 67.5287 3
      vertex -76.7211 67.5287 -3
    endloop
  endfacet
  facet normal -0.740892 -0.671624 0
    outer loop
      vertex -76.7211 67.5287 3
      vertex -76.6222 67.4196 -3
      vertex -76.6222 67.4196 3
    endloop
  endfacet
  facet normal -0.970143 0.242536 0
    outer loop
      vertex -76.3463 66.0326 -3
      vertex -76.3106 66.1754 3
      vertex -76.3106 66.1754 -3
    endloop
  endfacet
  facet normal -0.970143 0.242536 0
    outer loop
      vertex -76.3106 66.1754 3
      vertex -76.3463 66.0326 -3
      vertex -76.3463 66.0326 3
    endloop
  endfacet
  facet normal -0.941527 0.336939 0
    outer loop
      vertex -76.3959 65.894 -3
      vertex -76.3463 66.0326 3
      vertex -76.3463 66.0326 -3
    endloop
  endfacet
  facet normal -0.941527 0.336939 0
    outer loop
      vertex -76.3463 66.0326 3
      vertex -76.3959 65.894 -3
      vertex -76.3959 65.894 3
    endloop
  endfacet
  facet normal -0.803329 0.595536 0
    outer loop
      vertex -76.6222 65.5164 -3
      vertex -76.5345 65.6347 3
      vertex -76.5345 65.6347 -3
    endloop
  endfacet
  facet normal -0.803329 0.595536 0
    outer loop
      vertex -76.5345 65.6347 3
      vertex -76.6222 65.5164 -3
      vertex -76.6222 65.5164 3
    endloop
  endfacet
  facet normal 0.857553 0.514396 0
    outer loop
      vertex -79.0289 65.6347 3
      vertex -79.1046 65.7609 -3
      vertex -79.1046 65.7609 3
    endloop
  endfacet
  facet normal 0.857553 0.514396 0
    outer loop
      vertex -79.1046 65.7609 -3
      vertex -79.0289 65.6347 3
      vertex -79.0289 65.6347 -3
    endloop
  endfacet
  facet normal 0.941527 0.336939 0
    outer loop
      vertex -79.1676 65.894 3
      vertex -79.2172 66.0326 -3
      vertex -79.2172 66.0326 3
    endloop
  endfacet
  facet normal 0.941527 0.336939 0
    outer loop
      vertex -79.2172 66.0326 -3
      vertex -79.1676 65.894 3
      vertex -79.1676 65.894 -3
    endloop
  endfacet
  facet normal -0.146746 0.989174 0
    outer loop
      vertex -77.4891 64.9969 -3
      vertex -77.6347 64.9753 3
      vertex -77.4891 64.9969 3
    endloop
  endfacet
  facet normal -0.146746 0.989174 0
    outer loop
      vertex -77.6347 64.9753 3
      vertex -77.4891 64.9969 -3
      vertex -77.6347 64.9753 -3
    endloop
  endfacet
  facet normal -0.513596 0.858032 0
    outer loop
      vertex -76.9484 65.2208 -3
      vertex -77.0747 65.1452 3
      vertex -76.9484 65.2208 3
    endloop
  endfacet
  facet normal -0.513596 0.858032 0
    outer loop
      vertex -77.0747 65.1452 3
      vertex -76.9484 65.2208 -3
      vertex -77.0747 65.1452 -3
    endloop
  endfacet
  facet normal -0.740585 0.671962 0
    outer loop
      vertex -76.7211 65.4074 -3
      vertex -76.6222 65.5164 3
      vertex -76.6222 65.5164 -3
    endloop
  endfacet
  facet normal -0.740585 0.671962 0
    outer loop
      vertex -76.6222 65.5164 3
      vertex -76.7211 65.4074 -3
      vertex -76.7211 65.4074 3
    endloop
  endfacet
  facet normal 0.0495651 0.998771 -0
    outer loop
      vertex -77.7817 64.968 -3
      vertex -77.9288 64.9753 3
      vertex -77.7817 64.968 3
    endloop
  endfacet
  facet normal 0.0495651 0.998771 0
    outer loop
      vertex -77.9288 64.9753 3
      vertex -77.7817 64.968 -3
      vertex -77.9288 64.9753 -3
    endloop
  endfacet
  facet normal 0.242536 0.970143 -0
    outer loop
      vertex -78.0744 64.9969 -3
      vertex -78.2172 65.0326 3
      vertex -78.0744 64.9969 3
    endloop
  endfacet
  facet normal 0.242536 0.970143 0
    outer loop
      vertex -78.2172 65.0326 3
      vertex -78.0744 64.9969 -3
      vertex -78.2172 65.0326 -3
    endloop
  endfacet
  facet normal 0.428086 0.903738 -0
    outer loop
      vertex -78.3558 65.0822 -3
      vertex -78.4888 65.1452 3
      vertex -78.3558 65.0822 3
    endloop
  endfacet
  facet normal 0.428086 0.903738 0
    outer loop
      vertex -78.4888 65.1452 3
      vertex -78.3558 65.0822 -3
      vertex -78.4888 65.1452 -3
    endloop
  endfacet
  facet normal -0.514096 -0.857733 0
    outer loop
      vertex -77.0747 67.7909 -3
      vertex -76.9484 67.7152 3
      vertex -77.0747 67.7909 3
    endloop
  endfacet
  facet normal -0.514096 -0.857733 -0
    outer loop
      vertex -76.9484 67.7152 3
      vertex -77.0747 67.7909 -3
      vertex -76.9484 67.7152 -3
    endloop
  endfacet
  facet normal -0.336939 -0.941527 0
    outer loop
      vertex -77.3463 67.9035 -3
      vertex -77.2077 67.8539 3
      vertex -77.3463 67.9035 3
    endloop
  endfacet
  facet normal -0.336939 -0.941527 -0
    outer loop
      vertex -77.2077 67.8539 3
      vertex -77.3463 67.9035 -3
      vertex -77.2077 67.8539 -3
    endloop
  endfacet
  facet normal 0.428086 -0.903738 0
    outer loop
      vertex -78.4888 67.7909 -3
      vertex -78.3558 67.8539 3
      vertex -78.4888 67.7909 3
    endloop
  endfacet
  facet normal 0.428086 -0.903738 0
    outer loop
      vertex -78.3558 67.8539 3
      vertex -78.4888 67.7909 -3
      vertex -78.3558 67.8539 -3
    endloop
  endfacet
  facet normal 0.595423 -0.803413 0
    outer loop
      vertex -78.7333 67.6276 -3
      vertex -78.6151 67.7152 3
      vertex -78.7333 67.6276 3
    endloop
  endfacet
  facet normal 0.595423 -0.803413 0
    outer loop
      vertex -78.6151 67.7152 3
      vertex -78.7333 67.6276 -3
      vertex -78.6151 67.7152 -3
    endloop
  endfacet
  facet normal -0.903738 -0.428086 0
    outer loop
      vertex -76.3959 67.0421 -3
      vertex -76.4589 67.1751 3
      vertex -76.4589 67.1751 -3
    endloop
  endfacet
  facet normal -0.903738 -0.428086 0
    outer loop
      vertex -76.4589 67.1751 3
      vertex -76.3959 67.0421 -3
      vertex -76.3959 67.0421 3
    endloop
  endfacet
  facet normal -0.803088 -0.595861 0
    outer loop
      vertex -76.5345 67.3014 -3
      vertex -76.6222 67.4196 3
      vertex -76.6222 67.4196 -3
    endloop
  endfacet
  facet normal -0.803088 -0.595861 0
    outer loop
      vertex -76.6222 67.4196 3
      vertex -76.5345 67.3014 -3
      vertex -76.5345 67.3014 3
    endloop
  endfacet
  facet normal -0.989174 0.146746 0
    outer loop
      vertex -76.3106 66.1754 -3
      vertex -76.289 66.321 3
      vertex -76.289 66.321 -3
    endloop
  endfacet
  facet normal -0.989174 0.146746 0
    outer loop
      vertex -76.289 66.321 3
      vertex -76.3106 66.1754 -3
      vertex -76.3106 66.1754 3
    endloop
  endfacet
  facet normal -0.857853 0.513896 0
    outer loop
      vertex -76.5345 65.6347 -3
      vertex -76.4589 65.7609 3
      vertex -76.4589 65.7609 -3
    endloop
  endfacet
  facet normal -0.857853 0.513896 0
    outer loop
      vertex -76.4589 65.7609 3
      vertex -76.5345 65.6347 -3
      vertex -76.5345 65.6347 3
    endloop
  endfacet
  facet normal -0.0490387 -0.998797 0
    outer loop
      vertex -79.35 -93.7047 -3
      vertex -77.7817 -93.7817 3
      vertex -79.35 -93.7047 3
    endloop
  endfacet
  facet normal -0.0490387 -0.998797 -0
    outer loop
      vertex -77.7817 -93.7817 3
      vertex -79.35 -93.7047 -3
      vertex -77.7817 -93.7817 -3
    endloop
  endfacet
  facet normal -0.671512 -0.740994 0
    outer loop
      vertex -89.0955 -89.0955 -3
      vertex -87.932 -90.1499 3
      vertex -89.0955 -89.0955 3
    endloop
  endfacet
  facet normal -0.671512 -0.740994 -0
    outer loop
      vertex -87.932 -90.1499 3
      vertex -89.0955 -89.0955 -3
      vertex -87.932 -90.1499 -3
    endloop
  endfacet
  facet normal 0.690859 -0.72299 0
    outer loop
      vertex -66.468 -89.0955 -3
      vertex -2.40718 -27.8817 3
      vertex -66.468 -89.0955 3
    endloop
  endfacet
  facet normal 0.690859 -0.72299 0
    outer loop
      vertex -2.40718 -27.8817 3
      vertex -66.468 -89.0955 -3
      vertex -2.40718 -27.8817 -3
    endloop
  endfacet
  facet normal 0.24297 -0.970034 0
    outer loop
      vertex -74.6603 -93.4743 -3
      vertex -73.1372 -93.0928 3
      vertex -74.6603 -93.4743 3
    endloop
  endfacet
  facet normal 0.24297 -0.970034 0
    outer loop
      vertex -73.1372 -93.0928 3
      vertex -74.6603 -93.4743 -3
      vertex -73.1372 -93.0928 -3
    endloop
  endfacet
  facet normal -0.72299 0.690859 0
    outer loop
      vertex -89.0955 -66.468 -3
      vertex -27.8817 -2.40718 3
      vertex -27.8817 -2.40718 -3
    endloop
  endfacet
  facet normal -0.72299 0.690859 0
    outer loop
      vertex -27.8817 -2.40718 3
      vertex -89.0955 -66.468 -3
      vertex -89.0955 -66.468 3
    endloop
  endfacet
  facet normal 0.514084 -0.85774 0
    outer loop
      vertex -70.2394 -91.8925 -3
      vertex -68.8926 -91.0853 3
      vertex -70.2394 -91.8925 3
    endloop
  endfacet
  facet normal 0.514084 -0.85774 0
    outer loop
      vertex -68.8926 -91.0853 3
      vertex -70.2394 -91.8925 -3
      vertex -68.8926 -91.0853 -3
    endloop
  endfacet
  facet normal -0.336901 -0.94154 0
    outer loop
      vertex -83.9047 -92.5638 -3
      vertex -82.4263 -93.0928 3
      vertex -83.9047 -92.5638 3
    endloop
  endfacet
  facet normal -0.336901 -0.94154 -0
    outer loop
      vertex -82.4263 -93.0928 3
      vertex -83.9047 -92.5638 -3
      vertex -82.4263 -93.0928 -3
    endloop
  endfacet
  facet normal -0.803176 -0.595742 0
    outer loop
      vertex -90.1499 -87.932 -3
      vertex -91.0853 -86.6709 3
      vertex -91.0853 -86.6709 -3
    endloop
  endfacet
  facet normal -0.803176 -0.595742 0
    outer loop
      vertex -91.0853 -86.6709 3
      vertex -90.1499 -87.932 -3
      vertex -90.1499 -87.932 3
    endloop
  endfacet
  facet normal -0.740994 0.671512 0
    outer loop
      vertex -90.1499 -67.6315 -3
      vertex -89.0955 -66.468 3
      vertex -89.0955 -66.468 -3
    endloop
  endfacet
  facet normal -0.740994 0.671512 0
    outer loop
      vertex -89.0955 -66.468 3
      vertex -90.1499 -67.6315 -3
      vertex -90.1499 -67.6315 3
    endloop
  endfacet
  facet normal 0.427541 -0.903996 0
    outer loop
      vertex -71.6588 -92.5638 -3
      vertex -70.2394 -91.8925 3
      vertex -71.6588 -92.5638 3
    endloop
  endfacet
  facet normal 0.427541 -0.903996 0
    outer loop
      vertex -70.2394 -91.8925 3
      vertex -71.6588 -92.5638 -3
      vertex -70.2394 -91.8925 -3
    endloop
  endfacet
  facet normal 0.671512 -0.740994 0
    outer loop
      vertex -67.6315 -90.1499 -3
      vertex -66.468 -89.0955 3
      vertex -67.6315 -90.1499 3
    endloop
  endfacet
  facet normal 0.671512 -0.740994 0
    outer loop
      vertex -66.468 -89.0955 3
      vertex -67.6315 -90.1499 -3
      vertex -66.468 -89.0955 -3
    endloop
  endfacet
  facet normal -0.595742 -0.803176 0
    outer loop
      vertex -87.932 -90.1499 -3
      vertex -86.6709 -91.0853 3
      vertex -87.932 -90.1499 3
    endloop
  endfacet
  facet normal -0.595742 -0.803176 -0
    outer loop
      vertex -86.6709 -91.0853 3
      vertex -87.932 -90.1499 -3
      vertex -86.6709 -91.0853 -3
    endloop
  endfacet
  facet normal -0.146733 -0.989176 0
    outer loop
      vertex -80.9032 -93.4743 -3
      vertex -79.35 -93.7047 3
      vertex -80.9032 -93.4743 3
    endloop
  endfacet
  facet normal -0.146733 -0.989176 -0
    outer loop
      vertex -79.35 -93.7047 3
      vertex -80.9032 -93.4743 -3
      vertex -79.35 -93.7047 -3
    endloop
  endfacet
  facet normal -0.24297 -0.970034 0
    outer loop
      vertex -82.4263 -93.0928 -3
      vertex -80.9032 -93.4743 3
      vertex -82.4263 -93.0928 3
    endloop
  endfacet
  facet normal -0.24297 -0.970034 -0
    outer loop
      vertex -80.9032 -93.4743 3
      vertex -82.4263 -93.0928 -3
      vertex -80.9032 -93.4743 -3
    endloop
  endfacet
  facet normal -0.989176 0.146733 0
    outer loop
      vertex -93.7047 -76.2135 -3
      vertex -93.4743 -74.6603 3
      vertex -93.4743 -74.6603 -3
    endloop
  endfacet
  facet normal -0.989176 0.146733 0
    outer loop
      vertex -93.4743 -74.6603 3
      vertex -93.7047 -76.2135 -3
      vertex -93.7047 -76.2135 3
    endloop
  endfacet
  facet normal -0.427541 -0.903996 0
    outer loop
      vertex -85.3241 -91.8925 -3
      vertex -83.9047 -92.5638 3
      vertex -85.3241 -91.8925 3
    endloop
  endfacet
  facet normal -0.427541 -0.903996 -0
    outer loop
      vertex -83.9047 -92.5638 3
      vertex -85.3241 -91.8925 -3
      vertex -83.9047 -92.5638 -3
    endloop
  endfacet
  facet normal -0.514084 -0.85774 0
    outer loop
      vertex -86.6709 -91.0853 -3
      vertex -85.3241 -91.8925 3
      vertex -86.6709 -91.0853 3
    endloop
  endfacet
  facet normal -0.514084 -0.85774 -0
    outer loop
      vertex -85.3241 -91.8925 3
      vertex -86.6709 -91.0853 -3
      vertex -85.3241 -91.8925 -3
    endloop
  endfacet
  facet normal -0.740994 -0.671512 0
    outer loop
      vertex -89.0955 -89.0955 -3
      vertex -90.1499 -87.932 3
      vertex -90.1499 -87.932 -3
    endloop
  endfacet
  facet normal -0.740994 -0.671512 0
    outer loop
      vertex -90.1499 -87.932 3
      vertex -89.0955 -89.0955 -3
      vertex -89.0955 -89.0955 3
    endloop
  endfacet
  facet normal 0.336901 -0.94154 0
    outer loop
      vertex -73.1372 -93.0928 -3
      vertex -71.6588 -92.5638 3
      vertex -73.1372 -93.0928 3
    endloop
  endfacet
  facet normal 0.336901 -0.94154 0
    outer loop
      vertex -71.6588 -92.5638 3
      vertex -73.1372 -93.0928 -3
      vertex -71.6588 -92.5638 -3
    endloop
  endfacet
  facet normal 0.146733 -0.989176 0
    outer loop
      vertex -76.2135 -93.7047 -3
      vertex -74.6603 -93.4743 3
      vertex -76.2135 -93.7047 3
    endloop
  endfacet
  facet normal 0.146733 -0.989176 0
    outer loop
      vertex -74.6603 -93.4743 3
      vertex -76.2135 -93.7047 -3
      vertex -74.6603 -93.4743 -3
    endloop
  endfacet
  facet normal 0.0490418 -0.998797 0
    outer loop
      vertex -77.7817 -93.7817 -3
      vertex -76.2135 -93.7047 3
      vertex -77.7817 -93.7817 3
    endloop
  endfacet
  facet normal 0.0490418 -0.998797 0
    outer loop
      vertex -76.2135 -93.7047 3
      vertex -77.7817 -93.7817 -3
      vertex -76.2135 -93.7047 -3
    endloop
  endfacet
  facet normal -0.85774 -0.514084 0
    outer loop
      vertex -91.0853 -86.6709 -3
      vertex -91.8925 -85.3241 3
      vertex -91.8925 -85.3241 -3
    endloop
  endfacet
  facet normal -0.85774 -0.514084 0
    outer loop
      vertex -91.8925 -85.3241 3
      vertex -91.0853 -86.6709 -3
      vertex -91.0853 -86.6709 3
    endloop
  endfacet
  facet normal -0.903996 -0.427541 0
    outer loop
      vertex -91.8925 -85.3241 -3
      vertex -92.5638 -83.9047 3
      vertex -92.5638 -83.9047 -3
    endloop
  endfacet
  facet normal -0.903996 -0.427541 0
    outer loop
      vertex -92.5638 -83.9047 3
      vertex -91.8925 -85.3241 -3
      vertex -91.8925 -85.3241 3
    endloop
  endfacet
  facet normal 0.595742 -0.803176 0
    outer loop
      vertex -68.8926 -91.0853 -3
      vertex -67.6315 -90.1499 3
      vertex -68.8926 -91.0853 3
    endloop
  endfacet
  facet normal 0.595742 -0.803176 0
    outer loop
      vertex -67.6315 -90.1499 3
      vertex -68.8926 -91.0853 -3
      vertex -67.6315 -90.1499 -3
    endloop
  endfacet
  facet normal -0.989176 -0.146733 0
    outer loop
      vertex -93.4743 -80.9032 -3
      vertex -93.7047 -79.35 3
      vertex -93.7047 -79.35 -3
    endloop
  endfacet
  facet normal -0.989176 -0.146733 0
    outer loop
      vertex -93.7047 -79.35 3
      vertex -93.4743 -80.9032 -3
      vertex -93.4743 -80.9032 3
    endloop
  endfacet
  facet normal -0.85774 0.514084 0
    outer loop
      vertex -91.8925 -70.2394 -3
      vertex -91.0853 -68.8926 3
      vertex -91.0853 -68.8926 -3
    endloop
  endfacet
  facet normal -0.85774 0.514084 0
    outer loop
      vertex -91.0853 -68.8926 3
      vertex -91.8925 -70.2394 -3
      vertex -91.8925 -70.2394 3
    endloop
  endfacet
  facet normal -0.803176 0.595742 0
    outer loop
      vertex -91.0853 -68.8926 -3
      vertex -90.1499 -67.6315 3
      vertex -90.1499 -67.6315 -3
    endloop
  endfacet
  facet normal -0.803176 0.595742 0
    outer loop
      vertex -90.1499 -67.6315 3
      vertex -91.0853 -68.8926 -3
      vertex -91.0853 -68.8926 3
    endloop
  endfacet
  facet normal -0.903996 0.427541 0
    outer loop
      vertex -92.5638 -71.6588 -3
      vertex -91.8925 -70.2394 3
      vertex -91.8925 -70.2394 -3
    endloop
  endfacet
  facet normal -0.903996 0.427541 0
    outer loop
      vertex -91.8925 -70.2394 3
      vertex -92.5638 -71.6588 -3
      vertex -92.5638 -71.6588 3
    endloop
  endfacet
  facet normal -0.94154 0.336901 0
    outer loop
      vertex -93.0928 -73.1372 -3
      vertex -92.5638 -71.6588 3
      vertex -92.5638 -71.6588 -3
    endloop
  endfacet
  facet normal -0.94154 0.336901 0
    outer loop
      vertex -92.5638 -71.6588 3
      vertex -93.0928 -73.1372 -3
      vertex -93.0928 -73.1372 3
    endloop
  endfacet
  facet normal -0.94154 -0.336901 0
    outer loop
      vertex -92.5638 -83.9047 -3
      vertex -93.0928 -82.4263 3
      vertex -93.0928 -82.4263 -3
    endloop
  endfacet
  facet normal -0.94154 -0.336901 0
    outer loop
      vertex -93.0928 -82.4263 3
      vertex -92.5638 -83.9047 -3
      vertex -92.5638 -83.9047 3
    endloop
  endfacet
  facet normal -0.970034 -0.24297 0
    outer loop
      vertex -93.0928 -82.4263 -3
      vertex -93.4743 -80.9032 3
      vertex -93.4743 -80.9032 -3
    endloop
  endfacet
  facet normal -0.970034 -0.24297 0
    outer loop
      vertex -93.4743 -80.9032 3
      vertex -93.0928 -82.4263 -3
      vertex -93.0928 -82.4263 3
    endloop
  endfacet
  facet normal -0.998797 -0.0490387 0
    outer loop
      vertex -93.7047 -79.35 -3
      vertex -93.7817 -77.7817 3
      vertex -93.7817 -77.7817 -3
    endloop
  endfacet
  facet normal -0.998797 -0.0490387 0
    outer loop
      vertex -93.7817 -77.7817 3
      vertex -93.7047 -79.35 -3
      vertex -93.7047 -79.35 3
    endloop
  endfacet
  facet normal -0.998797 0.0490418 0
    outer loop
      vertex -93.7817 -77.7817 -3
      vertex -93.7047 -76.2135 3
      vertex -93.7047 -76.2135 -3
    endloop
  endfacet
  facet normal -0.998797 0.0490418 0
    outer loop
      vertex -93.7047 -76.2135 3
      vertex -93.7817 -77.7817 -3
      vertex -93.7817 -77.7817 3
    endloop
  endfacet
  facet normal -0.970034 0.24297 0
    outer loop
      vertex -93.4743 -74.6603 -3
      vertex -93.0928 -73.1372 3
      vertex -93.0928 -73.1372 -3
    endloop
  endfacet
  facet normal -0.970034 0.24297 0
    outer loop
      vertex -93.0928 -73.1372 3
      vertex -93.4743 -74.6603 -3
      vertex -93.4743 -74.6603 3
    endloop
  endfacet
  facet normal 0.707107 0.707107 0
    outer loop
      vertex -46.7221 -54.3942 3
      vertex -54.3942 -46.7221 -3
      vertex -54.3942 -46.7221 3
    endloop
  endfacet
  facet normal 0.707107 0.707107 0
    outer loop
      vertex -54.3942 -46.7221 -3
      vertex -46.7221 -54.3942 3
      vertex -46.7221 -54.3942 -3
    endloop
  endfacet
  facet normal -0.707107 0.707107 0
    outer loop
      vertex -46.7221 -54.3942 -3
      vertex -18.5502 -26.2223 3
      vertex -18.5502 -26.2223 -3
    endloop
  endfacet
  facet normal -0.707107 0.707107 0
    outer loop
      vertex -18.5502 -26.2223 3
      vertex -46.7221 -54.3942 -3
      vertex -46.7221 -54.3942 3
    endloop
  endfacet
  facet normal 0.707107 -0.707107 0
    outer loop
      vertex -54.3942 -46.7221 3
      vertex -26.2223 -18.5502 -3
      vertex -26.2223 -18.5502 3
    endloop
  endfacet
  facet normal 0.707107 -0.707107 0
    outer loop
      vertex -26.2223 -18.5502 -3
      vertex -54.3942 -46.7221 3
      vertex -54.3942 -46.7221 -3
    endloop
  endfacet
  facet normal 0.242536 0.970143 -0
    outer loop
      vertex -78.0744 -67.9392 -3
      vertex -78.2172 -67.9035 3
      vertex -78.0744 -67.9392 3
    endloop
  endfacet
  facet normal 0.242536 0.970143 0
    outer loop
      vertex -78.2172 -67.9035 3
      vertex -78.0744 -67.9392 -3
      vertex -78.2172 -67.9035 -3
    endloop
  endfacet
  facet normal -0.428086 0.903738 0
    outer loop
      vertex -77.0747 -67.7909 -3
      vertex -77.2077 -67.8539 3
      vertex -77.0747 -67.7909 3
    endloop
  endfacet
  facet normal -0.428086 0.903738 0
    outer loop
      vertex -77.2077 -67.8539 3
      vertex -77.0747 -67.7909 -3
      vertex -77.2077 -67.8539 -3
    endloop
  endfacet
  facet normal -0.941527 0.336939 0
    outer loop
      vertex -76.3959 -67.0421 -3
      vertex -76.3463 -66.9035 3
      vertex -76.3463 -66.9035 -3
    endloop
  endfacet
  facet normal -0.941527 0.336939 0
    outer loop
      vertex -76.3463 -66.9035 3
      vertex -76.3959 -67.0421 -3
      vertex -76.3959 -67.0421 3
    endloop
  endfacet
  facet normal -0.903862 -0.427824 0
    outer loop
      vertex -76.3959 -65.894 -3
      vertex -76.4589 -65.7609 3
      vertex -76.4589 -65.7609 -3
    endloop
  endfacet
  facet normal -0.903862 -0.427824 0
    outer loop
      vertex -76.4589 -65.7609 3
      vertex -76.3959 -65.894 -3
      vertex -76.3959 -65.894 3
    endloop
  endfacet
  facet normal 0.740892 0.671624 0
    outer loop
      vertex -78.8424 -67.5287 3
      vertex -78.9413 -67.4196 -3
      vertex -78.9413 -67.4196 3
    endloop
  endfacet
  facet normal 0.740892 0.671624 0
    outer loop
      vertex -78.9413 -67.4196 -3
      vertex -78.8424 -67.5287 3
      vertex -78.8424 -67.5287 -3
    endloop
  endfacet
  facet normal -0.671624 0.740892 0
    outer loop
      vertex -76.7211 -67.5287 -3
      vertex -76.8302 -67.6276 3
      vertex -76.7211 -67.5287 3
    endloop
  endfacet
  facet normal -0.671624 0.740892 0
    outer loop
      vertex -76.8302 -67.6276 3
      vertex -76.7211 -67.5287 -3
      vertex -76.8302 -67.6276 -3
    endloop
  endfacet
  facet normal -0.242536 0.970143 0
    outer loop
      vertex -77.3463 -67.9035 -3
      vertex -77.4891 -67.9392 3
      vertex -77.3463 -67.9035 3
    endloop
  endfacet
  facet normal -0.242536 0.970143 0
    outer loop
      vertex -77.4891 -67.9392 3
      vertex -77.3463 -67.9035 -3
      vertex -77.4891 -67.9392 -3
    endloop
  endfacet
  facet normal -0.740585 -0.671962 0
    outer loop
      vertex -76.6222 -65.5164 -3
      vertex -76.7211 -65.4074 3
      vertex -76.7211 -65.4074 -3
    endloop
  endfacet
  facet normal -0.740585 -0.671962 0
    outer loop
      vertex -76.7211 -65.4074 3
      vertex -76.6222 -65.5164 -3
      vertex -76.6222 -65.5164 3
    endloop
  endfacet
  facet normal -0.989174 -0.146746 0
    outer loop
      vertex -76.289 -66.321 -3
      vertex -76.3106 -66.1754 3
      vertex -76.3106 -66.1754 -3
    endloop
  endfacet
  facet normal -0.989174 -0.146746 0
    outer loop
      vertex -76.3106 -66.1754 3
      vertex -76.289 -66.321 -3
      vertex -76.289 -66.321 3
    endloop
  endfacet
  facet normal -0.858032 0.513596 0
    outer loop
      vertex -76.5345 -67.3014 -3
      vertex -76.4589 -67.1751 3
      vertex -76.4589 -67.1751 -3
    endloop
  endfacet
  facet normal -0.858032 0.513596 0
    outer loop
      vertex -76.4589 -67.1751 3
      vertex -76.5345 -67.3014 -3
      vertex -76.5345 -67.3014 3
    endloop
  endfacet
  facet normal 0.146746 -0.989174 0
    outer loop
      vertex -78.0744 -64.9969 -3
      vertex -77.9288 -64.9753 3
      vertex -78.0744 -64.9969 3
    endloop
  endfacet
  facet normal 0.146746 -0.989174 0
    outer loop
      vertex -77.9288 -64.9753 3
      vertex -78.0744 -64.9969 -3
      vertex -77.9288 -64.9753 -3
    endloop
  endfacet
  facet normal -0.242536 -0.970143 0
    outer loop
      vertex -77.4891 -64.9969 -3
      vertex -77.3463 -65.0326 3
      vertex -77.4891 -64.9969 3
    endloop
  endfacet
  facet normal -0.242536 -0.970143 -0
    outer loop
      vertex -77.3463 -65.0326 3
      vertex -77.4891 -64.9969 -3
      vertex -77.3463 -65.0326 -3
    endloop
  endfacet
  facet normal 0.595423 0.803413 -0
    outer loop
      vertex -78.6151 -67.7152 -3
      vertex -78.7333 -67.6276 3
      vertex -78.6151 -67.7152 3
    endloop
  endfacet
  facet normal 0.595423 0.803413 0
    outer loop
      vertex -78.7333 -67.6276 3
      vertex -78.6151 -67.7152 -3
      vertex -78.7333 -67.6276 -3
    endloop
  endfacet
  facet normal 0.146746 0.989174 -0
    outer loop
      vertex -77.9288 -67.9608 -3
      vertex -78.0744 -67.9392 3
      vertex -77.9288 -67.9608 3
    endloop
  endfacet
  facet normal 0.146746 0.989174 0
    outer loop
      vertex -78.0744 -67.9392 3
      vertex -77.9288 -67.9608 -3
      vertex -78.0744 -67.9392 -3
    endloop
  endfacet
  facet normal -0.0489209 0.998803 0
    outer loop
      vertex -77.6347 -67.9608 -3
      vertex -77.7817 -67.968 3
      vertex -77.6347 -67.9608 3
    endloop
  endfacet
  facet normal -0.0489209 0.998803 0
    outer loop
      vertex -77.7817 -67.968 3
      vertex -77.6347 -67.9608 -3
      vertex -77.7817 -67.968 -3
    endloop
  endfacet
  facet normal -0.740892 0.671624 0
    outer loop
      vertex -76.7211 -67.5287 -3
      vertex -76.6222 -67.4196 3
      vertex -76.6222 -67.4196 -3
    endloop
  endfacet
  facet normal -0.740892 0.671624 0
    outer loop
      vertex -76.6222 -67.4196 3
      vertex -76.7211 -67.5287 -3
      vertex -76.7211 -67.5287 3
    endloop
  endfacet
  facet normal -0.514096 0.857733 0
    outer loop
      vertex -76.9484 -67.7152 -3
      vertex -77.0747 -67.7909 3
      vertex -76.9484 -67.7152 3
    endloop
  endfacet
  facet normal -0.514096 0.857733 0
    outer loop
      vertex -77.0747 -67.7909 3
      vertex -76.9484 -67.7152 -3
      vertex -77.0747 -67.7909 -3
    endloop
  endfacet
  facet normal -0.595423 0.803413 0
    outer loop
      vertex -76.8302 -67.6276 -3
      vertex -76.9484 -67.7152 3
      vertex -76.8302 -67.6276 3
    endloop
  endfacet
  facet normal -0.595423 0.803413 0
    outer loop
      vertex -76.9484 -67.7152 3
      vertex -76.8302 -67.6276 -3
      vertex -76.9484 -67.7152 -3
    endloop
  endfacet
  facet normal -0.336939 0.941527 0
    outer loop
      vertex -77.2077 -67.8539 -3
      vertex -77.3463 -67.9035 3
      vertex -77.2077 -67.8539 3
    endloop
  endfacet
  facet normal -0.336939 0.941527 0
    outer loop
      vertex -77.3463 -67.9035 3
      vertex -77.2077 -67.8539 -3
      vertex -77.3463 -67.9035 -3
    endloop
  endfacet
  facet normal -0.146746 0.989174 0
    outer loop
      vertex -77.4891 -67.9392 -3
      vertex -77.6347 -67.9608 3
      vertex -77.4891 -67.9392 3
    endloop
  endfacet
  facet normal -0.146746 0.989174 0
    outer loop
      vertex -77.6347 -67.9608 3
      vertex -77.4891 -67.9392 -3
      vertex -77.6347 -67.9608 -3
    endloop
  endfacet
  facet normal -0.857853 -0.513896 0
    outer loop
      vertex -76.4589 -65.7609 -3
      vertex -76.5345 -65.6347 3
      vertex -76.5345 -65.6347 -3
    endloop
  endfacet
  facet normal -0.857853 -0.513896 0
    outer loop
      vertex -76.5345 -65.6347 3
      vertex -76.4589 -65.7609 -3
      vertex -76.4589 -65.7609 3
    endloop
  endfacet
  facet normal -0.803329 -0.595536 0
    outer loop
      vertex -76.5345 -65.6347 -3
      vertex -76.6222 -65.5164 3
      vertex -76.6222 -65.5164 -3
    endloop
  endfacet
  facet normal -0.803329 -0.595536 0
    outer loop
      vertex -76.6222 -65.5164 3
      vertex -76.5345 -65.6347 -3
      vertex -76.5345 -65.6347 3
    endloop
  endfacet
  facet normal -0.941527 -0.336939 0
    outer loop
      vertex -76.3463 -66.0326 -3
      vertex -76.3959 -65.894 3
      vertex -76.3959 -65.894 -3
    endloop
  endfacet
  facet normal -0.941527 -0.336939 0
    outer loop
      vertex -76.3959 -65.894 3
      vertex -76.3463 -66.0326 -3
      vertex -76.3463 -66.0326 3
    endloop
  endfacet
  facet normal -0.970143 -0.242536 0
    outer loop
      vertex -76.3106 -66.1754 -3
      vertex -76.3463 -66.0326 3
      vertex -76.3463 -66.0326 -3
    endloop
  endfacet
  facet normal -0.970143 -0.242536 0
    outer loop
      vertex -76.3463 -66.0326 3
      vertex -76.3106 -66.1754 -3
      vertex -76.3106 -66.1754 3
    endloop
  endfacet
  facet normal -0.903738 0.428086 0
    outer loop
      vertex -76.4589 -67.1751 -3
      vertex -76.3959 -67.0421 3
      vertex -76.3959 -67.0421 -3
    endloop
  endfacet
  facet normal -0.903738 0.428086 0
    outer loop
      vertex -76.3959 -67.0421 3
      vertex -76.4589 -67.1751 -3
      vertex -76.4589 -67.1751 3
    endloop
  endfacet
  facet normal -0.803088 0.595861 0
    outer loop
      vertex -76.6222 -67.4196 -3
      vertex -76.5345 -67.3014 3
      vertex -76.5345 -67.3014 -3
    endloop
  endfacet
  facet normal -0.803088 0.595861 0
    outer loop
      vertex -76.5345 -67.3014 3
      vertex -76.6222 -67.4196 -3
      vertex -76.6222 -67.4196 3
    endloop
  endfacet
  facet normal -0.989174 0.146746 0
    outer loop
      vertex -76.3106 -66.7607 -3
      vertex -76.289 -66.6151 3
      vertex -76.289 -66.6151 -3
    endloop
  endfacet
  facet normal -0.989174 0.146746 0
    outer loop
      vertex -76.289 -66.6151 3
      vertex -76.3106 -66.7607 -3
      vertex -76.3106 -66.7607 3
    endloop
  endfacet
  facet normal -0.998771 0.0495651 0
    outer loop
      vertex -76.289 -66.6151 -3
      vertex -76.2817 -66.468 3
      vertex -76.2817 -66.468 -3
    endloop
  endfacet
  facet normal -0.998771 0.0495651 0
    outer loop
      vertex -76.2817 -66.468 3
      vertex -76.289 -66.6151 -3
      vertex -76.289 -66.6151 3
    endloop
  endfacet
  facet normal -0.970143 0.242536 0
    outer loop
      vertex -76.3463 -66.9035 -3
      vertex -76.3106 -66.7607 3
      vertex -76.3106 -66.7607 -3
    endloop
  endfacet
  facet normal -0.970143 0.242536 0
    outer loop
      vertex -76.3106 -66.7607 3
      vertex -76.3463 -66.9035 -3
      vertex -76.3463 -66.9035 3
    endloop
  endfacet
  facet normal -0.998769 -0.0495987 0
    outer loop
      vertex -76.2817 -66.468 -3
      vertex -76.289 -66.321 3
      vertex -76.289 -66.321 -3
    endloop
  endfacet
  facet normal -0.998769 -0.0495987 0
    outer loop
      vertex -76.289 -66.321 3
      vertex -76.2817 -66.468 -3
      vertex -76.2817 -66.468 3
    endloop
  endfacet
  facet normal 0.671624 0.740892 -0
    outer loop
      vertex -78.7333 -67.6276 -3
      vertex -78.8424 -67.5287 3
      vertex -78.7333 -67.6276 3
    endloop
  endfacet
  facet normal 0.671624 0.740892 0
    outer loop
      vertex -78.8424 -67.5287 3
      vertex -78.7333 -67.6276 -3
      vertex -78.8424 -67.5287 -3
    endloop
  endfacet
  facet normal 0.857733 0.514096 0
    outer loop
      vertex -79.0289 -67.3014 3
      vertex -79.1046 -67.1751 -3
      vertex -79.1046 -67.1751 3
    endloop
  endfacet
  facet normal 0.857733 0.514096 0
    outer loop
      vertex -79.1046 -67.1751 -3
      vertex -79.0289 -67.3014 3
      vertex -79.0289 -67.3014 -3
    endloop
  endfacet
  facet normal 0.740585 -0.671962 0
    outer loop
      vertex -78.9413 -65.5164 3
      vertex -78.8424 -65.4074 -3
      vertex -78.8424 -65.4074 3
    endloop
  endfacet
  facet normal 0.740585 -0.671962 0
    outer loop
      vertex -78.8424 -65.4074 -3
      vertex -78.9413 -65.5164 3
      vertex -78.9413 -65.5164 -3
    endloop
  endfacet
  facet normal -0.428086 -0.903738 0
    outer loop
      vertex -77.2077 -65.0822 -3
      vertex -77.0747 -65.1452 3
      vertex -77.2077 -65.0822 3
    endloop
  endfacet
  facet normal -0.428086 -0.903738 -0
    outer loop
      vertex -77.0747 -65.1452 3
      vertex -77.2077 -65.0822 -3
      vertex -77.0747 -65.1452 -3
    endloop
  endfacet
  facet normal -0.0495987 -0.998769 0
    outer loop
      vertex -77.7817 -64.968 -3
      vertex -77.6347 -64.9753 3
      vertex -77.7817 -64.968 3
    endloop
  endfacet
  facet normal -0.0495987 -0.998769 -0
    outer loop
      vertex -77.6347 -64.9753 3
      vertex -77.7817 -64.968 -3
      vertex -77.6347 -64.9753 -3
    endloop
  endfacet
  facet normal 0.336939 0.941527 -0
    outer loop
      vertex -78.2172 -67.9035 -3
      vertex -78.3558 -67.8539 3
      vertex -78.2172 -67.9035 3
    endloop
  endfacet
  facet normal 0.336939 0.941527 0
    outer loop
      vertex -78.3558 -67.8539 3
      vertex -78.2172 -67.9035 -3
      vertex -78.3558 -67.8539 -3
    endloop
  endfacet
  facet normal 0.428086 0.903738 -0
    outer loop
      vertex -78.3558 -67.8539 -3
      vertex -78.4888 -67.7909 3
      vertex -78.3558 -67.8539 3
    endloop
  endfacet
  facet normal 0.428086 0.903738 0
    outer loop
      vertex -78.4888 -67.7909 3
      vertex -78.3558 -67.8539 -3
      vertex -78.4888 -67.7909 -3
    endloop
  endfacet
  facet normal 0.514096 0.857733 -0
    outer loop
      vertex -78.4888 -67.7909 -3
      vertex -78.6151 -67.7152 3
      vertex -78.4888 -67.7909 3
    endloop
  endfacet
  facet normal 0.514096 0.857733 0
    outer loop
      vertex -78.6151 -67.7152 3
      vertex -78.4888 -67.7909 -3
      vertex -78.6151 -67.7152 -3
    endloop
  endfacet
  facet normal 0.0488878 0.998804 -0
    outer loop
      vertex -77.7817 -67.968 -3
      vertex -77.9288 -67.9608 3
      vertex -77.7817 -67.968 3
    endloop
  endfacet
  facet normal 0.0488878 0.998804 0
    outer loop
      vertex -77.9288 -67.9608 3
      vertex -77.7817 -67.968 -3
      vertex -77.9288 -67.9608 -3
    endloop
  endfacet
  facet normal -0.671624 -0.740892 0
    outer loop
      vertex -76.8302 -65.3085 -3
      vertex -76.7211 -65.4074 3
      vertex -76.8302 -65.3085 3
    endloop
  endfacet
  facet normal -0.671624 -0.740892 -0
    outer loop
      vertex -76.7211 -65.4074 3
      vertex -76.8302 -65.3085 -3
      vertex -76.7211 -65.4074 -3
    endloop
  endfacet
  facet normal 0.998804 0.0488878 0
    outer loop
      vertex -79.2745 -66.6151 3
      vertex -79.2817 -66.468 -3
      vertex -79.2817 -66.468 3
    endloop
  endfacet
  facet normal 0.998804 0.0488878 0
    outer loop
      vertex -79.2817 -66.468 -3
      vertex -79.2745 -66.6151 3
      vertex -79.2745 -66.6151 -3
    endloop
  endfacet
  facet normal 0.989174 0.146746 0
    outer loop
      vertex -79.2529 -66.7607 3
      vertex -79.2745 -66.6151 -3
      vertex -79.2745 -66.6151 3
    endloop
  endfacet
  facet normal 0.989174 0.146746 0
    outer loop
      vertex -79.2745 -66.6151 -3
      vertex -79.2529 -66.7607 3
      vertex -79.2529 -66.7607 -3
    endloop
  endfacet
  facet normal 0.941527 0.336939 0
    outer loop
      vertex -79.1676 -67.0421 3
      vertex -79.2172 -66.9035 -3
      vertex -79.2172 -66.9035 3
    endloop
  endfacet
  facet normal 0.941527 0.336939 0
    outer loop
      vertex -79.2172 -66.9035 -3
      vertex -79.1676 -67.0421 3
      vertex -79.1676 -67.0421 -3
    endloop
  endfacet
  facet normal 0.970143 0.242536 0
    outer loop
      vertex -79.2172 -66.9035 3
      vertex -79.2529 -66.7607 -3
      vertex -79.2529 -66.7607 3
    endloop
  endfacet
  facet normal 0.970143 0.242536 0
    outer loop
      vertex -79.2529 -66.7607 -3
      vertex -79.2172 -66.9035 3
      vertex -79.2172 -66.9035 -3
    endloop
  endfacet
  facet normal 0.513596 -0.858032 0
    outer loop
      vertex -78.6151 -65.2208 -3
      vertex -78.4888 -65.1452 3
      vertex -78.6151 -65.2208 3
    endloop
  endfacet
  facet normal 0.513596 -0.858032 0
    outer loop
      vertex -78.4888 -65.1452 3
      vertex -78.6151 -65.2208 -3
      vertex -78.4888 -65.1452 -3
    endloop
  endfacet
  facet normal 0.0495651 -0.998771 0
    outer loop
      vertex -77.9288 -64.9753 -3
      vertex -77.7817 -64.968 3
      vertex -77.9288 -64.9753 3
    endloop
  endfacet
  facet normal 0.0495651 -0.998771 0
    outer loop
      vertex -77.7817 -64.968 3
      vertex -77.9288 -64.9753 -3
      vertex -77.7817 -64.968 -3
    endloop
  endfacet
  facet normal 0.941527 -0.336939 0
    outer loop
      vertex -79.2172 -66.0326 3
      vertex -79.1676 -65.894 -3
      vertex -79.1676 -65.894 3
    endloop
  endfacet
  facet normal 0.941527 -0.336939 0
    outer loop
      vertex -79.1676 -65.894 -3
      vertex -79.2172 -66.0326 3
      vertex -79.2172 -66.0326 -3
    endloop
  endfacet
  facet normal 0.903862 -0.427824 0
    outer loop
      vertex -79.1676 -65.894 3
      vertex -79.1046 -65.7609 -3
      vertex -79.1046 -65.7609 3
    endloop
  endfacet
  facet normal 0.903862 -0.427824 0
    outer loop
      vertex -79.1046 -65.7609 -3
      vertex -79.1676 -65.894 3
      vertex -79.1676 -65.894 -3
    endloop
  endfacet
  facet normal 0.803413 0.595423 0
    outer loop
      vertex -78.9413 -67.4196 3
      vertex -79.0289 -67.3014 -3
      vertex -79.0289 -67.3014 3
    endloop
  endfacet
  facet normal 0.803413 0.595423 0
    outer loop
      vertex -79.0289 -67.3014 -3
      vertex -78.9413 -67.4196 3
      vertex -78.9413 -67.4196 -3
    endloop
  endfacet
  facet normal 0.998803 -0.0489209 0
    outer loop
      vertex -79.2817 -66.468 3
      vertex -79.2745 -66.321 -3
      vertex -79.2745 -66.321 3
    endloop
  endfacet
  facet normal 0.998803 -0.0489209 0
    outer loop
      vertex -79.2745 -66.321 -3
      vertex -79.2817 -66.468 3
      vertex -79.2817 -66.468 -3
    endloop
  endfacet
  facet normal 0.903738 0.428086 0
    outer loop
      vertex -79.1046 -67.1751 3
      vertex -79.1676 -67.0421 -3
      vertex -79.1676 -67.0421 3
    endloop
  endfacet
  facet normal 0.903738 0.428086 0
    outer loop
      vertex -79.1676 -67.0421 -3
      vertex -79.1046 -67.1751 3
      vertex -79.1046 -67.1751 -3
    endloop
  endfacet
  facet normal 0.671624 -0.740892 0
    outer loop
      vertex -78.8424 -65.4074 -3
      vertex -78.7333 -65.3085 3
      vertex -78.8424 -65.4074 3
    endloop
  endfacet
  facet normal 0.671624 -0.740892 0
    outer loop
      vertex -78.7333 -65.3085 3
      vertex -78.8424 -65.4074 -3
      vertex -78.7333 -65.3085 -3
    endloop
  endfacet
  facet normal 0.428086 -0.903738 0
    outer loop
      vertex -78.4888 -65.1452 -3
      vertex -78.3558 -65.0822 3
      vertex -78.4888 -65.1452 3
    endloop
  endfacet
  facet normal 0.428086 -0.903738 0
    outer loop
      vertex -78.3558 -65.0822 3
      vertex -78.4888 -65.1452 -3
      vertex -78.3558 -65.0822 -3
    endloop
  endfacet
  facet normal 0.336939 -0.941527 0
    outer loop
      vertex -78.3558 -65.0822 -3
      vertex -78.2172 -65.0326 3
      vertex -78.3558 -65.0822 3
    endloop
  endfacet
  facet normal 0.336939 -0.941527 0
    outer loop
      vertex -78.2172 -65.0326 3
      vertex -78.3558 -65.0822 -3
      vertex -78.2172 -65.0326 -3
    endloop
  endfacet
  facet normal 0.595861 -0.803088 0
    outer loop
      vertex -78.7333 -65.3085 -3
      vertex -78.6151 -65.2208 3
      vertex -78.7333 -65.3085 3
    endloop
  endfacet
  facet normal 0.595861 -0.803088 0
    outer loop
      vertex -78.6151 -65.2208 3
      vertex -78.7333 -65.3085 -3
      vertex -78.6151 -65.2208 -3
    endloop
  endfacet
  facet normal -0.336939 -0.941527 0
    outer loop
      vertex -77.3463 -65.0326 -3
      vertex -77.2077 -65.0822 3
      vertex -77.3463 -65.0326 3
    endloop
  endfacet
  facet normal -0.336939 -0.941527 -0
    outer loop
      vertex -77.2077 -65.0822 3
      vertex -77.3463 -65.0326 -3
      vertex -77.2077 -65.0822 -3
    endloop
  endfacet
  facet normal -0.513596 -0.858032 0
    outer loop
      vertex -77.0747 -65.1452 -3
      vertex -76.9484 -65.2208 3
      vertex -77.0747 -65.1452 3
    endloop
  endfacet
  facet normal -0.513596 -0.858032 -0
    outer loop
      vertex -76.9484 -65.2208 3
      vertex -77.0747 -65.1452 -3
      vertex -76.9484 -65.2208 -3
    endloop
  endfacet
  facet normal -0.595861 -0.803088 0
    outer loop
      vertex -76.9484 -65.2208 -3
      vertex -76.8302 -65.3085 3
      vertex -76.9484 -65.2208 3
    endloop
  endfacet
  facet normal -0.595861 -0.803088 -0
    outer loop
      vertex -76.8302 -65.3085 3
      vertex -76.9484 -65.2208 -3
      vertex -76.8302 -65.3085 -3
    endloop
  endfacet
  facet normal -0.146746 -0.989174 0
    outer loop
      vertex -77.6347 -64.9753 -3
      vertex -77.4891 -64.9969 3
      vertex -77.6347 -64.9753 3
    endloop
  endfacet
  facet normal -0.146746 -0.989174 -0
    outer loop
      vertex -77.4891 -64.9969 3
      vertex -77.6347 -64.9753 -3
      vertex -77.4891 -64.9969 -3
    endloop
  endfacet
  facet normal 0.857553 -0.514396 0
    outer loop
      vertex -79.1046 -65.7609 3
      vertex -79.0289 -65.6347 -3
      vertex -79.0289 -65.6347 3
    endloop
  endfacet
  facet normal 0.857553 -0.514396 0
    outer loop
      vertex -79.0289 -65.6347 -3
      vertex -79.1046 -65.7609 3
      vertex -79.1046 -65.7609 -3
    endloop
  endfacet
  facet normal 0.803653 -0.595098 0
    outer loop
      vertex -79.0289 -65.6347 3
      vertex -78.9413 -65.5164 -3
      vertex -78.9413 -65.5164 3
    endloop
  endfacet
  facet normal 0.803653 -0.595098 0
    outer loop
      vertex -78.9413 -65.5164 -3
      vertex -79.0289 -65.6347 3
      vertex -79.0289 -65.6347 -3
    endloop
  endfacet
  facet normal 0.989174 -0.146746 0
    outer loop
      vertex -79.2745 -66.321 3
      vertex -79.2529 -66.1754 -3
      vertex -79.2529 -66.1754 3
    endloop
  endfacet
  facet normal 0.989174 -0.146746 0
    outer loop
      vertex -79.2529 -66.1754 -3
      vertex -79.2745 -66.321 3
      vertex -79.2745 -66.321 -3
    endloop
  endfacet
  facet normal 0.970143 -0.242536 0
    outer loop
      vertex -79.2529 -66.1754 3
      vertex -79.2172 -66.0326 -3
      vertex -79.2172 -66.0326 3
    endloop
  endfacet
  facet normal 0.970143 -0.242536 0
    outer loop
      vertex -79.2172 -66.0326 -3
      vertex -79.2529 -66.1754 3
      vertex -79.2529 -66.1754 -3
    endloop
  endfacet
  facet normal 0.242536 -0.970143 0
    outer loop
      vertex -78.2172 -65.0326 -3
      vertex -78.0744 -64.9969 3
      vertex -78.2172 -65.0326 3
    endloop
  endfacet
  facet normal 0.242536 -0.970143 0
    outer loop
      vertex -78.0744 -64.9969 3
      vertex -78.2172 -65.0326 -3
      vertex -78.0744 -64.9969 -3
    endloop
  endfacet
  facet normal 0.242536 0.970143 -0
    outer loop
      vertex -89.3881 -79.2529 -3
      vertex -89.5309 -79.2172 3
      vertex -89.3881 -79.2529 3
    endloop
  endfacet
  facet normal 0.242536 0.970143 0
    outer loop
      vertex -89.5309 -79.2172 3
      vertex -89.3881 -79.2529 -3
      vertex -89.5309 -79.2172 -3
    endloop
  endfacet
  facet normal -0.428086 0.903738 0
    outer loop
      vertex -88.3884 -79.1046 -3
      vertex -88.5214 -79.1676 3
      vertex -88.3884 -79.1046 3
    endloop
  endfacet
  facet normal -0.428086 0.903738 0
    outer loop
      vertex -88.5214 -79.1676 3
      vertex -88.3884 -79.1046 -3
      vertex -88.5214 -79.1676 -3
    endloop
  endfacet
  facet normal -0.941527 0.336939 0
    outer loop
      vertex -87.7096 -78.3558 -3
      vertex -87.66 -78.2172 3
      vertex -87.66 -78.2172 -3
    endloop
  endfacet
  facet normal -0.941527 0.336939 0
    outer loop
      vertex -87.66 -78.2172 3
      vertex -87.7096 -78.3558 -3
      vertex -87.7096 -78.3558 3
    endloop
  endfacet
  facet normal -0.903738 -0.428086 0
    outer loop
      vertex -87.7096 -77.2077 -3
      vertex -87.7726 -77.0747 3
      vertex -87.7726 -77.0747 -3
    endloop
  endfacet
  facet normal -0.903738 -0.428086 0
    outer loop
      vertex -87.7726 -77.0747 3
      vertex -87.7096 -77.2077 -3
      vertex -87.7096 -77.2077 3
    endloop
  endfacet
  facet normal 0.740892 0.671624 0
    outer loop
      vertex -90.1561 -78.8424 3
      vertex -90.255 -78.7333 -3
      vertex -90.255 -78.7333 3
    endloop
  endfacet
  facet normal 0.740892 0.671624 0
    outer loop
      vertex -90.255 -78.7333 -3
      vertex -90.1561 -78.8424 3
      vertex -90.1561 -78.8424 -3
    endloop
  endfacet
  facet normal -0.671624 0.740892 0
    outer loop
      vertex -88.0348 -78.8424 -3
      vertex -88.1439 -78.9413 3
      vertex -88.0348 -78.8424 3
    endloop
  endfacet
  facet normal -0.671624 0.740892 0
    outer loop
      vertex -88.1439 -78.9413 3
      vertex -88.0348 -78.8424 -3
      vertex -88.1439 -78.9413 -3
    endloop
  endfacet
  facet normal -0.242536 0.970143 0
    outer loop
      vertex -88.66 -79.2172 -3
      vertex -88.8028 -79.2529 3
      vertex -88.66 -79.2172 3
    endloop
  endfacet
  facet normal -0.242536 0.970143 0
    outer loop
      vertex -88.8028 -79.2529 3
      vertex -88.66 -79.2172 -3
      vertex -88.8028 -79.2529 -3
    endloop
  endfacet
  facet normal -0.740892 -0.671624 0
    outer loop
      vertex -87.9359 -76.8302 -3
      vertex -88.0348 -76.7211 3
      vertex -88.0348 -76.7211 -3
    endloop
  endfacet
  facet normal -0.740892 -0.671624 0
    outer loop
      vertex -88.0348 -76.7211 3
      vertex -87.9359 -76.8302 -3
      vertex -87.9359 -76.8302 3
    endloop
  endfacet
  facet normal -0.989174 -0.146746 0
    outer loop
      vertex -87.6027 -77.6347 -3
      vertex -87.6243 -77.4891 3
      vertex -87.6243 -77.4891 -3
    endloop
  endfacet
  facet normal -0.989174 -0.146746 0
    outer loop
      vertex -87.6243 -77.4891 3
      vertex -87.6027 -77.6347 -3
      vertex -87.6027 -77.6347 3
    endloop
  endfacet
  facet normal -0.857733 0.514096 0
    outer loop
      vertex -87.8483 -78.6151 -3
      vertex -87.7726 -78.4888 3
      vertex -87.7726 -78.4888 -3
    endloop
  endfacet
  facet normal -0.857733 0.514096 0
    outer loop
      vertex -87.7726 -78.4888 3
      vertex -87.8483 -78.6151 -3
      vertex -87.8483 -78.6151 3
    endloop
  endfacet
  facet normal 0.146746 -0.989174 0
    outer loop
      vertex -89.3881 -76.3106 -3
      vertex -89.2425 -76.289 3
      vertex -89.3881 -76.3106 3
    endloop
  endfacet
  facet normal 0.146746 -0.989174 0
    outer loop
      vertex -89.2425 -76.289 3
      vertex -89.3881 -76.3106 -3
      vertex -89.2425 -76.289 -3
    endloop
  endfacet
  facet normal -0.242536 -0.970143 0
    outer loop
      vertex -88.8028 -76.3106 -3
      vertex -88.66 -76.3463 3
      vertex -88.8028 -76.3106 3
    endloop
  endfacet
  facet normal -0.242536 -0.970143 -0
    outer loop
      vertex -88.66 -76.3463 3
      vertex -88.8028 -76.3106 -3
      vertex -88.66 -76.3463 -3
    endloop
  endfacet
  facet normal 0.595861 0.803088 -0
    outer loop
      vertex -89.9288 -79.029 -3
      vertex -90.047 -78.9413 3
      vertex -89.9288 -79.029 3
    endloop
  endfacet
  facet normal 0.595861 0.803088 0
    outer loop
      vertex -90.047 -78.9413 3
      vertex -89.9288 -79.029 -3
      vertex -90.047 -78.9413 -3
    endloop
  endfacet
  facet normal 0.146746 0.989174 -0
    outer loop
      vertex -89.2425 -79.2745 -3
      vertex -89.3881 -79.2529 3
      vertex -89.2425 -79.2745 3
    endloop
  endfacet
  facet normal 0.146746 0.989174 0
    outer loop
      vertex -89.3881 -79.2529 3
      vertex -89.2425 -79.2745 -3
      vertex -89.3881 -79.2529 -3
    endloop
  endfacet
  facet normal -0.0488878 0.998804 0
    outer loop
      vertex -88.9484 -79.2745 -3
      vertex -89.0955 -79.2817 3
      vertex -88.9484 -79.2745 3
    endloop
  endfacet
  facet normal -0.0488878 0.998804 0
    outer loop
      vertex -89.0955 -79.2817 3
      vertex -88.9484 -79.2745 -3
      vertex -89.0955 -79.2817 -3
    endloop
  endfacet
  facet normal -0.740892 0.671624 0
    outer loop
      vertex -88.0348 -78.8424 -3
      vertex -87.9359 -78.7333 3
      vertex -87.9359 -78.7333 -3
    endloop
  endfacet
  facet normal -0.740892 0.671624 0
    outer loop
      vertex -87.9359 -78.7333 3
      vertex -88.0348 -78.8424 -3
      vertex -88.0348 -78.8424 3
    endloop
  endfacet
  facet normal -0.513596 0.858032 0
    outer loop
      vertex -88.2621 -79.029 -3
      vertex -88.3884 -79.1046 3
      vertex -88.2621 -79.029 3
    endloop
  endfacet
  facet normal -0.513596 0.858032 0
    outer loop
      vertex -88.3884 -79.1046 3
      vertex -88.2621 -79.029 -3
      vertex -88.3884 -79.1046 -3
    endloop
  endfacet
  facet normal -0.595861 0.803088 0
    outer loop
      vertex -88.1439 -78.9413 -3
      vertex -88.2621 -79.029 3
      vertex -88.1439 -78.9413 3
    endloop
  endfacet
  facet normal -0.595861 0.803088 0
    outer loop
      vertex -88.2621 -79.029 3
      vertex -88.1439 -78.9413 -3
      vertex -88.2621 -79.029 -3
    endloop
  endfacet
  facet normal -0.336939 0.941527 0
    outer loop
      vertex -88.5214 -79.1676 -3
      vertex -88.66 -79.2172 3
      vertex -88.5214 -79.1676 3
    endloop
  endfacet
  facet normal -0.336939 0.941527 0
    outer loop
      vertex -88.66 -79.2172 3
      vertex -88.5214 -79.1676 -3
      vertex -88.66 -79.2172 -3
    endloop
  endfacet
  facet normal -0.146746 0.989174 0
    outer loop
      vertex -88.8028 -79.2529 -3
      vertex -88.9484 -79.2745 3
      vertex -88.8028 -79.2529 3
    endloop
  endfacet
  facet normal -0.146746 0.989174 0
    outer loop
      vertex -88.9484 -79.2745 3
      vertex -88.8028 -79.2529 -3
      vertex -88.9484 -79.2745 -3
    endloop
  endfacet
  facet normal -0.857733 -0.514096 0
    outer loop
      vertex -87.7726 -77.0747 -3
      vertex -87.8483 -76.9484 3
      vertex -87.8483 -76.9484 -3
    endloop
  endfacet
  facet normal -0.857733 -0.514096 0
    outer loop
      vertex -87.8483 -76.9484 3
      vertex -87.7726 -77.0747 -3
      vertex -87.7726 -77.0747 3
    endloop
  endfacet
  facet normal -0.803413 -0.595423 0
    outer loop
      vertex -87.8483 -76.9484 -3
      vertex -87.9359 -76.8302 3
      vertex -87.9359 -76.8302 -3
    endloop
  endfacet
  facet normal -0.803413 -0.595423 0
    outer loop
      vertex -87.9359 -76.8302 3
      vertex -87.8483 -76.9484 -3
      vertex -87.8483 -76.9484 3
    endloop
  endfacet
  facet normal -0.941527 -0.336939 0
    outer loop
      vertex -87.66 -77.3463 -3
      vertex -87.7096 -77.2077 3
      vertex -87.7096 -77.2077 -3
    endloop
  endfacet
  facet normal -0.941527 -0.336939 0
    outer loop
      vertex -87.7096 -77.2077 3
      vertex -87.66 -77.3463 -3
      vertex -87.66 -77.3463 3
    endloop
  endfacet
  facet normal -0.970143 -0.242536 0
    outer loop
      vertex -87.6243 -77.4891 -3
      vertex -87.66 -77.3463 3
      vertex -87.66 -77.3463 -3
    endloop
  endfacet
  facet normal -0.970143 -0.242536 0
    outer loop
      vertex -87.66 -77.3463 3
      vertex -87.6243 -77.4891 -3
      vertex -87.6243 -77.4891 3
    endloop
  endfacet
  facet normal -0.903738 0.428086 0
    outer loop
      vertex -87.7726 -78.4888 -3
      vertex -87.7096 -78.3558 3
      vertex -87.7096 -78.3558 -3
    endloop
  endfacet
  facet normal -0.903738 0.428086 0
    outer loop
      vertex -87.7096 -78.3558 3
      vertex -87.7726 -78.4888 -3
      vertex -87.7726 -78.4888 3
    endloop
  endfacet
  facet normal -0.803413 0.595423 0
    outer loop
      vertex -87.9359 -78.7333 -3
      vertex -87.8483 -78.6151 3
      vertex -87.8483 -78.6151 -3
    endloop
  endfacet
  facet normal -0.803413 0.595423 0
    outer loop
      vertex -87.8483 -78.6151 3
      vertex -87.9359 -78.7333 -3
      vertex -87.9359 -78.7333 3
    endloop
  endfacet
  facet normal -0.989174 0.146746 0
    outer loop
      vertex -87.6243 -78.0744 -3
      vertex -87.6027 -77.9288 3
      vertex -87.6027 -77.9288 -3
    endloop
  endfacet
  facet normal -0.989174 0.146746 0
    outer loop
      vertex -87.6027 -77.9288 3
      vertex -87.6243 -78.0744 -3
      vertex -87.6243 -78.0744 3
    endloop
  endfacet
  facet normal -0.998804 0.0488878 0
    outer loop
      vertex -87.6027 -77.9288 -3
      vertex -87.5955 -77.7817 3
      vertex -87.5955 -77.7817 -3
    endloop
  endfacet
  facet normal -0.998804 0.0488878 0
    outer loop
      vertex -87.5955 -77.7817 3
      vertex -87.6027 -77.9288 -3
      vertex -87.6027 -77.9288 3
    endloop
  endfacet
  facet normal -0.970143 0.242536 0
    outer loop
      vertex -87.66 -78.2172 -3
      vertex -87.6243 -78.0744 3
      vertex -87.6243 -78.0744 -3
    endloop
  endfacet
  facet normal -0.970143 0.242536 0
    outer loop
      vertex -87.6243 -78.0744 3
      vertex -87.66 -78.2172 -3
      vertex -87.66 -78.2172 3
    endloop
  endfacet
  facet normal -0.998803 -0.0489209 0
    outer loop
      vertex -87.5955 -77.7817 -3
      vertex -87.6027 -77.6347 3
      vertex -87.6027 -77.6347 -3
    endloop
  endfacet
  facet normal -0.998803 -0.0489209 0
    outer loop
      vertex -87.6027 -77.6347 3
      vertex -87.5955 -77.7817 -3
      vertex -87.5955 -77.7817 3
    endloop
  endfacet
  facet normal 0.671624 0.740892 -0
    outer loop
      vertex -90.047 -78.9413 -3
      vertex -90.1561 -78.8424 3
      vertex -90.047 -78.9413 3
    endloop
  endfacet
  facet normal 0.671624 0.740892 0
    outer loop
      vertex -90.1561 -78.8424 3
      vertex -90.047 -78.9413 -3
      vertex -90.1561 -78.8424 -3
    endloop
  endfacet
  facet normal 0.858032 0.513596 0
    outer loop
      vertex -90.3427 -78.6151 3
      vertex -90.4183 -78.4888 -3
      vertex -90.4183 -78.4888 3
    endloop
  endfacet
  facet normal 0.858032 0.513596 0
    outer loop
      vertex -90.4183 -78.4888 -3
      vertex -90.3427 -78.6151 3
      vertex -90.3427 -78.6151 -3
    endloop
  endfacet
  facet normal 0.740892 -0.671624 0
    outer loop
      vertex -90.255 -76.8302 3
      vertex -90.1561 -76.7211 -3
      vertex -90.1561 -76.7211 3
    endloop
  endfacet
  facet normal 0.740892 -0.671624 0
    outer loop
      vertex -90.1561 -76.7211 -3
      vertex -90.255 -76.8302 3
      vertex -90.255 -76.8302 -3
    endloop
  endfacet
  facet normal -0.428086 -0.903738 0
    outer loop
      vertex -88.5214 -76.3959 -3
      vertex -88.3884 -76.4589 3
      vertex -88.5214 -76.3959 3
    endloop
  endfacet
  facet normal -0.428086 -0.903738 -0
    outer loop
      vertex -88.3884 -76.4589 3
      vertex -88.5214 -76.3959 -3
      vertex -88.3884 -76.4589 -3
    endloop
  endfacet
  facet normal -0.0495651 -0.998771 0
    outer loop
      vertex -89.0955 -76.2817 -3
      vertex -88.9484 -76.289 3
      vertex -89.0955 -76.2817 3
    endloop
  endfacet
  facet normal -0.0495651 -0.998771 -0
    outer loop
      vertex -88.9484 -76.289 3
      vertex -89.0955 -76.2817 -3
      vertex -88.9484 -76.289 -3
    endloop
  endfacet
  facet normal 0.336939 0.941527 -0
    outer loop
      vertex -89.5309 -79.2172 -3
      vertex -89.6695 -79.1676 3
      vertex -89.5309 -79.2172 3
    endloop
  endfacet
  facet normal 0.336939 0.941527 0
    outer loop
      vertex -89.6695 -79.1676 3
      vertex -89.5309 -79.2172 -3
      vertex -89.6695 -79.1676 -3
    endloop
  endfacet
  facet normal 0.427824 0.903862 -0
    outer loop
      vertex -89.6695 -79.1676 -3
      vertex -89.8026 -79.1046 3
      vertex -89.6695 -79.1676 3
    endloop
  endfacet
  facet normal 0.427824 0.903862 0
    outer loop
      vertex -89.8026 -79.1046 3
      vertex -89.6695 -79.1676 -3
      vertex -89.8026 -79.1046 -3
    endloop
  endfacet
  facet normal 0.513896 0.857853 -0
    outer loop
      vertex -89.8026 -79.1046 -3
      vertex -89.9288 -79.029 3
      vertex -89.8026 -79.1046 3
    endloop
  endfacet
  facet normal 0.513896 0.857853 0
    outer loop
      vertex -89.9288 -79.029 3
      vertex -89.8026 -79.1046 -3
      vertex -89.9288 -79.029 -3
    endloop
  endfacet
  facet normal 0.0489209 0.998803 -0
    outer loop
      vertex -89.0955 -79.2817 -3
      vertex -89.2425 -79.2745 3
      vertex -89.0955 -79.2817 3
    endloop
  endfacet
  facet normal 0.0489209 0.998803 0
    outer loop
      vertex -89.2425 -79.2745 3
      vertex -89.0955 -79.2817 -3
      vertex -89.2425 -79.2745 -3
    endloop
  endfacet
  facet normal -0.671624 -0.740892 0
    outer loop
      vertex -88.1439 -76.6222 -3
      vertex -88.0348 -76.7211 3
      vertex -88.1439 -76.6222 3
    endloop
  endfacet
  facet normal -0.671624 -0.740892 -0
    outer loop
      vertex -88.0348 -76.7211 3
      vertex -88.1439 -76.6222 -3
      vertex -88.0348 -76.7211 -3
    endloop
  endfacet
  facet normal 0.803088 0.595861 0
    outer loop
      vertex -90.255 -78.7333 3
      vertex -90.3427 -78.6151 -3
      vertex -90.3427 -78.6151 3
    endloop
  endfacet
  facet normal 0.803088 0.595861 0
    outer loop
      vertex -90.3427 -78.6151 -3
      vertex -90.255 -78.7333 3
      vertex -90.255 -78.7333 -3
    endloop
  endfacet
  facet normal 0.998771 0.0495651 0
    outer loop
      vertex -90.5882 -77.9288 3
      vertex -90.5955 -77.7817 -3
      vertex -90.5955 -77.7817 3
    endloop
  endfacet
  facet normal 0.998771 0.0495651 0
    outer loop
      vertex -90.5955 -77.7817 -3
      vertex -90.5882 -77.9288 3
      vertex -90.5882 -77.9288 -3
    endloop
  endfacet
  facet normal 0.989174 0.146746 0
    outer loop
      vertex -90.5666 -78.0744 3
      vertex -90.5882 -77.9288 -3
      vertex -90.5882 -77.9288 3
    endloop
  endfacet
  facet normal 0.989174 0.146746 0
    outer loop
      vertex -90.5882 -77.9288 -3
      vertex -90.5666 -78.0744 3
      vertex -90.5666 -78.0744 -3
    endloop
  endfacet
  facet normal 0.941527 0.336939 0
    outer loop
      vertex -90.4813 -78.3558 3
      vertex -90.5309 -78.2172 -3
      vertex -90.5309 -78.2172 3
    endloop
  endfacet
  facet normal 0.941527 0.336939 0
    outer loop
      vertex -90.5309 -78.2172 -3
      vertex -90.4813 -78.3558 3
      vertex -90.4813 -78.3558 -3
    endloop
  endfacet
  facet normal 0.970143 0.242536 0
    outer loop
      vertex -90.5309 -78.2172 3
      vertex -90.5666 -78.0744 -3
      vertex -90.5666 -78.0744 3
    endloop
  endfacet
  facet normal 0.970143 0.242536 0
    outer loop
      vertex -90.5666 -78.0744 -3
      vertex -90.5309 -78.2172 3
      vertex -90.5309 -78.2172 -3
    endloop
  endfacet
  facet normal 0.513896 -0.857853 0
    outer loop
      vertex -89.9288 -76.5345 -3
      vertex -89.8026 -76.4589 3
      vertex -89.9288 -76.5345 3
    endloop
  endfacet
  facet normal 0.513896 -0.857853 0
    outer loop
      vertex -89.8026 -76.4589 3
      vertex -89.9288 -76.5345 -3
      vertex -89.8026 -76.4589 -3
    endloop
  endfacet
  facet normal 0.0495987 -0.998769 0
    outer loop
      vertex -89.2425 -76.289 -3
      vertex -89.0955 -76.2817 3
      vertex -89.2425 -76.289 3
    endloop
  endfacet
  facet normal 0.0495987 -0.998769 0
    outer loop
      vertex -89.0955 -76.2817 3
      vertex -89.2425 -76.289 -3
      vertex -89.0955 -76.2817 -3
    endloop
  endfacet
  facet normal 0.941527 -0.336939 0
    outer loop
      vertex -90.5309 -77.3463 3
      vertex -90.4813 -77.2077 -3
      vertex -90.4813 -77.2077 3
    endloop
  endfacet
  facet normal 0.941527 -0.336939 0
    outer loop
      vertex -90.4813 -77.2077 -3
      vertex -90.5309 -77.3463 3
      vertex -90.5309 -77.3463 -3
    endloop
  endfacet
  facet normal 0.903738 -0.428086 0
    outer loop
      vertex -90.4813 -77.2077 3
      vertex -90.4183 -77.0747 -3
      vertex -90.4183 -77.0747 3
    endloop
  endfacet
  facet normal 0.903738 -0.428086 0
    outer loop
      vertex -90.4183 -77.0747 -3
      vertex -90.4813 -77.2077 3
      vertex -90.4813 -77.2077 -3
    endloop
  endfacet
  facet normal 0.998769 -0.0495987 0
    outer loop
      vertex -90.5955 -77.7817 3
      vertex -90.5882 -77.6347 -3
      vertex -90.5882 -77.6347 3
    endloop
  endfacet
  facet normal 0.998769 -0.0495987 0
    outer loop
      vertex -90.5882 -77.6347 -3
      vertex -90.5955 -77.7817 3
      vertex -90.5955 -77.7817 -3
    endloop
  endfacet
  facet normal 0.903738 0.428086 0
    outer loop
      vertex -90.4183 -78.4888 3
      vertex -90.4813 -78.3558 -3
      vertex -90.4813 -78.3558 3
    endloop
  endfacet
  facet normal 0.903738 0.428086 0
    outer loop
      vertex -90.4813 -78.3558 -3
      vertex -90.4183 -78.4888 3
      vertex -90.4183 -78.4888 -3
    endloop
  endfacet
  facet normal 0.671624 -0.740892 0
    outer loop
      vertex -90.1561 -76.7211 -3
      vertex -90.047 -76.6222 3
      vertex -90.1561 -76.7211 3
    endloop
  endfacet
  facet normal 0.671624 -0.740892 0
    outer loop
      vertex -90.047 -76.6222 3
      vertex -90.1561 -76.7211 -3
      vertex -90.047 -76.6222 -3
    endloop
  endfacet
  facet normal 0.427824 -0.903862 0
    outer loop
      vertex -89.8026 -76.4589 -3
      vertex -89.6695 -76.3959 3
      vertex -89.8026 -76.4589 3
    endloop
  endfacet
  facet normal 0.427824 -0.903862 0
    outer loop
      vertex -89.6695 -76.3959 3
      vertex -89.8026 -76.4589 -3
      vertex -89.6695 -76.3959 -3
    endloop
  endfacet
  facet normal 0.336939 -0.941527 0
    outer loop
      vertex -89.6695 -76.3959 -3
      vertex -89.5309 -76.3463 3
      vertex -89.6695 -76.3959 3
    endloop
  endfacet
  facet normal 0.336939 -0.941527 0
    outer loop
      vertex -89.5309 -76.3463 3
      vertex -89.6695 -76.3959 -3
      vertex -89.5309 -76.3463 -3
    endloop
  endfacet
  facet normal 0.595861 -0.803088 0
    outer loop
      vertex -90.047 -76.6222 -3
      vertex -89.9288 -76.5345 3
      vertex -90.047 -76.6222 3
    endloop
  endfacet
  facet normal 0.595861 -0.803088 0
    outer loop
      vertex -89.9288 -76.5345 3
      vertex -90.047 -76.6222 -3
      vertex -89.9288 -76.5345 -3
    endloop
  endfacet
  facet normal -0.336939 -0.941527 0
    outer loop
      vertex -88.66 -76.3463 -3
      vertex -88.5214 -76.3959 3
      vertex -88.66 -76.3463 3
    endloop
  endfacet
  facet normal -0.336939 -0.941527 -0
    outer loop
      vertex -88.5214 -76.3959 3
      vertex -88.66 -76.3463 -3
      vertex -88.5214 -76.3959 -3
    endloop
  endfacet
  facet normal -0.513596 -0.858032 0
    outer loop
      vertex -88.3884 -76.4589 -3
      vertex -88.2621 -76.5345 3
      vertex -88.3884 -76.4589 3
    endloop
  endfacet
  facet normal -0.513596 -0.858032 -0
    outer loop
      vertex -88.2621 -76.5345 3
      vertex -88.3884 -76.4589 -3
      vertex -88.2621 -76.5345 -3
    endloop
  endfacet
  facet normal -0.595861 -0.803088 0
    outer loop
      vertex -88.2621 -76.5345 -3
      vertex -88.1439 -76.6222 3
      vertex -88.2621 -76.5345 3
    endloop
  endfacet
  facet normal -0.595861 -0.803088 -0
    outer loop
      vertex -88.1439 -76.6222 3
      vertex -88.2621 -76.5345 -3
      vertex -88.1439 -76.6222 -3
    endloop
  endfacet
  facet normal -0.146746 -0.989174 0
    outer loop
      vertex -88.9484 -76.289 -3
      vertex -88.8028 -76.3106 3
      vertex -88.9484 -76.289 3
    endloop
  endfacet
  facet normal -0.146746 -0.989174 -0
    outer loop
      vertex -88.8028 -76.3106 3
      vertex -88.9484 -76.289 -3
      vertex -88.8028 -76.3106 -3
    endloop
  endfacet
  facet normal 0.858032 -0.513596 0
    outer loop
      vertex -90.4183 -77.0747 3
      vertex -90.3427 -76.9484 -3
      vertex -90.3427 -76.9484 3
    endloop
  endfacet
  facet normal 0.858032 -0.513596 0
    outer loop
      vertex -90.3427 -76.9484 -3
      vertex -90.4183 -77.0747 3
      vertex -90.4183 -77.0747 -3
    endloop
  endfacet
  facet normal 0.803088 -0.595861 0
    outer loop
      vertex -90.3427 -76.9484 3
      vertex -90.255 -76.8302 -3
      vertex -90.255 -76.8302 3
    endloop
  endfacet
  facet normal 0.803088 -0.595861 0
    outer loop
      vertex -90.255 -76.8302 -3
      vertex -90.3427 -76.9484 3
      vertex -90.3427 -76.9484 -3
    endloop
  endfacet
  facet normal 0.989174 -0.146746 0
    outer loop
      vertex -90.5882 -77.6347 3
      vertex -90.5666 -77.4891 -3
      vertex -90.5666 -77.4891 3
    endloop
  endfacet
  facet normal 0.989174 -0.146746 0
    outer loop
      vertex -90.5666 -77.4891 -3
      vertex -90.5882 -77.6347 3
      vertex -90.5882 -77.6347 -3
    endloop
  endfacet
  facet normal 0.970143 -0.242536 0
    outer loop
      vertex -90.5666 -77.4891 3
      vertex -90.5309 -77.3463 -3
      vertex -90.5309 -77.3463 3
    endloop
  endfacet
  facet normal 0.970143 -0.242536 0
    outer loop
      vertex -90.5309 -77.3463 -3
      vertex -90.5666 -77.4891 3
      vertex -90.5666 -77.4891 -3
    endloop
  endfacet
  facet normal 0.242536 -0.970143 0
    outer loop
      vertex -89.5309 -76.3463 -3
      vertex -89.3881 -76.3106 3
      vertex -89.5309 -76.3463 3
    endloop
  endfacet
  facet normal 0.242536 -0.970143 0
    outer loop
      vertex -89.3881 -76.3106 3
      vertex -89.5309 -76.3463 -3
      vertex -89.3881 -76.3106 -3
    endloop
  endfacet
  facet normal 0.671624 0.740892 -0
    outer loop
      vertex -78.7333 -90.255 -3
      vertex -78.8424 -90.1561 3
      vertex -78.7333 -90.255 3
    endloop
  endfacet
  facet normal 0.671624 0.740892 0
    outer loop
      vertex -78.8424 -90.1561 3
      vertex -78.7333 -90.255 -3
      vertex -78.8424 -90.1561 -3
    endloop
  endfacet
  facet normal -0.740892 0.671624 0
    outer loop
      vertex -76.7211 -90.1561 -3
      vertex -76.6222 -90.047 3
      vertex -76.6222 -90.047 -3
    endloop
  endfacet
  facet normal -0.740892 0.671624 0
    outer loop
      vertex -76.6222 -90.047 3
      vertex -76.7211 -90.1561 -3
      vertex -76.7211 -90.1561 3
    endloop
  endfacet
  facet normal -0.0495987 0.998769 0
    outer loop
      vertex -77.6347 -90.5882 -3
      vertex -77.7817 -90.5955 3
      vertex -77.6347 -90.5882 3
    endloop
  endfacet
  facet normal -0.0495987 0.998769 0
    outer loop
      vertex -77.7817 -90.5955 3
      vertex -77.6347 -90.5882 -3
      vertex -77.7817 -90.5955 -3
    endloop
  endfacet
  facet normal -0.998771 -0.0495651 0
    outer loop
      vertex -76.2817 -89.0955 -3
      vertex -76.289 -88.9484 3
      vertex -76.289 -88.9484 -3
    endloop
  endfacet
  facet normal -0.998771 -0.0495651 0
    outer loop
      vertex -76.289 -88.9484 3
      vertex -76.2817 -89.0955 -3
      vertex -76.2817 -89.0955 3
    endloop
  endfacet
  facet normal -0.941527 0.336939 0
    outer loop
      vertex -76.3959 -89.6695 -3
      vertex -76.3463 -89.5309 3
      vertex -76.3463 -89.5309 -3
    endloop
  endfacet
  facet normal -0.941527 0.336939 0
    outer loop
      vertex -76.3463 -89.5309 3
      vertex -76.3959 -89.6695 -3
      vertex -76.3959 -89.6695 3
    endloop
  endfacet
  facet normal 0.336939 0.941527 -0
    outer loop
      vertex -78.2172 -90.5309 -3
      vertex -78.3558 -90.4813 3
      vertex -78.2172 -90.5309 3
    endloop
  endfacet
  facet normal 0.336939 0.941527 0
    outer loop
      vertex -78.3558 -90.4813 3
      vertex -78.2172 -90.5309 -3
      vertex -78.3558 -90.4813 -3
    endloop
  endfacet
  facet normal -0.428086 0.903738 0
    outer loop
      vertex -77.0747 -90.4183 -3
      vertex -77.2077 -90.4813 3
      vertex -77.0747 -90.4183 3
    endloop
  endfacet
  facet normal -0.428086 0.903738 0
    outer loop
      vertex -77.2077 -90.4813 3
      vertex -77.0747 -90.4183 -3
      vertex -77.2077 -90.4813 -3
    endloop
  endfacet
  facet normal -0.242536 0.970143 0
    outer loop
      vertex -77.3463 -90.5309 -3
      vertex -77.4891 -90.5666 3
      vertex -77.3463 -90.5309 3
    endloop
  endfacet
  facet normal -0.242536 0.970143 0
    outer loop
      vertex -77.4891 -90.5666 3
      vertex -77.3463 -90.5309 -3
      vertex -77.4891 -90.5666 -3
    endloop
  endfacet
  facet normal -0.903738 -0.428086 0
    outer loop
      vertex -76.3959 -88.5214 -3
      vertex -76.4589 -88.3884 3
      vertex -76.4589 -88.3884 -3
    endloop
  endfacet
  facet normal -0.903738 -0.428086 0
    outer loop
      vertex -76.4589 -88.3884 3
      vertex -76.3959 -88.5214 -3
      vertex -76.3959 -88.5214 3
    endloop
  endfacet
  facet normal -0.857853 0.513896 0
    outer loop
      vertex -76.5345 -89.9288 -3
      vertex -76.4589 -89.8026 3
      vertex -76.4589 -89.8026 -3
    endloop
  endfacet
  facet normal -0.857853 0.513896 0
    outer loop
      vertex -76.4589 -89.8026 3
      vertex -76.5345 -89.9288 -3
      vertex -76.5345 -89.9288 3
    endloop
  endfacet
  facet normal 0.0488878 -0.998804 0
    outer loop
      vertex -77.9288 -87.6027 -3
      vertex -77.7817 -87.5955 3
      vertex -77.9288 -87.6027 3
    endloop
  endfacet
  facet normal 0.0488878 -0.998804 0
    outer loop
      vertex -77.7817 -87.5955 3
      vertex -77.9288 -87.6027 -3
      vertex -77.7817 -87.5955 -3
    endloop
  endfacet
  facet normal 0.513596 0.858032 -0
    outer loop
      vertex -78.4888 -90.4183 -3
      vertex -78.6151 -90.3427 3
      vertex -78.4888 -90.4183 3
    endloop
  endfacet
  facet normal 0.513596 0.858032 0
    outer loop
      vertex -78.6151 -90.3427 3
      vertex -78.4888 -90.4183 -3
      vertex -78.6151 -90.3427 -3
    endloop
  endfacet
  facet normal 0.595861 0.803088 -0
    outer loop
      vertex -78.6151 -90.3427 -3
      vertex -78.7333 -90.255 3
      vertex -78.6151 -90.3427 3
    endloop
  endfacet
  facet normal 0.595861 0.803088 0
    outer loop
      vertex -78.7333 -90.255 3
      vertex -78.6151 -90.3427 -3
      vertex -78.7333 -90.255 -3
    endloop
  endfacet
  facet normal 0.428086 0.903738 -0
    outer loop
      vertex -78.3558 -90.4813 -3
      vertex -78.4888 -90.4183 3
      vertex -78.3558 -90.4813 3
    endloop
  endfacet
  facet normal 0.428086 0.903738 0
    outer loop
      vertex -78.4888 -90.4183 3
      vertex -78.3558 -90.4813 -3
      vertex -78.4888 -90.4183 -3
    endloop
  endfacet
  facet normal 0.146746 0.989174 -0
    outer loop
      vertex -77.9288 -90.5882 -3
      vertex -78.0744 -90.5666 3
      vertex -77.9288 -90.5882 3
    endloop
  endfacet
  facet normal 0.146746 0.989174 0
    outer loop
      vertex -78.0744 -90.5666 3
      vertex -77.9288 -90.5882 -3
      vertex -78.0744 -90.5666 -3
    endloop
  endfacet
  facet normal 0.0495651 0.998771 -0
    outer loop
      vertex -77.7817 -90.5955 -3
      vertex -77.9288 -90.5882 3
      vertex -77.7817 -90.5955 3
    endloop
  endfacet
  facet normal 0.0495651 0.998771 0
    outer loop
      vertex -77.9288 -90.5882 3
      vertex -77.7817 -90.5955 -3
      vertex -77.9288 -90.5882 -3
    endloop
  endfacet
  facet normal 0.242536 0.970143 -0
    outer loop
      vertex -78.0744 -90.5666 -3
      vertex -78.2172 -90.5309 3
      vertex -78.0744 -90.5666 3
    endloop
  endfacet
  facet normal 0.242536 0.970143 0
    outer loop
      vertex -78.2172 -90.5309 3
      vertex -78.0744 -90.5666 -3
      vertex -78.2172 -90.5309 -3
    endloop
  endfacet
  facet normal -0.595861 0.803088 0
    outer loop
      vertex -76.8302 -90.255 -3
      vertex -76.9484 -90.3427 3
      vertex -76.8302 -90.255 3
    endloop
  endfacet
  facet normal -0.595861 0.803088 0
    outer loop
      vertex -76.9484 -90.3427 3
      vertex -76.8302 -90.255 -3
      vertex -76.9484 -90.3427 -3
    endloop
  endfacet
  facet normal -0.513596 0.858032 0
    outer loop
      vertex -76.9484 -90.3427 -3
      vertex -77.0747 -90.4183 3
      vertex -76.9484 -90.3427 3
    endloop
  endfacet
  facet normal -0.513596 0.858032 0
    outer loop
      vertex -77.0747 -90.4183 3
      vertex -76.9484 -90.3427 -3
      vertex -77.0747 -90.4183 -3
    endloop
  endfacet
  facet normal -0.671624 0.740892 0
    outer loop
      vertex -76.7211 -90.1561 -3
      vertex -76.8302 -90.255 3
      vertex -76.7211 -90.1561 3
    endloop
  endfacet
  facet normal -0.671624 0.740892 0
    outer loop
      vertex -76.8302 -90.255 3
      vertex -76.7211 -90.1561 -3
      vertex -76.8302 -90.255 -3
    endloop
  endfacet
  facet normal -0.336939 0.941527 0
    outer loop
      vertex -77.2077 -90.4813 -3
      vertex -77.3463 -90.5309 3
      vertex -77.2077 -90.4813 3
    endloop
  endfacet
  facet normal -0.336939 0.941527 0
    outer loop
      vertex -77.3463 -90.5309 3
      vertex -77.2077 -90.4813 -3
      vertex -77.3463 -90.5309 -3
    endloop
  endfacet
  facet normal -0.146746 0.989174 0
    outer loop
      vertex -77.4891 -90.5666 -3
      vertex -77.6347 -90.5882 3
      vertex -77.4891 -90.5666 3
    endloop
  endfacet
  facet normal -0.146746 0.989174 0
    outer loop
      vertex -77.6347 -90.5882 3
      vertex -77.4891 -90.5666 -3
      vertex -77.6347 -90.5882 -3
    endloop
  endfacet
  facet normal -0.803088 -0.595861 0
    outer loop
      vertex -76.5345 -88.2621 -3
      vertex -76.6222 -88.1439 3
      vertex -76.6222 -88.1439 -3
    endloop
  endfacet
  facet normal -0.803088 -0.595861 0
    outer loop
      vertex -76.6222 -88.1439 3
      vertex -76.5345 -88.2621 -3
      vertex -76.5345 -88.2621 3
    endloop
  endfacet
  facet normal -0.970143 -0.242536 0
    outer loop
      vertex -76.3106 -88.8028 -3
      vertex -76.3463 -88.66 3
      vertex -76.3463 -88.66 -3
    endloop
  endfacet
  facet normal -0.970143 -0.242536 0
    outer loop
      vertex -76.3463 -88.66 3
      vertex -76.3106 -88.8028 -3
      vertex -76.3106 -88.8028 3
    endloop
  endfacet
  facet normal -0.989174 -0.146746 0
    outer loop
      vertex -76.289 -88.9484 -3
      vertex -76.3106 -88.8028 3
      vertex -76.3106 -88.8028 -3
    endloop
  endfacet
  facet normal -0.989174 -0.146746 0
    outer loop
      vertex -76.3106 -88.8028 3
      vertex -76.289 -88.9484 -3
      vertex -76.289 -88.9484 3
    endloop
  endfacet
  facet normal -0.941527 -0.336939 0
    outer loop
      vertex -76.3463 -88.66 -3
      vertex -76.3959 -88.5214 3
      vertex -76.3959 -88.5214 -3
    endloop
  endfacet
  facet normal -0.941527 -0.336939 0
    outer loop
      vertex -76.3959 -88.5214 3
      vertex -76.3463 -88.66 -3
      vertex -76.3463 -88.66 3
    endloop
  endfacet
  facet normal -0.858032 -0.513596 0
    outer loop
      vertex -76.4589 -88.3884 -3
      vertex -76.5345 -88.2621 3
      vertex -76.5345 -88.2621 -3
    endloop
  endfacet
  facet normal -0.858032 -0.513596 0
    outer loop
      vertex -76.5345 -88.2621 3
      vertex -76.4589 -88.3884 -3
      vertex -76.4589 -88.3884 3
    endloop
  endfacet
  facet normal -0.740892 -0.671624 0
    outer loop
      vertex -76.6222 -88.1439 -3
      vertex -76.7211 -88.0348 3
      vertex -76.7211 -88.0348 -3
    endloop
  endfacet
  facet normal -0.740892 -0.671624 0
    outer loop
      vertex -76.7211 -88.0348 3
      vertex -76.6222 -88.1439 -3
      vertex -76.6222 -88.1439 3
    endloop
  endfacet
  facet normal -0.989174 0.146746 0
    outer loop
      vertex -76.3106 -89.3881 -3
      vertex -76.289 -89.2425 3
      vertex -76.289 -89.2425 -3
    endloop
  endfacet
  facet normal -0.989174 0.146746 0
    outer loop
      vertex -76.289 -89.2425 3
      vertex -76.3106 -89.3881 -3
      vertex -76.3106 -89.3881 3
    endloop
  endfacet
  facet normal -0.970143 0.242536 0
    outer loop
      vertex -76.3463 -89.5309 -3
      vertex -76.3106 -89.3881 3
      vertex -76.3106 -89.3881 -3
    endloop
  endfacet
  facet normal -0.970143 0.242536 0
    outer loop
      vertex -76.3106 -89.3881 3
      vertex -76.3463 -89.5309 -3
      vertex -76.3463 -89.5309 3
    endloop
  endfacet
  facet normal -0.998769 0.0495987 0
    outer loop
      vertex -76.289 -89.2425 -3
      vertex -76.2817 -89.0955 3
      vertex -76.2817 -89.0955 -3
    endloop
  endfacet
  facet normal -0.998769 0.0495987 0
    outer loop
      vertex -76.2817 -89.0955 3
      vertex -76.289 -89.2425 -3
      vertex -76.289 -89.2425 3
    endloop
  endfacet
  facet normal -0.903862 0.427824 0
    outer loop
      vertex -76.4589 -89.8026 -3
      vertex -76.3959 -89.6695 3
      vertex -76.3959 -89.6695 -3
    endloop
  endfacet
  facet normal -0.903862 0.427824 0
    outer loop
      vertex -76.3959 -89.6695 3
      vertex -76.4589 -89.8026 -3
      vertex -76.4589 -89.8026 3
    endloop
  endfacet
  facet normal -0.803088 0.595861 0
    outer loop
      vertex -76.6222 -90.047 -3
      vertex -76.5345 -89.9288 3
      vertex -76.5345 -89.9288 -3
    endloop
  endfacet
  facet normal -0.803088 0.595861 0
    outer loop
      vertex -76.5345 -89.9288 3
      vertex -76.6222 -90.047 -3
      vertex -76.6222 -90.047 3
    endloop
  endfacet
  facet normal 0.740892 0.671624 0
    outer loop
      vertex -78.8424 -90.1561 3
      vertex -78.9413 -90.047 -3
      vertex -78.9413 -90.047 3
    endloop
  endfacet
  facet normal 0.740892 0.671624 0
    outer loop
      vertex -78.9413 -90.047 -3
      vertex -78.8424 -90.1561 3
      vertex -78.8424 -90.1561 -3
    endloop
  endfacet
  facet normal 0.803088 -0.595861 0
    outer loop
      vertex -79.029 -88.2621 3
      vertex -78.9413 -88.1439 -3
      vertex -78.9413 -88.1439 3
    endloop
  endfacet
  facet normal 0.803088 -0.595861 0
    outer loop
      vertex -78.9413 -88.1439 -3
      vertex -79.029 -88.2621 3
      vertex -79.029 -88.2621 -3
    endloop
  endfacet
  facet normal 0.903738 -0.428086 0
    outer loop
      vertex -79.1676 -88.5214 3
      vertex -79.1046 -88.3884 -3
      vertex -79.1046 -88.3884 3
    endloop
  endfacet
  facet normal 0.903738 -0.428086 0
    outer loop
      vertex -79.1046 -88.3884 -3
      vertex -79.1676 -88.5214 3
      vertex -79.1676 -88.5214 -3
    endloop
  endfacet
  facet normal 0.998804 -0.0488878 0
    outer loop
      vertex -79.2817 -89.0955 3
      vertex -79.2745 -88.9484 -3
      vertex -79.2745 -88.9484 3
    endloop
  endfacet
  facet normal 0.998804 -0.0488878 0
    outer loop
      vertex -79.2745 -88.9484 -3
      vertex -79.2817 -89.0955 3
      vertex -79.2817 -89.0955 -3
    endloop
  endfacet
  facet normal 0.970143 -0.242536 0
    outer loop
      vertex -79.2529 -88.8028 3
      vertex -79.2172 -88.66 -3
      vertex -79.2172 -88.66 3
    endloop
  endfacet
  facet normal 0.970143 -0.242536 0
    outer loop
      vertex -79.2172 -88.66 -3
      vertex -79.2529 -88.8028 3
      vertex -79.2529 -88.8028 -3
    endloop
  endfacet
  facet normal 0.989174 0.146746 0
    outer loop
      vertex -79.2529 -89.3881 3
      vertex -79.2745 -89.2425 -3
      vertex -79.2745 -89.2425 3
    endloop
  endfacet
  facet normal 0.989174 0.146746 0
    outer loop
      vertex -79.2745 -89.2425 -3
      vertex -79.2529 -89.3881 3
      vertex -79.2529 -89.3881 -3
    endloop
  endfacet
  facet normal 0.941527 0.336939 0
    outer loop
      vertex -79.1676 -89.6695 3
      vertex -79.2172 -89.5309 -3
      vertex -79.2172 -89.5309 3
    endloop
  endfacet
  facet normal 0.941527 0.336939 0
    outer loop
      vertex -79.2172 -89.5309 -3
      vertex -79.1676 -89.6695 3
      vertex -79.1676 -89.6695 -3
    endloop
  endfacet
  facet normal 0.146746 -0.989174 0
    outer loop
      vertex -78.0744 -87.6243 -3
      vertex -77.9288 -87.6027 3
      vertex -78.0744 -87.6243 3
    endloop
  endfacet
  facet normal 0.146746 -0.989174 0
    outer loop
      vertex -77.9288 -87.6027 3
      vertex -78.0744 -87.6243 -3
      vertex -77.9288 -87.6027 -3
    endloop
  endfacet
  facet normal 0.336939 -0.941527 0
    outer loop
      vertex -78.3558 -87.7096 -3
      vertex -78.2172 -87.66 3
      vertex -78.3558 -87.7096 3
    endloop
  endfacet
  facet normal 0.336939 -0.941527 0
    outer loop
      vertex -78.2172 -87.66 3
      vertex -78.3558 -87.7096 -3
      vertex -78.2172 -87.66 -3
    endloop
  endfacet
  facet normal 0.514096 -0.857733 0
    outer loop
      vertex -78.6151 -87.8483 -3
      vertex -78.4888 -87.7726 3
      vertex -78.6151 -87.8483 3
    endloop
  endfacet
  facet normal 0.514096 -0.857733 0
    outer loop
      vertex -78.4888 -87.7726 3
      vertex -78.6151 -87.8483 -3
      vertex -78.4888 -87.7726 -3
    endloop
  endfacet
  facet normal 0.671624 -0.740892 0
    outer loop
      vertex -78.8424 -88.0348 -3
      vertex -78.7333 -87.9359 3
      vertex -78.8424 -88.0348 3
    endloop
  endfacet
  facet normal 0.671624 -0.740892 0
    outer loop
      vertex -78.7333 -87.9359 3
      vertex -78.8424 -88.0348 -3
      vertex -78.7333 -87.9359 -3
    endloop
  endfacet
  facet normal -0.146746 -0.989174 0
    outer loop
      vertex -77.6347 -87.6027 -3
      vertex -77.4891 -87.6243 3
      vertex -77.6347 -87.6027 3
    endloop
  endfacet
  facet normal -0.146746 -0.989174 -0
    outer loop
      vertex -77.4891 -87.6243 3
      vertex -77.6347 -87.6027 -3
      vertex -77.4891 -87.6243 -3
    endloop
  endfacet
  facet normal -0.242536 -0.970143 0
    outer loop
      vertex -77.4891 -87.6243 -3
      vertex -77.3463 -87.66 3
      vertex -77.4891 -87.6243 3
    endloop
  endfacet
  facet normal -0.242536 -0.970143 -0
    outer loop
      vertex -77.3463 -87.66 3
      vertex -77.4891 -87.6243 -3
      vertex -77.3463 -87.66 -3
    endloop
  endfacet
  facet normal -0.0489209 -0.998803 0
    outer loop
      vertex -77.7817 -87.5955 -3
      vertex -77.6347 -87.6027 3
      vertex -77.7817 -87.5955 3
    endloop
  endfacet
  facet normal -0.0489209 -0.998803 -0
    outer loop
      vertex -77.6347 -87.6027 3
      vertex -77.7817 -87.5955 -3
      vertex -77.6347 -87.6027 -3
    endloop
  endfacet
  facet normal -0.428086 -0.903738 0
    outer loop
      vertex -77.2077 -87.7096 -3
      vertex -77.0747 -87.7726 3
      vertex -77.2077 -87.7096 3
    endloop
  endfacet
  facet normal -0.428086 -0.903738 -0
    outer loop
      vertex -77.0747 -87.7726 3
      vertex -77.2077 -87.7096 -3
      vertex -77.0747 -87.7726 -3
    endloop
  endfacet
  facet normal -0.336939 -0.941527 0
    outer loop
      vertex -77.3463 -87.66 -3
      vertex -77.2077 -87.7096 3
      vertex -77.3463 -87.66 3
    endloop
  endfacet
  facet normal -0.336939 -0.941527 -0
    outer loop
      vertex -77.2077 -87.7096 3
      vertex -77.3463 -87.66 -3
      vertex -77.2077 -87.7096 -3
    endloop
  endfacet
  facet normal -0.595423 -0.803413 0
    outer loop
      vertex -76.9484 -87.8483 -3
      vertex -76.8302 -87.9359 3
      vertex -76.9484 -87.8483 3
    endloop
  endfacet
  facet normal -0.595423 -0.803413 -0
    outer loop
      vertex -76.8302 -87.9359 3
      vertex -76.9484 -87.8483 -3
      vertex -76.8302 -87.9359 -3
    endloop
  endfacet
  facet normal -0.671624 -0.740892 0
    outer loop
      vertex -76.8302 -87.9359 -3
      vertex -76.7211 -88.0348 3
      vertex -76.8302 -87.9359 3
    endloop
  endfacet
  facet normal -0.671624 -0.740892 -0
    outer loop
      vertex -76.7211 -88.0348 3
      vertex -76.8302 -87.9359 -3
      vertex -76.7211 -88.0348 -3
    endloop
  endfacet
  facet normal 0.858032 -0.513596 0
    outer loop
      vertex -79.1046 -88.3884 3
      vertex -79.029 -88.2621 -3
      vertex -79.029 -88.2621 3
    endloop
  endfacet
  facet normal 0.858032 -0.513596 0
    outer loop
      vertex -79.029 -88.2621 -3
      vertex -79.1046 -88.3884 3
      vertex -79.1046 -88.3884 -3
    endloop
  endfacet
  facet normal 0.941527 -0.336939 0
    outer loop
      vertex -79.2172 -88.66 3
      vertex -79.1676 -88.5214 -3
      vertex -79.1676 -88.5214 3
    endloop
  endfacet
  facet normal 0.941527 -0.336939 0
    outer loop
      vertex -79.1676 -88.5214 -3
      vertex -79.2172 -88.66 3
      vertex -79.2172 -88.66 -3
    endloop
  endfacet
  facet normal 0.998803 0.0489209 0
    outer loop
      vertex -79.2745 -89.2425 3
      vertex -79.2817 -89.0955 -3
      vertex -79.2817 -89.0955 3
    endloop
  endfacet
  facet normal 0.998803 0.0489209 0
    outer loop
      vertex -79.2817 -89.0955 -3
      vertex -79.2745 -89.2425 3
      vertex -79.2745 -89.2425 -3
    endloop
  endfacet
  facet normal 0.989174 -0.146746 0
    outer loop
      vertex -79.2745 -88.9484 3
      vertex -79.2529 -88.8028 -3
      vertex -79.2529 -88.8028 3
    endloop
  endfacet
  facet normal 0.989174 -0.146746 0
    outer loop
      vertex -79.2529 -88.8028 -3
      vertex -79.2745 -88.9484 3
      vertex -79.2745 -88.9484 -3
    endloop
  endfacet
  facet normal 0.970143 0.242536 0
    outer loop
      vertex -79.2172 -89.5309 3
      vertex -79.2529 -89.3881 -3
      vertex -79.2529 -89.3881 3
    endloop
  endfacet
  facet normal 0.970143 0.242536 0
    outer loop
      vertex -79.2529 -89.3881 -3
      vertex -79.2172 -89.5309 3
      vertex -79.2172 -89.5309 -3
    endloop
  endfacet
  facet normal 0.903862 0.427824 0
    outer loop
      vertex -79.1046 -89.8026 3
      vertex -79.1676 -89.6695 -3
      vertex -79.1676 -89.6695 3
    endloop
  endfacet
  facet normal 0.903862 0.427824 0
    outer loop
      vertex -79.1676 -89.6695 -3
      vertex -79.1046 -89.8026 3
      vertex -79.1046 -89.8026 -3
    endloop
  endfacet
  facet normal 0.803088 0.595861 0
    outer loop
      vertex -78.9413 -90.047 3
      vertex -79.029 -89.9288 -3
      vertex -79.029 -89.9288 3
    endloop
  endfacet
  facet normal 0.803088 0.595861 0
    outer loop
      vertex -79.029 -89.9288 -3
      vertex -78.9413 -90.047 3
      vertex -78.9413 -90.047 -3
    endloop
  endfacet
  facet normal 0.857853 0.513896 0
    outer loop
      vertex -79.029 -89.9288 3
      vertex -79.1046 -89.8026 -3
      vertex -79.1046 -89.8026 3
    endloop
  endfacet
  facet normal 0.857853 0.513896 0
    outer loop
      vertex -79.1046 -89.8026 -3
      vertex -79.029 -89.9288 3
      vertex -79.029 -89.9288 -3
    endloop
  endfacet
  facet normal 0.242536 -0.970143 0
    outer loop
      vertex -78.2172 -87.66 -3
      vertex -78.0744 -87.6243 3
      vertex -78.2172 -87.66 3
    endloop
  endfacet
  facet normal 0.242536 -0.970143 0
    outer loop
      vertex -78.0744 -87.6243 3
      vertex -78.2172 -87.66 -3
      vertex -78.0744 -87.6243 -3
    endloop
  endfacet
  facet normal 0.428086 -0.903738 0
    outer loop
      vertex -78.4888 -87.7726 -3
      vertex -78.3558 -87.7096 3
      vertex -78.4888 -87.7726 3
    endloop
  endfacet
  facet normal 0.428086 -0.903738 0
    outer loop
      vertex -78.3558 -87.7096 3
      vertex -78.4888 -87.7726 -3
      vertex -78.3558 -87.7096 -3
    endloop
  endfacet
  facet normal 0.595423 -0.803413 0
    outer loop
      vertex -78.7333 -87.9359 -3
      vertex -78.6151 -87.8483 3
      vertex -78.7333 -87.9359 3
    endloop
  endfacet
  facet normal 0.595423 -0.803413 0
    outer loop
      vertex -78.6151 -87.8483 3
      vertex -78.7333 -87.9359 -3
      vertex -78.6151 -87.8483 -3
    endloop
  endfacet
  facet normal 0.740892 -0.671624 0
    outer loop
      vertex -78.9413 -88.1439 3
      vertex -78.8424 -88.0348 -3
      vertex -78.8424 -88.0348 3
    endloop
  endfacet
  facet normal 0.740892 -0.671624 0
    outer loop
      vertex -78.8424 -88.0348 -3
      vertex -78.9413 -88.1439 3
      vertex -78.9413 -88.1439 -3
    endloop
  endfacet
  facet normal -0.514096 -0.857733 0
    outer loop
      vertex -77.0747 -87.7726 -3
      vertex -76.9484 -87.8483 3
      vertex -77.0747 -87.7726 3
    endloop
  endfacet
  facet normal -0.514096 -0.857733 -0
    outer loop
      vertex -76.9484 -87.8483 3
      vertex -77.0747 -87.7726 -3
      vertex -76.9484 -87.8483 -3
    endloop
  endfacet
  facet normal 0.671624 0.740892 -0
    outer loop
      vertex -67.4196 -78.9413 -3
      vertex -67.5287 -78.8424 3
      vertex -67.4196 -78.9413 3
    endloop
  endfacet
  facet normal 0.671624 0.740892 0
    outer loop
      vertex -67.5287 -78.8424 3
      vertex -67.4196 -78.9413 -3
      vertex -67.5287 -78.8424 -3
    endloop
  endfacet
  facet normal -0.740892 0.671624 0
    outer loop
      vertex -65.4074 -78.8424 -3
      vertex -65.3085 -78.7333 3
      vertex -65.3085 -78.7333 -3
    endloop
  endfacet
  facet normal -0.740892 0.671624 0
    outer loop
      vertex -65.3085 -78.7333 3
      vertex -65.4074 -78.8424 -3
      vertex -65.4074 -78.8424 3
    endloop
  endfacet
  facet normal 0.740892 -0.671624 0
    outer loop
      vertex -67.6276 -76.8302 3
      vertex -67.5287 -76.7211 -3
      vertex -67.5287 -76.7211 3
    endloop
  endfacet
  facet normal 0.740892 -0.671624 0
    outer loop
      vertex -67.5287 -76.7211 -3
      vertex -67.6276 -76.8302 3
      vertex -67.6276 -76.8302 -3
    endloop
  endfacet
  facet normal -0.0489209 0.998803 0
    outer loop
      vertex -66.321 -79.2745 -3
      vertex -66.468 -79.2817 3
      vertex -66.321 -79.2745 3
    endloop
  endfacet
  facet normal -0.0489209 0.998803 0
    outer loop
      vertex -66.468 -79.2817 3
      vertex -66.321 -79.2745 -3
      vertex -66.468 -79.2817 -3
    endloop
  endfacet
  facet normal -0.998769 -0.0495987 0
    outer loop
      vertex -64.968 -77.7817 -3
      vertex -64.9753 -77.6347 3
      vertex -64.9753 -77.6347 -3
    endloop
  endfacet
  facet normal -0.998769 -0.0495987 0
    outer loop
      vertex -64.9753 -77.6347 3
      vertex -64.968 -77.7817 -3
      vertex -64.968 -77.7817 3
    endloop
  endfacet
  facet normal -0.941527 0.336939 0
    outer loop
      vertex -65.0822 -78.3558 -3
      vertex -65.0326 -78.2172 3
      vertex -65.0326 -78.2172 -3
    endloop
  endfacet
  facet normal -0.941527 0.336939 0
    outer loop
      vertex -65.0326 -78.2172 3
      vertex -65.0822 -78.3558 -3
      vertex -65.0822 -78.3558 3
    endloop
  endfacet
  facet normal -0.427824 -0.903862 0
    outer loop
      vertex -65.894 -76.3959 -3
      vertex -65.7609 -76.4589 3
      vertex -65.894 -76.3959 3
    endloop
  endfacet
  facet normal -0.427824 -0.903862 -0
    outer loop
      vertex -65.7609 -76.4589 3
      vertex -65.894 -76.3959 -3
      vertex -65.7609 -76.4589 -3
    endloop
  endfacet
  facet normal 0.336939 0.941527 -0
    outer loop
      vertex -66.9035 -79.2172 -3
      vertex -67.0421 -79.1676 3
      vertex -66.9035 -79.2172 3
    endloop
  endfacet
  facet normal 0.336939 0.941527 0
    outer loop
      vertex -67.0421 -79.1676 3
      vertex -66.9035 -79.2172 -3
      vertex -67.0421 -79.1676 -3
    endloop
  endfacet
  facet normal -0.427824 0.903862 0
    outer loop
      vertex -65.7609 -79.1046 -3
      vertex -65.894 -79.1676 3
      vertex -65.7609 -79.1046 3
    endloop
  endfacet
  facet normal -0.427824 0.903862 0
    outer loop
      vertex -65.894 -79.1676 3
      vertex -65.7609 -79.1046 -3
      vertex -65.894 -79.1676 -3
    endloop
  endfacet
  facet normal -0.941527 -0.336939 0
    outer loop
      vertex -65.0326 -77.3463 -3
      vertex -65.0822 -77.2077 3
      vertex -65.0822 -77.2077 -3
    endloop
  endfacet
  facet normal -0.941527 -0.336939 0
    outer loop
      vertex -65.0822 -77.2077 3
      vertex -65.0326 -77.3463 -3
      vertex -65.0326 -77.3463 3
    endloop
  endfacet
  facet normal -0.970143 -0.242536 0
    outer loop
      vertex -64.9969 -77.4891 -3
      vertex -65.0326 -77.3463 3
      vertex -65.0326 -77.3463 -3
    endloop
  endfacet
  facet normal -0.970143 -0.242536 0
    outer loop
      vertex -65.0326 -77.3463 3
      vertex -64.9969 -77.4891 -3
      vertex -64.9969 -77.4891 3
    endloop
  endfacet
  facet normal -0.858032 0.513596 0
    outer loop
      vertex -65.2208 -78.6151 -3
      vertex -65.1452 -78.4888 3
      vertex -65.1452 -78.4888 -3
    endloop
  endfacet
  facet normal -0.858032 0.513596 0
    outer loop
      vertex -65.1452 -78.4888 3
      vertex -65.2208 -78.6151 -3
      vertex -65.2208 -78.6151 3
    endloop
  endfacet
  facet normal 0.941527 0.336939 0
    outer loop
      vertex -67.8539 -78.3558 3
      vertex -67.9035 -78.2172 -3
      vertex -67.9035 -78.2172 3
    endloop
  endfacet
  facet normal 0.941527 0.336939 0
    outer loop
      vertex -67.9035 -78.2172 -3
      vertex -67.8539 -78.3558 3
      vertex -67.8539 -78.3558 -3
    endloop
  endfacet
  facet normal 0.903738 -0.428086 0
    outer loop
      vertex -67.8539 -77.2077 3
      vertex -67.7909 -77.0747 -3
      vertex -67.7909 -77.0747 3
    endloop
  endfacet
  facet normal 0.903738 -0.428086 0
    outer loop
      vertex -67.7909 -77.0747 -3
      vertex -67.8539 -77.2077 3
      vertex -67.8539 -77.2077 -3
    endloop
  endfacet
  facet normal 0.998804 0.0488878 0
    outer loop
      vertex -67.9608 -77.9288 3
      vertex -67.968 -77.7817 -3
      vertex -67.968 -77.7817 3
    endloop
  endfacet
  facet normal 0.998804 0.0488878 0
    outer loop
      vertex -67.968 -77.7817 -3
      vertex -67.9608 -77.9288 3
      vertex -67.9608 -77.9288 -3
    endloop
  endfacet
  facet normal 0.857733 0.514096 0
    outer loop
      vertex -67.7152 -78.6151 3
      vertex -67.7909 -78.4888 -3
      vertex -67.7909 -78.4888 3
    endloop
  endfacet
  facet normal 0.857733 0.514096 0
    outer loop
      vertex -67.7909 -78.4888 -3
      vertex -67.7152 -78.6151 3
      vertex -67.7152 -78.6151 -3
    endloop
  endfacet
  facet normal 0.513596 -0.858032 0
    outer loop
      vertex -67.3014 -76.5345 -3
      vertex -67.1751 -76.4589 3
      vertex -67.3014 -76.5345 3
    endloop
  endfacet
  facet normal 0.513596 -0.858032 0
    outer loop
      vertex -67.1751 -76.4589 3
      vertex -67.3014 -76.5345 -3
      vertex -67.1751 -76.4589 -3
    endloop
  endfacet
  facet normal 0.0495651 -0.998771 0
    outer loop
      vertex -66.6151 -76.289 -3
      vertex -66.468 -76.2817 3
      vertex -66.6151 -76.289 3
    endloop
  endfacet
  facet normal 0.0495651 -0.998771 0
    outer loop
      vertex -66.468 -76.2817 3
      vertex -66.6151 -76.289 -3
      vertex -66.468 -76.2817 -3
    endloop
  endfacet
  facet normal -0.0495987 -0.998769 0
    outer loop
      vertex -66.468 -76.2817 -3
      vertex -66.321 -76.289 3
      vertex -66.468 -76.2817 3
    endloop
  endfacet
  facet normal -0.0495987 -0.998769 -0
    outer loop
      vertex -66.321 -76.289 3
      vertex -66.468 -76.2817 -3
      vertex -66.321 -76.289 -3
    endloop
  endfacet
  facet normal 0.514096 0.857733 -0
    outer loop
      vertex -67.1751 -79.1046 -3
      vertex -67.3014 -79.0289 3
      vertex -67.1751 -79.1046 3
    endloop
  endfacet
  facet normal 0.514096 0.857733 0
    outer loop
      vertex -67.3014 -79.0289 3
      vertex -67.1751 -79.1046 -3
      vertex -67.3014 -79.0289 -3
    endloop
  endfacet
  facet normal 0.595423 0.803413 -0
    outer loop
      vertex -67.3014 -79.0289 -3
      vertex -67.4196 -78.9413 3
      vertex -67.3014 -79.0289 3
    endloop
  endfacet
  facet normal 0.595423 0.803413 0
    outer loop
      vertex -67.4196 -78.9413 3
      vertex -67.3014 -79.0289 -3
      vertex -67.4196 -78.9413 -3
    endloop
  endfacet
  facet normal 0.428086 0.903738 -0
    outer loop
      vertex -67.0421 -79.1676 -3
      vertex -67.1751 -79.1046 3
      vertex -67.0421 -79.1676 3
    endloop
  endfacet
  facet normal 0.428086 0.903738 0
    outer loop
      vertex -67.1751 -79.1046 3
      vertex -67.0421 -79.1676 -3
      vertex -67.1751 -79.1046 -3
    endloop
  endfacet
  facet normal 0.146746 0.989174 -0
    outer loop
      vertex -66.6151 -79.2745 -3
      vertex -66.7607 -79.2529 3
      vertex -66.6151 -79.2745 3
    endloop
  endfacet
  facet normal 0.146746 0.989174 0
    outer loop
      vertex -66.7607 -79.2529 3
      vertex -66.6151 -79.2745 -3
      vertex -66.7607 -79.2529 -3
    endloop
  endfacet
  facet normal 0.0488878 0.998804 -0
    outer loop
      vertex -66.468 -79.2817 -3
      vertex -66.6151 -79.2745 3
      vertex -66.468 -79.2817 3
    endloop
  endfacet
  facet normal 0.0488878 0.998804 0
    outer loop
      vertex -66.6151 -79.2745 3
      vertex -66.468 -79.2817 -3
      vertex -66.6151 -79.2745 -3
    endloop
  endfacet
  facet normal 0.242536 0.970143 -0
    outer loop
      vertex -66.7607 -79.2529 -3
      vertex -66.9035 -79.2172 3
      vertex -66.7607 -79.2529 3
    endloop
  endfacet
  facet normal 0.242536 0.970143 0
    outer loop
      vertex -66.9035 -79.2172 3
      vertex -66.7607 -79.2529 -3
      vertex -66.9035 -79.2172 -3
    endloop
  endfacet
  facet normal -0.595098 0.803653 0
    outer loop
      vertex -65.5164 -78.9413 -3
      vertex -65.6347 -79.0289 3
      vertex -65.5164 -78.9413 3
    endloop
  endfacet
  facet normal -0.595098 0.803653 0
    outer loop
      vertex -65.6347 -79.0289 3
      vertex -65.5164 -78.9413 -3
      vertex -65.6347 -79.0289 -3
    endloop
  endfacet
  facet normal -0.671962 0.740585 0
    outer loop
      vertex -65.4074 -78.8424 -3
      vertex -65.5164 -78.9413 3
      vertex -65.4074 -78.8424 3
    endloop
  endfacet
  facet normal -0.671962 0.740585 0
    outer loop
      vertex -65.5164 -78.9413 3
      vertex -65.4074 -78.8424 -3
      vertex -65.5164 -78.9413 -3
    endloop
  endfacet
  facet normal -0.242536 0.970143 0
    outer loop
      vertex -66.0326 -79.2172 -3
      vertex -66.1754 -79.2529 3
      vertex -66.0326 -79.2172 3
    endloop
  endfacet
  facet normal -0.242536 0.970143 0
    outer loop
      vertex -66.1754 -79.2529 3
      vertex -66.0326 -79.2172 -3
      vertex -66.1754 -79.2529 -3
    endloop
  endfacet
  facet normal -0.146746 0.989174 0
    outer loop
      vertex -66.1754 -79.2529 -3
      vertex -66.321 -79.2745 3
      vertex -66.1754 -79.2529 3
    endloop
  endfacet
  facet normal -0.146746 0.989174 0
    outer loop
      vertex -66.321 -79.2745 3
      vertex -66.1754 -79.2529 -3
      vertex -66.321 -79.2745 -3
    endloop
  endfacet
  facet normal -0.803088 -0.595861 0
    outer loop
      vertex -65.2208 -76.9484 -3
      vertex -65.3085 -76.8302 3
      vertex -65.3085 -76.8302 -3
    endloop
  endfacet
  facet normal -0.803088 -0.595861 0
    outer loop
      vertex -65.3085 -76.8302 3
      vertex -65.2208 -76.9484 -3
      vertex -65.2208 -76.9484 3
    endloop
  endfacet
  facet normal -0.903738 -0.428086 0
    outer loop
      vertex -65.0822 -77.2077 -3
      vertex -65.1452 -77.0747 3
      vertex -65.1452 -77.0747 -3
    endloop
  endfacet
  facet normal -0.903738 -0.428086 0
    outer loop
      vertex -65.1452 -77.0747 3
      vertex -65.0822 -77.2077 -3
      vertex -65.0822 -77.2077 3
    endloop
  endfacet
  facet normal -0.740892 -0.671624 0
    outer loop
      vertex -65.3085 -76.8302 -3
      vertex -65.4074 -76.7211 3
      vertex -65.4074 -76.7211 -3
    endloop
  endfacet
  facet normal -0.740892 -0.671624 0
    outer loop
      vertex -65.4074 -76.7211 3
      vertex -65.3085 -76.8302 -3
      vertex -65.3085 -76.8302 3
    endloop
  endfacet
  facet normal -0.989174 0.146746 0
    outer loop
      vertex -64.9969 -78.0744 -3
      vertex -64.9753 -77.9288 3
      vertex -64.9753 -77.9288 -3
    endloop
  endfacet
  facet normal -0.989174 0.146746 0
    outer loop
      vertex -64.9753 -77.9288 3
      vertex -64.9969 -78.0744 -3
      vertex -64.9969 -78.0744 3
    endloop
  endfacet
  facet normal -0.803088 0.595861 0
    outer loop
      vertex -65.3085 -78.7333 -3
      vertex -65.2208 -78.6151 3
      vertex -65.2208 -78.6151 -3
    endloop
  endfacet
  facet normal -0.803088 0.595861 0
    outer loop
      vertex -65.2208 -78.6151 3
      vertex -65.3085 -78.7333 -3
      vertex -65.3085 -78.7333 3
    endloop
  endfacet
  facet normal 0.740892 0.671624 0
    outer loop
      vertex -67.5287 -78.8424 3
      vertex -67.6276 -78.7333 -3
      vertex -67.6276 -78.7333 3
    endloop
  endfacet
  facet normal 0.740892 0.671624 0
    outer loop
      vertex -67.6276 -78.7333 -3
      vertex -67.5287 -78.8424 3
      vertex -67.5287 -78.8424 -3
    endloop
  endfacet
  facet normal 0.803413 -0.595423 0
    outer loop
      vertex -67.7152 -76.9484 3
      vertex -67.6276 -76.8302 -3
      vertex -67.6276 -76.8302 3
    endloop
  endfacet
  facet normal 0.803413 -0.595423 0
    outer loop
      vertex -67.6276 -76.8302 -3
      vertex -67.7152 -76.9484 3
      vertex -67.7152 -76.9484 -3
    endloop
  endfacet
  facet normal 0.970143 -0.242536 0
    outer loop
      vertex -67.9392 -77.4891 3
      vertex -67.9035 -77.3463 -3
      vertex -67.9035 -77.3463 3
    endloop
  endfacet
  facet normal 0.970143 -0.242536 0
    outer loop
      vertex -67.9035 -77.3463 -3
      vertex -67.9392 -77.4891 3
      vertex -67.9392 -77.4891 -3
    endloop
  endfacet
  facet normal 0.998803 -0.0489209 0
    outer loop
      vertex -67.968 -77.7817 3
      vertex -67.9608 -77.6347 -3
      vertex -67.9608 -77.6347 3
    endloop
  endfacet
  facet normal 0.998803 -0.0489209 0
    outer loop
      vertex -67.9608 -77.6347 -3
      vertex -67.968 -77.7817 3
      vertex -67.968 -77.7817 -3
    endloop
  endfacet
  facet normal 0.989174 -0.146746 0
    outer loop
      vertex -67.9608 -77.6347 3
      vertex -67.9392 -77.4891 -3
      vertex -67.9392 -77.4891 3
    endloop
  endfacet
  facet normal 0.989174 -0.146746 0
    outer loop
      vertex -67.9392 -77.4891 -3
      vertex -67.9608 -77.6347 3
      vertex -67.9608 -77.6347 -3
    endloop
  endfacet
  facet normal 0.989174 0.146746 0
    outer loop
      vertex -67.9392 -78.0744 3
      vertex -67.9608 -77.9288 -3
      vertex -67.9608 -77.9288 3
    endloop
  endfacet
  facet normal 0.989174 0.146746 0
    outer loop
      vertex -67.9608 -77.9288 -3
      vertex -67.9392 -78.0744 3
      vertex -67.9392 -78.0744 -3
    endloop
  endfacet
  facet normal 0.970143 0.242536 0
    outer loop
      vertex -67.9035 -78.2172 3
      vertex -67.9392 -78.0744 -3
      vertex -67.9392 -78.0744 3
    endloop
  endfacet
  facet normal 0.970143 0.242536 0
    outer loop
      vertex -67.9392 -78.0744 -3
      vertex -67.9035 -78.2172 3
      vertex -67.9035 -78.2172 -3
    endloop
  endfacet
  facet normal 0.146746 -0.989174 0
    outer loop
      vertex -66.7607 -76.3106 -3
      vertex -66.6151 -76.289 3
      vertex -66.7607 -76.3106 3
    endloop
  endfacet
  facet normal 0.146746 -0.989174 0
    outer loop
      vertex -66.6151 -76.289 3
      vertex -66.7607 -76.3106 -3
      vertex -66.6151 -76.289 -3
    endloop
  endfacet
  facet normal 0.242536 -0.970143 0
    outer loop
      vertex -66.9035 -76.3463 -3
      vertex -66.7607 -76.3106 3
      vertex -66.9035 -76.3463 3
    endloop
  endfacet
  facet normal 0.242536 -0.970143 0
    outer loop
      vertex -66.7607 -76.3106 3
      vertex -66.9035 -76.3463 -3
      vertex -66.7607 -76.3106 -3
    endloop
  endfacet
  facet normal 0.336939 -0.941527 0
    outer loop
      vertex -67.0421 -76.3959 -3
      vertex -66.9035 -76.3463 3
      vertex -67.0421 -76.3959 3
    endloop
  endfacet
  facet normal 0.336939 -0.941527 0
    outer loop
      vertex -66.9035 -76.3463 3
      vertex -67.0421 -76.3959 -3
      vertex -66.9035 -76.3463 -3
    endloop
  endfacet
  facet normal 0.671624 -0.740892 0
    outer loop
      vertex -67.5287 -76.7211 -3
      vertex -67.4196 -76.6222 3
      vertex -67.5287 -76.7211 3
    endloop
  endfacet
  facet normal 0.671624 -0.740892 0
    outer loop
      vertex -67.4196 -76.6222 3
      vertex -67.5287 -76.7211 -3
      vertex -67.4196 -76.6222 -3
    endloop
  endfacet
  facet normal -0.242536 -0.970143 0
    outer loop
      vertex -66.1754 -76.3106 -3
      vertex -66.0326 -76.3463 3
      vertex -66.1754 -76.3106 3
    endloop
  endfacet
  facet normal -0.242536 -0.970143 -0
    outer loop
      vertex -66.0326 -76.3463 3
      vertex -66.1754 -76.3106 -3
      vertex -66.0326 -76.3463 -3
    endloop
  endfacet
  facet normal -0.336939 -0.941527 0
    outer loop
      vertex -66.0326 -76.3463 -3
      vertex -65.894 -76.3959 3
      vertex -66.0326 -76.3463 3
    endloop
  endfacet
  facet normal -0.336939 -0.941527 -0
    outer loop
      vertex -65.894 -76.3959 3
      vertex -66.0326 -76.3463 -3
      vertex -65.894 -76.3959 -3
    endloop
  endfacet
  facet normal -0.595536 -0.803329 0
    outer loop
      vertex -65.6347 -76.5345 -3
      vertex -65.5164 -76.6222 3
      vertex -65.6347 -76.5345 3
    endloop
  endfacet
  facet normal -0.595536 -0.803329 -0
    outer loop
      vertex -65.5164 -76.6222 3
      vertex -65.6347 -76.5345 -3
      vertex -65.5164 -76.6222 -3
    endloop
  endfacet
  facet normal -0.514396 0.857553 0
    outer loop
      vertex -65.6347 -79.0289 -3
      vertex -65.7609 -79.1046 3
      vertex -65.6347 -79.0289 3
    endloop
  endfacet
  facet normal -0.514396 0.857553 0
    outer loop
      vertex -65.7609 -79.1046 3
      vertex -65.6347 -79.0289 -3
      vertex -65.7609 -79.1046 -3
    endloop
  endfacet
  facet normal -0.336939 0.941527 0
    outer loop
      vertex -65.894 -79.1676 -3
      vertex -66.0326 -79.2172 3
      vertex -65.894 -79.1676 3
    endloop
  endfacet
  facet normal -0.336939 0.941527 0
    outer loop
      vertex -66.0326 -79.2172 3
      vertex -65.894 -79.1676 -3
      vertex -66.0326 -79.2172 -3
    endloop
  endfacet
  facet normal -0.989174 -0.146746 0
    outer loop
      vertex -64.9753 -77.6347 -3
      vertex -64.9969 -77.4891 3
      vertex -64.9969 -77.4891 -3
    endloop
  endfacet
  facet normal -0.989174 -0.146746 0
    outer loop
      vertex -64.9969 -77.4891 3
      vertex -64.9753 -77.6347 -3
      vertex -64.9753 -77.6347 3
    endloop
  endfacet
  facet normal -0.858032 -0.513596 0
    outer loop
      vertex -65.1452 -77.0747 -3
      vertex -65.2208 -76.9484 3
      vertex -65.2208 -76.9484 -3
    endloop
  endfacet
  facet normal -0.858032 -0.513596 0
    outer loop
      vertex -65.2208 -76.9484 3
      vertex -65.1452 -77.0747 -3
      vertex -65.1452 -77.0747 3
    endloop
  endfacet
  facet normal -0.671962 -0.740585 0
    outer loop
      vertex -65.5164 -76.6222 -3
      vertex -65.4074 -76.7211 3
      vertex -65.5164 -76.6222 3
    endloop
  endfacet
  facet normal -0.671962 -0.740585 -0
    outer loop
      vertex -65.4074 -76.7211 3
      vertex -65.5164 -76.6222 -3
      vertex -65.4074 -76.7211 -3
    endloop
  endfacet
  facet normal -0.998771 0.0495651 0
    outer loop
      vertex -64.9753 -77.9288 -3
      vertex -64.968 -77.7817 3
      vertex -64.968 -77.7817 -3
    endloop
  endfacet
  facet normal -0.998771 0.0495651 0
    outer loop
      vertex -64.968 -77.7817 3
      vertex -64.9753 -77.9288 -3
      vertex -64.9753 -77.9288 3
    endloop
  endfacet
  facet normal -0.970143 0.242536 0
    outer loop
      vertex -65.0326 -78.2172 -3
      vertex -64.9969 -78.0744 3
      vertex -64.9969 -78.0744 -3
    endloop
  endfacet
  facet normal -0.970143 0.242536 0
    outer loop
      vertex -64.9969 -78.0744 3
      vertex -65.0326 -78.2172 -3
      vertex -65.0326 -78.2172 3
    endloop
  endfacet
  facet normal -0.903738 0.428086 0
    outer loop
      vertex -65.1452 -78.4888 -3
      vertex -65.0822 -78.3558 3
      vertex -65.0822 -78.3558 -3
    endloop
  endfacet
  facet normal -0.903738 0.428086 0
    outer loop
      vertex -65.0822 -78.3558 3
      vertex -65.1452 -78.4888 -3
      vertex -65.1452 -78.4888 3
    endloop
  endfacet
  facet normal 0.857733 -0.514096 0
    outer loop
      vertex -67.7909 -77.0747 3
      vertex -67.7152 -76.9484 -3
      vertex -67.7152 -76.9484 3
    endloop
  endfacet
  facet normal 0.857733 -0.514096 0
    outer loop
      vertex -67.7152 -76.9484 -3
      vertex -67.7909 -77.0747 3
      vertex -67.7909 -77.0747 -3
    endloop
  endfacet
  facet normal 0.941527 -0.336939 0
    outer loop
      vertex -67.9035 -77.3463 3
      vertex -67.8539 -77.2077 -3
      vertex -67.8539 -77.2077 3
    endloop
  endfacet
  facet normal 0.941527 -0.336939 0
    outer loop
      vertex -67.8539 -77.2077 -3
      vertex -67.9035 -77.3463 3
      vertex -67.9035 -77.3463 -3
    endloop
  endfacet
  facet normal 0.903738 0.428086 0
    outer loop
      vertex -67.7909 -78.4888 3
      vertex -67.8539 -78.3558 -3
      vertex -67.8539 -78.3558 3
    endloop
  endfacet
  facet normal 0.903738 0.428086 0
    outer loop
      vertex -67.8539 -78.3558 -3
      vertex -67.7909 -78.4888 3
      vertex -67.7909 -78.4888 -3
    endloop
  endfacet
  facet normal 0.803413 0.595423 0
    outer loop
      vertex -67.6276 -78.7333 3
      vertex -67.7152 -78.6151 -3
      vertex -67.7152 -78.6151 3
    endloop
  endfacet
  facet normal 0.803413 0.595423 0
    outer loop
      vertex -67.7152 -78.6151 -3
      vertex -67.6276 -78.7333 3
      vertex -67.6276 -78.7333 -3
    endloop
  endfacet
  facet normal 0.428086 -0.903738 0
    outer loop
      vertex -67.1751 -76.4589 -3
      vertex -67.0421 -76.3959 3
      vertex -67.1751 -76.4589 3
    endloop
  endfacet
  facet normal 0.428086 -0.903738 0
    outer loop
      vertex -67.0421 -76.3959 3
      vertex -67.1751 -76.4589 -3
      vertex -67.0421 -76.3959 -3
    endloop
  endfacet
  facet normal 0.595861 -0.803088 0
    outer loop
      vertex -67.4196 -76.6222 -3
      vertex -67.3014 -76.5345 3
      vertex -67.4196 -76.6222 3
    endloop
  endfacet
  facet normal 0.595861 -0.803088 0
    outer loop
      vertex -67.3014 -76.5345 3
      vertex -67.4196 -76.6222 -3
      vertex -67.3014 -76.5345 -3
    endloop
  endfacet
  facet normal -0.146746 -0.989174 0
    outer loop
      vertex -66.321 -76.289 -3
      vertex -66.1754 -76.3106 3
      vertex -66.321 -76.289 3
    endloop
  endfacet
  facet normal -0.146746 -0.989174 -0
    outer loop
      vertex -66.1754 -76.3106 3
      vertex -66.321 -76.289 -3
      vertex -66.1754 -76.3106 -3
    endloop
  endfacet
  facet normal -0.513896 -0.857853 0
    outer loop
      vertex -65.7609 -76.4589 -3
      vertex -65.6347 -76.5345 3
      vertex -65.7609 -76.4589 3
    endloop
  endfacet
  facet normal -0.513896 -0.857853 -0
    outer loop
      vertex -65.6347 -76.5345 3
      vertex -65.7609 -76.4589 -3
      vertex -65.6347 -76.5345 -3
    endloop
  endfacet
  facet normal 0.998797 -0.0490387 0
    outer loop
      vertex 93.7047 -79.35 3
      vertex 93.7817 -77.7817 -3
      vertex 93.7817 -77.7817 3
    endloop
  endfacet
  facet normal 0.998797 -0.0490387 0
    outer loop
      vertex 93.7817 -77.7817 -3
      vertex 93.7047 -79.35 3
      vertex 93.7047 -79.35 -3
    endloop
  endfacet
  facet normal 0.740994 -0.671512 0
    outer loop
      vertex 89.0955 -89.0955 3
      vertex 90.1499 -87.932 -3
      vertex 90.1499 -87.932 3
    endloop
  endfacet
  facet normal 0.740994 -0.671512 0
    outer loop
      vertex 90.1499 -87.932 -3
      vertex 89.0955 -89.0955 3
      vertex 89.0955 -89.0955 -3
    endloop
  endfacet
  facet normal 0.72299 0.690859 0
    outer loop
      vertex 89.0955 -66.468 3
      vertex 27.8817 -2.40718 -3
      vertex 27.8817 -2.40718 3
    endloop
  endfacet
  facet normal 0.72299 0.690859 0
    outer loop
      vertex 27.8817 -2.40718 -3
      vertex 89.0955 -66.468 3
      vertex 89.0955 -66.468 -3
    endloop
  endfacet
  facet normal 0.970034 0.24297 0
    outer loop
      vertex 93.4743 -74.6603 3
      vertex 93.0928 -73.1372 -3
      vertex 93.0928 -73.1372 3
    endloop
  endfacet
  facet normal 0.970034 0.24297 0
    outer loop
      vertex 93.0928 -73.1372 -3
      vertex 93.4743 -74.6603 3
      vertex 93.4743 -74.6603 -3
    endloop
  endfacet
  facet normal -0.690859 -0.72299 0
    outer loop
      vertex 2.40718 -27.8817 -3
      vertex 66.468 -89.0955 3
      vertex 2.40718 -27.8817 3
    endloop
  endfacet
  facet normal -0.690859 -0.72299 -0
    outer loop
      vertex 66.468 -89.0955 3
      vertex 2.40718 -27.8817 -3
      vertex 66.468 -89.0955 -3
    endloop
  endfacet
  facet normal 0.85774 0.514084 0
    outer loop
      vertex 91.8925 -70.2394 3
      vertex 91.0853 -68.8926 -3
      vertex 91.0853 -68.8926 3
    endloop
  endfacet
  facet normal 0.85774 0.514084 0
    outer loop
      vertex 91.0853 -68.8926 -3
      vertex 91.8925 -70.2394 3
      vertex 91.8925 -70.2394 -3
    endloop
  endfacet
  facet normal 0.94154 -0.336901 0
    outer loop
      vertex 92.5638 -83.9047 3
      vertex 93.0928 -82.4263 -3
      vertex 93.0928 -82.4263 3
    endloop
  endfacet
  facet normal 0.94154 -0.336901 0
    outer loop
      vertex 93.0928 -82.4263 -3
      vertex 92.5638 -83.9047 3
      vertex 92.5638 -83.9047 -3
    endloop
  endfacet
  facet normal 0.595742 -0.803176 0
    outer loop
      vertex 86.6709 -91.0853 -3
      vertex 87.932 -90.1499 3
      vertex 86.6709 -91.0853 3
    endloop
  endfacet
  facet normal 0.595742 -0.803176 0
    outer loop
      vertex 87.932 -90.1499 3
      vertex 86.6709 -91.0853 -3
      vertex 87.932 -90.1499 -3
    endloop
  endfacet
  facet normal -0.671512 -0.740994 0
    outer loop
      vertex 66.468 -89.0955 -3
      vertex 67.6315 -90.1499 3
      vertex 66.468 -89.0955 3
    endloop
  endfacet
  facet normal -0.671512 -0.740994 -0
    outer loop
      vertex 67.6315 -90.1499 3
      vertex 66.468 -89.0955 -3
      vertex 67.6315 -90.1499 -3
    endloop
  endfacet
  facet normal 0.903996 0.427541 0
    outer loop
      vertex 92.5638 -71.6588 3
      vertex 91.8925 -70.2394 -3
      vertex 91.8925 -70.2394 3
    endloop
  endfacet
  facet normal 0.903996 0.427541 0
    outer loop
      vertex 91.8925 -70.2394 -3
      vertex 92.5638 -71.6588 3
      vertex 92.5638 -71.6588 -3
    endloop
  endfacet
  facet normal 0.740994 0.671512 0
    outer loop
      vertex 90.1499 -67.6315 3
      vertex 89.0955 -66.468 -3
      vertex 89.0955 -66.468 3
    endloop
  endfacet
  facet normal 0.740994 0.671512 0
    outer loop
      vertex 89.0955 -66.468 -3
      vertex 90.1499 -67.6315 3
      vertex 90.1499 -67.6315 -3
    endloop
  endfacet
  facet normal 0.803176 -0.595742 0
    outer loop
      vertex 90.1499 -87.932 3
      vertex 91.0853 -86.6709 -3
      vertex 91.0853 -86.6709 3
    endloop
  endfacet
  facet normal 0.803176 -0.595742 0
    outer loop
      vertex 91.0853 -86.6709 -3
      vertex 90.1499 -87.932 3
      vertex 90.1499 -87.932 -3
    endloop
  endfacet
  facet normal 0.989176 -0.146733 0
    outer loop
      vertex 93.4743 -80.9032 3
      vertex 93.7047 -79.35 -3
      vertex 93.7047 -79.35 3
    endloop
  endfacet
  facet normal 0.989176 -0.146733 0
    outer loop
      vertex 93.7047 -79.35 -3
      vertex 93.4743 -80.9032 3
      vertex 93.4743 -80.9032 -3
    endloop
  endfacet
  facet normal 0.970034 -0.24297 0
    outer loop
      vertex 93.0928 -82.4263 3
      vertex 93.4743 -80.9032 -3
      vertex 93.4743 -80.9032 3
    endloop
  endfacet
  facet normal 0.970034 -0.24297 0
    outer loop
      vertex 93.4743 -80.9032 -3
      vertex 93.0928 -82.4263 3
      vertex 93.0928 -82.4263 -3
    endloop
  endfacet
  facet normal -0.146733 -0.989176 0
    outer loop
      vertex 74.6603 -93.4743 -3
      vertex 76.2135 -93.7047 3
      vertex 74.6603 -93.4743 3
    endloop
  endfacet
  facet normal -0.146733 -0.989176 -0
    outer loop
      vertex 76.2135 -93.7047 3
      vertex 74.6603 -93.4743 -3
      vertex 76.2135 -93.7047 -3
    endloop
  endfacet
  facet normal 0.903996 -0.427541 0
    outer loop
      vertex 91.8925 -85.3241 3
      vertex 92.5638 -83.9047 -3
      vertex 92.5638 -83.9047 3
    endloop
  endfacet
  facet normal 0.903996 -0.427541 0
    outer loop
      vertex 92.5638 -83.9047 -3
      vertex 91.8925 -85.3241 3
      vertex 91.8925 -85.3241 -3
    endloop
  endfacet
  facet normal 0.85774 -0.514084 0
    outer loop
      vertex 91.0853 -86.6709 3
      vertex 91.8925 -85.3241 -3
      vertex 91.8925 -85.3241 3
    endloop
  endfacet
  facet normal 0.85774 -0.514084 0
    outer loop
      vertex 91.8925 -85.3241 -3
      vertex 91.0853 -86.6709 3
      vertex 91.0853 -86.6709 -3
    endloop
  endfacet
  facet normal 0.671512 -0.740994 0
    outer loop
      vertex 87.932 -90.1499 -3
      vertex 89.0955 -89.0955 3
      vertex 87.932 -90.1499 3
    endloop
  endfacet
  facet normal 0.671512 -0.740994 0
    outer loop
      vertex 89.0955 -89.0955 3
      vertex 87.932 -90.1499 -3
      vertex 89.0955 -89.0955 -3
    endloop
  endfacet
  facet normal 0.94154 0.336901 0
    outer loop
      vertex 93.0928 -73.1372 3
      vertex 92.5638 -71.6588 -3
      vertex 92.5638 -71.6588 3
    endloop
  endfacet
  facet normal 0.94154 0.336901 0
    outer loop
      vertex 92.5638 -71.6588 -3
      vertex 93.0928 -73.1372 3
      vertex 93.0928 -73.1372 -3
    endloop
  endfacet
  facet normal 0.989176 0.146733 0
    outer loop
      vertex 93.7047 -76.2135 3
      vertex 93.4743 -74.6603 -3
      vertex 93.4743 -74.6603 3
    endloop
  endfacet
  facet normal 0.989176 0.146733 0
    outer loop
      vertex 93.4743 -74.6603 -3
      vertex 93.7047 -76.2135 3
      vertex 93.7047 -76.2135 -3
    endloop
  endfacet
  facet normal 0.998797 0.0490418 0
    outer loop
      vertex 93.7817 -77.7817 3
      vertex 93.7047 -76.2135 -3
      vertex 93.7047 -76.2135 3
    endloop
  endfacet
  facet normal 0.998797 0.0490418 0
    outer loop
      vertex 93.7047 -76.2135 -3
      vertex 93.7817 -77.7817 3
      vertex 93.7817 -77.7817 -3
    endloop
  endfacet
  facet normal 0.514084 -0.85774 0
    outer loop
      vertex 85.3241 -91.8925 -3
      vertex 86.6709 -91.0853 3
      vertex 85.3241 -91.8925 3
    endloop
  endfacet
  facet normal 0.514084 -0.85774 0
    outer loop
      vertex 86.6709 -91.0853 3
      vertex 85.3241 -91.8925 -3
      vertex 86.6709 -91.0853 -3
    endloop
  endfacet
  facet normal 0.427541 -0.903996 0
    outer loop
      vertex 83.9047 -92.5638 -3
      vertex 85.3241 -91.8925 3
      vertex 83.9047 -92.5638 3
    endloop
  endfacet
  facet normal 0.427541 -0.903996 0
    outer loop
      vertex 85.3241 -91.8925 3
      vertex 83.9047 -92.5638 -3
      vertex 85.3241 -91.8925 -3
    endloop
  endfacet
  facet normal 0.803176 0.595742 0
    outer loop
      vertex 91.0853 -68.8926 3
      vertex 90.1499 -67.6315 -3
      vertex 90.1499 -67.6315 3
    endloop
  endfacet
  facet normal 0.803176 0.595742 0
    outer loop
      vertex 90.1499 -67.6315 -3
      vertex 91.0853 -68.8926 3
      vertex 91.0853 -68.8926 -3
    endloop
  endfacet
  facet normal 0.146733 -0.989176 0
    outer loop
      vertex 79.35 -93.7047 -3
      vertex 80.9032 -93.4743 3
      vertex 79.35 -93.7047 3
    endloop
  endfacet
  facet normal 0.146733 -0.989176 0
    outer loop
      vertex 80.9032 -93.4743 3
      vertex 79.35 -93.7047 -3
      vertex 80.9032 -93.4743 -3
    endloop
  endfacet
  facet normal -0.514084 -0.85774 0
    outer loop
      vertex 68.8926 -91.0853 -3
      vertex 70.2394 -91.8925 3
      vertex 68.8926 -91.0853 3
    endloop
  endfacet
  facet normal -0.514084 -0.85774 -0
    outer loop
      vertex 70.2394 -91.8925 3
      vertex 68.8926 -91.0853 -3
      vertex 70.2394 -91.8925 -3
    endloop
  endfacet
  facet normal -0.595742 -0.803176 0
    outer loop
      vertex 67.6315 -90.1499 -3
      vertex 68.8926 -91.0853 3
      vertex 67.6315 -90.1499 3
    endloop
  endfacet
  facet normal -0.595742 -0.803176 -0
    outer loop
      vertex 68.8926 -91.0853 3
      vertex 67.6315 -90.1499 -3
      vertex 68.8926 -91.0853 -3
    endloop
  endfacet
  facet normal -0.427541 -0.903996 0
    outer loop
      vertex 70.2394 -91.8925 -3
      vertex 71.6588 -92.5638 3
      vertex 70.2394 -91.8925 3
    endloop
  endfacet
  facet normal -0.427541 -0.903996 -0
    outer loop
      vertex 71.6588 -92.5638 3
      vertex 70.2394 -91.8925 -3
      vertex 71.6588 -92.5638 -3
    endloop
  endfacet
  facet normal -0.336901 -0.94154 0
    outer loop
      vertex 71.6588 -92.5638 -3
      vertex 73.1372 -93.0928 3
      vertex 71.6588 -92.5638 3
    endloop
  endfacet
  facet normal -0.336901 -0.94154 -0
    outer loop
      vertex 73.1372 -93.0928 3
      vertex 71.6588 -92.5638 -3
      vertex 73.1372 -93.0928 -3
    endloop
  endfacet
  facet normal 0.336901 -0.94154 0
    outer loop
      vertex 82.4263 -93.0928 -3
      vertex 83.9047 -92.5638 3
      vertex 82.4263 -93.0928 3
    endloop
  endfacet
  facet normal 0.336901 -0.94154 0
    outer loop
      vertex 83.9047 -92.5638 3
      vertex 82.4263 -93.0928 -3
      vertex 83.9047 -92.5638 -3
    endloop
  endfacet
  facet normal 0.24297 -0.970034 0
    outer loop
      vertex 80.9032 -93.4743 -3
      vertex 82.4263 -93.0928 3
      vertex 80.9032 -93.4743 3
    endloop
  endfacet
  facet normal 0.24297 -0.970034 0
    outer loop
      vertex 82.4263 -93.0928 3
      vertex 80.9032 -93.4743 -3
      vertex 82.4263 -93.0928 -3
    endloop
  endfacet
  facet normal 0.0490387 -0.998797 0
    outer loop
      vertex 77.7817 -93.7817 -3
      vertex 79.35 -93.7047 3
      vertex 77.7817 -93.7817 3
    endloop
  endfacet
  facet normal 0.0490387 -0.998797 0
    outer loop
      vertex 79.35 -93.7047 3
      vertex 77.7817 -93.7817 -3
      vertex 79.35 -93.7047 -3
    endloop
  endfacet
  facet normal -0.0490418 -0.998797 0
    outer loop
      vertex 76.2135 -93.7047 -3
      vertex 77.7817 -93.7817 3
      vertex 76.2135 -93.7047 3
    endloop
  endfacet
  facet normal -0.0490418 -0.998797 -0
    outer loop
      vertex 77.7817 -93.7817 3
      vertex 76.2135 -93.7047 -3
      vertex 77.7817 -93.7817 -3
    endloop
  endfacet
  facet normal -0.24297 -0.970034 0
    outer loop
      vertex 73.1372 -93.0928 -3
      vertex 74.6603 -93.4743 3
      vertex 73.1372 -93.0928 3
    endloop
  endfacet
  facet normal -0.24297 -0.970034 -0
    outer loop
      vertex 74.6603 -93.4743 3
      vertex 73.1372 -93.0928 -3
      vertex 74.6603 -93.4743 -3
    endloop
  endfacet
  facet normal -0.707107 0.707107 0
    outer loop
      vertex 46.7221 -54.3942 -3
      vertex 54.3942 -46.7221 3
      vertex 54.3942 -46.7221 -3
    endloop
  endfacet
  facet normal -0.707107 0.707107 0
    outer loop
      vertex 54.3942 -46.7221 3
      vertex 46.7221 -54.3942 -3
      vertex 46.7221 -54.3942 3
    endloop
  endfacet
  facet normal -0.707107 -0.707107 0
    outer loop
      vertex 54.3942 -46.7221 -3
      vertex 26.2223 -18.5502 3
      vertex 26.2223 -18.5502 -3
    endloop
  endfacet
  facet normal -0.707107 -0.707107 0
    outer loop
      vertex 26.2223 -18.5502 3
      vertex 54.3942 -46.7221 -3
      vertex 54.3942 -46.7221 3
    endloop
  endfacet
  facet normal 0.707107 0.707107 0
    outer loop
      vertex 46.7221 -54.3942 3
      vertex 18.5502 -26.2223 -3
      vertex 18.5502 -26.2223 3
    endloop
  endfacet
  facet normal 0.707107 0.707107 0
    outer loop
      vertex 18.5502 -26.2223 -3
      vertex 46.7221 -54.3942 3
      vertex 46.7221 -54.3942 -3
    endloop
  endfacet
  facet normal -0.970143 0.242536 0
    outer loop
      vertex 67.9035 -78.2172 -3
      vertex 67.9392 -78.0744 3
      vertex 67.9392 -78.0744 -3
    endloop
  endfacet
  facet normal -0.970143 0.242536 0
    outer loop
      vertex 67.9392 -78.0744 3
      vertex 67.9035 -78.2172 -3
      vertex 67.9035 -78.2172 3
    endloop
  endfacet
  facet normal -0.903738 -0.428086 0
    outer loop
      vertex 67.8539 -77.2077 -3
      vertex 67.7909 -77.0747 3
      vertex 67.7909 -77.0747 -3
    endloop
  endfacet
  facet normal -0.903738 -0.428086 0
    outer loop
      vertex 67.7909 -77.0747 3
      vertex 67.8539 -77.2077 -3
      vertex 67.8539 -77.2077 3
    endloop
  endfacet
  facet normal -0.336939 -0.941527 0
    outer loop
      vertex 66.9035 -76.3463 -3
      vertex 67.0421 -76.3959 3
      vertex 66.9035 -76.3463 3
    endloop
  endfacet
  facet normal -0.336939 -0.941527 -0
    outer loop
      vertex 67.0421 -76.3959 3
      vertex 66.9035 -76.3463 -3
      vertex 67.0421 -76.3959 -3
    endloop
  endfacet
  facet normal 0.427824 -0.903862 0
    outer loop
      vertex 65.7609 -76.4589 -3
      vertex 65.894 -76.3959 3
      vertex 65.7609 -76.4589 3
    endloop
  endfacet
  facet normal 0.427824 -0.903862 0
    outer loop
      vertex 65.894 -76.3959 3
      vertex 65.7609 -76.4589 -3
      vertex 65.894 -76.3959 -3
    endloop
  endfacet
  facet normal -0.671624 0.740892 0
    outer loop
      vertex 67.5287 -78.8424 -3
      vertex 67.4196 -78.9413 3
      vertex 67.5287 -78.8424 3
    endloop
  endfacet
  facet normal -0.671624 0.740892 0
    outer loop
      vertex 67.4196 -78.9413 3
      vertex 67.5287 -78.8424 -3
      vertex 67.4196 -78.9413 -3
    endloop
  endfacet
  facet normal -0.740892 -0.671624 0
    outer loop
      vertex 67.6276 -76.8302 -3
      vertex 67.5287 -76.7211 3
      vertex 67.5287 -76.7211 -3
    endloop
  endfacet
  facet normal -0.740892 -0.671624 0
    outer loop
      vertex 67.5287 -76.7211 3
      vertex 67.6276 -76.8302 -3
      vertex 67.6276 -76.8302 3
    endloop
  endfacet
  facet normal -0.970143 -0.242536 0
    outer loop
      vertex 67.9392 -77.4891 -3
      vertex 67.9035 -77.3463 3
      vertex 67.9035 -77.3463 -3
    endloop
  endfacet
  facet normal -0.970143 -0.242536 0
    outer loop
      vertex 67.9035 -77.3463 3
      vertex 67.9392 -77.4891 -3
      vertex 67.9392 -77.4891 3
    endloop
  endfacet
  facet normal 0.671962 -0.740585 0
    outer loop
      vertex 65.4074 -76.7211 -3
      vertex 65.5164 -76.6222 3
      vertex 65.4074 -76.7211 3
    endloop
  endfacet
  facet normal 0.671962 -0.740585 0
    outer loop
      vertex 65.5164 -76.6222 3
      vertex 65.4074 -76.7211 -3
      vertex 65.5164 -76.6222 -3
    endloop
  endfacet
  facet normal 0.146746 -0.989174 0
    outer loop
      vertex 66.1754 -76.3106 -3
      vertex 66.321 -76.289 3
      vertex 66.1754 -76.3106 3
    endloop
  endfacet
  facet normal 0.146746 -0.989174 0
    outer loop
      vertex 66.321 -76.289 3
      vertex 66.1754 -76.3106 -3
      vertex 66.321 -76.289 -3
    endloop
  endfacet
  facet normal -0.513596 -0.858032 0
    outer loop
      vertex 67.1751 -76.4589 -3
      vertex 67.3014 -76.5345 3
      vertex 67.1751 -76.4589 3
    endloop
  endfacet
  facet normal -0.513596 -0.858032 -0
    outer loop
      vertex 67.3014 -76.5345 3
      vertex 67.1751 -76.4589 -3
      vertex 67.3014 -76.5345 -3
    endloop
  endfacet
  facet normal 0.989174 0.146746 0
    outer loop
      vertex 64.9969 -78.0744 3
      vertex 64.9753 -77.9288 -3
      vertex 64.9753 -77.9288 3
    endloop
  endfacet
  facet normal 0.989174 0.146746 0
    outer loop
      vertex 64.9753 -77.9288 -3
      vertex 64.9969 -78.0744 3
      vertex 64.9969 -78.0744 -3
    endloop
  endfacet
  facet normal 0.970143 -0.242536 0
    outer loop
      vertex 64.9969 -77.4891 3
      vertex 65.0326 -77.3463 -3
      vertex 65.0326 -77.3463 3
    endloop
  endfacet
  facet normal 0.970143 -0.242536 0
    outer loop
      vertex 65.0326 -77.3463 -3
      vertex 64.9969 -77.4891 3
      vertex 64.9969 -77.4891 -3
    endloop
  endfacet
  facet normal -0.803413 0.595423 0
    outer loop
      vertex 67.6276 -78.7333 -3
      vertex 67.7152 -78.6151 3
      vertex 67.7152 -78.6151 -3
    endloop
  endfacet
  facet normal -0.803413 0.595423 0
    outer loop
      vertex 67.7152 -78.6151 3
      vertex 67.6276 -78.7333 -3
      vertex 67.6276 -78.7333 3
    endloop
  endfacet
  facet normal -0.989174 0.146746 0
    outer loop
      vertex 67.9392 -78.0744 -3
      vertex 67.9608 -77.9288 3
      vertex 67.9608 -77.9288 -3
    endloop
  endfacet
  facet normal -0.989174 0.146746 0
    outer loop
      vertex 67.9608 -77.9288 3
      vertex 67.9392 -78.0744 -3
      vertex 67.9392 -78.0744 3
    endloop
  endfacet
  facet normal -0.998803 -0.0489209 0
    outer loop
      vertex 67.968 -77.7817 -3
      vertex 67.9608 -77.6347 3
      vertex 67.9608 -77.6347 -3
    endloop
  endfacet
  facet normal -0.998803 -0.0489209 0
    outer loop
      vertex 67.9608 -77.6347 3
      vertex 67.968 -77.7817 -3
      vertex 67.968 -77.7817 3
    endloop
  endfacet
  facet normal -0.671624 -0.740892 0
    outer loop
      vertex 67.4196 -76.6222 -3
      vertex 67.5287 -76.7211 3
      vertex 67.4196 -76.6222 3
    endloop
  endfacet
  facet normal -0.671624 -0.740892 -0
    outer loop
      vertex 67.5287 -76.7211 3
      vertex 67.4196 -76.6222 -3
      vertex 67.5287 -76.7211 -3
    endloop
  endfacet
  facet normal -0.857733 -0.514096 0
    outer loop
      vertex 67.7909 -77.0747 -3
      vertex 67.7152 -76.9484 3
      vertex 67.7152 -76.9484 -3
    endloop
  endfacet
  facet normal -0.857733 -0.514096 0
    outer loop
      vertex 67.7152 -76.9484 3
      vertex 67.7909 -77.0747 -3
      vertex 67.7909 -77.0747 3
    endloop
  endfacet
  facet normal -0.803413 -0.595423 0
    outer loop
      vertex 67.7152 -76.9484 -3
      vertex 67.6276 -76.8302 3
      vertex 67.6276 -76.8302 -3
    endloop
  endfacet
  facet normal -0.803413 -0.595423 0
    outer loop
      vertex 67.6276 -76.8302 3
      vertex 67.7152 -76.9484 -3
      vertex 67.7152 -76.9484 3
    endloop
  endfacet
  facet normal -0.941527 -0.336939 0
    outer loop
      vertex 67.9035 -77.3463 -3
      vertex 67.8539 -77.2077 3
      vertex 67.8539 -77.2077 -3
    endloop
  endfacet
  facet normal -0.941527 -0.336939 0
    outer loop
      vertex 67.8539 -77.2077 3
      vertex 67.9035 -77.3463 -3
      vertex 67.9035 -77.3463 3
    endloop
  endfacet
  facet normal -0.989174 -0.146746 0
    outer loop
      vertex 67.9608 -77.6347 -3
      vertex 67.9392 -77.4891 3
      vertex 67.9392 -77.4891 -3
    endloop
  endfacet
  facet normal -0.989174 -0.146746 0
    outer loop
      vertex 67.9392 -77.4891 3
      vertex 67.9608 -77.6347 -3
      vertex 67.9608 -77.6347 3
    endloop
  endfacet
  facet normal 0.513896 -0.857853 0
    outer loop
      vertex 65.6347 -76.5345 -3
      vertex 65.7609 -76.4589 3
      vertex 65.6347 -76.5345 3
    endloop
  endfacet
  facet normal 0.513896 -0.857853 0
    outer loop
      vertex 65.7609 -76.4589 3
      vertex 65.6347 -76.5345 -3
      vertex 65.7609 -76.4589 -3
    endloop
  endfacet
  facet normal 0.595536 -0.803329 0
    outer loop
      vertex 65.5164 -76.6222 -3
      vertex 65.6347 -76.5345 3
      vertex 65.5164 -76.6222 3
    endloop
  endfacet
  facet normal 0.595536 -0.803329 0
    outer loop
      vertex 65.6347 -76.5345 3
      vertex 65.5164 -76.6222 -3
      vertex 65.6347 -76.5345 -3
    endloop
  endfacet
  facet normal 0.336939 -0.941527 0
    outer loop
      vertex 65.894 -76.3959 -3
      vertex 66.0326 -76.3463 3
      vertex 65.894 -76.3959 3
    endloop
  endfacet
  facet normal 0.336939 -0.941527 0
    outer loop
      vertex 66.0326 -76.3463 3
      vertex 65.894 -76.3959 -3
      vertex 66.0326 -76.3463 -3
    endloop
  endfacet
  facet normal 0.242536 -0.970143 0
    outer loop
      vertex 66.0326 -76.3463 -3
      vertex 66.1754 -76.3106 3
      vertex 66.0326 -76.3463 3
    endloop
  endfacet
  facet normal 0.242536 -0.970143 0
    outer loop
      vertex 66.1754 -76.3106 3
      vertex 66.0326 -76.3463 -3
      vertex 66.1754 -76.3106 -3
    endloop
  endfacet
  facet normal -0.428086 -0.903738 0
    outer loop
      vertex 67.0421 -76.3959 -3
      vertex 67.1751 -76.4589 3
      vertex 67.0421 -76.3959 3
    endloop
  endfacet
  facet normal -0.428086 -0.903738 -0
    outer loop
      vertex 67.1751 -76.4589 3
      vertex 67.0421 -76.3959 -3
      vertex 67.1751 -76.4589 -3
    endloop
  endfacet
  facet normal -0.595861 -0.803088 0
    outer loop
      vertex 67.3014 -76.5345 -3
      vertex 67.4196 -76.6222 3
      vertex 67.3014 -76.5345 3
    endloop
  endfacet
  facet normal -0.595861 -0.803088 -0
    outer loop
      vertex 67.4196 -76.6222 3
      vertex 67.3014 -76.5345 -3
      vertex 67.4196 -76.6222 -3
    endloop
  endfacet
  facet normal -0.146746 -0.989174 0
    outer loop
      vertex 66.6151 -76.289 -3
      vertex 66.7607 -76.3106 3
      vertex 66.6151 -76.289 3
    endloop
  endfacet
  facet normal -0.146746 -0.989174 -0
    outer loop
      vertex 66.7607 -76.3106 3
      vertex 66.6151 -76.289 -3
      vertex 66.7607 -76.3106 -3
    endloop
  endfacet
  facet normal -0.0495651 -0.998771 0
    outer loop
      vertex 66.468 -76.2817 -3
      vertex 66.6151 -76.289 3
      vertex 66.468 -76.2817 3
    endloop
  endfacet
  facet normal -0.0495651 -0.998771 -0
    outer loop
      vertex 66.6151 -76.289 3
      vertex 66.468 -76.2817 -3
      vertex 66.6151 -76.289 -3
    endloop
  endfacet
  facet normal -0.242536 -0.970143 0
    outer loop
      vertex 66.7607 -76.3106 -3
      vertex 66.9035 -76.3463 3
      vertex 66.7607 -76.3106 3
    endloop
  endfacet
  facet normal -0.242536 -0.970143 -0
    outer loop
      vertex 66.9035 -76.3463 3
      vertex 66.7607 -76.3106 -3
      vertex 66.9035 -76.3463 -3
    endloop
  endfacet
  facet normal 0.0495987 -0.998769 0
    outer loop
      vertex 66.321 -76.289 -3
      vertex 66.468 -76.2817 3
      vertex 66.321 -76.289 3
    endloop
  endfacet
  facet normal 0.0495987 -0.998769 0
    outer loop
      vertex 66.468 -76.2817 3
      vertex 66.321 -76.289 -3
      vertex 66.468 -76.2817 -3
    endloop
  endfacet
  facet normal -0.740892 0.671624 0
    outer loop
      vertex 67.5287 -78.8424 -3
      vertex 67.6276 -78.7333 3
      vertex 67.6276 -78.7333 -3
    endloop
  endfacet
  facet normal -0.740892 0.671624 0
    outer loop
      vertex 67.6276 -78.7333 3
      vertex 67.5287 -78.8424 -3
      vertex 67.5287 -78.8424 3
    endloop
  endfacet
  facet normal -0.514096 0.857733 0
    outer loop
      vertex 67.3014 -79.0289 -3
      vertex 67.1751 -79.1046 3
      vertex 67.3014 -79.0289 3
    endloop
  endfacet
  facet normal -0.514096 0.857733 0
    outer loop
      vertex 67.1751 -79.1046 3
      vertex 67.3014 -79.0289 -3
      vertex 67.1751 -79.1046 -3
    endloop
  endfacet
  facet normal 0.671962 0.740585 -0
    outer loop
      vertex 65.5164 -78.9413 -3
      vertex 65.4074 -78.8424 3
      vertex 65.5164 -78.9413 3
    endloop
  endfacet
  facet normal 0.671962 0.740585 0
    outer loop
      vertex 65.4074 -78.8424 3
      vertex 65.5164 -78.9413 -3
      vertex 65.4074 -78.8424 -3
    endloop
  endfacet
  facet normal 0.903738 -0.428086 0
    outer loop
      vertex 65.0822 -77.2077 3
      vertex 65.1452 -77.0747 -3
      vertex 65.1452 -77.0747 3
    endloop
  endfacet
  facet normal 0.903738 -0.428086 0
    outer loop
      vertex 65.1452 -77.0747 -3
      vertex 65.0822 -77.2077 3
      vertex 65.0822 -77.2077 -3
    endloop
  endfacet
  facet normal 0.998769 -0.0495987 0
    outer loop
      vertex 64.968 -77.7817 3
      vertex 64.9753 -77.6347 -3
      vertex 64.9753 -77.6347 3
    endloop
  endfacet
  facet normal 0.998769 -0.0495987 0
    outer loop
      vertex 64.9753 -77.6347 -3
      vertex 64.968 -77.7817 3
      vertex 64.968 -77.7817 -3
    endloop
  endfacet
  facet normal -0.941527 0.336939 0
    outer loop
      vertex 67.8539 -78.3558 -3
      vertex 67.9035 -78.2172 3
      vertex 67.9035 -78.2172 -3
    endloop
  endfacet
  facet normal -0.941527 0.336939 0
    outer loop
      vertex 67.9035 -78.2172 3
      vertex 67.8539 -78.3558 -3
      vertex 67.8539 -78.3558 3
    endloop
  endfacet
  facet normal -0.903738 0.428086 0
    outer loop
      vertex 67.7909 -78.4888 -3
      vertex 67.8539 -78.3558 3
      vertex 67.8539 -78.3558 -3
    endloop
  endfacet
  facet normal -0.903738 0.428086 0
    outer loop
      vertex 67.8539 -78.3558 3
      vertex 67.7909 -78.4888 -3
      vertex 67.7909 -78.4888 3
    endloop
  endfacet
  facet normal -0.857733 0.514096 0
    outer loop
      vertex 67.7152 -78.6151 -3
      vertex 67.7909 -78.4888 3
      vertex 67.7909 -78.4888 -3
    endloop
  endfacet
  facet normal -0.857733 0.514096 0
    outer loop
      vertex 67.7909 -78.4888 3
      vertex 67.7152 -78.6151 -3
      vertex 67.7152 -78.6151 3
    endloop
  endfacet
  facet normal -0.998804 0.0488878 0
    outer loop
      vertex 67.9608 -77.9288 -3
      vertex 67.968 -77.7817 3
      vertex 67.968 -77.7817 -3
    endloop
  endfacet
  facet normal -0.998804 0.0488878 0
    outer loop
      vertex 67.968 -77.7817 3
      vertex 67.9608 -77.9288 -3
      vertex 67.9608 -77.9288 3
    endloop
  endfacet
  facet normal 0.740892 -0.671624 0
    outer loop
      vertex 65.3085 -76.8302 3
      vertex 65.4074 -76.7211 -3
      vertex 65.4074 -76.7211 3
    endloop
  endfacet
  facet normal 0.740892 -0.671624 0
    outer loop
      vertex 65.4074 -76.7211 -3
      vertex 65.3085 -76.8302 3
      vertex 65.3085 -76.8302 -3
    endloop
  endfacet
  facet normal -0.0488878 0.998804 0
    outer loop
      vertex 66.6151 -79.2745 -3
      vertex 66.468 -79.2817 3
      vertex 66.6151 -79.2745 3
    endloop
  endfacet
  facet normal -0.0488878 0.998804 0
    outer loop
      vertex 66.468 -79.2817 3
      vertex 66.6151 -79.2745 -3
      vertex 66.468 -79.2817 -3
    endloop
  endfacet
  facet normal -0.146746 0.989174 0
    outer loop
      vertex 66.7607 -79.2529 -3
      vertex 66.6151 -79.2745 3
      vertex 66.7607 -79.2529 3
    endloop
  endfacet
  facet normal -0.146746 0.989174 0
    outer loop
      vertex 66.6151 -79.2745 3
      vertex 66.7607 -79.2529 -3
      vertex 66.6151 -79.2745 -3
    endloop
  endfacet
  facet normal -0.336939 0.941527 0
    outer loop
      vertex 67.0421 -79.1676 -3
      vertex 66.9035 -79.2172 3
      vertex 67.0421 -79.1676 3
    endloop
  endfacet
  facet normal -0.336939 0.941527 0
    outer loop
      vertex 66.9035 -79.2172 3
      vertex 67.0421 -79.1676 -3
      vertex 66.9035 -79.2172 -3
    endloop
  endfacet
  facet normal -0.242536 0.970143 0
    outer loop
      vertex 66.9035 -79.2172 -3
      vertex 66.7607 -79.2529 3
      vertex 66.9035 -79.2172 3
    endloop
  endfacet
  facet normal -0.242536 0.970143 0
    outer loop
      vertex 66.7607 -79.2529 3
      vertex 66.9035 -79.2172 -3
      vertex 66.7607 -79.2529 -3
    endloop
  endfacet
  facet normal 0.858032 0.513596 0
    outer loop
      vertex 65.2208 -78.6151 3
      vertex 65.1452 -78.4888 -3
      vertex 65.1452 -78.4888 3
    endloop
  endfacet
  facet normal 0.858032 0.513596 0
    outer loop
      vertex 65.1452 -78.4888 -3
      vertex 65.2208 -78.6151 3
      vertex 65.2208 -78.6151 -3
    endloop
  endfacet
  facet normal 0.998771 0.0495651 0
    outer loop
      vertex 64.9753 -77.9288 3
      vertex 64.968 -77.7817 -3
      vertex 64.968 -77.7817 3
    endloop
  endfacet
  facet normal 0.998771 0.0495651 0
    outer loop
      vertex 64.968 -77.7817 -3
      vertex 64.9753 -77.9288 3
      vertex 64.9753 -77.9288 -3
    endloop
  endfacet
  facet normal 0.336939 0.941527 -0
    outer loop
      vertex 66.0326 -79.2172 -3
      vertex 65.894 -79.1676 3
      vertex 66.0326 -79.2172 3
    endloop
  endfacet
  facet normal 0.336939 0.941527 0
    outer loop
      vertex 65.894 -79.1676 3
      vertex 66.0326 -79.2172 -3
      vertex 65.894 -79.1676 -3
    endloop
  endfacet
  facet normal 0.427824 0.903862 -0
    outer loop
      vertex 65.894 -79.1676 -3
      vertex 65.7609 -79.1046 3
      vertex 65.894 -79.1676 3
    endloop
  endfacet
  facet normal 0.427824 0.903862 0
    outer loop
      vertex 65.7609 -79.1046 3
      vertex 65.894 -79.1676 -3
      vertex 65.7609 -79.1046 -3
    endloop
  endfacet
  facet normal -0.595423 0.803413 0
    outer loop
      vertex 67.4196 -78.9413 -3
      vertex 67.3014 -79.0289 3
      vertex 67.4196 -78.9413 3
    endloop
  endfacet
  facet normal -0.595423 0.803413 0
    outer loop
      vertex 67.3014 -79.0289 3
      vertex 67.4196 -78.9413 -3
      vertex 67.3014 -79.0289 -3
    endloop
  endfacet
  facet normal 0.0489209 0.998803 -0
    outer loop
      vertex 66.468 -79.2817 -3
      vertex 66.321 -79.2745 3
      vertex 66.468 -79.2817 3
    endloop
  endfacet
  facet normal 0.0489209 0.998803 0
    outer loop
      vertex 66.321 -79.2745 3
      vertex 66.468 -79.2817 -3
      vertex 66.321 -79.2745 -3
    endloop
  endfacet
  facet normal -0.428086 0.903738 0
    outer loop
      vertex 67.1751 -79.1046 -3
      vertex 67.0421 -79.1676 3
      vertex 67.1751 -79.1046 3
    endloop
  endfacet
  facet normal -0.428086 0.903738 0
    outer loop
      vertex 67.0421 -79.1676 3
      vertex 67.1751 -79.1046 -3
      vertex 67.0421 -79.1676 -3
    endloop
  endfacet
  facet normal 0.740892 0.671624 0
    outer loop
      vertex 65.4074 -78.8424 3
      vertex 65.3085 -78.7333 -3
      vertex 65.3085 -78.7333 3
    endloop
  endfacet
  facet normal 0.740892 0.671624 0
    outer loop
      vertex 65.3085 -78.7333 -3
      vertex 65.4074 -78.8424 3
      vertex 65.4074 -78.8424 -3
    endloop
  endfacet
  facet normal 0.903738 0.428086 0
    outer loop
      vertex 65.1452 -78.4888 3
      vertex 65.0822 -78.3558 -3
      vertex 65.0822 -78.3558 3
    endloop
  endfacet
  facet normal 0.903738 0.428086 0
    outer loop
      vertex 65.0822 -78.3558 -3
      vertex 65.1452 -78.4888 3
      vertex 65.1452 -78.4888 -3
    endloop
  endfacet
  facet normal 0.941527 0.336939 0
    outer loop
      vertex 65.0822 -78.3558 3
      vertex 65.0326 -78.2172 -3
      vertex 65.0326 -78.2172 3
    endloop
  endfacet
  facet normal 0.941527 0.336939 0
    outer loop
      vertex 65.0326 -78.2172 -3
      vertex 65.0822 -78.3558 3
      vertex 65.0822 -78.3558 -3
    endloop
  endfacet
  facet normal 0.803088 0.595861 0
    outer loop
      vertex 65.3085 -78.7333 3
      vertex 65.2208 -78.6151 -3
      vertex 65.2208 -78.6151 3
    endloop
  endfacet
  facet normal 0.803088 0.595861 0
    outer loop
      vertex 65.2208 -78.6151 -3
      vertex 65.3085 -78.7333 3
      vertex 65.3085 -78.7333 -3
    endloop
  endfacet
  facet normal 0.941527 -0.336939 0
    outer loop
      vertex 65.0326 -77.3463 3
      vertex 65.0822 -77.2077 -3
      vertex 65.0822 -77.2077 3
    endloop
  endfacet
  facet normal 0.941527 -0.336939 0
    outer loop
      vertex 65.0822 -77.2077 -3
      vertex 65.0326 -77.3463 3
      vertex 65.0326 -77.3463 -3
    endloop
  endfacet
  facet normal 0.858032 -0.513596 0
    outer loop
      vertex 65.1452 -77.0747 3
      vertex 65.2208 -76.9484 -3
      vertex 65.2208 -76.9484 3
    endloop
  endfacet
  facet normal 0.858032 -0.513596 0
    outer loop
      vertex 65.2208 -76.9484 -3
      vertex 65.1452 -77.0747 3
      vertex 65.1452 -77.0747 -3
    endloop
  endfacet
  facet normal 0.803088 -0.595861 0
    outer loop
      vertex 65.2208 -76.9484 3
      vertex 65.3085 -76.8302 -3
      vertex 65.3085 -76.8302 3
    endloop
  endfacet
  facet normal 0.803088 -0.595861 0
    outer loop
      vertex 65.3085 -76.8302 -3
      vertex 65.2208 -76.9484 3
      vertex 65.2208 -76.9484 -3
    endloop
  endfacet
  facet normal 0.989174 -0.146746 0
    outer loop
      vertex 64.9753 -77.6347 3
      vertex 64.9969 -77.4891 -3
      vertex 64.9969 -77.4891 3
    endloop
  endfacet
  facet normal 0.989174 -0.146746 0
    outer loop
      vertex 64.9969 -77.4891 -3
      vertex 64.9753 -77.6347 3
      vertex 64.9753 -77.6347 -3
    endloop
  endfacet
  facet normal 0.514396 0.857553 -0
    outer loop
      vertex 65.7609 -79.1046 -3
      vertex 65.6347 -79.0289 3
      vertex 65.7609 -79.1046 3
    endloop
  endfacet
  facet normal 0.514396 0.857553 0
    outer loop
      vertex 65.6347 -79.0289 3
      vertex 65.7609 -79.1046 -3
      vertex 65.6347 -79.0289 -3
    endloop
  endfacet
  facet normal 0.595098 0.803653 -0
    outer loop
      vertex 65.6347 -79.0289 -3
      vertex 65.5164 -78.9413 3
      vertex 65.6347 -79.0289 3
    endloop
  endfacet
  facet normal 0.595098 0.803653 0
    outer loop
      vertex 65.5164 -78.9413 3
      vertex 65.6347 -79.0289 -3
      vertex 65.5164 -78.9413 -3
    endloop
  endfacet
  facet normal 0.146746 0.989174 -0
    outer loop
      vertex 66.321 -79.2745 -3
      vertex 66.1754 -79.2529 3
      vertex 66.321 -79.2745 3
    endloop
  endfacet
  facet normal 0.146746 0.989174 0
    outer loop
      vertex 66.1754 -79.2529 3
      vertex 66.321 -79.2745 -3
      vertex 66.1754 -79.2529 -3
    endloop
  endfacet
  facet normal 0.242536 0.970143 -0
    outer loop
      vertex 66.1754 -79.2529 -3
      vertex 66.0326 -79.2172 3
      vertex 66.1754 -79.2529 3
    endloop
  endfacet
  facet normal 0.242536 0.970143 0
    outer loop
      vertex 66.0326 -79.2172 3
      vertex 66.1754 -79.2529 -3
      vertex 66.0326 -79.2172 -3
    endloop
  endfacet
  facet normal 0.970143 0.242536 0
    outer loop
      vertex 65.0326 -78.2172 3
      vertex 64.9969 -78.0744 -3
      vertex 64.9969 -78.0744 3
    endloop
  endfacet
  facet normal 0.970143 0.242536 0
    outer loop
      vertex 64.9969 -78.0744 -3
      vertex 65.0326 -78.2172 3
      vertex 65.0326 -78.2172 -3
    endloop
  endfacet
  facet normal -0.970143 0.242536 0
    outer loop
      vertex 79.2172 -89.5309 -3
      vertex 79.2529 -89.3881 3
      vertex 79.2529 -89.3881 -3
    endloop
  endfacet
  facet normal -0.970143 0.242536 0
    outer loop
      vertex 79.2529 -89.3881 3
      vertex 79.2172 -89.5309 -3
      vertex 79.2172 -89.5309 3
    endloop
  endfacet
  facet normal -0.903738 -0.428086 0
    outer loop
      vertex 79.1676 -88.5214 -3
      vertex 79.1046 -88.3884 3
      vertex 79.1046 -88.3884 -3
    endloop
  endfacet
  facet normal -0.903738 -0.428086 0
    outer loop
      vertex 79.1046 -88.3884 3
      vertex 79.1676 -88.5214 -3
      vertex 79.1676 -88.5214 3
    endloop
  endfacet
  facet normal -0.336939 -0.941527 0
    outer loop
      vertex 78.2172 -87.66 -3
      vertex 78.3558 -87.7096 3
      vertex 78.2172 -87.66 3
    endloop
  endfacet
  facet normal -0.336939 -0.941527 -0
    outer loop
      vertex 78.3558 -87.7096 3
      vertex 78.2172 -87.66 -3
      vertex 78.3558 -87.7096 -3
    endloop
  endfacet
  facet normal 0.428086 -0.903738 0
    outer loop
      vertex 77.0747 -87.7726 -3
      vertex 77.2077 -87.7096 3
      vertex 77.0747 -87.7726 3
    endloop
  endfacet
  facet normal 0.428086 -0.903738 0
    outer loop
      vertex 77.2077 -87.7096 3
      vertex 77.0747 -87.7726 -3
      vertex 77.2077 -87.7096 -3
    endloop
  endfacet
  facet normal -0.671624 0.740892 0
    outer loop
      vertex 78.8424 -90.1561 -3
      vertex 78.7333 -90.255 3
      vertex 78.8424 -90.1561 3
    endloop
  endfacet
  facet normal -0.671624 0.740892 0
    outer loop
      vertex 78.7333 -90.255 3
      vertex 78.8424 -90.1561 -3
      vertex 78.7333 -90.255 -3
    endloop
  endfacet
  facet normal -0.740892 -0.671624 0
    outer loop
      vertex 78.9413 -88.1439 -3
      vertex 78.8424 -88.0348 3
      vertex 78.8424 -88.0348 -3
    endloop
  endfacet
  facet normal -0.740892 -0.671624 0
    outer loop
      vertex 78.8424 -88.0348 3
      vertex 78.9413 -88.1439 -3
      vertex 78.9413 -88.1439 3
    endloop
  endfacet
  facet normal -0.970143 -0.242536 0
    outer loop
      vertex 79.2529 -88.8028 -3
      vertex 79.2172 -88.66 3
      vertex 79.2172 -88.66 -3
    endloop
  endfacet
  facet normal -0.970143 -0.242536 0
    outer loop
      vertex 79.2172 -88.66 3
      vertex 79.2529 -88.8028 -3
      vertex 79.2529 -88.8028 3
    endloop
  endfacet
  facet normal 0.671624 -0.740892 0
    outer loop
      vertex 76.7211 -88.0348 -3
      vertex 76.8302 -87.9359 3
      vertex 76.7211 -88.0348 3
    endloop
  endfacet
  facet normal 0.671624 -0.740892 0
    outer loop
      vertex 76.8302 -87.9359 3
      vertex 76.7211 -88.0348 -3
      vertex 76.8302 -87.9359 -3
    endloop
  endfacet
  facet normal 0.146746 -0.989174 0
    outer loop
      vertex 77.4891 -87.6243 -3
      vertex 77.6347 -87.6027 3
      vertex 77.4891 -87.6243 3
    endloop
  endfacet
  facet normal 0.146746 -0.989174 0
    outer loop
      vertex 77.6347 -87.6027 3
      vertex 77.4891 -87.6243 -3
      vertex 77.6347 -87.6027 -3
    endloop
  endfacet
  facet normal -0.514096 -0.857733 0
    outer loop
      vertex 78.4888 -87.7726 -3
      vertex 78.6151 -87.8483 3
      vertex 78.4888 -87.7726 3
    endloop
  endfacet
  facet normal -0.514096 -0.857733 -0
    outer loop
      vertex 78.6151 -87.8483 3
      vertex 78.4888 -87.7726 -3
      vertex 78.6151 -87.8483 -3
    endloop
  endfacet
  facet normal 0.989174 0.146746 0
    outer loop
      vertex 76.3106 -89.3881 3
      vertex 76.289 -89.2425 -3
      vertex 76.289 -89.2425 3
    endloop
  endfacet
  facet normal 0.989174 0.146746 0
    outer loop
      vertex 76.289 -89.2425 -3
      vertex 76.3106 -89.3881 3
      vertex 76.3106 -89.3881 -3
    endloop
  endfacet
  facet normal 0.970143 -0.242536 0
    outer loop
      vertex 76.3106 -88.8028 3
      vertex 76.3463 -88.66 -3
      vertex 76.3463 -88.66 3
    endloop
  endfacet
  facet normal 0.970143 -0.242536 0
    outer loop
      vertex 76.3463 -88.66 -3
      vertex 76.3106 -88.8028 3
      vertex 76.3106 -88.8028 -3
    endloop
  endfacet
  facet normal -0.803088 0.595861 0
    outer loop
      vertex 78.9413 -90.047 -3
      vertex 79.029 -89.9288 3
      vertex 79.029 -89.9288 -3
    endloop
  endfacet
  facet normal -0.803088 0.595861 0
    outer loop
      vertex 79.029 -89.9288 3
      vertex 78.9413 -90.047 -3
      vertex 78.9413 -90.047 3
    endloop
  endfacet
  facet normal -0.989174 0.146746 0
    outer loop
      vertex 79.2529 -89.3881 -3
      vertex 79.2745 -89.2425 3
      vertex 79.2745 -89.2425 -3
    endloop
  endfacet
  facet normal -0.989174 0.146746 0
    outer loop
      vertex 79.2745 -89.2425 3
      vertex 79.2529 -89.3881 -3
      vertex 79.2529 -89.3881 3
    endloop
  endfacet
  facet normal -0.998804 -0.0488878 0
    outer loop
      vertex 79.2817 -89.0955 -3
      vertex 79.2745 -88.9484 3
      vertex 79.2745 -88.9484 -3
    endloop
  endfacet
  facet normal -0.998804 -0.0488878 0
    outer loop
      vertex 79.2745 -88.9484 3
      vertex 79.2817 -89.0955 -3
      vertex 79.2817 -89.0955 3
    endloop
  endfacet
  facet normal -0.671624 -0.740892 0
    outer loop
      vertex 78.7333 -87.9359 -3
      vertex 78.8424 -88.0348 3
      vertex 78.7333 -87.9359 3
    endloop
  endfacet
  facet normal -0.671624 -0.740892 -0
    outer loop
      vertex 78.8424 -88.0348 3
      vertex 78.7333 -87.9359 -3
      vertex 78.8424 -88.0348 -3
    endloop
  endfacet
  facet normal -0.858032 -0.513596 0
    outer loop
      vertex 79.1046 -88.3884 -3
      vertex 79.029 -88.2621 3
      vertex 79.029 -88.2621 -3
    endloop
  endfacet
  facet normal -0.858032 -0.513596 0
    outer loop
      vertex 79.029 -88.2621 3
      vertex 79.1046 -88.3884 -3
      vertex 79.1046 -88.3884 3
    endloop
  endfacet
  facet normal -0.803088 -0.595861 0
    outer loop
      vertex 79.029 -88.2621 -3
      vertex 78.9413 -88.1439 3
      vertex 78.9413 -88.1439 -3
    endloop
  endfacet
  facet normal -0.803088 -0.595861 0
    outer loop
      vertex 78.9413 -88.1439 3
      vertex 79.029 -88.2621 -3
      vertex 79.029 -88.2621 3
    endloop
  endfacet
  facet normal -0.941527 -0.336939 0
    outer loop
      vertex 79.2172 -88.66 -3
      vertex 79.1676 -88.5214 3
      vertex 79.1676 -88.5214 -3
    endloop
  endfacet
  facet normal -0.941527 -0.336939 0
    outer loop
      vertex 79.1676 -88.5214 3
      vertex 79.2172 -88.66 -3
      vertex 79.2172 -88.66 3
    endloop
  endfacet
  facet normal -0.989174 -0.146746 0
    outer loop
      vertex 79.2745 -88.9484 -3
      vertex 79.2529 -88.8028 3
      vertex 79.2529 -88.8028 -3
    endloop
  endfacet
  facet normal -0.989174 -0.146746 0
    outer loop
      vertex 79.2529 -88.8028 3
      vertex 79.2745 -88.9484 -3
      vertex 79.2745 -88.9484 3
    endloop
  endfacet
  facet normal 0.514096 -0.857733 0
    outer loop
      vertex 76.9484 -87.8483 -3
      vertex 77.0747 -87.7726 3
      vertex 76.9484 -87.8483 3
    endloop
  endfacet
  facet normal 0.514096 -0.857733 0
    outer loop
      vertex 77.0747 -87.7726 3
      vertex 76.9484 -87.8483 -3
      vertex 77.0747 -87.7726 -3
    endloop
  endfacet
  facet normal 0.595423 -0.803413 0
    outer loop
      vertex 76.8302 -87.9359 -3
      vertex 76.9484 -87.8483 3
      vertex 76.8302 -87.9359 3
    endloop
  endfacet
  facet normal 0.595423 -0.803413 0
    outer loop
      vertex 76.9484 -87.8483 3
      vertex 76.8302 -87.9359 -3
      vertex 76.9484 -87.8483 -3
    endloop
  endfacet
  facet normal 0.336939 -0.941527 0
    outer loop
      vertex 77.2077 -87.7096 -3
      vertex 77.3463 -87.66 3
      vertex 77.2077 -87.7096 3
    endloop
  endfacet
  facet normal 0.336939 -0.941527 0
    outer loop
      vertex 77.3463 -87.66 3
      vertex 77.2077 -87.7096 -3
      vertex 77.3463 -87.66 -3
    endloop
  endfacet
  facet normal 0.242536 -0.970143 0
    outer loop
      vertex 77.3463 -87.66 -3
      vertex 77.4891 -87.6243 3
      vertex 77.3463 -87.66 3
    endloop
  endfacet
  facet normal 0.242536 -0.970143 0
    outer loop
      vertex 77.4891 -87.6243 3
      vertex 77.3463 -87.66 -3
      vertex 77.4891 -87.6243 -3
    endloop
  endfacet
  facet normal -0.428086 -0.903738 0
    outer loop
      vertex 78.3558 -87.7096 -3
      vertex 78.4888 -87.7726 3
      vertex 78.3558 -87.7096 3
    endloop
  endfacet
  facet normal -0.428086 -0.903738 -0
    outer loop
      vertex 78.4888 -87.7726 3
      vertex 78.3558 -87.7096 -3
      vertex 78.4888 -87.7726 -3
    endloop
  endfacet
  facet normal -0.595423 -0.803413 0
    outer loop
      vertex 78.6151 -87.8483 -3
      vertex 78.7333 -87.9359 3
      vertex 78.6151 -87.8483 3
    endloop
  endfacet
  facet normal -0.595423 -0.803413 -0
    outer loop
      vertex 78.7333 -87.9359 3
      vertex 78.6151 -87.8483 -3
      vertex 78.7333 -87.9359 -3
    endloop
  endfacet
  facet normal -0.146746 -0.989174 0
    outer loop
      vertex 77.9288 -87.6027 -3
      vertex 78.0744 -87.6243 3
      vertex 77.9288 -87.6027 3
    endloop
  endfacet
  facet normal -0.146746 -0.989174 -0
    outer loop
      vertex 78.0744 -87.6243 3
      vertex 77.9288 -87.6027 -3
      vertex 78.0744 -87.6243 -3
    endloop
  endfacet
  facet normal -0.0488878 -0.998804 0
    outer loop
      vertex 77.7817 -87.5955 -3
      vertex 77.9288 -87.6027 3
      vertex 77.7817 -87.5955 3
    endloop
  endfacet
  facet normal -0.0488878 -0.998804 -0
    outer loop
      vertex 77.9288 -87.6027 3
      vertex 77.7817 -87.5955 -3
      vertex 77.9288 -87.6027 -3
    endloop
  endfacet
  facet normal -0.242536 -0.970143 0
    outer loop
      vertex 78.0744 -87.6243 -3
      vertex 78.2172 -87.66 3
      vertex 78.0744 -87.6243 3
    endloop
  endfacet
  facet normal -0.242536 -0.970143 -0
    outer loop
      vertex 78.2172 -87.66 3
      vertex 78.0744 -87.6243 -3
      vertex 78.2172 -87.66 -3
    endloop
  endfacet
  facet normal 0.0489209 -0.998803 0
    outer loop
      vertex 77.6347 -87.6027 -3
      vertex 77.7817 -87.5955 3
      vertex 77.6347 -87.6027 3
    endloop
  endfacet
  facet normal 0.0489209 -0.998803 0
    outer loop
      vertex 77.7817 -87.5955 3
      vertex 77.6347 -87.6027 -3
      vertex 77.7817 -87.5955 -3
    endloop
  endfacet
  facet normal -0.740892 0.671624 0
    outer loop
      vertex 78.8424 -90.1561 -3
      vertex 78.9413 -90.047 3
      vertex 78.9413 -90.047 -3
    endloop
  endfacet
  facet normal -0.740892 0.671624 0
    outer loop
      vertex 78.9413 -90.047 3
      vertex 78.8424 -90.1561 -3
      vertex 78.8424 -90.1561 3
    endloop
  endfacet
  facet normal -0.513596 0.858032 0
    outer loop
      vertex 78.6151 -90.3427 -3
      vertex 78.4888 -90.4183 3
      vertex 78.6151 -90.3427 3
    endloop
  endfacet
  facet normal -0.513596 0.858032 0
    outer loop
      vertex 78.4888 -90.4183 3
      vertex 78.6151 -90.3427 -3
      vertex 78.4888 -90.4183 -3
    endloop
  endfacet
  facet normal 0.671624 0.740892 -0
    outer loop
      vertex 76.8302 -90.255 -3
      vertex 76.7211 -90.1561 3
      vertex 76.8302 -90.255 3
    endloop
  endfacet
  facet normal 0.671624 0.740892 0
    outer loop
      vertex 76.7211 -90.1561 3
      vertex 76.8302 -90.255 -3
      vertex 76.7211 -90.1561 -3
    endloop
  endfacet
  facet normal 0.903738 -0.428086 0
    outer loop
      vertex 76.3959 -88.5214 3
      vertex 76.4589 -88.3884 -3
      vertex 76.4589 -88.3884 3
    endloop
  endfacet
  facet normal 0.903738 -0.428086 0
    outer loop
      vertex 76.4589 -88.3884 -3
      vertex 76.3959 -88.5214 3
      vertex 76.3959 -88.5214 -3
    endloop
  endfacet
  facet normal 0.998771 -0.0495651 0
    outer loop
      vertex 76.2817 -89.0955 3
      vertex 76.289 -88.9484 -3
      vertex 76.289 -88.9484 3
    endloop
  endfacet
  facet normal 0.998771 -0.0495651 0
    outer loop
      vertex 76.289 -88.9484 -3
      vertex 76.2817 -89.0955 3
      vertex 76.2817 -89.0955 -3
    endloop
  endfacet
  facet normal -0.941527 0.336939 0
    outer loop
      vertex 79.1676 -89.6695 -3
      vertex 79.2172 -89.5309 3
      vertex 79.2172 -89.5309 -3
    endloop
  endfacet
  facet normal -0.941527 0.336939 0
    outer loop
      vertex 79.2172 -89.5309 3
      vertex 79.1676 -89.6695 -3
      vertex 79.1676 -89.6695 3
    endloop
  endfacet
  facet normal -0.903862 0.427824 0
    outer loop
      vertex 79.1046 -89.8026 -3
      vertex 79.1676 -89.6695 3
      vertex 79.1676 -89.6695 -3
    endloop
  endfacet
  facet normal -0.903862 0.427824 0
    outer loop
      vertex 79.1676 -89.6695 3
      vertex 79.1046 -89.8026 -3
      vertex 79.1046 -89.8026 3
    endloop
  endfacet
  facet normal -0.857853 0.513896 0
    outer loop
      vertex 79.029 -89.9288 -3
      vertex 79.1046 -89.8026 3
      vertex 79.1046 -89.8026 -3
    endloop
  endfacet
  facet normal -0.857853 0.513896 0
    outer loop
      vertex 79.1046 -89.8026 3
      vertex 79.029 -89.9288 -3
      vertex 79.029 -89.9288 3
    endloop
  endfacet
  facet normal -0.998803 0.0489209 0
    outer loop
      vertex 79.2745 -89.2425 -3
      vertex 79.2817 -89.0955 3
      vertex 79.2817 -89.0955 -3
    endloop
  endfacet
  facet normal -0.998803 0.0489209 0
    outer loop
      vertex 79.2817 -89.0955 3
      vertex 79.2745 -89.2425 -3
      vertex 79.2745 -89.2425 3
    endloop
  endfacet
  facet normal 0.740892 -0.671624 0
    outer loop
      vertex 76.6222 -88.1439 3
      vertex 76.7211 -88.0348 -3
      vertex 76.7211 -88.0348 3
    endloop
  endfacet
  facet normal 0.740892 -0.671624 0
    outer loop
      vertex 76.7211 -88.0348 -3
      vertex 76.6222 -88.1439 3
      vertex 76.6222 -88.1439 -3
    endloop
  endfacet
  facet normal -0.595861 0.803088 0
    outer loop
      vertex 78.7333 -90.255 -3
      vertex 78.6151 -90.3427 3
      vertex 78.7333 -90.255 3
    endloop
  endfacet
  facet normal -0.595861 0.803088 0
    outer loop
      vertex 78.6151 -90.3427 3
      vertex 78.7333 -90.255 -3
      vertex 78.6151 -90.3427 -3
    endloop
  endfacet
  facet normal -0.0495651 0.998771 0
    outer loop
      vertex 77.9288 -90.5882 -3
      vertex 77.7817 -90.5955 3
      vertex 77.9288 -90.5882 3
    endloop
  endfacet
  facet normal -0.0495651 0.998771 0
    outer loop
      vertex 77.7817 -90.5955 3
      vertex 77.9288 -90.5882 -3
      vertex 77.7817 -90.5955 -3
    endloop
  endfacet
  facet normal -0.146746 0.989174 0
    outer loop
      vertex 78.0744 -90.5666 -3
      vertex 77.9288 -90.5882 3
      vertex 78.0744 -90.5666 3
    endloop
  endfacet
  facet normal -0.146746 0.989174 0
    outer loop
      vertex 77.9288 -90.5882 3
      vertex 78.0744 -90.5666 -3
      vertex 77.9288 -90.5882 -3
    endloop
  endfacet
  facet normal -0.336939 0.941527 0
    outer loop
      vertex 78.3558 -90.4813 -3
      vertex 78.2172 -90.5309 3
      vertex 78.3558 -90.4813 3
    endloop
  endfacet
  facet normal -0.336939 0.941527 0
    outer loop
      vertex 78.2172 -90.5309 3
      vertex 78.3558 -90.4813 -3
      vertex 78.2172 -90.5309 -3
    endloop
  endfacet
  facet normal -0.242536 0.970143 0
    outer loop
      vertex 78.2172 -90.5309 -3
      vertex 78.0744 -90.5666 3
      vertex 78.2172 -90.5309 3
    endloop
  endfacet
  facet normal -0.242536 0.970143 0
    outer loop
      vertex 78.0744 -90.5666 3
      vertex 78.2172 -90.5309 -3
      vertex 78.0744 -90.5666 -3
    endloop
  endfacet
  facet normal 0.857853 0.513896 0
    outer loop
      vertex 76.5345 -89.9288 3
      vertex 76.4589 -89.8026 -3
      vertex 76.4589 -89.8026 3
    endloop
  endfacet
  facet normal 0.857853 0.513896 0
    outer loop
      vertex 76.4589 -89.8026 -3
      vertex 76.5345 -89.9288 3
      vertex 76.5345 -89.9288 -3
    endloop
  endfacet
  facet normal 0.998769 0.0495987 0
    outer loop
      vertex 76.289 -89.2425 3
      vertex 76.2817 -89.0955 -3
      vertex 76.2817 -89.0955 3
    endloop
  endfacet
  facet normal 0.998769 0.0495987 0
    outer loop
      vertex 76.2817 -89.0955 -3
      vertex 76.289 -89.2425 3
      vertex 76.289 -89.2425 -3
    endloop
  endfacet
  facet normal 0.336939 0.941527 -0
    outer loop
      vertex 77.3463 -90.5309 -3
      vertex 77.2077 -90.4813 3
      vertex 77.3463 -90.5309 3
    endloop
  endfacet
  facet normal 0.336939 0.941527 0
    outer loop
      vertex 77.2077 -90.4813 3
      vertex 77.3463 -90.5309 -3
      vertex 77.2077 -90.4813 -3
    endloop
  endfacet
  facet normal 0.428086 0.903738 -0
    outer loop
      vertex 77.2077 -90.4813 -3
      vertex 77.0747 -90.4183 3
      vertex 77.2077 -90.4813 3
    endloop
  endfacet
  facet normal 0.428086 0.903738 0
    outer loop
      vertex 77.0747 -90.4183 3
      vertex 77.2077 -90.4813 -3
      vertex 77.0747 -90.4183 -3
    endloop
  endfacet
  facet normal 0.0495987 0.998769 -0
    outer loop
      vertex 77.7817 -90.5955 -3
      vertex 77.6347 -90.5882 3
      vertex 77.7817 -90.5955 3
    endloop
  endfacet
  facet normal 0.0495987 0.998769 0
    outer loop
      vertex 77.6347 -90.5882 3
      vertex 77.7817 -90.5955 -3
      vertex 77.6347 -90.5882 -3
    endloop
  endfacet
  facet normal -0.428086 0.903738 0
    outer loop
      vertex 78.4888 -90.4183 -3
      vertex 78.3558 -90.4813 3
      vertex 78.4888 -90.4183 3
    endloop
  endfacet
  facet normal -0.428086 0.903738 0
    outer loop
      vertex 78.3558 -90.4813 3
      vertex 78.4888 -90.4183 -3
      vertex 78.3558 -90.4813 -3
    endloop
  endfacet
  facet normal 0.740892 0.671624 0
    outer loop
      vertex 76.7211 -90.1561 3
      vertex 76.6222 -90.047 -3
      vertex 76.6222 -90.047 3
    endloop
  endfacet
  facet normal 0.740892 0.671624 0
    outer loop
      vertex 76.6222 -90.047 -3
      vertex 76.7211 -90.1561 3
      vertex 76.7211 -90.1561 -3
    endloop
  endfacet
  facet normal 0.903862 0.427824 0
    outer loop
      vertex 76.4589 -89.8026 3
      vertex 76.3959 -89.6695 -3
      vertex 76.3959 -89.6695 3
    endloop
  endfacet
  facet normal 0.903862 0.427824 0
    outer loop
      vertex 76.3959 -89.6695 -3
      vertex 76.4589 -89.8026 3
      vertex 76.4589 -89.8026 -3
    endloop
  endfacet
  facet normal 0.941527 0.336939 0
    outer loop
      vertex 76.3959 -89.6695 3
      vertex 76.3463 -89.5309 -3
      vertex 76.3463 -89.5309 3
    endloop
  endfacet
  facet normal 0.941527 0.336939 0
    outer loop
      vertex 76.3463 -89.5309 -3
      vertex 76.3959 -89.6695 3
      vertex 76.3959 -89.6695 -3
    endloop
  endfacet
  facet normal 0.803088 0.595861 0
    outer loop
      vertex 76.6222 -90.047 3
      vertex 76.5345 -89.9288 -3
      vertex 76.5345 -89.9288 3
    endloop
  endfacet
  facet normal 0.803088 0.595861 0
    outer loop
      vertex 76.5345 -89.9288 -3
      vertex 76.6222 -90.047 3
      vertex 76.6222 -90.047 -3
    endloop
  endfacet
  facet normal 0.941527 -0.336939 0
    outer loop
      vertex 76.3463 -88.66 3
      vertex 76.3959 -88.5214 -3
      vertex 76.3959 -88.5214 3
    endloop
  endfacet
  facet normal 0.941527 -0.336939 0
    outer loop
      vertex 76.3959 -88.5214 -3
      vertex 76.3463 -88.66 3
      vertex 76.3463 -88.66 -3
    endloop
  endfacet
  facet normal 0.858032 -0.513596 0
    outer loop
      vertex 76.4589 -88.3884 3
      vertex 76.5345 -88.2621 -3
      vertex 76.5345 -88.2621 3
    endloop
  endfacet
  facet normal 0.858032 -0.513596 0
    outer loop
      vertex 76.5345 -88.2621 -3
      vertex 76.4589 -88.3884 3
      vertex 76.4589 -88.3884 -3
    endloop
  endfacet
  facet normal 0.803088 -0.595861 0
    outer loop
      vertex 76.5345 -88.2621 3
      vertex 76.6222 -88.1439 -3
      vertex 76.6222 -88.1439 3
    endloop
  endfacet
  facet normal 0.803088 -0.595861 0
    outer loop
      vertex 76.6222 -88.1439 -3
      vertex 76.5345 -88.2621 3
      vertex 76.5345 -88.2621 -3
    endloop
  endfacet
  facet normal 0.989174 -0.146746 0
    outer loop
      vertex 76.289 -88.9484 3
      vertex 76.3106 -88.8028 -3
      vertex 76.3106 -88.8028 3
    endloop
  endfacet
  facet normal 0.989174 -0.146746 0
    outer loop
      vertex 76.3106 -88.8028 -3
      vertex 76.289 -88.9484 3
      vertex 76.289 -88.9484 -3
    endloop
  endfacet
  facet normal 0.513596 0.858032 -0
    outer loop
      vertex 77.0747 -90.4183 -3
      vertex 76.9484 -90.3427 3
      vertex 77.0747 -90.4183 3
    endloop
  endfacet
  facet normal 0.513596 0.858032 0
    outer loop
      vertex 76.9484 -90.3427 3
      vertex 77.0747 -90.4183 -3
      vertex 76.9484 -90.3427 -3
    endloop
  endfacet
  facet normal 0.595861 0.803088 -0
    outer loop
      vertex 76.9484 -90.3427 -3
      vertex 76.8302 -90.255 3
      vertex 76.9484 -90.3427 3
    endloop
  endfacet
  facet normal 0.595861 0.803088 0
    outer loop
      vertex 76.8302 -90.255 3
      vertex 76.9484 -90.3427 -3
      vertex 76.8302 -90.255 -3
    endloop
  endfacet
  facet normal 0.146746 0.989174 -0
    outer loop
      vertex 77.6347 -90.5882 -3
      vertex 77.4891 -90.5666 3
      vertex 77.6347 -90.5882 3
    endloop
  endfacet
  facet normal 0.146746 0.989174 0
    outer loop
      vertex 77.4891 -90.5666 3
      vertex 77.6347 -90.5882 -3
      vertex 77.4891 -90.5666 -3
    endloop
  endfacet
  facet normal 0.242536 0.970143 -0
    outer loop
      vertex 77.4891 -90.5666 -3
      vertex 77.3463 -90.5309 3
      vertex 77.4891 -90.5666 3
    endloop
  endfacet
  facet normal 0.242536 0.970143 0
    outer loop
      vertex 77.3463 -90.5309 3
      vertex 77.4891 -90.5666 -3
      vertex 77.3463 -90.5309 -3
    endloop
  endfacet
  facet normal 0.970143 0.242536 0
    outer loop
      vertex 76.3463 -89.5309 3
      vertex 76.3106 -89.3881 -3
      vertex 76.3106 -89.3881 3
    endloop
  endfacet
  facet normal 0.970143 0.242536 0
    outer loop
      vertex 76.3106 -89.3881 -3
      vertex 76.3463 -89.5309 3
      vertex 76.3463 -89.5309 -3
    endloop
  endfacet
  facet normal -0.740892 0.671624 0
    outer loop
      vertex 90.1561 -78.8424 -3
      vertex 90.255 -78.7333 3
      vertex 90.255 -78.7333 -3
    endloop
  endfacet
  facet normal -0.740892 0.671624 0
    outer loop
      vertex 90.255 -78.7333 3
      vertex 90.1561 -78.8424 -3
      vertex 90.1561 -78.8424 3
    endloop
  endfacet
  facet normal -0.671624 -0.740892 0
    outer loop
      vertex 90.047 -76.6222 -3
      vertex 90.1561 -76.7211 3
      vertex 90.047 -76.6222 3
    endloop
  endfacet
  facet normal -0.671624 -0.740892 -0
    outer loop
      vertex 90.1561 -76.7211 3
      vertex 90.047 -76.6222 -3
      vertex 90.1561 -76.7211 -3
    endloop
  endfacet
  facet normal -0.998769 -0.0495987 0
    outer loop
      vertex 90.5955 -77.7817 -3
      vertex 90.5882 -77.6347 3
      vertex 90.5882 -77.6347 -3
    endloop
  endfacet
  facet normal -0.998769 -0.0495987 0
    outer loop
      vertex 90.5882 -77.6347 3
      vertex 90.5955 -77.7817 -3
      vertex 90.5955 -77.7817 3
    endloop
  endfacet
  facet normal 0.0495651 -0.998771 0
    outer loop
      vertex 88.9484 -76.289 -3
      vertex 89.0955 -76.2817 3
      vertex 88.9484 -76.289 3
    endloop
  endfacet
  facet normal 0.0495651 -0.998771 0
    outer loop
      vertex 89.0955 -76.2817 3
      vertex 88.9484 -76.289 -3
      vertex 89.0955 -76.2817 -3
    endloop
  endfacet
  facet normal -0.336939 -0.941527 0
    outer loop
      vertex 89.5309 -76.3463 -3
      vertex 89.6695 -76.3959 3
      vertex 89.5309 -76.3463 3
    endloop
  endfacet
  facet normal -0.336939 -0.941527 -0
    outer loop
      vertex 89.6695 -76.3959 3
      vertex 89.5309 -76.3463 -3
      vertex 89.6695 -76.3959 -3
    endloop
  endfacet
  facet normal -0.941527 0.336939 0
    outer loop
      vertex 90.4813 -78.3558 -3
      vertex 90.5309 -78.2172 3
      vertex 90.5309 -78.2172 -3
    endloop
  endfacet
  facet normal -0.941527 0.336939 0
    outer loop
      vertex 90.5309 -78.2172 3
      vertex 90.4813 -78.3558 -3
      vertex 90.4813 -78.3558 3
    endloop
  endfacet
  facet normal -0.903738 -0.428086 0
    outer loop
      vertex 90.4813 -77.2077 -3
      vertex 90.4183 -77.0747 3
      vertex 90.4183 -77.0747 -3
    endloop
  endfacet
  facet normal -0.903738 -0.428086 0
    outer loop
      vertex 90.4183 -77.0747 3
      vertex 90.4813 -77.2077 -3
      vertex 90.4813 -77.2077 3
    endloop
  endfacet
  facet normal -0.970143 -0.242536 0
    outer loop
      vertex 90.5666 -77.4891 -3
      vertex 90.5309 -77.3463 3
      vertex 90.5309 -77.3463 -3
    endloop
  endfacet
  facet normal -0.970143 -0.242536 0
    outer loop
      vertex 90.5309 -77.3463 3
      vertex 90.5666 -77.4891 -3
      vertex 90.5666 -77.4891 3
    endloop
  endfacet
  facet normal 0.428086 -0.903738 0
    outer loop
      vertex 88.3884 -76.4589 -3
      vertex 88.5214 -76.3959 3
      vertex 88.3884 -76.4589 3
    endloop
  endfacet
  facet normal 0.428086 -0.903738 0
    outer loop
      vertex 88.5214 -76.3959 3
      vertex 88.3884 -76.4589 -3
      vertex 88.5214 -76.3959 -3
    endloop
  endfacet
  facet normal -0.513896 -0.857853 0
    outer loop
      vertex 89.8026 -76.4589 -3
      vertex 89.9288 -76.5345 3
      vertex 89.8026 -76.4589 3
    endloop
  endfacet
  facet normal -0.513896 -0.857853 -0
    outer loop
      vertex 89.9288 -76.5345 3
      vertex 89.8026 -76.4589 -3
      vertex 89.9288 -76.5345 -3
    endloop
  endfacet
  facet normal 0.998804 0.0488878 0
    outer loop
      vertex 87.6027 -77.9288 3
      vertex 87.5955 -77.7817 -3
      vertex 87.5955 -77.7817 3
    endloop
  endfacet
  facet normal 0.998804 0.0488878 0
    outer loop
      vertex 87.5955 -77.7817 -3
      vertex 87.6027 -77.9288 3
      vertex 87.6027 -77.9288 -3
    endloop
  endfacet
  facet normal -0.858032 0.513596 0
    outer loop
      vertex 90.3427 -78.6151 -3
      vertex 90.4183 -78.4888 3
      vertex 90.4183 -78.4888 -3
    endloop
  endfacet
  facet normal -0.858032 0.513596 0
    outer loop
      vertex 90.4183 -78.4888 3
      vertex 90.3427 -78.6151 -3
      vertex 90.3427 -78.6151 3
    endloop
  endfacet
  facet normal -0.803088 0.595861 0
    outer loop
      vertex 90.255 -78.7333 -3
      vertex 90.3427 -78.6151 3
      vertex 90.3427 -78.6151 -3
    endloop
  endfacet
  facet normal -0.803088 0.595861 0
    outer loop
      vertex 90.3427 -78.6151 3
      vertex 90.255 -78.7333 -3
      vertex 90.255 -78.7333 3
    endloop
  endfacet
  facet normal -0.903738 0.428086 0
    outer loop
      vertex 90.4183 -78.4888 -3
      vertex 90.4813 -78.3558 3
      vertex 90.4813 -78.3558 -3
    endloop
  endfacet
  facet normal -0.903738 0.428086 0
    outer loop
      vertex 90.4813 -78.3558 3
      vertex 90.4183 -78.4888 -3
      vertex 90.4183 -78.4888 3
    endloop
  endfacet
  facet normal -0.989174 0.146746 0
    outer loop
      vertex 90.5666 -78.0744 -3
      vertex 90.5882 -77.9288 3
      vertex 90.5882 -77.9288 -3
    endloop
  endfacet
  facet normal -0.989174 0.146746 0
    outer loop
      vertex 90.5882 -77.9288 3
      vertex 90.5666 -78.0744 -3
      vertex 90.5666 -78.0744 3
    endloop
  endfacet
  facet normal -0.998771 0.0495651 0
    outer loop
      vertex 90.5882 -77.9288 -3
      vertex 90.5955 -77.7817 3
      vertex 90.5955 -77.7817 -3
    endloop
  endfacet
  facet normal -0.998771 0.0495651 0
    outer loop
      vertex 90.5955 -77.7817 3
      vertex 90.5882 -77.9288 -3
      vertex 90.5882 -77.9288 3
    endloop
  endfacet
  facet normal -0.970143 0.242536 0
    outer loop
      vertex 90.5309 -78.2172 -3
      vertex 90.5666 -78.0744 3
      vertex 90.5666 -78.0744 -3
    endloop
  endfacet
  facet normal -0.970143 0.242536 0
    outer loop
      vertex 90.5666 -78.0744 3
      vertex 90.5309 -78.2172 -3
      vertex 90.5309 -78.2172 3
    endloop
  endfacet
  facet normal -0.803088 -0.595861 0
    outer loop
      vertex 90.3427 -76.9484 -3
      vertex 90.255 -76.8302 3
      vertex 90.255 -76.8302 -3
    endloop
  endfacet
  facet normal -0.803088 -0.595861 0
    outer loop
      vertex 90.255 -76.8302 3
      vertex 90.3427 -76.9484 -3
      vertex 90.3427 -76.9484 3
    endloop
  endfacet
  facet normal -0.858032 -0.513596 0
    outer loop
      vertex 90.4183 -77.0747 -3
      vertex 90.3427 -76.9484 3
      vertex 90.3427 -76.9484 -3
    endloop
  endfacet
  facet normal -0.858032 -0.513596 0
    outer loop
      vertex 90.3427 -76.9484 3
      vertex 90.4183 -77.0747 -3
      vertex 90.4183 -77.0747 3
    endloop
  endfacet
  facet normal -0.740892 -0.671624 0
    outer loop
      vertex 90.255 -76.8302 -3
      vertex 90.1561 -76.7211 3
      vertex 90.1561 -76.7211 -3
    endloop
  endfacet
  facet normal -0.740892 -0.671624 0
    outer loop
      vertex 90.1561 -76.7211 3
      vertex 90.255 -76.8302 -3
      vertex 90.255 -76.8302 3
    endloop
  endfacet
  facet normal -0.941527 -0.336939 0
    outer loop
      vertex 90.5309 -77.3463 -3
      vertex 90.4813 -77.2077 3
      vertex 90.4813 -77.2077 -3
    endloop
  endfacet
  facet normal -0.941527 -0.336939 0
    outer loop
      vertex 90.4813 -77.2077 3
      vertex 90.5309 -77.3463 -3
      vertex 90.5309 -77.3463 3
    endloop
  endfacet
  facet normal -0.989174 -0.146746 0
    outer loop
      vertex 90.5882 -77.6347 -3
      vertex 90.5666 -77.4891 3
      vertex 90.5666 -77.4891 -3
    endloop
  endfacet
  facet normal -0.989174 -0.146746 0
    outer loop
      vertex 90.5666 -77.4891 3
      vertex 90.5882 -77.6347 -3
      vertex 90.5882 -77.6347 3
    endloop
  endfacet
  facet normal 0.595861 -0.803088 0
    outer loop
      vertex 88.1439 -76.6222 -3
      vertex 88.2621 -76.5345 3
      vertex 88.1439 -76.6222 3
    endloop
  endfacet
  facet normal 0.595861 -0.803088 0
    outer loop
      vertex 88.2621 -76.5345 3
      vertex 88.1439 -76.6222 -3
      vertex 88.2621 -76.5345 -3
    endloop
  endfacet
  facet normal 0.242536 -0.970143 0
    outer loop
      vertex 88.66 -76.3463 -3
      vertex 88.8028 -76.3106 3
      vertex 88.66 -76.3463 3
    endloop
  endfacet
  facet normal 0.242536 -0.970143 0
    outer loop
      vertex 88.8028 -76.3106 3
      vertex 88.66 -76.3463 -3
      vertex 88.8028 -76.3106 -3
    endloop
  endfacet
  facet normal 0.146746 -0.989174 0
    outer loop
      vertex 88.8028 -76.3106 -3
      vertex 88.9484 -76.289 3
      vertex 88.8028 -76.3106 3
    endloop
  endfacet
  facet normal 0.146746 -0.989174 0
    outer loop
      vertex 88.9484 -76.289 3
      vertex 88.8028 -76.3106 -3
      vertex 88.9484 -76.289 -3
    endloop
  endfacet
  facet normal 0.336939 -0.941527 0
    outer loop
      vertex 88.5214 -76.3959 -3
      vertex 88.66 -76.3463 3
      vertex 88.5214 -76.3959 3
    endloop
  endfacet
  facet normal 0.336939 -0.941527 0
    outer loop
      vertex 88.66 -76.3463 3
      vertex 88.5214 -76.3959 -3
      vertex 88.66 -76.3463 -3
    endloop
  endfacet
  facet normal 0.513596 -0.858032 0
    outer loop
      vertex 88.2621 -76.5345 -3
      vertex 88.3884 -76.4589 3
      vertex 88.2621 -76.5345 3
    endloop
  endfacet
  facet normal 0.513596 -0.858032 0
    outer loop
      vertex 88.3884 -76.4589 3
      vertex 88.2621 -76.5345 -3
      vertex 88.3884 -76.4589 -3
    endloop
  endfacet
  facet normal 0.671624 -0.740892 0
    outer loop
      vertex 88.0348 -76.7211 -3
      vertex 88.1439 -76.6222 3
      vertex 88.0348 -76.7211 3
    endloop
  endfacet
  facet normal 0.671624 -0.740892 0
    outer loop
      vertex 88.1439 -76.6222 3
      vertex 88.0348 -76.7211 -3
      vertex 88.1439 -76.6222 -3
    endloop
  endfacet
  facet normal -0.146746 -0.989174 0
    outer loop
      vertex 89.2425 -76.289 -3
      vertex 89.3881 -76.3106 3
      vertex 89.2425 -76.289 3
    endloop
  endfacet
  facet normal -0.146746 -0.989174 -0
    outer loop
      vertex 89.3881 -76.3106 3
      vertex 89.2425 -76.289 -3
      vertex 89.3881 -76.3106 -3
    endloop
  endfacet
  facet normal -0.242536 -0.970143 0
    outer loop
      vertex 89.3881 -76.3106 -3
      vertex 89.5309 -76.3463 3
      vertex 89.3881 -76.3106 3
    endloop
  endfacet
  facet normal -0.242536 -0.970143 -0
    outer loop
      vertex 89.5309 -76.3463 3
      vertex 89.3881 -76.3106 -3
      vertex 89.5309 -76.3463 -3
    endloop
  endfacet
  facet normal -0.0495987 -0.998769 0
    outer loop
      vertex 89.0955 -76.2817 -3
      vertex 89.2425 -76.289 3
      vertex 89.0955 -76.2817 3
    endloop
  endfacet
  facet normal -0.0495987 -0.998769 -0
    outer loop
      vertex 89.2425 -76.289 3
      vertex 89.0955 -76.2817 -3
      vertex 89.2425 -76.289 -3
    endloop
  endfacet
  facet normal -0.427824 -0.903862 0
    outer loop
      vertex 89.6695 -76.3959 -3
      vertex 89.8026 -76.4589 3
      vertex 89.6695 -76.3959 3
    endloop
  endfacet
  facet normal -0.427824 -0.903862 -0
    outer loop
      vertex 89.8026 -76.4589 3
      vertex 89.6695 -76.3959 -3
      vertex 89.8026 -76.4589 -3
    endloop
  endfacet
  facet normal -0.595861 -0.803088 0
    outer loop
      vertex 89.9288 -76.5345 -3
      vertex 90.047 -76.6222 3
      vertex 89.9288 -76.5345 3
    endloop
  endfacet
  facet normal -0.595861 -0.803088 -0
    outer loop
      vertex 90.047 -76.6222 3
      vertex 89.9288 -76.5345 -3
      vertex 90.047 -76.6222 -3
    endloop
  endfacet
  facet normal -0.671624 0.740892 0
    outer loop
      vertex 90.1561 -78.8424 -3
      vertex 90.047 -78.9413 3
      vertex 90.1561 -78.8424 3
    endloop
  endfacet
  facet normal -0.671624 0.740892 0
    outer loop
      vertex 90.047 -78.9413 3
      vertex 90.1561 -78.8424 -3
      vertex 90.047 -78.9413 -3
    endloop
  endfacet
  facet normal 0.595861 0.803088 -0
    outer loop
      vertex 88.2621 -79.029 -3
      vertex 88.1439 -78.9413 3
      vertex 88.2621 -79.029 3
    endloop
  endfacet
  facet normal 0.595861 0.803088 0
    outer loop
      vertex 88.1439 -78.9413 3
      vertex 88.2621 -79.029 -3
      vertex 88.1439 -78.9413 -3
    endloop
  endfacet
  facet normal 0.428086 0.903738 -0
    outer loop
      vertex 88.5214 -79.1676 -3
      vertex 88.3884 -79.1046 3
      vertex 88.5214 -79.1676 3
    endloop
  endfacet
  facet normal 0.428086 0.903738 0
    outer loop
      vertex 88.3884 -79.1046 3
      vertex 88.5214 -79.1676 -3
      vertex 88.3884 -79.1046 -3
    endloop
  endfacet
  facet normal 0.0488878 0.998804 -0
    outer loop
      vertex 89.0955 -79.2817 -3
      vertex 88.9484 -79.2745 3
      vertex 89.0955 -79.2817 3
    endloop
  endfacet
  facet normal 0.0488878 0.998804 0
    outer loop
      vertex 88.9484 -79.2745 3
      vertex 89.0955 -79.2817 -3
      vertex 88.9484 -79.2745 -3
    endloop
  endfacet
  facet normal 0.242536 0.970143 -0
    outer loop
      vertex 88.8028 -79.2529 -3
      vertex 88.66 -79.2172 3
      vertex 88.8028 -79.2529 3
    endloop
  endfacet
  facet normal 0.242536 0.970143 0
    outer loop
      vertex 88.66 -79.2172 3
      vertex 88.8028 -79.2529 -3
      vertex 88.66 -79.2172 -3
    endloop
  endfacet
  facet normal -0.146746 0.989174 0
    outer loop
      vertex 89.3881 -79.2529 -3
      vertex 89.2425 -79.2745 3
      vertex 89.3881 -79.2529 3
    endloop
  endfacet
  facet normal -0.146746 0.989174 0
    outer loop
      vertex 89.2425 -79.2745 3
      vertex 89.3881 -79.2529 -3
      vertex 89.2425 -79.2745 -3
    endloop
  endfacet
  facet normal -0.336939 0.941527 0
    outer loop
      vertex 89.6695 -79.1676 -3
      vertex 89.5309 -79.2172 3
      vertex 89.6695 -79.1676 3
    endloop
  endfacet
  facet normal -0.336939 0.941527 0
    outer loop
      vertex 89.5309 -79.2172 3
      vertex 89.6695 -79.1676 -3
      vertex 89.5309 -79.2172 -3
    endloop
  endfacet
  facet normal 0.989174 0.146746 0
    outer loop
      vertex 87.6243 -78.0744 3
      vertex 87.6027 -77.9288 -3
      vertex 87.6027 -77.9288 3
    endloop
  endfacet
  facet normal 0.989174 0.146746 0
    outer loop
      vertex 87.6027 -77.9288 -3
      vertex 87.6243 -78.0744 3
      vertex 87.6243 -78.0744 -3
    endloop
  endfacet
  facet normal 0.941527 0.336939 0
    outer loop
      vertex 87.7096 -78.3558 3
      vertex 87.66 -78.2172 -3
      vertex 87.66 -78.2172 3
    endloop
  endfacet
  facet normal 0.941527 0.336939 0
    outer loop
      vertex 87.66 -78.2172 -3
      vertex 87.7096 -78.3558 3
      vertex 87.7096 -78.3558 -3
    endloop
  endfacet
  facet normal 0.857733 0.514096 0
    outer loop
      vertex 87.8483 -78.6151 3
      vertex 87.7726 -78.4888 -3
      vertex 87.7726 -78.4888 3
    endloop
  endfacet
  facet normal 0.857733 0.514096 0
    outer loop
      vertex 87.7726 -78.4888 -3
      vertex 87.8483 -78.6151 3
      vertex 87.8483 -78.6151 -3
    endloop
  endfacet
  facet normal 0.740892 0.671624 0
    outer loop
      vertex 88.0348 -78.8424 3
      vertex 87.9359 -78.7333 -3
      vertex 87.9359 -78.7333 3
    endloop
  endfacet
  facet normal 0.740892 0.671624 0
    outer loop
      vertex 87.9359 -78.7333 -3
      vertex 88.0348 -78.8424 3
      vertex 88.0348 -78.8424 -3
    endloop
  endfacet
  facet normal 0.989174 -0.146746 0
    outer loop
      vertex 87.6027 -77.6347 3
      vertex 87.6243 -77.4891 -3
      vertex 87.6243 -77.4891 3
    endloop
  endfacet
  facet normal 0.989174 -0.146746 0
    outer loop
      vertex 87.6243 -77.4891 -3
      vertex 87.6027 -77.6347 3
      vertex 87.6027 -77.6347 -3
    endloop
  endfacet
  facet normal 0.970143 -0.242536 0
    outer loop
      vertex 87.6243 -77.4891 3
      vertex 87.66 -77.3463 -3
      vertex 87.66 -77.3463 3
    endloop
  endfacet
  facet normal 0.970143 -0.242536 0
    outer loop
      vertex 87.66 -77.3463 -3
      vertex 87.6243 -77.4891 3
      vertex 87.6243 -77.4891 -3
    endloop
  endfacet
  facet normal 0.998803 -0.0489209 0
    outer loop
      vertex 87.5955 -77.7817 3
      vertex 87.6027 -77.6347 -3
      vertex 87.6027 -77.6347 3
    endloop
  endfacet
  facet normal 0.998803 -0.0489209 0
    outer loop
      vertex 87.6027 -77.6347 -3
      vertex 87.5955 -77.7817 3
      vertex 87.5955 -77.7817 -3
    endloop
  endfacet
  facet normal 0.903738 -0.428086 0
    outer loop
      vertex 87.7096 -77.2077 3
      vertex 87.7726 -77.0747 -3
      vertex 87.7726 -77.0747 3
    endloop
  endfacet
  facet normal 0.903738 -0.428086 0
    outer loop
      vertex 87.7726 -77.0747 -3
      vertex 87.7096 -77.2077 3
      vertex 87.7096 -77.2077 -3
    endloop
  endfacet
  facet normal 0.941527 -0.336939 0
    outer loop
      vertex 87.66 -77.3463 3
      vertex 87.7096 -77.2077 -3
      vertex 87.7096 -77.2077 3
    endloop
  endfacet
  facet normal 0.941527 -0.336939 0
    outer loop
      vertex 87.7096 -77.2077 -3
      vertex 87.66 -77.3463 3
      vertex 87.66 -77.3463 -3
    endloop
  endfacet
  facet normal 0.803413 -0.595423 0
    outer loop
      vertex 87.8483 -76.9484 3
      vertex 87.9359 -76.8302 -3
      vertex 87.9359 -76.8302 3
    endloop
  endfacet
  facet normal 0.803413 -0.595423 0
    outer loop
      vertex 87.9359 -76.8302 -3
      vertex 87.8483 -76.9484 3
      vertex 87.8483 -76.9484 -3
    endloop
  endfacet
  facet normal 0.740892 -0.671624 0
    outer loop
      vertex 87.9359 -76.8302 3
      vertex 88.0348 -76.7211 -3
      vertex 88.0348 -76.7211 3
    endloop
  endfacet
  facet normal 0.740892 -0.671624 0
    outer loop
      vertex 88.0348 -76.7211 -3
      vertex 87.9359 -76.8302 3
      vertex 87.9359 -76.8302 -3
    endloop
  endfacet
  facet normal 0.513596 0.858032 -0
    outer loop
      vertex 88.3884 -79.1046 -3
      vertex 88.2621 -79.029 3
      vertex 88.3884 -79.1046 3
    endloop
  endfacet
  facet normal 0.513596 0.858032 0
    outer loop
      vertex 88.2621 -79.029 3
      vertex 88.3884 -79.1046 -3
      vertex 88.2621 -79.029 -3
    endloop
  endfacet
  facet normal 0.336939 0.941527 -0
    outer loop
      vertex 88.66 -79.2172 -3
      vertex 88.5214 -79.1676 3
      vertex 88.66 -79.2172 3
    endloop
  endfacet
  facet normal 0.336939 0.941527 0
    outer loop
      vertex 88.5214 -79.1676 3
      vertex 88.66 -79.2172 -3
      vertex 88.5214 -79.1676 -3
    endloop
  endfacet
  facet normal -0.0489209 0.998803 0
    outer loop
      vertex 89.2425 -79.2745 -3
      vertex 89.0955 -79.2817 3
      vertex 89.2425 -79.2745 3
    endloop
  endfacet
  facet normal -0.0489209 0.998803 0
    outer loop
      vertex 89.0955 -79.2817 3
      vertex 89.2425 -79.2745 -3
      vertex 89.0955 -79.2817 -3
    endloop
  endfacet
  facet normal 0.146746 0.989174 -0
    outer loop
      vertex 88.9484 -79.2745 -3
      vertex 88.8028 -79.2529 3
      vertex 88.9484 -79.2745 3
    endloop
  endfacet
  facet normal 0.146746 0.989174 0
    outer loop
      vertex 88.8028 -79.2529 3
      vertex 88.9484 -79.2745 -3
      vertex 88.8028 -79.2529 -3
    endloop
  endfacet
  facet normal -0.242536 0.970143 0
    outer loop
      vertex 89.5309 -79.2172 -3
      vertex 89.3881 -79.2529 3
      vertex 89.5309 -79.2172 3
    endloop
  endfacet
  facet normal -0.242536 0.970143 0
    outer loop
      vertex 89.3881 -79.2529 3
      vertex 89.5309 -79.2172 -3
      vertex 89.3881 -79.2529 -3
    endloop
  endfacet
  facet normal -0.427824 0.903862 0
    outer loop
      vertex 89.8026 -79.1046 -3
      vertex 89.6695 -79.1676 3
      vertex 89.8026 -79.1046 3
    endloop
  endfacet
  facet normal -0.427824 0.903862 0
    outer loop
      vertex 89.6695 -79.1676 3
      vertex 89.8026 -79.1046 -3
      vertex 89.6695 -79.1676 -3
    endloop
  endfacet
  facet normal -0.595861 0.803088 0
    outer loop
      vertex 90.047 -78.9413 -3
      vertex 89.9288 -79.029 3
      vertex 90.047 -78.9413 3
    endloop
  endfacet
  facet normal -0.595861 0.803088 0
    outer loop
      vertex 89.9288 -79.029 3
      vertex 90.047 -78.9413 -3
      vertex 89.9288 -79.029 -3
    endloop
  endfacet
  facet normal -0.513896 0.857853 0
    outer loop
      vertex 89.9288 -79.029 -3
      vertex 89.8026 -79.1046 3
      vertex 89.9288 -79.029 3
    endloop
  endfacet
  facet normal -0.513896 0.857853 0
    outer loop
      vertex 89.8026 -79.1046 3
      vertex 89.9288 -79.029 -3
      vertex 89.8026 -79.1046 -3
    endloop
  endfacet
  facet normal 0.970143 0.242536 0
    outer loop
      vertex 87.66 -78.2172 3
      vertex 87.6243 -78.0744 -3
      vertex 87.6243 -78.0744 3
    endloop
  endfacet
  facet normal 0.970143 0.242536 0
    outer loop
      vertex 87.6243 -78.0744 -3
      vertex 87.66 -78.2172 3
      vertex 87.66 -78.2172 -3
    endloop
  endfacet
  facet normal 0.903738 0.428086 0
    outer loop
      vertex 87.7726 -78.4888 3
      vertex 87.7096 -78.3558 -3
      vertex 87.7096 -78.3558 3
    endloop
  endfacet
  facet normal 0.903738 0.428086 0
    outer loop
      vertex 87.7096 -78.3558 -3
      vertex 87.7726 -78.4888 3
      vertex 87.7726 -78.4888 -3
    endloop
  endfacet
  facet normal 0.803413 0.595423 0
    outer loop
      vertex 87.9359 -78.7333 3
      vertex 87.8483 -78.6151 -3
      vertex 87.8483 -78.6151 3
    endloop
  endfacet
  facet normal 0.803413 0.595423 0
    outer loop
      vertex 87.8483 -78.6151 -3
      vertex 87.9359 -78.7333 3
      vertex 87.9359 -78.7333 -3
    endloop
  endfacet
  facet normal 0.671624 0.740892 -0
    outer loop
      vertex 88.1439 -78.9413 -3
      vertex 88.0348 -78.8424 3
      vertex 88.1439 -78.9413 3
    endloop
  endfacet
  facet normal 0.671624 0.740892 0
    outer loop
      vertex 88.0348 -78.8424 3
      vertex 88.1439 -78.9413 -3
      vertex 88.0348 -78.8424 -3
    endloop
  endfacet
  facet normal 0.857733 -0.514096 0
    outer loop
      vertex 87.7726 -77.0747 3
      vertex 87.8483 -76.9484 -3
      vertex 87.8483 -76.9484 3
    endloop
  endfacet
  facet normal 0.857733 -0.514096 0
    outer loop
      vertex 87.8483 -76.9484 -3
      vertex 87.7726 -77.0747 3
      vertex 87.7726 -77.0747 -3
    endloop
  endfacet
  facet normal -0.740892 0.671624 0
    outer loop
      vertex 78.8424 -67.5287 -3
      vertex 78.9413 -67.4196 3
      vertex 78.9413 -67.4196 -3
    endloop
  endfacet
  facet normal -0.740892 0.671624 0
    outer loop
      vertex 78.9413 -67.4196 3
      vertex 78.8424 -67.5287 -3
      vertex 78.8424 -67.5287 3
    endloop
  endfacet
  facet normal -0.671624 -0.740892 0
    outer loop
      vertex 78.7333 -65.3085 -3
      vertex 78.8424 -65.4074 3
      vertex 78.7333 -65.3085 3
    endloop
  endfacet
  facet normal -0.671624 -0.740892 -0
    outer loop
      vertex 78.8424 -65.4074 3
      vertex 78.7333 -65.3085 -3
      vertex 78.8424 -65.4074 -3
    endloop
  endfacet
  facet normal 0.671624 0.740892 -0
    outer loop
      vertex 76.8302 -67.6276 -3
      vertex 76.7211 -67.5287 3
      vertex 76.8302 -67.6276 3
    endloop
  endfacet
  facet normal 0.671624 0.740892 0
    outer loop
      vertex 76.7211 -67.5287 3
      vertex 76.8302 -67.6276 -3
      vertex 76.7211 -67.5287 -3
    endloop
  endfacet
  facet normal -0.998803 -0.0489209 0
    outer loop
      vertex 79.2817 -66.468 -3
      vertex 79.2745 -66.321 3
      vertex 79.2745 -66.321 -3
    endloop
  endfacet
  facet normal -0.998803 -0.0489209 0
    outer loop
      vertex 79.2745 -66.321 3
      vertex 79.2817 -66.468 -3
      vertex 79.2817 -66.468 3
    endloop
  endfacet
  facet normal 0.0495987 -0.998769 0
    outer loop
      vertex 77.6347 -64.9753 -3
      vertex 77.7817 -64.968 3
      vertex 77.6347 -64.9753 3
    endloop
  endfacet
  facet normal 0.0495987 -0.998769 0
    outer loop
      vertex 77.7817 -64.968 3
      vertex 77.6347 -64.9753 -3
      vertex 77.7817 -64.968 -3
    endloop
  endfacet
  facet normal -0.336939 -0.941527 0
    outer loop
      vertex 78.2172 -65.0326 -3
      vertex 78.3558 -65.0822 3
      vertex 78.2172 -65.0326 3
    endloop
  endfacet
  facet normal -0.336939 -0.941527 -0
    outer loop
      vertex 78.3558 -65.0822 3
      vertex 78.2172 -65.0326 -3
      vertex 78.3558 -65.0822 -3
    endloop
  endfacet
  facet normal 0.903862 -0.427824 0
    outer loop
      vertex 76.3959 -65.894 3
      vertex 76.4589 -65.7609 -3
      vertex 76.4589 -65.7609 3
    endloop
  endfacet
  facet normal 0.903862 -0.427824 0
    outer loop
      vertex 76.4589 -65.7609 -3
      vertex 76.3959 -65.894 3
      vertex 76.3959 -65.894 -3
    endloop
  endfacet
  facet normal -0.941527 0.336939 0
    outer loop
      vertex 79.1676 -67.0421 -3
      vertex 79.2172 -66.9035 3
      vertex 79.2172 -66.9035 -3
    endloop
  endfacet
  facet normal -0.941527 0.336939 0
    outer loop
      vertex 79.2172 -66.9035 3
      vertex 79.1676 -67.0421 -3
      vertex 79.1676 -67.0421 3
    endloop
  endfacet
  facet normal -0.903862 -0.427824 0
    outer loop
      vertex 79.1676 -65.894 -3
      vertex 79.1046 -65.7609 3
      vertex 79.1046 -65.7609 -3
    endloop
  endfacet
  facet normal -0.903862 -0.427824 0
    outer loop
      vertex 79.1046 -65.7609 3
      vertex 79.1676 -65.894 -3
      vertex 79.1676 -65.894 3
    endloop
  endfacet
  facet normal 0.336939 -0.941527 0
    outer loop
      vertex 77.2077 -65.0822 -3
      vertex 77.3463 -65.0326 3
      vertex 77.2077 -65.0822 3
    endloop
  endfacet
  facet normal 0.336939 -0.941527 0
    outer loop
      vertex 77.3463 -65.0326 3
      vertex 77.2077 -65.0822 -3
      vertex 77.3463 -65.0326 -3
    endloop
  endfacet
  facet normal 0.242536 -0.970143 0
    outer loop
      vertex 77.3463 -65.0326 -3
      vertex 77.4891 -64.9969 3
      vertex 77.3463 -65.0326 3
    endloop
  endfacet
  facet normal 0.242536 -0.970143 0
    outer loop
      vertex 77.4891 -64.9969 3
      vertex 77.3463 -65.0326 -3
      vertex 77.4891 -64.9969 -3
    endloop
  endfacet
  facet normal -0.513596 -0.858032 0
    outer loop
      vertex 78.4888 -65.1452 -3
      vertex 78.6151 -65.2208 3
      vertex 78.4888 -65.1452 3
    endloop
  endfacet
  facet normal -0.513596 -0.858032 -0
    outer loop
      vertex 78.6151 -65.2208 3
      vertex 78.4888 -65.1452 -3
      vertex 78.6151 -65.2208 -3
    endloop
  endfacet
  facet normal -0.336939 0.941527 0
    outer loop
      vertex 78.3558 -67.8539 -3
      vertex 78.2172 -67.9035 3
      vertex 78.3558 -67.8539 3
    endloop
  endfacet
  facet normal -0.336939 0.941527 0
    outer loop
      vertex 78.2172 -67.9035 3
      vertex 78.3558 -67.8539 -3
      vertex 78.2172 -67.9035 -3
    endloop
  endfacet
  facet normal 0.428086 0.903738 -0
    outer loop
      vertex 77.2077 -67.8539 -3
      vertex 77.0747 -67.7909 3
      vertex 77.2077 -67.8539 3
    endloop
  endfacet
  facet normal 0.428086 0.903738 0
    outer loop
      vertex 77.0747 -67.7909 3
      vertex 77.2077 -67.8539 -3
      vertex 77.0747 -67.7909 -3
    endloop
  endfacet
  facet normal -0.0488878 0.998804 0
    outer loop
      vertex 77.9288 -67.9608 -3
      vertex 77.7817 -67.968 3
      vertex 77.9288 -67.9608 3
    endloop
  endfacet
  facet normal -0.0488878 0.998804 0
    outer loop
      vertex 77.7817 -67.968 3
      vertex 77.9288 -67.9608 -3
      vertex 77.7817 -67.968 -3
    endloop
  endfacet
  facet normal -0.514096 0.857733 0
    outer loop
      vertex 78.6151 -67.7152 -3
      vertex 78.4888 -67.7909 3
      vertex 78.6151 -67.7152 3
    endloop
  endfacet
  facet normal -0.514096 0.857733 0
    outer loop
      vertex 78.4888 -67.7909 3
      vertex 78.6151 -67.7152 -3
      vertex 78.4888 -67.7909 -3
    endloop
  endfacet
  facet normal 0.858032 0.513596 0
    outer loop
      vertex 76.5345 -67.3014 3
      vertex 76.4589 -67.1751 -3
      vertex 76.4589 -67.1751 3
    endloop
  endfacet
  facet normal 0.858032 0.513596 0
    outer loop
      vertex 76.4589 -67.1751 -3
      vertex 76.5345 -67.3014 3
      vertex 76.5345 -67.3014 -3
    endloop
  endfacet
  facet normal 0.998771 0.0495651 0
    outer loop
      vertex 76.289 -66.6151 3
      vertex 76.2817 -66.468 -3
      vertex 76.2817 -66.468 3
    endloop
  endfacet
  facet normal 0.998771 0.0495651 0
    outer loop
      vertex 76.2817 -66.468 -3
      vertex 76.289 -66.6151 3
      vertex 76.289 -66.6151 -3
    endloop
  endfacet
  facet normal 0.998769 -0.0495987 0
    outer loop
      vertex 76.2817 -66.468 3
      vertex 76.289 -66.321 -3
      vertex 76.289 -66.321 3
    endloop
  endfacet
  facet normal 0.998769 -0.0495987 0
    outer loop
      vertex 76.289 -66.321 -3
      vertex 76.2817 -66.468 3
      vertex 76.2817 -66.468 -3
    endloop
  endfacet
  facet normal -0.857733 0.514096 0
    outer loop
      vertex 79.0289 -67.3014 -3
      vertex 79.1046 -67.1751 3
      vertex 79.1046 -67.1751 -3
    endloop
  endfacet
  facet normal -0.857733 0.514096 0
    outer loop
      vertex 79.1046 -67.1751 3
      vertex 79.0289 -67.3014 -3
      vertex 79.0289 -67.3014 3
    endloop
  endfacet
  facet normal -0.803413 0.595423 0
    outer loop
      vertex 78.9413 -67.4196 -3
      vertex 79.0289 -67.3014 3
      vertex 79.0289 -67.3014 -3
    endloop
  endfacet
  facet normal -0.803413 0.595423 0
    outer loop
      vertex 79.0289 -67.3014 3
      vertex 78.9413 -67.4196 -3
      vertex 78.9413 -67.4196 3
    endloop
  endfacet
  facet normal -0.903738 0.428086 0
    outer loop
      vertex 79.1046 -67.1751 -3
      vertex 79.1676 -67.0421 3
      vertex 79.1676 -67.0421 -3
    endloop
  endfacet
  facet normal -0.903738 0.428086 0
    outer loop
      vertex 79.1676 -67.0421 3
      vertex 79.1046 -67.1751 -3
      vertex 79.1046 -67.1751 3
    endloop
  endfacet
  facet normal -0.989174 0.146746 0
    outer loop
      vertex 79.2529 -66.7607 -3
      vertex 79.2745 -66.6151 3
      vertex 79.2745 -66.6151 -3
    endloop
  endfacet
  facet normal -0.989174 0.146746 0
    outer loop
      vertex 79.2745 -66.6151 3
      vertex 79.2529 -66.7607 -3
      vertex 79.2529 -66.7607 3
    endloop
  endfacet
  facet normal -0.998804 0.0488878 0
    outer loop
      vertex 79.2745 -66.6151 -3
      vertex 79.2817 -66.468 3
      vertex 79.2817 -66.468 -3
    endloop
  endfacet
  facet normal -0.998804 0.0488878 0
    outer loop
      vertex 79.2817 -66.468 3
      vertex 79.2745 -66.6151 -3
      vertex 79.2745 -66.6151 3
    endloop
  endfacet
  facet normal -0.970143 0.242536 0
    outer loop
      vertex 79.2172 -66.9035 -3
      vertex 79.2529 -66.7607 3
      vertex 79.2529 -66.7607 -3
    endloop
  endfacet
  facet normal -0.970143 0.242536 0
    outer loop
      vertex 79.2529 -66.7607 3
      vertex 79.2172 -66.9035 -3
      vertex 79.2172 -66.9035 3
    endloop
  endfacet
  facet normal -0.803653 -0.595098 0
    outer loop
      vertex 79.0289 -65.6347 -3
      vertex 78.9413 -65.5164 3
      vertex 78.9413 -65.5164 -3
    endloop
  endfacet
  facet normal -0.803653 -0.595098 0
    outer loop
      vertex 78.9413 -65.5164 3
      vertex 79.0289 -65.6347 -3
      vertex 79.0289 -65.6347 3
    endloop
  endfacet
  facet normal -0.740585 -0.671962 0
    outer loop
      vertex 78.9413 -65.5164 -3
      vertex 78.8424 -65.4074 3
      vertex 78.8424 -65.4074 -3
    endloop
  endfacet
  facet normal -0.740585 -0.671962 0
    outer loop
      vertex 78.8424 -65.4074 3
      vertex 78.9413 -65.5164 -3
      vertex 78.9413 -65.5164 3
    endloop
  endfacet
  facet normal -0.970143 -0.242536 0
    outer loop
      vertex 79.2529 -66.1754 -3
      vertex 79.2172 -66.0326 3
      vertex 79.2172 -66.0326 -3
    endloop
  endfacet
  facet normal -0.970143 -0.242536 0
    outer loop
      vertex 79.2172 -66.0326 3
      vertex 79.2529 -66.1754 -3
      vertex 79.2529 -66.1754 3
    endloop
  endfacet
  facet normal -0.989174 -0.146746 0
    outer loop
      vertex 79.2745 -66.321 -3
      vertex 79.2529 -66.1754 3
      vertex 79.2529 -66.1754 -3
    endloop
  endfacet
  facet normal -0.989174 -0.146746 0
    outer loop
      vertex 79.2529 -66.1754 3
      vertex 79.2745 -66.321 -3
      vertex 79.2745 -66.321 3
    endloop
  endfacet
  facet normal 0.595861 -0.803088 0
    outer loop
      vertex 76.8302 -65.3085 -3
      vertex 76.9484 -65.2208 3
      vertex 76.8302 -65.3085 3
    endloop
  endfacet
  facet normal 0.595861 -0.803088 0
    outer loop
      vertex 76.9484 -65.2208 3
      vertex 76.8302 -65.3085 -3
      vertex 76.9484 -65.2208 -3
    endloop
  endfacet
  facet normal 0.428086 -0.903738 0
    outer loop
      vertex 77.0747 -65.1452 -3
      vertex 77.2077 -65.0822 3
      vertex 77.0747 -65.1452 3
    endloop
  endfacet
  facet normal 0.428086 -0.903738 0
    outer loop
      vertex 77.2077 -65.0822 3
      vertex 77.0747 -65.1452 -3
      vertex 77.2077 -65.0822 -3
    endloop
  endfacet
  facet normal 0.671624 -0.740892 0
    outer loop
      vertex 76.7211 -65.4074 -3
      vertex 76.8302 -65.3085 3
      vertex 76.7211 -65.4074 3
    endloop
  endfacet
  facet normal 0.671624 -0.740892 0
    outer loop
      vertex 76.8302 -65.3085 3
      vertex 76.7211 -65.4074 -3
      vertex 76.8302 -65.3085 -3
    endloop
  endfacet
  facet normal -0.146746 -0.989174 0
    outer loop
      vertex 77.9288 -64.9753 -3
      vertex 78.0744 -64.9969 3
      vertex 77.9288 -64.9753 3
    endloop
  endfacet
  facet normal -0.146746 -0.989174 -0
    outer loop
      vertex 78.0744 -64.9969 3
      vertex 77.9288 -64.9753 -3
      vertex 78.0744 -64.9969 -3
    endloop
  endfacet
  facet normal -0.595861 -0.803088 0
    outer loop
      vertex 78.6151 -65.2208 -3
      vertex 78.7333 -65.3085 3
      vertex 78.6151 -65.2208 3
    endloop
  endfacet
  facet normal -0.595861 -0.803088 -0
    outer loop
      vertex 78.7333 -65.3085 3
      vertex 78.6151 -65.2208 -3
      vertex 78.7333 -65.3085 -3
    endloop
  endfacet
  facet normal -0.671624 0.740892 0
    outer loop
      vertex 78.8424 -67.5287 -3
      vertex 78.7333 -67.6276 3
      vertex 78.8424 -67.5287 3
    endloop
  endfacet
  facet normal -0.671624 0.740892 0
    outer loop
      vertex 78.7333 -67.6276 3
      vertex 78.8424 -67.5287 -3
      vertex 78.7333 -67.6276 -3
    endloop
  endfacet
  facet normal 0.595423 0.803413 -0
    outer loop
      vertex 76.9484 -67.7152 -3
      vertex 76.8302 -67.6276 3
      vertex 76.9484 -67.7152 3
    endloop
  endfacet
  facet normal 0.595423 0.803413 0
    outer loop
      vertex 76.8302 -67.6276 3
      vertex 76.9484 -67.7152 -3
      vertex 76.8302 -67.6276 -3
    endloop
  endfacet
  facet normal 0.242536 0.970143 -0
    outer loop
      vertex 77.4891 -67.9392 -3
      vertex 77.3463 -67.9035 3
      vertex 77.4891 -67.9392 3
    endloop
  endfacet
  facet normal 0.242536 0.970143 0
    outer loop
      vertex 77.3463 -67.9035 3
      vertex 77.4891 -67.9392 -3
      vertex 77.3463 -67.9035 -3
    endloop
  endfacet
  facet normal 0.0489209 0.998803 -0
    outer loop
      vertex 77.7817 -67.968 -3
      vertex 77.6347 -67.9608 3
      vertex 77.7817 -67.968 3
    endloop
  endfacet
  facet normal 0.0489209 0.998803 0
    outer loop
      vertex 77.6347 -67.9608 3
      vertex 77.7817 -67.968 -3
      vertex 77.6347 -67.9608 -3
    endloop
  endfacet
  facet normal 0.146746 0.989174 -0
    outer loop
      vertex 77.6347 -67.9608 -3
      vertex 77.4891 -67.9392 3
      vertex 77.6347 -67.9608 3
    endloop
  endfacet
  facet normal 0.146746 0.989174 0
    outer loop
      vertex 77.4891 -67.9392 3
      vertex 77.6347 -67.9608 -3
      vertex 77.4891 -67.9392 -3
    endloop
  endfacet
  facet normal -0.146746 0.989174 0
    outer loop
      vertex 78.0744 -67.9392 -3
      vertex 77.9288 -67.9608 3
      vertex 78.0744 -67.9392 3
    endloop
  endfacet
  facet normal -0.146746 0.989174 0
    outer loop
      vertex 77.9288 -67.9608 3
      vertex 78.0744 -67.9392 -3
      vertex 77.9288 -67.9608 -3
    endloop
  endfacet
  facet normal -0.242536 0.970143 0
    outer loop
      vertex 78.2172 -67.9035 -3
      vertex 78.0744 -67.9392 3
      vertex 78.2172 -67.9035 3
    endloop
  endfacet
  facet normal -0.242536 0.970143 0
    outer loop
      vertex 78.0744 -67.9392 3
      vertex 78.2172 -67.9035 -3
      vertex 78.0744 -67.9392 -3
    endloop
  endfacet
  facet normal 0.989174 0.146746 0
    outer loop
      vertex 76.3106 -66.7607 3
      vertex 76.289 -66.6151 -3
      vertex 76.289 -66.6151 3
    endloop
  endfacet
  facet normal 0.989174 0.146746 0
    outer loop
      vertex 76.289 -66.6151 -3
      vertex 76.3106 -66.7607 3
      vertex 76.3106 -66.7607 -3
    endloop
  endfacet
  facet normal 0.970143 0.242536 0
    outer loop
      vertex 76.3463 -66.9035 3
      vertex 76.3106 -66.7607 -3
      vertex 76.3106 -66.7607 3
    endloop
  endfacet
  facet normal 0.970143 0.242536 0
    outer loop
      vertex 76.3106 -66.7607 -3
      vertex 76.3463 -66.9035 3
      vertex 76.3463 -66.9035 -3
    endloop
  endfacet
  facet normal 0.941527 0.336939 0
    outer loop
      vertex 76.3959 -67.0421 3
      vertex 76.3463 -66.9035 -3
      vertex 76.3463 -66.9035 3
    endloop
  endfacet
  facet normal 0.941527 0.336939 0
    outer loop
      vertex 76.3463 -66.9035 -3
      vertex 76.3959 -67.0421 3
      vertex 76.3959 -67.0421 -3
    endloop
  endfacet
  facet normal 0.740892 0.671624 0
    outer loop
      vertex 76.7211 -67.5287 3
      vertex 76.6222 -67.4196 -3
      vertex 76.6222 -67.4196 3
    endloop
  endfacet
  facet normal 0.740892 0.671624 0
    outer loop
      vertex 76.6222 -67.4196 -3
      vertex 76.7211 -67.5287 3
      vertex 76.7211 -67.5287 -3
    endloop
  endfacet
  facet normal 0.970143 -0.242536 0
    outer loop
      vertex 76.3106 -66.1754 3
      vertex 76.3463 -66.0326 -3
      vertex 76.3463 -66.0326 3
    endloop
  endfacet
  facet normal 0.970143 -0.242536 0
    outer loop
      vertex 76.3463 -66.0326 -3
      vertex 76.3106 -66.1754 3
      vertex 76.3106 -66.1754 -3
    endloop
  endfacet
  facet normal 0.941527 -0.336939 0
    outer loop
      vertex 76.3463 -66.0326 3
      vertex 76.3959 -65.894 -3
      vertex 76.3959 -65.894 3
    endloop
  endfacet
  facet normal 0.941527 -0.336939 0
    outer loop
      vertex 76.3959 -65.894 -3
      vertex 76.3463 -66.0326 3
      vertex 76.3463 -66.0326 -3
    endloop
  endfacet
  facet normal 0.803329 -0.595536 0
    outer loop
      vertex 76.5345 -65.6347 3
      vertex 76.6222 -65.5164 -3
      vertex 76.6222 -65.5164 3
    endloop
  endfacet
  facet normal 0.803329 -0.595536 0
    outer loop
      vertex 76.6222 -65.5164 -3
      vertex 76.5345 -65.6347 3
      vertex 76.5345 -65.6347 -3
    endloop
  endfacet
  facet normal -0.857553 -0.514396 0
    outer loop
      vertex 79.1046 -65.7609 -3
      vertex 79.0289 -65.6347 3
      vertex 79.0289 -65.6347 -3
    endloop
  endfacet
  facet normal -0.857553 -0.514396 0
    outer loop
      vertex 79.0289 -65.6347 3
      vertex 79.1046 -65.7609 -3
      vertex 79.1046 -65.7609 3
    endloop
  endfacet
  facet normal -0.941527 -0.336939 0
    outer loop
      vertex 79.2172 -66.0326 -3
      vertex 79.1676 -65.894 3
      vertex 79.1676 -65.894 -3
    endloop
  endfacet
  facet normal -0.941527 -0.336939 0
    outer loop
      vertex 79.1676 -65.894 3
      vertex 79.2172 -66.0326 -3
      vertex 79.2172 -66.0326 3
    endloop
  endfacet
  facet normal 0.146746 -0.989174 0
    outer loop
      vertex 77.4891 -64.9969 -3
      vertex 77.6347 -64.9753 3
      vertex 77.4891 -64.9969 3
    endloop
  endfacet
  facet normal 0.146746 -0.989174 0
    outer loop
      vertex 77.6347 -64.9753 3
      vertex 77.4891 -64.9969 -3
      vertex 77.6347 -64.9753 -3
    endloop
  endfacet
  facet normal 0.513596 -0.858032 0
    outer loop
      vertex 76.9484 -65.2208 -3
      vertex 77.0747 -65.1452 3
      vertex 76.9484 -65.2208 3
    endloop
  endfacet
  facet normal 0.513596 -0.858032 0
    outer loop
      vertex 77.0747 -65.1452 3
      vertex 76.9484 -65.2208 -3
      vertex 77.0747 -65.1452 -3
    endloop
  endfacet
  facet normal 0.740585 -0.671962 0
    outer loop
      vertex 76.6222 -65.5164 3
      vertex 76.7211 -65.4074 -3
      vertex 76.7211 -65.4074 3
    endloop
  endfacet
  facet normal 0.740585 -0.671962 0
    outer loop
      vertex 76.7211 -65.4074 -3
      vertex 76.6222 -65.5164 3
      vertex 76.6222 -65.5164 -3
    endloop
  endfacet
  facet normal -0.0495651 -0.998771 0
    outer loop
      vertex 77.7817 -64.968 -3
      vertex 77.9288 -64.9753 3
      vertex 77.7817 -64.968 3
    endloop
  endfacet
  facet normal -0.0495651 -0.998771 -0
    outer loop
      vertex 77.9288 -64.9753 3
      vertex 77.7817 -64.968 -3
      vertex 77.9288 -64.9753 -3
    endloop
  endfacet
  facet normal -0.242536 -0.970143 0
    outer loop
      vertex 78.0744 -64.9969 -3
      vertex 78.2172 -65.0326 3
      vertex 78.0744 -64.9969 3
    endloop
  endfacet
  facet normal -0.242536 -0.970143 -0
    outer loop
      vertex 78.2172 -65.0326 3
      vertex 78.0744 -64.9969 -3
      vertex 78.2172 -65.0326 -3
    endloop
  endfacet
  facet normal -0.428086 -0.903738 0
    outer loop
      vertex 78.3558 -65.0822 -3
      vertex 78.4888 -65.1452 3
      vertex 78.3558 -65.0822 3
    endloop
  endfacet
  facet normal -0.428086 -0.903738 -0
    outer loop
      vertex 78.4888 -65.1452 3
      vertex 78.3558 -65.0822 -3
      vertex 78.4888 -65.1452 -3
    endloop
  endfacet
  facet normal 0.514096 0.857733 -0
    outer loop
      vertex 77.0747 -67.7909 -3
      vertex 76.9484 -67.7152 3
      vertex 77.0747 -67.7909 3
    endloop
  endfacet
  facet normal 0.514096 0.857733 0
    outer loop
      vertex 76.9484 -67.7152 3
      vertex 77.0747 -67.7909 -3
      vertex 76.9484 -67.7152 -3
    endloop
  endfacet
  facet normal 0.336939 0.941527 -0
    outer loop
      vertex 77.3463 -67.9035 -3
      vertex 77.2077 -67.8539 3
      vertex 77.3463 -67.9035 3
    endloop
  endfacet
  facet normal 0.336939 0.941527 0
    outer loop
      vertex 77.2077 -67.8539 3
      vertex 77.3463 -67.9035 -3
      vertex 77.2077 -67.8539 -3
    endloop
  endfacet
  facet normal -0.428086 0.903738 0
    outer loop
      vertex 78.4888 -67.7909 -3
      vertex 78.3558 -67.8539 3
      vertex 78.4888 -67.7909 3
    endloop
  endfacet
  facet normal -0.428086 0.903738 0
    outer loop
      vertex 78.3558 -67.8539 3
      vertex 78.4888 -67.7909 -3
      vertex 78.3558 -67.8539 -3
    endloop
  endfacet
  facet normal -0.595423 0.803413 0
    outer loop
      vertex 78.7333 -67.6276 -3
      vertex 78.6151 -67.7152 3
      vertex 78.7333 -67.6276 3
    endloop
  endfacet
  facet normal -0.595423 0.803413 0
    outer loop
      vertex 78.6151 -67.7152 3
      vertex 78.7333 -67.6276 -3
      vertex 78.6151 -67.7152 -3
    endloop
  endfacet
  facet normal 0.903738 0.428086 0
    outer loop
      vertex 76.4589 -67.1751 3
      vertex 76.3959 -67.0421 -3
      vertex 76.3959 -67.0421 3
    endloop
  endfacet
  facet normal 0.903738 0.428086 0
    outer loop
      vertex 76.3959 -67.0421 -3
      vertex 76.4589 -67.1751 3
      vertex 76.4589 -67.1751 -3
    endloop
  endfacet
  facet normal 0.803088 0.595861 0
    outer loop
      vertex 76.6222 -67.4196 3
      vertex 76.5345 -67.3014 -3
      vertex 76.5345 -67.3014 3
    endloop
  endfacet
  facet normal 0.803088 0.595861 0
    outer loop
      vertex 76.5345 -67.3014 -3
      vertex 76.6222 -67.4196 3
      vertex 76.6222 -67.4196 -3
    endloop
  endfacet
  facet normal 0.989174 -0.146746 0
    outer loop
      vertex 76.289 -66.321 3
      vertex 76.3106 -66.1754 -3
      vertex 76.3106 -66.1754 3
    endloop
  endfacet
  facet normal 0.989174 -0.146746 0
    outer loop
      vertex 76.3106 -66.1754 -3
      vertex 76.289 -66.321 3
      vertex 76.289 -66.321 -3
    endloop
  endfacet
  facet normal 0.857853 -0.513896 0
    outer loop
      vertex 76.4589 -65.7609 3
      vertex 76.5345 -65.6347 -3
      vertex 76.5345 -65.6347 3
    endloop
  endfacet
  facet normal 0.857853 -0.513896 0
    outer loop
      vertex 76.5345 -65.6347 -3
      vertex 76.4589 -65.7609 3
      vertex 76.4589 -65.7609 -3
    endloop
  endfacet
endsolid OpenSCAD_Model
